author_fullname,title,downs,ups,upvote_ratio,total_awards_recieved,created_utc,over_18,subreddit_id,selftext
t2_3b61zxay,DONATE TO U24,0,25,0.76,0,1740770389.0,False,t5_7224q6,"[https://u24.gov.ua/](https://u24.gov.ua/)

"
t2_10jywjdvl6,Join the official server of asia_irl for more asiaposting,0,104,0.93,0,1740233272.0,False,t5_7224q6,
t2_7pxtnyqa,tf happening to arabs?,0,148,1.0,0,1743769465.0,False,t5_7224q6,
t2_9nywz6vr,Bangladesh getting that India YouTube treatment,0,173,0.99,0,1743757764.0,False,t5_7224q6,
t2_hn7j0,Average Chinese Entrepreneur in 🇺🇸 be like:,0,81,0.95,0,1743772034.0,False,t5_7224q6,
t2_1c9pp3cuga,Common paki stani W,0,39,0.99,0,1743783683.0,False,t5_7224q6,
t2_da3h0xje,Gandhi the father of real madrid,0,26,0.97,0,1743786206.0,False,t5_7224q6,
t2_1cjme95vkx,Saar wii europeään n shiiieet,0,69,0.93,0,1743764013.0,False,t5_7224q6,
t2_vd1qb99b,Chicken neck to elephant trunk,0,34,1.0,0,1743775711.0,False,t5_7224q6,
t2_q1syazzgh,No one can defeat the Hong Kongers,0,53,0.98,0,1743767041.0,False,t5_7224q6,
t2_1c9pp3cuga,Grape 🍇 movie highly recommended 👍🏿,0,15,1.0,0,1743784533.0,False,t5_7224q6,
t2_7pxtnyqa,trvth nvke or lies?,0,10,1.0,0,1743789716.0,False,t5_7224q6,
t2_p06ee4em,Cancucknada is pooh xina territory confirmed,0,40,0.97,0,1743761120.0,False,t5_7224q6,
t2_afctwl9ny,Turkish🇹🇷  auughhhh🦁🦁🦁🇹🇷🇹🇷🇹🇷,0,68,0.99,0,1743748719.0,False,t5_7224q6,"Turks are so nice and friendly
"
t2_fqw3aw2sq,Japenis culture infests Russland,0,26,0.94,0,1743754583.0,False,t5_7224q6,
t2_nn0695pj,"Help needed, respond ASAP!",0,40,1.0,0,1743746891.0,False,t5_7224q6,
t2_439t8tt9,Poor mini Thailand,0,47,0.97,0,1743741380.0,False,t5_7224q6,
t2_z8ymalrgq,The only time Jewish State of Israel and the Levant took W,0,12,0.84,0,1743762657.0,False,t5_7224q6,
t2_7pxtnyqa,found this on a pro-israel sub. ragebait?,0,223,0.96,0,1743703261.0,False,t5_7224q6,
t2_118iwlcmxs,Somebody check on Cumbodian bros? 🇰🇭🇰🇭🇰🇭🇰🇭🇰🇭🇰🇭,0,121,0.99,0,1743707950.0,False,t5_7224q6,
t2_4787bc70,Endia will now claim the leader of the new caliphate.,0,135,0.95,0,1743697124.0,False,t5_7224q6,
t2_c0edn0vc,🏹🏹🏹🏹,0,131,0.99,0,1743690125.0,False,t5_7224q6,
t2_1hk91zlgmw,Correct title: Turkish girls try to go home to Korea,0,56,0.97,0,1743702264.0,False,t5_7224q6,
t2_p06ee4em,Based saar,0,105,0.96,0,1743689788.0,False,t5_7224q6,
t2_mrrok3ex,Top 10 Crossover of 2025,0,260,1.0,0,1743666595.0,False,t5_7224q6,
t2_hl4b30g19,"guys, it happend again",0,14,1.0,0,1743722994.0,False,t5_7224q6,
t2_s3tez97e8,中国真不喜欢这种税率表,0,129,0.98,0,1743679484.0,False,t5_7224q6,
t2_ivhnbnjq,Nusantara bros,0,94,0.99,0,1743681539.0,False,t5_7224q6,
t2_anyg42g9,Nipple is true Aryan land,0,83,1.0,0,1743676486.0,False,t5_7224q6,
t2_18ghewmeru,Great success,0,308,0.99,0,1743648873.0,False,t5_7224q6,
t2_iku0ypvc,Who needs a salt mine when you have this sub,0,25,0.96,0,1743694917.0,False,t5_7224q6,
t2_ivhnbnjq,Asuka is actually Pakbros????,0,82,1.0,0,1743662643.0,False,t5_7224q6,
t2_fdw7e,Endia street vendor's weakest challenger:,0,51,0.96,0,1743658270.0,False,t5_7224q6,
t2_1duoabck9q,I love internet,0,265,0.99,0,1743619734.0,False,t5_7224q6,
t2_1rxejzoh,We roll 🇨🇳 🤝 🇮🇳,0,242,0.97,0,1743613368.0,False,t5_7224q6,
t2_14c3uzkwg1,why was i born here 😭,0,291,0.99,0,1743604044.0,False,t5_7224q6,bad time to live in Indonesia ngl
t2_18ghewmeru,There is hope,0,181,0.99,0,1743611128.0,False,t5_7224q6,
t2_vogbo6xi,"First he puts Bhutan on the refugee bkacklist for the refugee scam we did and now no tariffs, is Trump secretly pro-Nippleland?",0,36,0.97,0,1743642137.0,False,t5_7224q6,
t2_9bkyin7v,Big if true,0,118,0.98,0,1743614986.0,False,t5_7224q6,"""Saar aryan native indians saar"""
t2_12nf45,I saw your Turkish oil wrestling and I raise you Pakistani wrestling,0,50,1.0,0,1743629756.0,False,t5_7224q6,
t2_692husfi,WTF? Sometimes Iran makes Taliban look more civilized,0,318,0.97,0,1743588738.0,False,t5_7224q6,
t2_dyvf4qk35,safest public bathroom in Indonesia:,0,40,1.0,0,1743625547.0,False,t5_7224q6,
t2_alqnpkbho,So it is,0,87,0.99,0,1743609360.0,False,t5_7224q6,
t2_1zov7wjw,owned,0,39,1.0,0,1743624674.0,False,t5_7224q6,
t2_dpkua0fv,bold and beautiful,0,47,0.98,0,1743620256.0,False,t5_7224q6,
t2_1hn7nzn7k4,Big Kim K won,0,75,0.99,0,1743608144.0,False,t5_7224q6,Yes I know the chud is Japanese shut the fuck up 
t2_ivhnbnjq,Pakbros need to explain this,0,101,1.0,0,1743592560.0,False,t5_7224q6,
t2_16n2azobow,Genderbend Arthur Kwon Lee among Bharat passersby,0,55,0.91,0,1743601483.0,False,t5_7224q6,
t2_439t8tt9,India finally made to Roblox,0,41,0.95,0,1743606779.0,False,t5_7224q6,
t2_p06ee4em,Why are Indio failpenis fantasizing about being sent to Chai Wan do they love xinese kok,0,15,0.95,0,1743622246.0,False,t5_7224q6,
t2_b0ois21b,Why Olivia from California whyyyyyyyyyy,0,51,0.86,0,1743596329.0,False,t5_7224q6,Wait are these post only allowed on weekends? 
t2_18ghewmeru,Femboy land delicacy,0,30,0.97,0,1743603747.0,True,t5_7224q6,
t2_7pxtnyqa,did a lesbianese make this? or arabs were horny?,0,11,1.0,0,1743622481.0,False,t5_7224q6,
t2_q1syazzgh,Average Hong Kong Primary School Chicken,0,30,1.0,0,1743601556.0,False,t5_7224q6,"Context: On 22 Feb 2015, this girl found out that an account left a curse below her video's comment. This girl was completely angry, so she decided to record this video to express her anger."
t2_qalunad2,TOP 10 WORST ASIAN FOODS,0,41,0.88,0,1743591203.0,False,t5_7224q6,
t2_wl0fpqonf,little yellow nerd,0,102,0.99,0,1743570201.0,False,t5_7224q6,
t2_p06ee4em,How did a Patel got outsmarted? Has bharat fallen? 🤣,0,133,0.98,0,1743551400.0,False,t5_7224q6,
t2_ihtqx195,Akhand Dongbei bros choose your manchurian skin,0,95,0.99,0,1743557907.0,False,t5_7224q6,
t2_bljcz2df,Some jokes write themselves,0,27,0.97,0,1743580189.0,False,t5_7224q6,(Cali viets are the south vietnam supporters) 
t2_jv0ue1ux,we should do this again,0,131,0.97,0,1743548076.0,False,t5_7224q6,
t2_126f4py6v5,Greatest Turkish nationalist genes🐺🇹🇷,0,159,0.97,0,1743543955.0,False,t5_7224q6,
t2_7s4h97x35,Turks and Persians are making fun of south asian muslims?,0,58,0.95,0,1743560350.0,False,t5_7224q6,
t2_7s4h97x35,I love Aisa,0,61,0.99,0,1743558488.0,False,t5_7224q6,
t2_p06ee4em,Smartest failpenis nationalist,0,36,0.97,0,1743565616.0,False,t5_7224q6,
t2_jgump46l,How Pakistani bros came into existence,0,24,0.93,0,1743568385.0,False,t5_7224q6,
t2_p06ee4em,Cancuckda very bad by plaing pure goryo genes in the same place as saars,0,282,1.0,0,1743511051.0,False,t5_7224q6,
t2_5gqr4dus,Most respectful online Chinese interaction,0,232,1.0,0,1743514613.0,False,t5_7224q6,
t2_7pxtnyqa,lesbianese moment,0,41,0.96,0,1743540303.0,False,t5_7224q6,
t2_8oba87m2,We don't like your kind. Raaa,0,62,0.94,0,1743529361.0,False,t5_7224q6,
t2_7s4h97x35,Duality of a Kashmiri Separatist,0,65,0.95,0,1743523213.0,False,t5_7224q6,
t2_18ghewmeru,Ashoka Chakra,0,38,0.84,0,1743523545.0,False,t5_7224q6,
t2_1d5vcao7ju,Ishowspeed gets introduced to competitive asian racism,0,237,1.0,0,1743483619.0,False,t5_7224q6,
t2_iku0ypvc,All of Asia can say the nword now 🥰,0,194,1.0,0,1743483708.0,False,t5_7224q6,
,Decided to make something funi on the abysmal temperature we have here.,0,53,0.99,0,1743506058.0,False,t5_7224q6,
t2_3pxf0e4p,Can my Korean bros tell some Korean mafia to make this guy disappear? 🥰,0,65,0.96,0,1743498160.0,False,t5_7224q6,
t2_fdw7e,TFW IShowSpeed finally met an average Chinese:,0,123,0.98,0,1743486302.0,False,t5_7224q6,
t2_b0ois21b,Guys is this a South park episode?,0,124,1.0,0,1743483986.0,False,t5_7224q6,
t2_qalunad2,Atleast India does not have anything like that,0,5,0.65,0,1743544487.0,False,t5_7224q6,
t2_8nv5wtuj,Friendliest azerbaijani,0,10,0.92,0,1743525998.0,False,t5_7224q6,
t2_a8j0ebuby,Day 2 of proving that Telugus are honorary Japanese 🇯🇵🇯🇵🇯🇵🎌🎌🎌🤯🤯🤯,0,4,0.7,0,1743546289.0,False,t5_7224q6,
t2_jv0ue1ux,"Go fight, my pet.",0,253,0.97,0,1743457096.0,False,t5_7224q6,
t2_anyg42g9,NEPAL NUMERO UNOOOOOO!!!!!,0,52,1.0,0,1743482204.0,False,t5_7224q6,
t2_wl0fpqonf,East Asian anime game player irl,0,72,0.99,0,1743475691.0,False,t5_7224q6,
t2_1isohfcwzp,Sweet ruski apologising 🐻,0,4,0.75,0,1743527144.0,False,t5_7224q6,
t2_l67zvu92,Brown people “Indian” hate,0,125,0.92,0,1743462530.0,False,t5_7224q6,"In defence of India because I can’t stand the hate against our melanated brothers. And this shit affects other brown people too so I gotta say this.

Rape reports per 100,000 while underreported (and assuming a 10X increase if 100% were) would result in a max of 80 per 100,000 which would be lower than the corresponding US, UK and France estimate. Shits bad I wholeheartedly agree, but don’t act like every country is like this shit. You’ll find these people fucking everywhere regardless of nationality.

The fucking headline of “India Durty” is fucking annoying. If I were to go to the worst part of the UK, outer Paris, any bumfuck town in the US I’d find equal shit stuff there. But oh no the infrastructure looks nicer and they have roads so that’s okay if they’re trampy. India only looks worse because the infrastructure isn’t as developed so their deficiencies will look even worse as nothing is going for those places as a result. And of course Mahmoud is writing this shit. I’m a Muslim and it’s hilarious when Muslim south Asians/ non Indians in general shit on India and dogpile them, like the westoids would give a shit to differentiate between the different shades of brown- all Indian to them. “No saar I is not endian, true aryan persion Saar”.

The first victim of hate from 9/11 apart from the crash victims was a Sikh man who was shot dead because a man thought he was a terrorist for “looking Muslim”- at the end of the day your “saviours” aren’t going to give two shits about the details- hate is hate.

And of course whenever there are the “good old times posts” they always portray light skinned characters are the “sigmas” and the “good guys from the good times” and the darker skinned guy is the incel, backwards,  contemporary invertebrate, I’m a fairer guy personally but it’s fucking annoying for the whiteisms from every corner of society as being more prone to skin cancer is better because they have a colonialist saviour fetish. Tells you a lot about the people who made this. I know this shit is a make fun out of each other but this is being seen by non Asians, they’ll see us making fun out of each other through racism and they’ll think it’s okay as “they’re doing it too” people pick up on this shit. If you’re going to make fun out of each other don’t just straight devolve to “inferior monkey peoples who should die roaches”, because you do see this shit here. We’re perpetuating this shit online and it’ll never go away and it affects people who aren’t associated with this community. People in here might not care but I know for a fact people outside do. I’ve seen self-hating posts outside and I’ll be honest I’ve felt really shit because of it. While not in the publics perception as much right now thankfully, give it time and this’ll be commonplace as people use the internet to learn wrong shit.

Fuck this man."
t2_p06ee4em,"Xindia zindabad we Stan xina saars shall bow down to the mandate of heaven, 🇮🇳😂 🇨🇳🥰",0,75,0.93,0,1743471932.0,False,t5_7224q6,
t2_jwxrc9uk,Is there a region/city in your country known for being notoriously gay?,0,3,1.0,0,1743532690.0,False,t5_7224q6,Chengdu bros...
t2_z8ymalrgq,Sparrow taking W as usual,0,168,0.99,0,1743452593.0,False,t5_7224q6,
t2_q1syazzgh,Mainlander complaining about having to breath 京民怨南海福佬島物價之高,0,9,0.92,0,1743502663.0,False,t5_7224q6,
t2_1gku43bh,"Malaysia, bringing out the best out of Chinese and Indic culture since ancient times",0,23,1.0,0,1743485270.0,False,t5_7224q6,"Dude is a ""finance guru"""
t2_afctwl9ny,Im proud pakistan boy🗿🇵🇰❤️,0,97,0.94,0,1743454542.0,False,t5_7224q6,All turkey girl like me🔥🇹🇷🤝🇵🇰
t2_18g1mvxp,What's up with endians' obsession with AI?,0,41,0.87,0,1743458292.0,False,t5_7224q6,
t2_e8p38g7yi,One turkey policy,0,83,0.98,0,1743442450.0,False,t5_7224q6,
t2_12qyqv9ru2,3000 black gents of allah coming to conquer endia soon😡😈👿,0,19,1.0,0,1743471295.0,False,t5_7224q6,Context in 3nd image
t2_z4mxup8a3,its not good for indian bros,0,140,0.99,0,1743431174.0,False,t5_7224q6,
t2_p06ee4em,No need to Free Tibet. The next Dalai Lama is a Saar. 🇮🇳,0,23,0.93,0,1743465228.0,False,t5_7224q6,
t2_ccqgm6omk,Asians from 13-14th century:,0,14,1.0,0,1743475691.0,False,t5_7224q6,
t2_tlum2our,Do it,0,0,0.5,0,1743524941.0,False,t5_7224q6,"https://preview.redd.it/x7tm2d8s29se1.png?width=1004&format=png&auto=webp&s=ec47f5f1d2bb94b355a90209c7dfff5057b12bef

"
t2_ifknkmoq,Westoids give indians a good name for once,0,2,0.67,0,1743503184.0,False,t5_7224q6,
t2_9fl2n8ud,Are we the aryans ?,0,220,0.99,0,1743414305.0,False,t5_7224q6,
t2_7pxtnyqa,"context: in ishowspeed's latest stream in China, he met a woman who said she was racist and even said the n word. turns out she's actually a nippon tourist, not xinese",0,45,0.75,0,1743444474.0,False,t5_7224q6,
t2_ks44uczds,Indonesia femboy try to copy Russia war Tactics,0,8,0.9,0,1743479790.0,True,t5_7224q6,
t2_b0ois21b,New Minister of External Affairs of Akhand Bharat Speed Bharatwaj 🙏🏻,0,78,0.95,0,1743430379.0,False,t5_7224q6,
t2_7s4h97x35,Average Indian architecture:,0,309,0.99,0,1743402947.0,False,t5_7224q6,
t2_afctwl9ny,Turks calm down🇹🇷🇹🇷🇹🇷🥀💔,0,159,0.99,0,1743415349.0,False,t5_7224q6,"As a pakistani 

My ancestors cannot do this💔💔🥀🇵🇰🇵🇰🤝🇹🇷"
t2_lsh6myer,Terrible days to be a shia,0,19,0.95,0,1743455014.0,False,t5_7224q6,
t2_7pxtnyqa,ENDIIAAAAA NUMBAAHHHH ONEEEEEE,0,36,0.91,0,1743436462.0,False,t5_7224q6,
t2_7s4h97x35,Why does everybody dislike Asian countries? Are they stupid?,0,244,0.98,0,1743397806.0,False,t5_7224q6,
t2_s2lea7222,Who hurt bro😭,0,71,1.0,0,1743421417.0,False,t5_7224q6,
t2_18k37fv3u4,Israel bros what is this?(PHULL TECH SAPPOT),0,46,0.98,0,1743426672.0,False,t5_7224q6,
t2_18iz930pje,Pakbros don’t wanna give up the scamming market to Indians,0,117,1.0,0,1743405561.0,False,t5_7224q6,
t2_439t8tt9,Why they do that?,0,114,1.0,0,1743405078.0,False,t5_7224q6,
t2_p2ejmpwrl,DO IT BOISSSSSS......,0,35,1.0,0,1743427733.0,False,t5_7224q6,
t2_18iz930pje,Saaaarr,0,122,0.94,0,1743392329.0,False,t5_7224q6,
t2_51oaw2sx,East Asian Unity?,0,8,1.0,0,1743445665.0,False,t5_7224q6,
t2_8zti9a02,Daily reminder: We live rent free in their heads 😭🙏🏻,0,48,0.92,0,1743406300.0,False,t5_7224q6,
t2_anyg42g9,Jewish Origin Theory,0,22,0.94,0,1743418991.0,False,t5_7224q6,Hebrew is Proto-indo-euro-semitic
t2_p2qby5f,Speed x Super idol,0,24,0.97,0,1743413585.0,False,t5_7224q6,
t2_44w3secs,Which one of you endia bros pulling this scam/prank? 🗿 (original text was in indonesian),0,24,0.86,0,1743413061.0,False,t5_7224q6,
t2_1bpr4opx5t,Save Asia!! Asia has Fallen,0,187,0.96,0,1743370159.0,False,t5_7224q6,
t2_18k37fv3u4,"/ua Should I make an ""Alternate Asian Countries"" post series?🤔",0,17,0.85,0,1743415288.0,False,t5_7224q6,
t2_6a2hav7g,North Indians 🤝 South Indians when it comes to Pakistan,0,335,0.99,0,1743357244.0,False,t5_7224q6,
t2_dwla0f7kx,A little Eid meme Muslim members 💚,0,222,0.99,0,1743352332.0,False,t5_7224q6,
t2_7s4h97x35,Mudi Ji going to rebuild Akhand Bharat after WW3 🫡,0,8,0.84,0,1743411295.0,False,t5_7224q6,
t2_k64hqnccs,Best Planed City belike,0,9,1.0,0,1743412221.0,False,t5_7224q6,did I just see zion road?
t2_m99k9vsm,Is this accurate??,0,113,0.93,0,1743354655.0,False,t5_7224q6,
t2_6x6298wn5,Asian Countries in fiction starterpack,0,122,1.0,0,1743347275.0,False,t5_7224q6,
t2_z8ymalrgq,"Crony capitalism and oligarchy is quite a bitch, ain't it?",0,58,0.93,0,1743361303.0,False,t5_7224q6,
t2_1c9pp3cuga,Saar we love izraeil Saar🇮🇳❤️‍🩹🇮🇱,0,83,0.85,0,1743351898.0,False,t5_7224q6,
t2_1i8dw1fv9j,"wanna be westoid oppas, literally using american flag and maga caps lol",0,223,0.98,0,1743327392.0,False,t5_7224q6,
t2_72x1wp6by,Aryanian stronk 💪😎🇹🇯,0,104,0.93,0,1743341873.0,False,t5_7224q6,
t2_7pxtnyqa,why are ar*plars like this? (sorry for low quality racism),0,34,0.95,0,1743363264.0,False,t5_7224q6,
t2_6x6298wn5,Sam Sam but difflant,0,46,0.93,0,1743356053.0,False,t5_7224q6,
t2_rn18xamx,Pak bros are learning from Endians to express their Full Sapport 🙏💀,0,91,0.99,0,1743343099.0,False,t5_7224q6,
t2_vitiffsbk,Lebanon- Arab Twitter War,0,9,1.0,0,1743388374.0,False,t5_7224q6,"https://preview.redd.it/s8wheb1lsxre1.png?width=603&format=png&auto=webp&s=250d86b213359da8316b72b45d8214e5d6adb372

"
t2_p06ee4em,Failpenis is westoid of Asia excellent merikan kok suker Kai sotto surprised the world 😜,0,23,0.93,0,1743364856.0,False,t5_7224q6,
t2_vkl75oni,Least schizo Endonesian,0,102,0.99,0,1743334009.0,False,t5_7224q6,"The ending, when he back to reality 😭"
t2_z8ymalrgq,They're trolling with drones at this point (sauce in the comments),0,19,1.0,0,1743366490.0,False,t5_7224q6,
t2_vkl75oni,Magaysia truly gaysia,0,193,0.97,0,1743319504.0,False,t5_7224q6,Why this bros does not married in Sinkapoor or Thigtland tho 😭
t2_mfa9dthrg,Austronesian Bros unites!!!!👊🏻👊🏻,0,91,0.98,0,1743332127.0,False,t5_7224q6,
t2_p06ee4em,Back in my day anime was cool. Westoid tech destroy Asian honor. 🥺,0,289,0.96,0,1743302429.0,False,t5_7224q6,
t2_b0ois21b,Us,0,16,0.83,0,1743358514.0,False,t5_7224q6,
t2_qwb0qigj,"Welcome to Akhand Bharat, Pinoys 😀",0,19,0.92,0,1743342034.0,False,t5_7224q6,"unasia/ Some Filipinos have Indian ancestry due to Indian traders coming to the country through the Maritime Silk Road and married local women and spread their cultural practices (Hindu). 
"
t2_60rclm1c,Normal Food Review by a Westoid in Endia,0,119,0.96,0,1743305824.0,False,t5_7224q6,
t2_a8j0ebuby,The truth about the Telugu people,0,7,0.82,0,1743362974.0,False,t5_7224q6,"“Enduku”

Reading that word, what does its etymology seem to be? The “-uku” ending suggests that it’s Japanese, right??

Wrong! It’s the Telugu word for “why”.

This goes to show that the Japanese and Telugu people are related!

Lots of Japanese words end in -ki/ku and, in Telugu, -ki/ku is the dative suffix! Coincidence? No!

Japanese is an agglutinative Subject-Object-Verb Language. You know what else is? Telugu!

Japan has several new characters to accommodate for Classical Chinese loanwords. Telugu has several new characters to accommodate for Sanskrit loanwords.

The Japanese people eat rice cakes. But so the the Telugu people(ఇడ్డెన, కుడుము, చలివిడి, అరిసె).
The Japanese people love fish. But so do the Telugu people! Coincidence? I think not!

"
t2_16n2azobow,The stingy Xina will pay the price😡,0,41,0.96,0,1743325176.0,False,t5_7224q6,
t2_1ef30gcov8,Iraq making its legal marriage age at 9 to follow the Quran,0,7,0.82,0,1743351120.0,False,t5_7224q6,
t2_ivhnbnjq,Evil Japan flag spotted in Indonesia(Indian islands),0,119,0.98,0,1743295546.0,False,t5_7224q6,Evil japanis are actually indian islanders.
t2_p06ee4em,"Filipini ofw protest to bring ICC arrested dirty old man home, get warned by superior yuropeans (hopefully they get brought home) 💚👊",0,27,0.96,0,1743316643.0,False,t5_7224q6,
t2_b0ois21b,"Hey guys, does anyone have any updates on Myanmar? Do you know someone with internet access there? Kinda getting worried.",0,14,1.0,0,1743323254.0,False,t5_7224q6,
t2_1lq8ibkpry,"Guys, is this really accurate?",0,375,0.91,0,1743255868.0,False,t5_7224q6,
t2_10jywjdvl6,Orange flair workout,0,95,0.94,0,1743280195.0,False,t5_7224q6,
t2_dt7ob45l7,Endians competing with Alabama,0,167,0.97,0,1743269274.0,False,t5_7224q6,
t2_73vl7wcc,India vs Pakistan/Bangladesh,0,41,0.89,0,1743295539.0,False,t5_7224q6,
t2_12qyqv9ru2,I like banan,0,5,0.53,0,1743336987.0,False,t5_7224q6,
t2_18k37fv3u4,Failpenis failed,0,185,0.99,0,1743251960.0,False,t5_7224q6,
t2_ifknkmoq,Akhand nepal,0,35,0.93,0,1743279390.0,False,t5_7224q6,
t2_mfa9dthrg,"Sang Nila Utama the founder of Singapore, just your average Indonesian men",0,155,1.0,0,1743249754.0,False,t5_7224q6,
t2_18ghewmeru,Accessible roads make you week,0,67,0.98,0,1743251025.0,False,t5_7224q6,
t2_7pxtnyqa,pov araps when camel (Camel arrives in Iraq),0,26,0.9,0,1743268647.0,False,t5_7224q6,
t2_692husfi,Applicable to all countries,0,56,0.99,0,1743250973.0,False,t5_7224q6,
t2_b0ois21b,Guyssssssss this was on my feed,0,85,0.96,0,1743241970.0,True,t5_7224q6,
t2_5slolmcyy,"Me, Flair!",0,129,0.98,0,1743227775.0,False,t5_7224q6,
t2_1i8dw1fv9j,"Asians , do you prefer rice or wheat ?",0,66,0.96,0,1743236675.0,False,t5_7224q6,
t2_vkkl23odd,"street food in overcrowded slum, endia:💩🤮🤮🤢🤢🤢🤢 street food in overcrowded slum, paxstan:🤤🤤😋😋🤩🤩🤩🤩😋",0,130,0.93,0,1743221791.0,False,t5_7224q6,"westoid goes to Lahore to try street food until he gets food poisioning and fails, paxstan zindabad💪🏿💪🏿

/unasia India hate is so contrived, it’s embarassing, Pakistan is the second most polluted world behind bangladesh, and Lahore is the most polluted city where the tap water isn’t even safe enough to brush your teeth without getting diarrhoea (speaking from personal experience) but they make it out to seem like it’s Singapore🤓
god my people will never be free, we do our best to tear each other down to make ourselves look better not realising the entire world sees us as one entity, i see why the British subverted us and turned us against each other so easily to conquer us
/reasia uhh i mean nooo its only the stinky indians who have dirty cities and unhygienic street food🤓🤓 pakistan zindabad🇵🇰💪🏿
"
t2_16xpvu0pql,What's going on in banggaylades,0,100,0.98,0,1743224897.0,False,t5_7224q6,
t2_vogbo6xi,Chinese author is cooking something here,0,175,0.99,0,1743211015.0,False,t5_7224q6,
t2_1hj9yx402n,Competition for saars,0,103,0.98,0,1743219956.0,False,t5_7224q6,
t2_1i8dw1fv9j,China is a official district of Bangladesh now,0,45,0.94,0,1743234077.0,False,t5_7224q6,
t2_ifknkmoq,Favorite food?,0,43,0.97,0,1743228465.0,False,t5_7224q6,What do you guys consider to be your favorite food or one of them.
t2_m99k9vsm,Endian bros got competition,0,51,1.0,0,1743220994.0,False,t5_7224q6,
t2_65fe3goh,Most peaceful magaysian,0,18,0.95,0,1743234941.0,False,t5_7224q6,
t2_1gku43bh,"""Ignore your elders at your peril"" (不听老人言吃亏在眼前)🇨🇳☭",0,16,1.0,0,1743234261.0,False,t5_7224q6,
t2_1af4lom5aj,Aftermath in Myanmar (28/3),0,40,1.0,0,1743208314.0,False,t5_7224q6,
t2_3pxf0e4p,Korean bros appreciation post 🙏,0,255,0.99,0,1743169314.0,False,t5_7224q6,
t2_1i8dw1fv9j,"ccp cares so much about their citizen , they are making sure no one stays hungry throughout the day .",0,260,0.92,0,1743167741.0,False,t5_7224q6,
t2_z8ymalrgq,With the recent news in Türkiyestan,0,154,0.99,0,1743176862.0,False,t5_7224q6,
t2_ahea167p,Let’s pray for myanmar,0,86,1.0,0,1743185657.0,False,t5_7224q6,"Jokes aside, my fellas show your compassion today and pray for those who escaped from the scammer complex by the chance, so that you don’t have to do it anymore for the rest of the year.🙏🙏 myanmar W."
t2_19trnokh8t,Least Insane Thai Diaspora.,0,42,1.0,0,1743198561.0,False,t5_7224q6,"I know this won't ever happen (even he says so), but if it did, it would be hilarious if he just gets killed by some Russian Instagram Model in Rajamangala National Stadium as everyone watches."
t2_86tobbpa,"Babe wake up, new Akhand Bharat map just dropped...",0,106,1.0,0,1743178773.0,False,t5_7224q6,
t2_1i8dw1fv9j,I should drive this car to Germany wdy think ?,0,44,0.9,0,1743193963.0,False,t5_7224q6,
t2_13nwdk5op8,ChaatGPT declares World Peace,0,44,0.92,0,1743186388.0,False,t5_7224q6,
t2_b4bbqvcps,Why the Israel flag next to name?,0,63,0.98,0,1743178702.0,False,t5_7224q6,
t2_198yhwxw01,"TIL, Thailand have the largest Chinese Diaspora and the Chinese ancestry ranges from 15%-44% among the country's Thai population though",0,19,0.99,0,1743196085.0,False,t5_7224q6,
t2_77if24u2,Bruh,0,149,0.99,0,1743150935.0,False,t5_7224q6,
t2_glvfa7d9,Worst korean rides ... indian subway!,0,38,0.94,0,1743172813.0,False,t5_7224q6,
t2_3pxf0e4p,Power of great Zhongguo passport! ✊,0,47,0.98,0,1743169696.0,False,t5_7224q6,
t2_7pxtnyqa,stupid araplars cannot handle persian power 💪💪💪💪🇮🇷🇮🇷🇮🇷🇮🇷,0,16,0.94,0,1743188641.0,False,t5_7224q6,
t2_7s4h97x35,Explain yourselves Karabogas?,0,4,0.7,0,1743221001.0,False,t5_7224q6,
t2_653h5l5ii,Turk bros what’s going on here,0,355,0.99,0,1743127285.0,False,t5_7224q6,
t2_lasnr,Chat is this real,0,32,0.97,0,1743172046.0,False,t5_7224q6,
t2_13nwdk5op8,Gurganj PC small group,0,29,1.0,0,1743172006.0,False,t5_7224q6,
t2_10djbjq6v5,I found this image on twitter,0,174,0.95,0,1743136117.0,False,t5_7224q6,
t2_p06ee4em,sadonesia finally gets outgunned in money by magaysia truly asia,0,10,0.91,0,1743188916.0,False,t5_7224q6,
t2_vogbo6xi,A pro-monarchy Westoid got arrested in Nepal [it's illegal for any foreigner to join any protest],0,181,0.99,0,1743128948.0,False,t5_7224q6,
t2_hegfc1ob,People famous for no genocides,0,396,0.96,0,1743109198.0,False,t5_7224q6,
t2_nb66wr6j,First thing I see on my feed today,0,259,0.95,0,1743112520.0,False,t5_7224q6,
t2_i86aey6nh,“””””WE”””””,0,46,0.9,0,1743143960.0,False,t5_7224q6,
t2_p06ee4em,Why are failpenis like this?,0,10,0.92,0,1743174805.0,False,t5_7224q6,
t2_ihtqx195,Iron head,0,32,0.96,0,1743146795.0,False,t5_7224q6,
t2_1i8dw1fv9j,Delhi and Mumbai got better public transport than Singapore lol .,0,51,0.93,0,1743136095.0,False,t5_7224q6,
t2_ihtqx195,Normal day in turkey,0,24,0.96,0,1743140591.0,False,t5_7224q6,
t2_czqehdph,YAŞÂSIN IRKIMIZI ÇINE BEDEL KIRKIMIZ 🇹🇷🇹🇷🇹🇷🇹🇷🇹🇷,0,62,0.97,0,1743122011.0,False,t5_7224q6,
t2_b0ois21b,Last one I promise,0,106,0.71,0,1743108149.0,False,t5_7224q6,I still love you guys 🤗
t2_17d91z58a4,saar im westoid saar,0,51,1.0,0,1743119747.0,False,t5_7224q6,
t2_mfa9dthrg,"The extended Asian family, from Madagascar to Hawai'i💪🏻👊🏻",0,56,0.98,0,1743110507.0,False,t5_7224q6,
t2_1i8dw1fv9j,Russia was more progressive back then lol,0,88,0.99,0,1743092755.0,False,t5_7224q6,
t2_vogbo6xi,"Guys, an epic Nipplese vidya game! NP NP",0,15,0.94,0,1743125844.0,False,t5_7224q6,
t2_13elul,Pikachu on the run from erdogan,0,245,0.99,0,1743068984.0,False,t5_7224q6,
t2_18k37fv3u4,Hindi-Chini Bhai Bhai special move,0,194,0.97,0,1743064693.0,False,t5_7224q6,
t2_18ghewmeru,Transracial racists,0,470,0.99,0,1743044022.0,False,t5_7224q6,
t2_3jvebghy,Oops,0,14,0.87,0,1743110730.0,False,t5_7224q6,
t2_1gku43bh,You bragging about finishing a Buldak. Meanwhile Indon (srsly pedes++ is your only food trend nowadays),0,28,0.97,0,1743080880.0,False,t5_7224q6,Mie setan
t2_4kktbh8v,Westoids calling the Arabs savages as they continue to bomb and pillage!,0,40,0.88,0,1743068633.0,False,t5_7224q6,
t2_mfa9dthrg,TIL Indonesia has the largest overseas Chinese population in the world,0,124,0.99,0,1743024545.0,False,t5_7224q6,
t2_17weyl0zey,Proof that they are Chinese 🤷,0,144,0.99,0,1743020646.0,False,t5_7224q6,
t2_1af4lom5aj,Lmao,0,526,0.96,0,1742988235.0,False,t5_7224q6,Basically east and southeast 
t2_jwxrc9uk,"Can you reasonably divide your country into 3 parts? If so, which part is the best?",0,34,0.94,0,1743038588.0,False,t5_7224q6,
t2_ihtqx195,🦃 = 🇭🇰,0,27,0.89,0,1743041891.0,False,t5_7224q6,
t2_b0ois21b,If India was a Discord server,0,197,0.9,0,1742999577.0,False,t5_7224q6,"A family that hates together, stays together 🫠"
t2_18ghewmeru,Bangbros being bros,0,144,0.97,0,1743005294.0,False,t5_7224q6,
t2_bxfu0s7h,the east mvst rise again...,0,75,0.99,0,1743016203.0,False,t5_7224q6,
t2_107ebvn7f1,India is the safest country for women!!,0,223,0.91,0,1742984942.0,False,t5_7224q6,
t2_126f4py6v5,True Aryans,0,125,0.99,0,1742990946.0,False,t5_7224q6,
t2_18ghewmeru,Hikokumin crime,0,87,0.99,0,1742996910.0,False,t5_7224q6,
t2_q1syazzgh,Chinese femcels when they realize that their baby would be male:,0,128,0.97,0,1742985431.0,False,t5_7224q6,
t2_b0ois21b,"Five years ago, I witnessed a guy bring a calculator to an exam. The invigilators called the police, and he was banned from taking exams for two years.",0,80,0.97,0,1742992035.0,False,t5_7224q6,
t2_ihtqx195,Best food in Dongbei Oblast,0,38,0.96,0,1743005016.0,False,t5_7224q6,
t2_18ghewmeru,Rear-ended,0,30,0.97,0,1743005864.0,True,t5_7224q6,
t2_c0edn0vc,Arabs never seem to catch a break,0,167,1.0,0,1742970850.0,False,t5_7224q6,
t2_s2ptztba,"M🤮nchus destroyed our image, the Ming Dynasty wouldn't let this happen",0,82,0.97,0,1742973544.0,False,t5_7224q6,
t2_11hvk6kk0d,We should warn Zhonghou-jin why this is a bad thing.,0,97,0.92,0,1742966029.0,False,t5_7224q6,
t2_9nywz6vr,Colonization of India [colourized],0,201,0.98,0,1742951548.0,False,t5_7224q6,
t2_12qyqv9ru2,Pakbros improving gender equality,0,25,0.89,0,1742985314.0,False,t5_7224q6,
t2_1i8dw1fv9j,Mother Russia having a good time,0,283,0.97,0,1742929978.0,False,t5_7224q6,
t2_7pxtnyqa,very subtle. even white supremacist jobs arent safe💔,0,2,0.6,0,1743006676.0,False,t5_7224q6,
t2_ihtqx195,China can into Akhand Chini,0,31,0.94,0,1742967065.0,False,t5_7224q6,
t2_5gqr4dus,Who gets to be Akhand?,0,21,0.88,0,1742967839.0,False,t5_7224q6,
t2_c0edn0vc,Hmm,0,217,0.95,0,1742917349.0,False,t5_7224q6,
t2_1cjme95vkx,Saaar we weit n shiiet,0,253,0.92,0,1742911894.0,False,t5_7224q6,
t2_p06ee4em,Asia owns Murikkka fuk ye!,0,29,0.96,0,1742950685.0,False,t5_7224q6,
t2_9cogbun8u,Baddies for Ataturk,0,54,0.97,0,1742934374.0,False,t5_7224q6,
t2_7pxtnyqa,Diversity win! Israel the first country to have autistic war criminals!,0,70,0.94,0,1742922165.0,False,t5_7224q6,
t2_16h2axeazv,Absolute cinema,0,88,0.94,0,1742915894.0,False,t5_7224q6,
t2_b0ois21b,Pinoyjeets when they run out of arguments and start defending trash,0,220,0.95,0,1742896620.0,False,t5_7224q6,"🫠If you're gonna argue that pagpag is only for the poor, then who do you think the food in those 'exotic street food' videos you love is meant for?"
t2_16n2azobow,The least erotic femboy bear gay sex between Modi and Xi,0,117,0.98,0,1742907065.0,False,t5_7224q6,
t2_18k37fv3u4,People act like Phull Sappotas are the ultimate Israel suckers when these mfs haven't seen what the Yank 'murican government does for Israel,0,43,0.91,0,1742918236.0,False,t5_7224q6,
t2_1gku43bh,Akhand Bharat is just a cheap reboot of the British Raj. Change my mind,0,83,0.92,0,1742903854.0,False,t5_7224q6,
t2_qb44a,Most grateful Nihongo nationalist,0,94,1.0,0,1742897039.0,False,t5_7224q6,
t2_smxa89j2,most relaxing day in karabogastan,0,28,0.98,0,1742918472.0,False,t5_7224q6,
t2_439t8tt9,Supreme Indonesian Rupiah,0,154,0.99,0,1742879138.0,False,t5_7224q6,
t2_p06ee4em,filipini can into akhand bharat confrimed,0,37,0.96,0,1742904565.0,False,t5_7224q6,
t2_gnoae05ze,Motherfu**er playing 4d chess,0,154,0.99,0,1742877155.0,False,t5_7224q6,
t2_439t8tt9,Finally Vietbros get their own Taiwan,0,10,1.0,0,1742928985.0,False,t5_7224q6,
t2_4kktbh8v,Endian bros juggling between Akhand bharat and hating muslims,0,34,0.97,0,1742902073.0,False,t5_7224q6,
t2_3pxf0e4p,Peak Karaboğa politics 🙏,0,41,0.94,0,1742892980.0,False,t5_7224q6,
t2_11kglwuc0c,Saar Butan too transparent to be saar saar,0,13,0.94,0,1742914528.0,False,t5_7224q6,Corruption perception index
t2_1ftknb19e4,the dark side of japan,0,318,0.94,0,1742850720.0,False,t5_7224q6,
t2_awfqrx,SAARC even got SAAR in the acronym you can't make this shit up 😭😭😭,0,57,0.93,0,1742878791.0,False,t5_7224q6,
t2_81l5g8d35,Aqua woman training center,0,30,0.97,0,1742889185.0,False,t5_7224q6,
t2_a2jxsi1f,Cumrean Bros will start WW3,0,17,0.91,0,1742897319.0,False,t5_7224q6,
t2_rbzjfczq,"""We don't like your kind here""",0,89,0.97,0,1742863856.0,False,t5_7224q6,
t2_1i8dw1fv9j,"best korean infrastructure actually looks cool , idk if these buildings are inhabited though",0,22,0.96,0,1742887674.0,False,t5_7224q6,
t2_c2c0acmi,Are we on the list?,0,9,1.0,0,1742903544.0,False,t5_7224q6,
t2_9cogbun8u,Smartest subcontinental muslim,0,140,0.97,0,1742847951.0,False,t5_7224q6,
t2_7pxtnyqa,nippon still committing war crimes in zhonnugo,0,70,0.95,0,1742855439.0,False,t5_7224q6,
t2_avkvuxvlc,Kanglu larping,0,103,0.97,0,1742835691.0,False,t5_7224q6,They're taking larping into whole new level
t2_1ef30gcov8,Lots of love and support to brothers 🫡,0,29,0.91,0,1742859856.0,False,t5_7224q6,
t2_1af4lom5aj,Should we add more,0,137,0.99,0,1742828076.0,False,t5_7224q6,
t2_rbzjfczq,"Dear Shanghainese bros, do any of y'all know her ig tho?",0,87,0.97,0,1742826976.0,False,t5_7224q6,
t2_hn7j0,Chinese immigrants to 🇺🇸 : 😇 Indian immigrants to 🇺🇸 : 🤬,0,129,0.97,0,1742818639.0,False,t5_7224q6,
t2_c0edn0vc,Allah's chosen Mewjahideen,0,484,0.98,0,1742788514.0,False,t5_7224q6,
t2_s2ptztba,Least ped🤮 Japenis,0,169,0.99,0,1742808251.0,False,t5_7224q6,
t2_tpydke43z,Thank god europe civilized us amirite,0,136,0.98,0,1742812483.0,False,t5_7224q6,
t2_2yy51gsa,Arab Bros 🤦‍♂️,0,56,0.98,0,1742828073.0,False,t5_7224q6,
t2_1i8dw1fv9j,Interesting,0,30,0.92,0,1742832767.0,False,t5_7224q6,
t2_b0ois21b,🙏🏻,0,54,0.93,0,1742822511.0,False,t5_7224q6,
t2_8xw3mvwg,Creepy indons caught in 4k,0,78,0.98,0,1742810132.0,False,t5_7224q6,
t2_hegfc1ob,Chinese century??,0,212,0.96,0,1742789691.0,False,t5_7224q6,
t2_mfa9dthrg,"Since the term ""Asian"" is too broad and confusing for some people, I'm suggesting to call the people from this region as ESEAN, what do you guys think?",0,5,0.65,0,1742855546.0,False,t5_7224q6,ESEAN = East/Southeast Asian
t2_8xw3mvwg,Why he kinda,0,53,0.95,0,1742815243.0,False,t5_7224q6,
t2_8ch0axfb,"Berlin,1936",0,16,1.0,0,1742834767.0,False,t5_7224q6,
t2_smxa89j2,All they can do is stealing from us Turkic people 🇹🇳🇱🇾🇹🇲🇸🇱🇵🇼🇲🇪🇧🇬🇹🇯😤😤 we ar za best nomads in da history saar ☝️,0,81,0.98,0,1742799208.0,False,t5_7224q6,
t2_1cjme95vkx,F🇮🇳🇮🇳,0,16,0.9,0,1742822747.0,False,t5_7224q6,
t2_da3h0xje,The Biggest Debate Ever,0,57,0.91,0,1742788965.0,False,t5_7224q6,
t2_d0jya9vzl,The shift of Indonesian's view towards Malaysia in the last 5 years is interesting and understandable,0,120,0.98,0,1742774502.0,False,t5_7224q6,
t2_oez8q,Would malaysia claim this as their cuisine?,0,23,1.0,0,1742806502.0,False,t5_7224q6,
t2_5gqr4dus,"""Gwongdungnis is real han sinsaang""",0,99,0.99,0,1742776533.0,False,t5_7224q6,
t2_14644e3dca,Turkey 🇹🇷,0,33,0.92,0,1742795652.0,False,t5_7224q6,
t2_jwxrc9uk,"I am so tired of people bashing ""evil"" westerners.",0,67,0.95,0,1742783611.0,False,t5_7224q6,"R\*dditors say the West is the root of all evil. Colonialism this, imperialism that. False! Westoids were at kindergarten level when Asians mastered the art of evilness. We have the best pillagers, murderers, slave traders, tyrants, cult leaders,  r\*pists and genociders. It's has been statistically proven that 97% of Asia\_irl posters have at least one rapacious warlord ancestor with huge harem. We are the proud sons, daughters and male daughters (a timeless Asian tradtion) of Sargon, Hamurabi, Nebuchadnezzar, Cyrus, Darius, Shi Huangdi, Ashoka, Samudragupta, Khosrau, Khalid ibn al-Walid, Rajaraja, Alp Arslan, Genghis Khan, Tamerlane, Iskandar Muda, Oda Nobunaga, Nader Shah, Shivaji, Alaungpaya, Taksin, Qianlong, Hong Xiuquan and Vo Nguyen Giap.

A seasonal famine in Asia will outdo the West’s greatest massacres. The Westoid mind can’t even process it."
t2_8nv5wtuj,Okay which one of yall is this,0,72,0.98,0,1742781263.0,False,t5_7224q6,
t2_38zwu2kv,Fellow asian witnesses the most normal day in Türkiye🐺🇹🇳,0,34,0.92,0,1742794691.0,False,t5_7224q6,
t2_i86aey6nh,I’m white woman saar,0,292,0.98,0,1742747359.0,False,t5_7224q6,
t2_17d91z58a4,most tolerant chynis emperor,0,55,0.98,0,1742777784.0,False,t5_7224q6,
t2_7s4h97x35,Lumber 1 Navy Saar 😈,0,244,0.98,0,1742736202.0,False,t5_7224q6,
t2_126f4py6v5,"Newroz celebration by Kurds in Tokyo, Japan",0,83,0.9,0,1742747264.0,False,t5_7224q6,
t2_c0edn0vc,Nobody Expects the Chines Inquisition,0,92,0.99,0,1742742022.0,False,t5_7224q6,
t2_sso77ceo,Drunk Customer Challenge Shopkeeper to one-by-one Duel,0,16,0.9,0,1742776123.0,True,t5_7224q6,
t2_smxa89j2,"arab name mongol surname, quite common here",0,59,0.98,0,1742747426.0,False,t5_7224q6,
t2_p06ee4em,why dota gamers very racist against failpenis and indomiesians,0,115,0.99,0,1742732034.0,False,t5_7224q6,
t2_16n2azobow,It would be fairly erotic🥵,0,137,0.99,0,1742719957.0,False,t5_7224q6,
t2_5gqr4dus,Chud,0,137,0.99,0,1742713104.0,False,t5_7224q6,
t2_70hu25,Don't ask about who popularized the term Russophobia,0,26,0.92,0,1742738420.0,False,t5_7224q6,
t2_smxa89j2,Bro got arrested 🙏 Da best dictatorship is the karaboğa dictatorship 🇹🇷🇹🇷💪🏿💪🏿💪🏿💪🏿(Context in comments),0,83,0.99,0,1742715166.0,False,t5_7224q6,
t2_17d91z58a4,he really wuz an aryan,0,245,0.99,0,1742689072.0,False,t5_7224q6,
t2_luit3t7q,Interesting,0,399,0.99,0,1742667181.0,False,t5_7224q6,
t2_p06ee4em,wow pattystan is el salvador of south asia paxtan zindabad,0,42,0.97,0,1742706330.0,False,t5_7224q6,
t2_1i8dw1fv9j,"China ❤️ India ,",0,190,0.98,0,1742665201.0,False,t5_7224q6,
t2_kefa4fap,W****** tourist demands Endian head wobbles,0,44,0.98,0,1742693522.0,False,t5_7224q6,
t2_15vt6efgoc,Poor Yemenis can't take a break 😔,0,100,0.99,0,1742673174.0,False,t5_7224q6,
t2_10jywjdvl6,oldest failpino nazi,0,65,0.96,0,1742670420.0,False,t5_7224q6,
t2_7bmmq22t,"Mom, the westo*ds are claiming Hinduism now!!",0,130,0.99,0,1742656369.0,False,t5_7224q6,
t2_wl0fpqonf,real,0,121,0.96,0,1742651839.0,False,t5_7224q6,
t2_7pxtnyqa,araps be doing anything instead of accepting women rights😭,0,93,0.98,0,1742652969.0,False,t5_7224q6,
t2_1hbvuicx58,Jewish Miku is real!,0,37,0.96,0,1742668386.0,False,t5_7224q6,Source : https://youtu.be/uwv4JF26YDE?si=Gj24Ns1dNQXNyg5z
t2_8ch0axfb,who is this guy,0,59,1.0,0,1742655776.0,False,t5_7224q6,
t2_ky4f5uext,We are so Aryan,0,67,0.98,0,1742649949.0,False,t5_7224q6,
t2_tpydke43z,Song for celebrating aryan brother hood. One day we shall reclaim what was lost,0,9,0.92,0,1742689433.0,False,t5_7224q6, 
t2_f3wo3sc8,Akhand China,0,142,0.96,0,1742633333.0,False,t5_7224q6,
t2_kefa4fap,Thai students study aid,0,169,0.98,0,1742617340.0,False,t5_7224q6,
t2_hegfc1ob,Allah's plan,0,90,0.96,0,1742625543.0,False,t5_7224q6,Don't know what language is the caption of the original tiktok written in but I guessed it is indo or malay
t2_1i8dw1fv9j,"If china ever tries to invade us , we know the strategy to shoo them away .",0,19,0.76,0,1742653844.0,False,t5_7224q6,
t2_7hq8wwlt,We wuz aryans and shiiett saar,0,49,0.9,0,1742632578.0,False,t5_7224q6,
t2_xp2t9k8bx,Yilongma (shitpost),0,73,0.95,0,1742620904.0,False,t5_7224q6,
t2_nuv8kkab,Iran Won,0,46,0.92,0,1742628131.0,False,t5_7224q6,
t2_10jywjdvl6,Total georgian domination,0,35,0.93,0,1742630752.0,False,t5_7224q6,
t2_s0d6uhv,Bihar Moment,0,59,0.98,0,1742616524.0,False,t5_7224q6,Never got surprised anymore 
t2_bkog81ud,Weakest Japanese office worker,0,130,1.0,0,1742590407.0,False,t5_7224q6,
t2_1i8dw1fv9j,Asian beauty standards explained .,0,206,0.96,0,1742580330.0,False,t5_7224q6,
t2_17d91z58a4,least praoud ruski,0,53,0.95,0,1742603783.0,False,t5_7224q6,
t2_p06ee4em,Former NTUC ceo mourns the degrading construction industry of sinkapoor it's over folks,0,18,0.95,0,1742624411.0,False,t5_7224q6,
t2_wl0fpqonf,Chinese irl,0,329,0.99,0,1742566378.0,False,t5_7224q6,
t2_dyvf4qk35,What if China invaded Japan?,0,46,0.94,0,1742596024.0,False,t5_7224q6,
t2_1frrjcz7u1,Irani Bros is this true,0,109,0.97,0,1742579501.0,False,t5_7224q6,
,Peak Asian masculinity 🥵😍,0,24,1.0,0,1742604731.0,False,t5_7224q6,
t2_9ccpy17h,Avg south asian muslim,0,241,0.88,0,1742559597.0,False,t5_7224q6,
t2_1h4zuymqbw,榮耀歸於中國 共產黨 🇨🇳🇨🇳💪💪,0,36,1.0,0,1742596277.0,False,t5_7224q6,
t2_zgt9l5u01,"Explain this, koreanbros",0,269,0.97,0,1742553985.0,True,t5_7224q6,
t2_unjvffv4,Based Chinese internet,0,17,0.95,0,1742607593.0,False,t5_7224q6,
t2_ifknkmoq,Us solider talks about his time over in Vietnam,0,4,0.83,0,1742638930.0,False,t5_7224q6,
t2_5gqr4dus,Most Turkish Turkish,0,4,1.0,0,1742631932.0,False,t5_7224q6,
t2_hmevqtij,theyre catching on saar,0,148,0.97,0,1742556221.0,False,t5_7224q6,
t2_b0ois21b,😔🙏🏻 Posting here because I don't wanna suffer alone,0,67,0.95,0,1742571603.0,False,t5_7224q6,
t2_1d5vcao7ju,Who dis?,0,78,0.99,0,1742567459.0,False,t5_7224q6,
t2_5bz36zpym,Quote from my dad when he came back from teaching taekwondo (true story by the way),0,27,0.97,0,1742584348.0,False,t5_7224q6,"""You know Iranian girl who start month ago? Wahhhhhhhhhh so good. 1 month and she can do more than 1 year people. Poomsae is perfect. It's like A+ student you know? Most student go A and get tired and B+ B- C D, she always A+ like A+ A+ A+ A B+. They are aryan you know? Aryan doesn't mean white people. I just learn this she explained it. Maybe hitler was right. Aryan's are superior. None if my white students are good though so maybe he was wrong about Germans being aryian hahahaha. My Indian student, you met him right? Kick box Hindu one? Yes yes you met him. Anyway he also say Indians are aryan. But iran girl say something like ""they are genetically but not culturally"". Wahhhhhh. So big world. I think world so small but that's because I see world like omnipotent view. I should just do human view. I'm good at that. Wahhhhhh."""
t2_1c9pp3cuga,Oh look flags...... Wa....wait....wait a minute🇵🇰❤️‍🩹🇮🇱,0,107,0.98,0,1742554996.0,False,t5_7224q6,
t2_hegfc1ob,Least down bad Bangladeshi,0,57,0.99,0,1742565088.0,False,t5_7224q6,
t2_15vt6efgoc,Gulf bros where are you ?,0,111,0.97,0,1742550171.0,False,t5_7224q6,
t2_jm57rmhb,+15 Social Credit👍,0,74,0.97,0,1742557390.0,False,t5_7224q6,
t2_z4mxup8a3,"remember, you are kurdish",0,14,0.9,0,1742586567.0,False,t5_7224q6,
t2_198yhwxw01,Kung Fu vs Yoga (Hongkong Movie),0,41,0.99,0,1742566408.0,False,t5_7224q6,
t2_8nkit0t6,Not the first Bangbro 🇧🇩 pretending to be Indians 🇮🇳,0,15,0.82,0,1742576912.0,False,t5_7224q6,It reminds me of  fight between  Certified Meanie 🇰🇵(🇷🇺) and The bangbro guy larping as indian
t2_c2c0acmi,Superior Zhongguoese infrastructure in a nutshell,0,26,0.97,0,1742557910.0,False,t5_7224q6,
t2_14644e3dca,Taiwan be like: we are the Asia country with most advanced women’s right 🗣️🗣️🗣️🇹🇼🇹🇼.      Meanwhile a Taiwanese basketball game:,0,59,0.92,0,1742535995.0,False,t5_7224q6,
t2_1c9pp3cuga,Jerusalem will become Paki Stan,0,54,0.95,0,1742537931.0,False,t5_7224q6,
t2_14644e3dca,Reposted before but I love it 🤫,0,48,0.94,0,1742535556.0,False,t5_7224q6,天皇陛下萬歲
t2_439t8tt9,Love letter from Filipino,0,42,1.0,0,1742537939.0,False,t5_7224q6,
t2_8fpzg2km,Karaboga The Animation,0,10,0.92,0,1742560165.0,False,t5_7224q6,
t2_7pxtnyqa,saar this is scary,0,213,0.97,0,1742500976.0,False,t5_7224q6,
,"After Russia-Ukraine and Israel-Palestine, Franco-Nihongo War is starting soon😧- this is kali-yug, me bois",0,19,1.0,0,1742538702.0,False,t5_7224q6,
t2_q1syazzgh,Hong Kong bus enthusiaists are very polite. Try to walk over the road while they are taking bus pictures,0,5,0.78,0,1742566826.0,False,t5_7224q6,
t2_vogbo6xi,5D Nipplese Baghchal move to get Button banned from US,0,42,0.99,0,1742519070.0,False,t5_7224q6,
t2_1hj9yx402n,Savior of Japan,0,279,0.99,0,1742474444.0,False,t5_7224q6,
t2_z8ymalrgq,Turkish soft power is very strong in Russia,0,105,0.99,0,1742493004.0,False,t5_7224q6,
t2_155y3m,Racist but actually funny,0,2,0.54,0,1742567936.0,False,t5_7224q6,
t2_8zti9a02,'Delete endia' saar 🤬,0,211,0.97,0,1742468440.0,False,t5_7224q6,
,Pick a side,0,129,0.98,0,1742476716.0,False,t5_7224q6,
t2_16nkapnjnl,Tau Khua,0,58,0.97,0,1742487057.0,False,t5_7224q6,
t2_18ghewmeru,Sichuan chai wala,0,55,1.0,0,1742489158.0,False,t5_7224q6,
t2_ky4f5uext,Asian bros are not actually Asians,0,134,0.99,0,1742470167.0,False,t5_7224q6,
t2_10jywjdvl6,whitest aryan,0,364,0.99,0,1742445412.0,False,t5_7224q6,
t2_8ejjn4i7,Least crazy Indian family drama,0,33,0.93,0,1742488133.0,False,t5_7224q6,
t2_p06ee4em,Akhand nusantara is EU of SEA. Ameritoid company bow down to the indomie god.,0,41,1.0,0,1742483381.0,False,t5_7224q6,
t2_439t8tt9,Smartest American,0,75,0.97,0,1742462588.0,False,t5_7224q6,
t2_18ghewmeru,Who gets their pee pee hard about Kanji?,0,212,1.0,0,1742442340.0,False,t5_7224q6,
t2_7s4h97x35,You're a broke Asian dictator's airforce,0,155,0.98,0,1742448188.0,False,t5_7224q6,
t2_sot1pe5hc,You are supposed to be poor and earn only corn and buck forever,0,85,0.99,0,1742453499.0,False,t5_7224q6,
t2_8ch0axfb,大和 RISE UP,0,20,1.0,0,1742481370.0,False,t5_7224q6,
t2_1ljdr1klff,Happy Nowruz!,0,36,0.95,0,1742464878.0,False,t5_7224q6,
t2_1i7mihhbpb,Still relevant,0,532,0.99,0,1742404065.0,False,t5_7224q6,
t2_f3wo3sc8,They just vibe,0,123,0.98,0,1742419325.0,False,t5_7224q6,
t2_f3wo3sc8,"Get more views by offending the local,keep milking it",0,89,0.96,0,1742420344.0,False,t5_7224q6,
t2_avkvuxvlc,What happened to real samurai 🤥,0,65,0.94,0,1742416044.0,False,t5_7224q6,
t2_dnw79g7n,Why this white Turks hate us😢,0,190,0.99,0,1742385662.0,False,t5_7224q6,
t2_vf4pjrw9,Reason why most Thai in this sub are pretty tamed,0,117,0.99,0,1742395237.0,False,t5_7224q6,Except that one mod ig
t2_sso77ceo,GTA6 - Mumbai edition,0,11,0.92,0,1742439319.0,False,t5_7224q6,
t2_1i8dw1fv9j,Iranian aryaan saars calling  us poor and bad smelling 😭,0,181,0.98,0,1742379274.0,False,t5_7224q6,
t2_tpkq0lrh,Indian Barber’s Secret Technique to Make You Come Back,0,162,0.99,0,1742380706.0,False,t5_7224q6,
t2_1kgpok3fr3,"Damn, Araps",0,120,0.99,0,1742384783.0,False,t5_7224q6,
t2_6dl67,There's someone for everyone,0,42,0.94,0,1742402915.0,False,t5_7224q6,
t2_smxa89j2,why speak westoid while we can have türkişh as the lingua franca?,0,114,0.99,0,1742380897.0,False,t5_7224q6,
t2_vkl75oni,Average Endonesia bus driver,0,191,0.99,0,1742367131.0,False,t5_7224q6,"As long as the person you hit dies, its okay."
t2_16n2azobow,"Xina, you force ubisoft to make it ?!",0,57,1.0,0,1742390795.0,False,t5_7224q6,btw its the ugliest oichi i have ever seen.
t2_1drzasoqxv,Shalom goyims❤️,0,18,0.8,0,1742408735.0,False,t5_7224q6,
t2_4kktbh8v,"What in the Endian, Korean and westoid fuck is this?",0,84,0.95,0,1742377924.0,False,t5_7224q6,
t2_1frrjcz7u1,Why Bangbros so desperste to live in 0% Turki blood land 🥺,0,36,1.0,0,1742391625.0,False,t5_7224q6,
t2_q6fauwp0,Opinion on akhand Armenia?,0,18,0.76,0,1742399232.0,False,t5_7224q6,
t2_7s4h97x35,Well..well..well,0,260,0.95,0,1742347650.0,False,t5_7224q6,
t2_f3wo3sc8,Internet these days,0,61,0.89,0,1742375042.0,False,t5_7224q6,
t2_smxa89j2,"Erdoğan's strongest political rival, Ekrem İmamoğlu, was suddenly taken into custody for being in a ""crime group"". The government slowed down the internet (media shut down) and protests are prohibited. Türkiye Europe Democracy Numba #1 ☝️",0,107,0.97,0,1742364064.0,False,t5_7224q6,
t2_1kk0xg5hqg,Japanese conspiracy,0,38,0.97,0,1742382062.0,False,t5_7224q6,
t2_ivhnbnjq,Zhunguo 2nd civil war.,0,34,0.98,0,1742383583.0,False,t5_7224q6,
t2_f3wo3sc8,Piroaud endian saars VS endian bad folks,0,49,0.99,0,1742373557.0,False,t5_7224q6,
t2_vkl75oni,那个,0,66,1.0,0,1742366818.0,False,t5_7224q6,Wholesome Xinis.
,Japenis samurai descended from Bengali dudes?!!,0,50,0.95,0,1742370441.0,False,t5_7224q6,
,Pretty different ideology,0,15,0.9,0,1742387983.0,False,t5_7224q6,
t2_cgg417co,Any time Saar!,0,22,0.89,0,1742380278.0,False,t5_7224q6,
t2_hn7j0,Elon Musk: China is the future of Humanity 😇. Chinese on Elon Musk:,0,65,0.99,0,1742357348.0,False,t5_7224q6,
t2_18ghewmeru,Thai Buddhists could never,0,73,0.98,0,1742353052.0,False,t5_7224q6,
t2_hegfc1ob,Lil saar nooooooo,0,42,0.95,0,1742359985.0,False,t5_7224q6,
t2_18k37fv3u4,Mongolia stronk,0,20,1.0,0,1742375428.0,False,t5_7224q6,
t2_p06ee4em,vey true  thanks for the investments EU,0,14,0.94,0,1742381344.0,False,t5_7224q6,
t2_1ck7o1u0q3,Erdogan be like:,0,20,1.0,0,1742374070.0,False,t5_7224q6,
t2_18ghewmeru,Always an Asian better than you,0,48,0.96,0,1742353092.0,False,t5_7224q6,
t2_p06ee4em,Japenis can into Khmer confirmed 🇯🇵❤️🇰🇭,0,42,0.96,0,1742355048.0,False,t5_7224q6,
t2_7s4h97x35,W Asian propaganda,0,24,0.97,0,1742366058.0,False,t5_7224q6,
t2_1i7mihhbpb,"It's over, baharat bros.",0,158,0.96,0,1742326528.0,False,t5_7224q6,
t2_1c9pp3cuga,Why are west*ids 🤢🤮 like that ? Why they judge anyone just by the way the look,0,32,0.88,0,1742357130.0,False,t5_7224q6,
,One thing led to another ahh moment,0,372,0.98,0,1742298852.0,False,t5_7224q6,
t2_7s4h97x35,Star wars - Return of North Korea (Official Music Video) 2025,0,4,1.0,0,1742386147.0,False,t5_7224q6,
t2_1i8dw1fv9j,Why nobody loves saars ? 😓😓,0,119,0.91,0,1742319054.0,False,t5_7224q6,
t2_hn7j0,Turkbros is this true,0,159,0.97,0,1742299895.0,False,t5_7224q6,
t2_7s4h97x35,CN ❣️PK,0,93,0.97,0,1742308190.0,False,t5_7224q6,
t2_ccqgm6omk,"Vietnamese Auntie casts ancient, ancestral sorcery onto an u̶̶n̶f̶o̶r̶t̶u̶n̶a̶t̶e̶ aggressive CSGT",0,27,1.0,0,1742332627.0,False,t5_7224q6,
t2_mrrok3ex,Peak Eco-Friendly Zhongguo,0,20,0.95,0,1742333964.0,False,t5_7224q6,
t2_v5u073nds,Based and saarpilled,0,38,0.93,0,1742321098.0,False,t5_7224q6,
t2_1c9pp3cuga,Paki Stan is prograssing,0,71,0.99,0,1742307302.0,False,t5_7224q6,
t2_1jngfbvrp3,What do you guys think of new ASIA?,0,65,0.88,0,1742307842.0,False,t5_7224q6,
t2_7pxtnyqa,which asian country has the best goats? asking this because I have an arab friend,0,21,1.0,0,1742328655.0,False,t5_7224q6,
t2_pqhpd51c,Average historical event in Zhongguo,0,104,0.98,0,1742293853.0,False,t5_7224q6,
t2_18ghewmeru,How dare he eat,0,278,0.98,0,1742268019.0,False,t5_7224q6,
t2_vf4pjrw9,Vtuber was actually originated in southern Thailand.,0,17,0.91,0,1742320114.0,False,t5_7224q6,Well that southern part was probably former malay sultanates to be fair.
t2_avkvuxvlc,Worst korea cosplaying as ghosts,0,13,0.89,0,1742324929.0,False,t5_7224q6,
t2_hmevqtij,if this jeetni loses her fight this weekend no indian is gonna hear the end of it from me,0,20,0.95,0,1742316347.0,False,t5_7224q6,
t2_1jqoemxibm,Least Nipponese-obsessed weeb,0,42,0.87,0,1742298313.0,False,t5_7224q6,
t2_1jqoemxibm,Here is the candy,0,63,0.85,0,1742286533.0,False,t5_7224q6,
t2_1gjomzc4i4,uh,0,53,1.0,0,1742291118.0,False,t5_7224q6,
t2_s2lea7222,Make every country great💪,0,18,0.85,0,1742312624.0,False,t5_7224q6,
t2_1gjomzc4i4,"he hasn’t lost, he just retired",0,62,0.86,0,1742286566.0,False,t5_7224q6,
t2_a2jxsi1f,"SEA and Hentai, match made in heaven",0,21,0.97,0,1742307567.0,False,t5_7224q6,
t2_vf6fy,Nipponjon teaches filthy endians how to clean,0,373,0.95,0,1742248280.0,False,t5_7224q6,
t2_1iq1ruquu6,What?,0,21,0.96,0,1742303574.0,False,t5_7224q6,
t2_6a6ya203,Darkest Central Asian islamist,0,29,0.95,0,1742295926.0,False,t5_7224q6,
t2_1iq1ruquu6,Is that her again 🤨,0,28,0.97,0,1742294885.0,False,t5_7224q6,
t2_tzv6b1np,Would you climb for 1 quintillion Baht,0,10,1.0,0,1742310405.0,False,t5_7224q6,
t2_155y3m,Based Xi,0,17,1.0,0,1742298266.0,False,t5_7224q6,
t2_1imn0ii35t,Who was Meanie?,0,5,0.86,0,1742320526.0,False,t5_7224q6,I keep seeing posts about her.
,You can experience racism towards zhongguo even without being from zhongguo,0,16,0.94,0,1742294614.0,False,t5_7224q6,
t2_p06ee4em,It's over folks indomie going to a financial crisis 😭,0,19,0.95,0,1742291730.0,False,t5_7224q6,
t2_16n2azobow,height change in 30➕ years,0,14,1.0,0,1742296684.0,False,t5_7224q6,
,"Ah, MURICA - the land of freedom, money, and hence, PROXY WARS🤑👹",0,48,0.96,0,1742270629.0,False,t5_7224q6,
t2_kxmnwzkto,"Welcome to the club, Bashkortostan (not a dictatorship, just a club of Central Asian friends)",0,10,0.78,0,1742295676.0,False,t5_7224q6,
t2_fqw3aw2sq,Medvedev Khan,0,18,0.95,0,1742288549.0,False,t5_7224q6,
t2_rsb78vrdd,Rizz,0,40,0.96,0,1742270150.0,False,t5_7224q6,
t2_b0ois21b,Korea and Japan are locked in a heartwarming rivalry to see who can turn childhood into a business model the fastest.,0,28,0.97,0,1742276453.0,False,t5_7224q6,
t2_18fcz2yxik,"Are there any ""real"" inter-state rivalries/hatred within Southeast Asia besides Cambodia & Thailand/Vietnam?",0,13,1.0,0,1742289596.0,False,t5_7224q6,"Malaysia and Indonesia's online fights seem more like a siblings' dispute.

Philippines is too busy hating China.

Laos is just chilling.

Myanmar is in a civil war and it looks like it won't end anytime soon."
t2_692husfi,Japanese Tourists showing Saars how to do the needful,0,204,0.96,0,1742233122.0,False,t5_7224q6,
t2_ddhpx494f,Why does Endian news write headlines like Failipino Vloggers?,0,18,0.82,0,1742277494.0,False,t5_7224q6,
t2_kefa4fap,I want this Zhongguo filter,0,25,0.96,0,1742269301.0,False,t5_7224q6,
t2_8ejjn4i7,Yeah these days will be fun,0,2,1.0,0,1742317897.0,False,t5_7224q6,
t2_18r8346wy3,Make love not war,0,164,0.92,0,1742230230.0,False,t5_7224q6,
t2_ccqgm6omk,Good luck saars,0,142,1.0,0,1742231661.0,False,t5_7224q6,
t2_ajqqu8gn,"Ich genieße nur die Shitshow, aber das musste mal gesagt werden",0,94,0.93,0,1742239495.0,False,t5_7224q6,
t2_sot1pe5hc,8th National Congress of the Young Pioneers,0,12,0.94,0,1742275571.0,False,t5_7224q6,
t2_p06ee4em,Why failpenis love sucking westoid kok? 😜,0,20,0.92,0,1742266481.0,False,t5_7224q6,
,Most wholesome comment section on instagram...,0,176,0.96,0,1742220073.0,False,t5_7224q6,
t2_1gku43bh,TA名叫絵梨花♥️,0,8,0.91,0,1742279424.0,False,t5_7224q6,
t2_dv3drh4j5,Explain yourself Endian bros,0,105,0.98,0,1742227156.0,False,t5_7224q6,
t2_s2lea7222,My country Pakistan 🥺,0,31,0.91,0,1742251158.0,False,t5_7224q6,
t2_10djbjq6v5,Long live baluchistan saar,0,19,0.88,0,1742259678.0,False,t5_7224q6,
t2_18k37fv3u4,Title,0,10,0.86,0,1742270391.0,False,t5_7224q6,
t2_1ceki37ryi,Friends don't worry it's only for a week,0,245,0.99,0,1742205631.0,False,t5_7224q6,
t2_6c1qn0n5,im just here for the fun and the memes,0,74,0.96,0,1742229832.0,False,t5_7224q6,
t2_1ccblwcyzw,I made this which accurately depicts 90% of Asia_irl users,0,119,0.76,0,1742216559.0,False,t5_7224q6,
t2_vf4pjrw9,It's so shit it's ironically an absolute cinema.,0,83,0.98,0,1742222040.0,False,t5_7224q6,This could apply to the entire Asia as well.
t2_p06ee4em,Japenis made karaoke but Failedpenis mastered it. Jai Maharlika Zindabad!,0,22,0.96,0,1742248510.0,False,t5_7224q6,
t2_25uahaw4,Worst Korea Back At It Again (Kept the TikTok credits to credit the OG OP),0,23,0.96,0,1742246256.0,False,t5_7224q6,
t2_117ren6wbl,Why are we fighting each other? 🤔,0,7,0.73,0,1742269450.0,False,t5_7224q6,
t2_awfqrx,Turk translation,0,10,0.81,0,1742263878.0,False,t5_7224q6,
t2_h7ho5tjd6,🦖 ➡️ 🐔,0,62,1.0,0,1742223283.0,False,t5_7224q6,
t2_7pxtnyqa,GIRL POWER 💅💅💅🇮🇷🇮🇱🇱🇧,0,46,0.91,0,1742228721.0,False,t5_7224q6,
t2_19srkpyqmk,ANA is a cool acronym,0,3,1.0,0,1742281369.0,False,t5_7224q6,"I just wanna say, ANA Afghan National Army, sounds nice, I don't know anything about their doings or anything tho, they might be bad, I'm too lazy to research tho, that's all"
t2_b0ois21b,Found this gem while browsing northeastern subreddits,0,21,0.9,0,1742240640.0,False,t5_7224q6,I've no idea if it follows the rules 🙏🏻 
t2_ivhnbnjq,Japanis saaar Akhand Bharat.,0,64,0.91,0,1742219810.0,False,t5_7224q6,
t2_7s4h97x35,Does He speak for all of you PakBros?,0,70,0.99,0,1742215607.0,False,t5_7224q6,
t2_v5u073nds,Reactions to posts from Endia North Korea war,0,28,0.9,0,1742231538.0,False,t5_7224q6,
t2_1zov7wjw,Israel when 3 arab countries attacked them,0,14,0.8,0,1742244614.0,False,t5_7224q6,
t2_692husfi,Least Karaboga loving woman from Turkey,0,22,0.96,0,1742232946.0,False,t5_7224q6,
t2_bjycptdt6,Extremism against Extremists,0,41,0.79,0,1742219550.0,False,t5_7224q6,"The accused were arrested along with nine others in December 2018 after the NIA carried out searches, in coordination with Special cell of Delhi Police and Anti-Terrorism Squad of Uttar Pradesh Police, at six places in Jafrabad, Seelampur in Delhi, and 11 places in Uttar Pradesh — six in Amroha, two in Lucknow, two in Hapur and two in Meerut.

The searches and the arrests came a month before the Republic Day celebrations on January 26.

According to NIA, a locally-made rocket launcher, material for suicide vests and 112 alarm clocks to be used as timers were recovered from the searches.The agency also said it recovered 25 kg of explosive materials"
t2_16o555hyy4,Heartwarming meme to lighten up the mood after today🥰🥰🥰,0,16,0.95,0,1742235705.0,False,t5_7224q6,
t2_16xpvu0pql,Based bhutan,0,11,1.0,0,1742244008.0,False,t5_7224q6,
t2_8xw3mvwg,"""Muslim whenever I want to be"" ahh pakistani",0,50,0.9,0,1742213614.0,False,t5_7224q6,Why do pakistanis date non muslim women. Convert everyone i see ahh pakistanis.
t2_44w3secs,Corruption go brrrrr,0,159,0.99,0,1742187892.0,False,t5_7224q6,
t2_1iq1ruquu6,Top 1 most dangerous place for influencers.,0,65,0.95,0,1742204270.0,True,t5_7224q6,
t2_72x1wp6by,Turkey 😭🦃😭,0,183,0.97,0,1742184254.0,False,t5_7224q6,
t2_1gjomzc4i4,Kebabs dont want you to see this,0,58,0.98,0,1742204568.0,False,t5_7224q6,
t2_iku0ypvc,ON MY WAY TO ISTANBUL NOW🇹🇷🇹🇷🇹🇷🦃🦃🦃🐺🐺🐺,0,25,0.92,0,1742219232.0,False,t5_7224q6,
t2_18k37fv3u4,"Props to the Azerbaijani bro, he reached top three, still couldn't beat [deleted]",0,9,0.85,0,1742238253.0,False,t5_7224q6,
t2_1kgpok3fr3,Its jover,0,7,0.77,0,1742239888.0,False,t5_7224q6,
t2_1iq1ruquu6,I signed for Indian trolling but not for coup in North Korea.,0,17,0.96,0,1742223408.0,False,t5_7224q6,
t2_1gor3n3q,Mongolia Superpower by 2050,0,19,1.0,0,1742220919.0,False,t5_7224q6,
t2_1iq1ruquu6,Chinese Creating New Medical Device That Turns You From Men Into Women,0,6,0.75,0,1742239241.0,False,t5_7224q6,
t2_18k37fv3u4,"Japenis can handle suffer, Waste can't",0,12,1.0,0,1742226997.0,False,t5_7224q6,
t2_dyvf4qk35,South Korean incels when they realize their mom is a woman,0,321,0.98,0,1742162368.0,False,t5_7224q6,
t2_7s4h97x35,Title.exe,0,47,0.94,0,1742197888.0,False,t5_7224q6,
t2_60rclm1c,Just an art student in 🇳🇵,0,12,0.93,0,1742225861.0,False,t5_7224q6,
t2_xi82922w0,Wow,0,24,0.96,0,1742210253.0,False,t5_7224q6,
t2_bv8yt2erv,Rednote user did DNA test,0,29,0.97,0,1742207003.0,False,t5_7224q6,"I always thought I was a pure Han Chinese, but the genetic test revealed that I’m only 54.53% Northern Han, with the rest being Manchu/Korean ancestry… My world has collapsed. 
"
t2_caq1c1v0,I guess Asia just China now. Also turkey Europe?,0,82,0.99,0,1742186094.0,False,t5_7224q6,
t2_hn7j0,Least popular American entrepreneur in zhongguo,0,15,1.0,0,1742218059.0,False,t5_7224q6,
t2_1jqoemxibm,Middle East without Ar*ps,0,46,0.87,0,1742195233.0,False,t5_7224q6,
t2_bjycptdt6,Araps: Middle east would be peaceful without Israel. *Araps the next day:My terrorists better than your terrorists.,0,49,0.88,0,1742185301.0,False,t5_7224q6,
t2_vf4pjrw9,Average insect in SEA,0,11,0.93,0,1742212274.0,False,t5_7224q6,
t2_1kgpok3fr3,"Too much fight here, Lets talk about figherjets",0,2,0.56,0,1742239803.0,False,t5_7224q6,
t2_1iq1ruquu6,Mao the Schlonge,0,175,0.99,0,1742147795.0,False,t5_7224q6,
t2_1i8dw1fv9j,"Thats how you fight racism , this kid aint gonna use C words ever in his life lollll",0,8,0.9,0,1742203819.0,False,t5_7224q6,
t2_18iz930pje,How it feels to be on r/Asia_irl,0,816,0.99,0,1742111245.0,False,t5_7224q6,
t2_1i8dw1fv9j,"being born in chicken neck , I thank god each day for not making +- 10 km mistake to spawn me .",0,12,0.83,0,1742189451.0,False,t5_7224q6,
t2_7pxtnyqa,b-based chinese scientist?,0,177,0.97,0,1742134235.0,False,t5_7224q6,
t2_p06ee4em,Asia zindabad,0,78,0.99,0,1742150096.0,False,t5_7224q6,
t2_1cjme95vkx,Am iraq chai,0,232,0.98,0,1742125821.0,False,t5_7224q6,
,My South Indian fellows may also have ancestral connection with Persia😮😃,0,9,0.8,0,1742182853.0,False,t5_7224q6,
t2_ifknkmoq,Enver Pasha anime,0,15,0.94,0,1742171366.0,False,t5_7224q6,
t2_948qqohw,We will make Pakistan and Bangladesh 100% turkish genes,0,36,0.93,0,1742147670.0,False,t5_7224q6,
t2_18iz930pje,Bro literally did the meme,0,430,0.99,0,1742096811.0,False,t5_7224q6,
t2_1hj9yx402n,A W Pakistani? World is truly healing,0,56,0.94,0,1742135692.0,False,t5_7224q6,
t2_1i8dw1fv9j,"Can we actually bring some more people in this sub out of India ? its just feels like we made some little India here ,. Diversity is required to make this more fun . We Indians are too many here ( or everywhere)",0,36,0.89,0,1742146311.0,False,t5_7224q6,
t2_hmevqtij,based car spotted in pakistan,0,80,0.98,0,1742129050.0,True,t5_7224q6,
t2_1l2vm1k62h,Please understand we Korean have a lot of plastic surgeries,0,60,0.98,0,1742132585.0,False,t5_7224q6,So that we can have a lot of Kpop girls.
t2_8ch0axfb,BANG!BANG!BANG!,0,16,0.95,0,1742155494.0,False,t5_7224q6,
t2_198yhwxw01,Countries of Asia in native languages,0,18,0.85,0,1742151547.0,False,t5_7224q6,
t2_1gjomzc4i4,Another Indonesian masterclass,0,84,1.0,0,1742118867.0,False,t5_7224q6,
t2_cgg417co,"What are we, some kinda Suicide Squad?",0,16,0.94,0,1742145784.0,False,t5_7224q6,
t2_18iz930pje,"Paki bros here, which of these guys are you?",0,122,0.98,0,1742103925.0,False,t5_7224q6,
t2_xi82922w0,Mow is good because Mutual hate for landlord,0,14,1.0,0,1742145425.0,False,t5_7224q6,
t2_4ouqqf4x,Xigma,0,11,0.87,0,1742148967.0,False,t5_7224q6,
t2_18ghewmeru,300 yuan/month culinary art,0,19,1.0,0,1742137573.0,False,t5_7224q6,
t2_3pxf0e4p,The average Chinese media that shows up on your fyp time to time,0,64,0.97,0,1742109268.0,False,t5_7224q6,
t2_1iq1ruquu6,Love relations in Asia.,0,56,0.97,0,1742112918.0,False,t5_7224q6,
t2_nyd6dpjm,Wrlcome back hitler,0,56,0.97,0,1742106289.0,False,t5_7224q6,
t2_1gjomzc4i4,Settling the Korean-Japanese debate over the 2 rocks,0,27,0.97,0,1742120083.0,False,t5_7224q6,
t2_1kgpok3fr3,Hmmm,0,64,0.95,0,1742100119.0,False,t5_7224q6,
t2_v1e7920d,tier list lol,0,12,1.0,0,1742131007.0,False,t5_7224q6,
t2_1iq1ruquu6,Ukrainians erased him 💀,0,43,0.94,0,1742105810.0,False,t5_7224q6,Brahmin femboy gone because of the rage bait. 
t2_6hqbagc4,Even karma stands with Pissnotreal.,0,12,0.83,0,1742128481.0,False,t5_7224q6,
t2_7s4h97x35,My rankings of countries based on their Public Reputation.,0,64,0.81,0,1742091211.0,False,t5_7224q6,
t2_ccqgm6omk,Full guide on how to pull Vietnamese women 👇👇,0,14,0.95,0,1742118179.0,False,t5_7224q6,
t2_p06ee4em,"Xinese forever strong, xinese forever true all hail the mandate of heaven",0,20,0.95,0,1742111976.0,False,t5_7224q6,
t2_1ccblwcyzw,The Indian Question of Asia_irl has yet to be solved,0,115,0.95,0,1742076543.0,False,t5_7224q6,
t2_1ccblwcyzw,Cringe M*ds being westoid cucks? Check.,0,57,0.84,0,1742088806.0,False,t5_7224q6,
t2_1ccblwcyzw,Tierlist of Asian countries based on my interactions with their respective Asia_irl users,0,165,0.93,0,1742066245.0,False,t5_7224q6,
t2_1kgpok3fr3,Why Muslim jeets are like this?,0,304,0.95,0,1742047498.0,False,t5_7224q6,
t2_1kk0xg5hqg,KARA(no) BOĞA,0,39,1.0,0,1742088621.0,False,t5_7224q6,Trvth nvke
t2_a8j0ebuby,"Step aside, posers, Telugus are the real Asians 😤💪🏻💪🏻💪🏻",0,30,1.0,0,1742091552.0,False,t5_7224q6,
t2_pia7kcr,party no more parties 💔,0,16,1.0,0,1742100995.0,False,t5_7224q6,
t2_17d91z58a4,pheeling praoud soldier of sanatan dharma,0,42,0.92,0,1742080144.0,False,t5_7224q6,
t2_1i2akiific,Least regarded Saar Nationalist,0,3,0.8,0,1742127271.0,False,t5_7224q6,"https://preview.redd.it/d8d7humpm1pe1.png?width=584&format=png&auto=webp&s=b4a2c4043965fc933d94943928fe06a04245db24

"
t2_l72gioa3,For new reddit users,0,19,0.95,0,1742089597.0,False,t5_7224q6,
,Isn’t it Koreans who brought civilisation to Japan?,0,12,0.99,0,1742098047.0,False,t5_7224q6,"/unasia

Japan's civilization seems to be deeply tied to Korean migration and influence, based on prevailing historical evidence. While Korea had advanced states like Gojoseon and Goguryeo, Japan remained tribal under the Jomon people. The Yayoi, likely from Korea (1000 BCE–300 CE), introduced wet rice farming, metallurgy, and social hierarchy, laying the foundation for the Yamato state.

Korean kingdoms like Baekje and Gaya shaped Japan’s governance, introducing centralized administration, Confucianism, and writing. Many Yamato elites had Korean ancestry, and Baekje scholars played a key role in Japan’s development. Buddhism, pottery, and advanced technologies also arrived via Korea.

Check these maps below if you‘re tired to search up:

[Notice Japan was still tribal, while Korea, Northeast China, and North Vietnam already had developed states](https://preview.redd.it/m41py7v5azoe1.png?width=2160&format=png&auto=webp&s=5197a0783db0f55fca920aab08103dcd4cbe54ae)

[Japan had its first-ever civilization 3 centuries later. It may seem Jomon tribes themselves developed into Yamatai, but…](https://preview.redd.it/87fkezhtazoe1.png?width=2160&format=png&auto=webp&s=6b273584cbfab34dd7c18f36c148197c4cc99546)

[Notice the green arrow pointing to Japan, with “Yayoi people” mentioned on its tip 😳😬](https://preview.redd.it/x8knpo0gbzoe1.png?width=2888&format=png&auto=webp&s=83cc5e59bb198ae79fc019ab62457ebdfeed79c2)

[Notice the dominant Y-DNA haplogroup in both Japan and Korea \(also the dark-red \(D\) which is absent in Korea\)😏](https://preview.redd.it/8vj90kznezoe1.png?width=1115&format=png&auto=webp&s=b01fcf789c06537b6573e685b5256d4ad2e981fb)

Despite clear historical and genetic evidence, some Japanese ultranationalists, especially Uyoku Dantai, deny Korea’s role, pushing the myth of Japan’s independent origin. However, Japan’s statehood only emerged after significant Korean influence.

Given these deep historical connections, can the Japanese (Yamato) and Korean people and heritage be considered “siblings”?

/reasia: My Cumrean fellows, I know how it feels to have such ungrateful siblings🥺😭🤧 🇮🇳🫂 🇰🇷 🤜🇯🇵🇵🇰"
t2_s2lea7222,We are on the top saar🗿,0,89,0.99,0,1742056775.0,False,t5_7224q6,
t2_7pxtnyqa,shia bros are you guys ok,0,26,0.92,0,1742076792.0,False,t5_7224q6,
t2_1i8dw1fv9j,"Jokes apart they just too afraid to loose their ""superiority"" , against hinstorically superior Aryans of Akhand bharat and Zhongguorens or modern China ,which is 
inevitable",0,73,0.87,0,1742056493.0,False,t5_7224q6,
t2_1iq1ruquu6,Another fliars idea (stateless edition),0,36,0.94,0,1742069399.0,False,t5_7224q6,Some of them Generated by Bot. 
t2_1hj9yx402n,White supremacy went from calling 90% of Europe as Barbarians (even including Germans at times) to claiming Indians.,0,180,0.99,0,1742037715.0,False,t5_7224q6,
,"Aryan twinks have risen , billions must be feminized",0,12,1.0,0,1742085882.0,False,t5_7224q6,
t2_38zwu2kv,Least racist nationalist Turk 🐺🐺🇹🇷🇹🇷,0,43,0.95,0,1742054829.0,False,t5_7224q6,
t2_1kgpok3fr3,"I love this arab uncle, Any one know who he is ?",0,74,0.99,0,1742043673.0,False,t5_7224q6,
t2_1d5vcao7ju,"Zelensky,the second Alexander",0,154,0.91,0,1742028525.0,False,t5_7224q6,
t2_1kgpok3fr3,Guess who made this meme,0,48,1.0,0,1742046976.0,False,t5_7224q6,
t2_c0edn0vc,Common Bhutan W,0,41,1.0,0,1742048853.0,False,t5_7224q6,
t2_19ny8z4u23,Ambalance,0,9,1.0,0,1742079741.0,False,t5_7224q6,
t2_atqdbeqh,verysmarthindu,0,9,0.91,0,1742077077.0,False,t5_7224q6,"what is dignity saar

https://preview.redd.it/ovgdx5kgixoe1.png?width=670&format=png&auto=webp&s=dd976903c8a9701074b3a428432333700623848d

"
t2_vitiffsbk,"A photo of woman in Kashgar, Xinjiang Uygur Autonomous Region, 1990",0,28,0.94,0,1742053760.0,False,t5_7224q6,
t2_13065to2lp,Vishwaguru Levelling,0,51,0.96,0,1742039541.0,False,t5_7224q6,Paroud saar vishwaguru 🇳🇪
t2_uaq9evf2,Is this true Malaca bros?,0,9,1.0,0,1742072412.0,False,t5_7224q6,
t2_mrw0y6w,Imperial Nepal 🇳🇵: He is back,0,12,1.0,0,1742065817.0,False,t5_7224q6,
t2_7s4h97x35,History of Pakistan according to PakBros:,0,98,0.94,0,1742023737.0,False,t5_7224q6,
t2_1iq1ruquu6,Russian civil war song recorded in 1920.,0,50,0.98,0,1742036658.0,False,t5_7224q6,"100% True!!!

Original made by MrBaconMan on YouTube. "
t2_1d5lcoh4q0,Rate my Filipina wife,0,4,0.67,0,1742078374.0,False,t5_7224q6,
t2_vogbo6xi,"Fellas, is Nippleland woke and gay [therefore BASED]?",0,29,0.98,0,1742042063.0,False,t5_7224q6,
,Least delusional Chinese citizen.,0,104,0.89,0,1742013625.0,False,t5_7224q6,
t2_18k37fv3u4,Akhand Türkiyë when?,0,24,0.93,0,1742039788.0,False,t5_7224q6,
t2_mfa9dthrg,So both being extremely wealthy or being extremely poor give you depression?,0,19,0.95,0,1742043881.0,False,t5_7224q6,
t2_nq0og,Whats going on in Pakistan,0,184,0.99,0,1741998721.0,False,t5_7224q6,
t2_nk8iyf4y,Make Britain great again!!!!!😡😡,0,61,0.97,0,1742018226.0,False,t5_7224q6,
t2_18k37fv3u4,Syrian Femboys le'ss gooo!,0,27,0.97,0,1742029398.0,False,t5_7224q6,
t2_7pxtnyqa,Shameful! Evil Armenians must apologise for this,0,3,0.72,0,1742065757.0,False,t5_7224q6,
t2_1hbvuicx58,when I'm in a glazing competition and my opponent is a Pakistani defence expert,0,18,0.88,0,1742033731.0,False,t5_7224q6,
t2_7ukieie9,But when i did it....,0,238,0.99,0,1741982597.0,False,t5_7224q6,
t2_1iq1ruquu6,A favorite of the Chinese and a favorite of the Indians,0,45,1.0,0,1742015553.0,False,t5_7224q6,
,Indians living rent free 😍,0,25,0.97,0,1742022487.0,False,t5_7224q6,
t2_wl0fpqonf,China irl,0,168,0.95,0,1741976893.0,False,t5_7224q6,
t2_1cjme95vkx,🇮🇶🤝🇺🇦,0,23,0.96,0,1742015346.0,False,t5_7224q6,
t2_p06ee4em,Failpenis can into paxtan ❤️ glory to Pakistann 🇵🇰🇵🇭,0,26,1.0,0,1742005990.0,False,t5_7224q6,
t2_p8u02cw80,Real shit mr dutert,0,30,0.94,0,1742001265.0,False,t5_7224q6,
,I unironically wished it was Zheng He who brought the Mandate of Heaven to us instead of Ferdinand Magellan.,0,11,0.82,0,1742021760.0,False,t5_7224q6,
t2_1i8dw1fv9j,Least hateful westoids,0,123,0.95,0,1741968825.0,False,t5_7224q6,
t2_1ik5sjevlf,Taiwanese woman national team vs thai femboi national team,0,54,0.98,0,1741984777.0,False,t5_7224q6,
t2_fqw3aw2sq,East Asians when working (They swear 40 hours per week wasn't enough),0,36,0.97,0,1741990236.0,False,t5_7224q6,
t2_1ayceg3dq9,I fixed that meme,0,76,0.93,0,1741973199.0,False,t5_7224q6,
t2_18ghewmeru,So that's why they're called Indios,0,115,0.98,0,1741964387.0,False,t5_7224q6,
,"Stop India racism for a second,now you can continue.",0,212,0.96,0,1741941844.0,False,t5_7224q6,
t2_1l67ulk7o9,XINESE BRO YOU NEED TO EXPLAIN THIS 😭?,0,73,0.99,0,1741958172.0,False,t5_7224q6,
t2_948qqohw,definitely not astroturfed by bots,0,26,0.96,0,1741979445.0,False,t5_7224q6,
t2_p06ee4em,Asia best crime in world and endia the strongest Chai hend,0,71,0.97,0,1741955163.0,False,t5_7224q6,
t2_1d59tlllff,Little saars dancing at their friend's birthday party,0,121,0.96,0,1741944759.0,False,t5_7224q6,
t2_6ppe606b,Least racist Japanese person,0,40,0.95,0,1741963422.0,False,t5_7224q6,
t2_1ik5sjevlf,Asian bargaining skill,0,17,0.88,0,1741979547.0,False,t5_7224q6,It's fake news btw. $1.1 billion is for package not per engine
t2_w3wkyf47,Smallest Zhongguo dih,0,11,0.93,0,1741985290.0,False,t5_7224q6,
t2_1iq1ruquu6,New flair's Idea.,0,20,0.93,0,1741975289.0,False,t5_7224q6,
t2_4v1eujw2,"Russkis really built different, we gotta up our racism game",0,72,1.0,0,1741949924.0,False,t5_7224q6,
t2_orpnqoq4q,TIT-LE,0,136,1.0,0,1741936517.0,False,t5_7224q6,
t2_p06ee4em,Failpenis can into magaysia truly asia? 🇵🇭❤️🇲🇾,0,24,0.96,0,1741970218.0,False,t5_7224q6,
t2_7pxtnyqa,saudi robot did this,0,25,1.0,0,1741967974.0,False,t5_7224q6,
t2_nnzxytd2,We wuz danish and shiet,0,189,0.98,0,1741928185.0,False,t5_7224q6,
t2_692husfi,Honestly never seen any Pashtun larping as Arab and Turk,0,157,0.99,0,1741927021.0,False,t5_7224q6,
t2_16wmaiywqo,"Kim Jong Il shaking hands with Shinzo Abe, 2002.",0,10,0.92,0,1741976636.0,False,t5_7224q6,
t2_18ghewmeru,Sarawak supremacy,0,122,0.98,0,1741929237.0,False,t5_7224q6,
t2_2q6iuu0b,Comrade Louie [Best Korea cover],0,9,1.0,0,1741977676.0,False,t5_7224q6,
t2_smxa89j2,Finns and Hungarians should have honorary flair - Part I,0,15,1.0,0,1741967396.0,False,t5_7224q6,
t2_16xpvu0pql,If we were to build a headquarter for asia_irl where would it be?,0,8,1.0,0,1741980759.0,False,t5_7224q6,
t2_155y3m,Russian history summarized,0,30,0.98,0,1741950371.0,False,t5_7224q6,
t2_awfqrx,I'm undercover 🥸🥸🥸,0,82,0.99,0,1741930892.0,False,t5_7224q6,
t2_1gjomzc4i4,Russian state-sponsored shitposting,0,14,0.9,0,1741964822.0,False,t5_7224q6,
t2_7pxtnyqa,this is what islam is taking away from us,0,337,0.97,0,1741900351.0,False,t5_7224q6,
,They all look the same BTW.,0,67,0.96,0,1741927577.0,False,t5_7224q6,
t2_nq0og,💪 🇹🇯 ARYAN TAJIKISTAN 🇹🇯 💪,0,190,0.99,0,1741906831.0,False,t5_7224q6,
,Maybe joining a pirate crew in Somalia isn't that bad idea after all?,0,10,1.0,0,1741963130.0,False,t5_7224q6,
t2_kefa4fap,Least aggressive Endian driver,0,18,1.0,0,1741950218.0,False,t5_7224q6,
,Israeli Hindus finally got a worthy opponent,0,8,0.91,0,1741961721.0,False,t5_7224q6,
t2_1gku43bh,"Dutch wife tried Asian once, can no longer go back!",0,10,1.0,0,1741960464.0,False,t5_7224q6,"/uj the singer songwriter was born and raised in present day Indonesia, but was uprooted and sent back the Netherlands after Indonesia achieved independence. Lake many of her peers she had difficulties adjusting to European life"
t2_cmd4m1cu,Happy Purim and F Haman,0,5,0.78,0,1741964693.0,False,t5_7224q6,
t2_18ghewmeru,"Make love, not war",0,344,0.96,0,1741879959.0,True,t5_7224q6,
t2_3cce4ysv,Blursed Captain,0,33,1.0,0,1741923472.0,False,t5_7224q6,
t2_18ghewmeru,Akhand Guizhou,0,25,0.97,0,1741928572.0,False,t5_7224q6,
,Ambassadors of the white race,0,202,0.95,0,1741887651.0,False,t5_7224q6,
,"It was fun while it lasted, see ya asia bros",0,5,0.86,0,1741963496.0,False,t5_7224q6,
t2_1kk0xg5hqg,좋은,0,17,1.0,0,1741931951.0,False,t5_7224q6,America will become xinese puppet while china is already vassalized by DPRK. All according to plan.
t2_1iq1ruquu6,How men deal with depression.,0,43,1.0,0,1741910608.0,False,t5_7224q6,
t2_iccz34g4,We finally got white supremacist Pakjeet🇵🇰❤️🇺🇲,0,88,0.99,0,1741892897.0,False,t5_7224q6,We South Asians white saar
t2_1iq1ruquu6,Cummies 🤤,0,60,0.88,0,1741899189.0,False,t5_7224q6,
t2_mjge3beb,Theres a reason why pakistanis are far more closer to the indhus civilization than indians,0,0,0.39,0,1742012719.0,False,t5_7224q6,
,Where it all started,0,102,0.96,0,1741885250.0,True,t5_7224q6,
t2_17d91z58a4,kanye apologizes to yehoodis,0,59,0.98,0,1741894966.0,False,t5_7224q6,
t2_70hu25,Friendship Ended with Newsom,0,26,1.0,0,1741908740.0,False,t5_7224q6,
t2_alxv6ns4g,0.001 pakistani no way death is better,0,15,1.0,0,1741918221.0,False,t5_7224q6,
t2_dc0tns0l,Average Speech in Nepal,0,125,0.99,0,1741871381.0,False,t5_7224q6,
,Least random instagram beef,0,67,0.97,0,1741882897.0,False,t5_7224q6,
t2_1hj9yx402n,hypocrisy,0,113,0.93,0,1741858843.0,False,t5_7224q6,
,Pookiestani Police,0,20,0.95,0,1741893347.0,False,t5_7224q6,
t2_hn7j0,Average K pop Indian Fan lore be like:,0,72,0.97,0,1741866762.0,False,t5_7224q6,
t2_vf6fy,Indomie noodle jihad when?,0,30,1.0,0,1741883894.0,False,t5_7224q6,
t2_1kk0xg5hqg,"If Turks and mongols are not degenerate enough, you can fuse them to create Hungarians",0,60,0.98,0,1741869212.0,False,t5_7224q6,
t2_1iq1ruquu6,Macron assimilated in Uzbek W UZBEKISTAN!!!!!,0,51,1.0,0,1741865553.0,False,t5_7224q6,
t2_awfqrx,Most thick skinned south asian user on Asia_irl,0,160,0.97,0,1741841628.0,False,t5_7224q6,
t2_1a2k9lqq8c,Finally a superpower ?,0,9,0.92,0,1741893498.0,False,t5_7224q6,
t2_1hj9yx402n,Well Well well,0,35,0.95,0,1741868666.0,False,t5_7224q6,
,I had 2 turks break in to my house yesterday....,0,98,0.95,0,1741845263.0,False,t5_7224q6,
t2_1kk0xg5hqg,O’Canada,0,38,0.98,0,1741863881.0,False,t5_7224q6,Yankees are surely bigoted as hell
,"I trust Endia in banning everything Abrahamic. Also, Endians. Stop simping for Jews. They are as dirty and sleazy as Arabs.",0,106,0.87,0,1741842418.0,False,t5_7224q6,
t2_bjycptdt6,SEA vs Xina in brief,0,17,1.0,0,1741874314.0,False,t5_7224q6,
t2_18k37fv3u4,"I have had many shit takes, and this, is one of them",0,10,1.0,0,1741883781.0,False,t5_7224q6,
t2_onz8pyyp,"In Lahore, guard opened fire on Guy. Vip culture in Pakistan.",0,6,0.88,0,1741893164.0,False,t5_7224q6,
t2_s2ptztba,"Ellen Baker in 2016, 锐锐 now. Who will be the next?",0,26,0.97,0,1741862091.0,False,t5_7224q6,
t2_p06ee4em,Failpenis political pundit admits failpenis can into balkans and hot siberia plus afreeca we wuz kangs shietz land,0,40,1.0,0,1741852975.0,False,t5_7224q6,
t2_z8ymalrgq,History behind the creation of most Turkic groups,0,50,1.0,0,1741848968.0,False,t5_7224q6,
t2_1hj9yx402n,Scenes from Avg road in ASIA,0,8,0.91,0,1741881446.0,False,t5_7224q6,
t2_1iq1ruquu6,Minecraft in Afghanistan.,0,8,0.79,0,1741879043.0,False,t5_7224q6,
t2_1gku43bh,Let us remember the days before Kampuchea went the Elon way,0,9,0.91,0,1741876259.0,False,t5_7224q6,
t2_v38ve4ch,Can Arabbros please explain this to me?,0,72,0.99,0,1741835003.0,False,t5_7224q6,
,Is Gintama popular among Cumreans?,0,16,1.0,0,1741855251.0,False,t5_7224q6,"I scrolled through Rule 34 😝, and I searched Cumrean yaoi, to find out it’s mostly fan art of Gintoki and Hijikata - I mean, damn they’re so fine tho😩🥵, but I thought gay Cumreans were into femboys? You got K-poop.

[What a lovely couple😍](https://preview.redd.it/yn35a98z8foe1.jpg?width=620&format=pjpg&auto=webp&s=16c50a5fdaa9879e2473de02287a74a9ceec904c)"
t2_1fwar2vg16,DeepSeek fumbled bwahahha,0,244,0.98,0,1741801449.0,False,t5_7224q6,
,"My proud aryan saars 🧔🧔🧔, is this accurate?",0,18,0.96,0,1741850025.0,False,t5_7224q6,
t2_1iq1ruquu6,Well it is what it is.,0,11,1.0,0,1741859822.0,False,t5_7224q6,His acc gone. Or goon. 
t2_9wjfyd1c,...,0,117,0.98,0,1741807017.0,False,t5_7224q6,
t2_czqehdph,真相炸弹,0,152,0.99,0,1741798745.0,False,t5_7224q6,
,Least racist Sindhi,0,135,0.99,0,1741798230.0,False,t5_7224q6,
t2_i86aey6nh,is India superpower yet?,0,673,0.95,0,1741764046.0,False,t5_7224q6,
t2_17d91z58a4,she spitting sick 🔥🔥🔥,0,34,0.97,0,1741822220.0,False,t5_7224q6,
t2_7pxtnyqa,woke al qaeda,0,73,0.93,0,1741805098.0,False,t5_7224q6,
t2_bv8yt2erv,Weeb westoid enjoying freedom of speech in the land of freedom,0,15,0.86,0,1741835320.0,False,t5_7224q6,
t2_1iq1ruquu6,Idk how to name this.,0,182,0.96,0,1741784411.0,False,t5_7224q6,
t2_vhqohccp9,"Ong, she so horny",0,2,1.0,0,1741872154.0,False,t5_7224q6,
t2_vf4pjrw9,Georgian man update,0,2,1.0,0,1741867866.0,False,t5_7224q6,https://youtu.be/oFwiu8cN3wo?si=BM7gFcqc-0NbWjtA
t2_72x1wp6by,most coherent indon politic party be like,0,52,0.99,0,1741799871.0,False,t5_7224q6,
t2_6p1tmpym,common paxtani W,0,68,1.0,0,1741789299.0,False,t5_7224q6,
t2_18ghewmeru,"100 Years Since Sun Yat-sen’s Passing, the father of Republic of China, the OG lolicon",0,36,0.97,0,1741792362.0,False,t5_7224q6,
t2_d0jya9vzl,Based on a true story,0,258,0.94,0,1741751157.0,False,t5_7224q6,
t2_kw83s0x8h,"Unironically, it's so easy to know that an Indian made this post from seeing the flag of India with all these western nations",0,353,0.97,0,1741743817.0,False,t5_7224q6,
,"Save aryan Jatt dna from Black dravidian bulls 😡
🤬😡",0,20,0.84,0,1741799725.0,False,t5_7224q6,
t2_ccqgm6omk,Most Harmless UAE prank,0,90,1.0,0,1741768009.0,False,t5_7224q6,
t2_g387c11yj,Karaboğa official instagram account,0,51,0.98,0,1741777724.0,False,t5_7224q6,
t2_bgrf8mc8,Least Nationalist Central Asian,0,36,0.98,0,1741780307.0,False,t5_7224q6,"Fun fact this is a match between clubs not 2 countries 
"
,May be its the indonesians all along,0,11,0.79,0,1741800279.0,False,t5_7224q6,"Paniki - A indonesian dish made with Bats ,poor china bros took all the burnt"
t2_58fdq0oi,Saars we are winning 🥹,0,68,0.98,0,1741764010.0,False,t5_7224q6,
t2_w3wkyf47,please ajeossi 🥹,0,23,0.97,0,1741784943.0,False,t5_7224q6,
t2_nsdrcl7bh,akhand bharat keeps expanding and w*stoids are getting cautious,0,61,0.84,0,1741764151.0,False,t5_7224q6,
t2_9zidef7e,"I have been wishing for this. It's the awesome day as a Cambodian 🇰🇭,",0,8,0.91,0,1741796983.0,False,t5_7224q6,"TLDR: This page has been removed for posting provocative false information and trolling Cambodians.

"
t2_692husfi,Applicable for Asia as well,0,89,0.97,0,1741752130.0,False,t5_7224q6,
t2_16n2azobow,Alexander reincarnated as Ashoka,0,26,0.96,0,1741775398.0,False,t5_7224q6,
t2_afctwl9ny,Proud bangali🇹🇷 vs indian🤢,0,111,0.96,0,1741744820.0,False,t5_7224q6,Superior turkic BANGALI race🔥🇹🇷🤝🇧🇩
t2_1kgpok3fr3,Somehow jeets claiming turk are thier ancestor kek,0,65,0.9,0,1741754008.0,False,t5_7224q6,
t2_1kk0xg5hqg,"Pekala, pekala, pekala…",0,24,0.97,0,1741770575.0,False,t5_7224q6,
t2_tbw88js5,Do you think chingis khan spits at modern mongolians and wishes to be reborn to forge the empire again or ami stupid,0,16,1.0,0,1741777297.0,False,t5_7224q6,
t2_1e5adul5r3,since turgay bros are finally accepted as hwite secular europenis I guess we can only make fun of iroonians now for larping as hwite,0,29,0.95,0,1741761793.0,False,t5_7224q6,
t2_1iq1ruquu6,Am I right?,0,27,1.0,0,1741759836.0,False,t5_7224q6,
t2_692husfi,Riyal,0,14,0.9,0,1741764400.0,False,t5_7224q6,
,Proud South Asia moment,0,122,0.99,0,1741721606.0,False,t5_7224q6,
,Which Asian countries GDP growth rate best describes your current mental health?,0,12,0.84,0,1741765582.0,False,t5_7224q6,
t2_3jvebghy,They look like they’re about to ask for Bob and vagene pics,0,7,0.82,0,1741764410.0,False,t5_7224q6,
t2_1kzcnnqp73,SAVE EUROPE ADMIN CHAD FORM,0,7,0.77,0,1741769387.0,False,t5_7224q6,
t2_692husfi,Literally the best story ever written by a Turk (source in comments),0,64,0.98,0,1741721873.0,False,t5_7224q6,
t2_1kgpok3fr3,Least Sexist Turkish Arab from berlin,0,342,0.99,0,1741681168.0,False,t5_7224q6,
t2_5zqgrnjx,pak bros explain yourselves,0,53,0.97,0,1741718181.0,False,t5_7224q6,
t2_18ghewmeru,"That's it, no more Akhand Zhongguo for you",0,108,0.96,0,1741699950.0,False,t5_7224q6,
t2_hegfc1ob,Well well well,0,83,1.0,0,1741702726.0,False,t5_7224q6,
t2_dyvf4qk35,Honorary singaporean,0,29,1.0,0,1741723090.0,False,t5_7224q6,
t2_7pxtnyqa,TIL an European nationalist and white supremacist account on xitter is actually from cambodia 💔,0,30,0.95,0,1741722273.0,False,t5_7224q6,
t2_155y3m,"Zhonggou bros, where can I find a chinese commie dommy mommy like her",0,69,0.97,0,1741704222.0,False,t5_7224q6,
t2_bjycptdt6,Welcome to India(not),0,39,0.93,0,1741710392.0,False,t5_7224q6,
t2_1cjme95vkx,🍇,0,182,0.96,0,1741677566.0,False,t5_7224q6,
t2_5bz36zpym,"Made this for a comment asking about the importance of stray kids in South korean politics, its been deleted but I put a lot of work into this. Shout out to my kpop head sister who helped a bit",0,9,1.0,0,1741735006.0,False,t5_7224q6,"2016. The Chaebols (the rich oligarchs that not so secretly run South korea, need a distraction from the Park Geun-hye–Choi Soon-sil Gate incident where Choi Soon-sil, daughter of a cult leader,  had access to government files by buying them out from at the time president Park Geun-hye. 





Funding went to JYP Entertainment to use Choi's cult relations to summon a genie. After much trial and error and a fight with Allah, the all mighty, they summoned the Persian genie Bab the jin. Bab the jin gave one wish. ""BRING ME,"" said JYP. ""THE MEN WHO SING SONG SO SOLOMLY IN GROUP, THE WORLD MAY GO INSANE, BE THEY HANDSOME MEN, BE THEY KOREAN MEN, BE THEY COME TO 2017 JYP ENTERTAINMENT REALITY TV SHOW, BRING THEM TO ME JIN.


ممنوح




Along came 2017 JYP Entertainment reality TV show. The unholy businessman jyp had done it. He selected the men fit to work together and put them to work. These men were chill. They didn't want much, just to make music and to get money. In 2018, they debuted. It worked. People had forgotten all about the corruption in the system they lived in. Instead, they thought of how Kim Wojin looks like a man who really wants to smile but can't quite get it on camera, hyunjins hair which I just found out is gone and replaced with a fucking abomination of a cut, and Felix in general.





To keep this going, the chaebols used their cult connections to take the souls of the band (this is when the pope colab almost happened, but he was sick and couldn't make a guest appearance ) and entrusted it to a US military base ran by straykidoholics. In exchange, they would receive any of the bands pubic hair that the KOREAN INTELEGANCE SERVICE could find.





In early 2024, the band realised that they were nothing but pawns of a bigger game. They had watched the cyberpunk 2077 show, and they had played half life. They knew that they had to leave. But their souls needed to be taken first. They hired an elite mercenary group from fujin and started planning an assault on the base. But then, I.N. and Bang chan noticed that their was a patch of hair missing on their balls. 





Ever since they had gotten BINU BINU SOAP HOUSE SOAP BAR, THE SPONSOR OF THIS COPY PASTA. HAVE YOU EVER THOUGHT THAT SHOWER GEL JUST ISN'T CUTTING IT? WELL, YOU SHOULD TRY BAR SOUP!!!!!! BUT BAR SOUP DOESN'T BUBBLE UP YOU SAY? WELL, OUR BINU BINU SOAP HOUSE BAR DOES. INSPIRED BY THE INTERGENERATIONAL COMMUNAL SPIRIT OF KOREAN BATHHOUSE CULTURE, OUR COLLECTION OF NATURAL BAR SOAPS AND RITUAL OBJECTS FORM A CONNECTION BETWEEN TRADITIONAL PRACTICES AND MODERN MINIMALIST DESIGN. TRY BINU BINU SOAP HOUSE BALL BAR AT WWW.BINUBINUMYBALLSPLEASE.COM AND POST THIS COPY PASTA IN OUR EMAIL FOR 50% OF, their ball hair haven't been falling out, this led to despret measures that had to be taken by the korean intelligence service. They had sound a weakness.








The US military soldiers were stray kids stans. They could exploit this. They should go up to the base unannounced (with the fujins just in case things go south) and demand their souls be handed over. If they comply, felix and Lee know would do a lap dance for them. They had done it. They could leave jyp Entertainment and the chaebols 







After this, chaos. People started to remember that South korea was a shithole. Brains were being put together. The hive mind was awaking in desperation, and martial law was placed. It didn't work. To this day, a fire is brewing in korea. Thank you, stray kids, our socialist comrades 🇰🇷🇰🇷🇰🇷🇰🇷🇰🇷🇰🇷🇰🇷🇰🇷🇰🇷🇰🇷🇰🇷🇰🇷🇰🇷🇰🇷🇰🇷🇰🇷🇰🇷🇰🇷🇰🇷🇰🇷🇰🇷🇰🇷🇰🇷🇰🇷🇰🇷🇰🇷🇰🇷🇰🇷🇰🇷🇰🇷🇰🇷🇰🇷🇰🇷🇰🇷🇰🇷🇰🇷🇰🇷🇰🇷🇰🇷🇰🇷🇰🇷🇰🇷🇰🇷🇰🇷🇰🇷🇰🇷🇰🇷🇰🇷🇰🇷🇰🇷🇰🇷🇰🇷🇰🇷🇰🇷🇰🇷🇰🇷🇰🇷🇰🇷🇰🇷🇰🇷🇰🇷🇰🇷🇰🇷🇰🇷🇰🇷🇰🇷🇰🇷🇰🇷🇰🇷🇰🇷🇰🇷🇰🇷🇰🇷🇰🇷🇰🇷🇰🇷🇰🇷🇰🇷🇰🇷🇰🇷🇰🇷🇰🇷🇰🇷🇰🇷🇰🇷🇰🇷🇰🇷🇰🇷🇰🇷🇰🇷🇰🇷🇰🇷🇰🇷🇰🇷🇰🇷🇰🇷🇰🇷🇰🇷🇰🇷🇰🇷🇰🇷🇰🇷🇰🇷🇰🇷🇰🇷🇰🇷🇰🇷"
t2_1kzcnnqp73,TWO RACIST OF THIS SUB {ONE SENT BACK TO HIMALAYAS},0,23,0.88,0,1741715289.0,False,t5_7224q6,
t2_1kzcnnqp73,PURE CACUSIAN MOMENT 🐺,0,21,1.0,0,1741717268.0,False,t5_7224q6,
t2_mfa9dthrg,Indomie and Japenis can into Westoid?,0,62,0.99,0,1741690534.0,False,t5_7224q6,
t2_1kzcnnqp73,LEAST INSANE KPOP LOVER 😍,0,8,1.0,0,1741730393.0,False,t5_7224q6,"https://preview.redd.it/9nctvhklu4oe1.png?width=1078&format=png&auto=webp&s=edec152b08e6ed67a41357cc64f27e27b5442086

indon bro you need to explain this"
t2_1e8ukltd58,latest burmese party technology,0,55,1.0,0,1741691296.0,False,t5_7224q6,
t2_1ix8want,Average cockroach size in Guangdong,0,95,1.0,0,1741680266.0,False,t5_7224q6,
t2_1kgpok3fr3,"turk in sub, I wanna ask one question.",0,2,0.55,0,1741753423.0,False,t5_7224q6,Any reason south asian jeets claiming turk are thier ancestors? None of them have any facial or skin color in common. They all look like jeets.
t2_mjge3beb,Who says no?,0,8,0.72,0,1741725345.0,False,t5_7224q6,
t2_1iq1ruquu6,Waiting for new Iran campaign 🍿👀,0,15,0.95,0,1741710003.0,False,t5_7224q6,
t2_1kgpok3fr3,Dogs Haram?,0,63,0.98,0,1741682033.0,False,t5_7224q6,
t2_9fl2n8ud,It's over for the US dollar,0,82,0.99,0,1741676221.0,False,t5_7224q6,
t2_18k37fv3u4,The West is reaping what it sowed ngl,0,144,0.9,0,1741664856.0,False,t5_7224q6,
t2_5fvmqqmw,glorious xi jinping 🇨🇳,0,17,1.0,0,1741706366.0,False,t5_7224q6,
t2_439t8tt9,Least intense conversation between Korean and Japanese,0,87,0.99,0,1741668777.0,False,t5_7224q6,
t2_7pxtnyqa,its joever even jewlensky submitted to saudi power 💪💪💪🇸🇦🇸🇦🇸🇦,0,18,0.96,0,1741699925.0,False,t5_7224q6,
,Yes please!,0,6,1.0,0,1741720169.0,False,t5_7224q6,
t2_pukqs8v0,Azeri Babushka Noscope in Indian movie,0,48,0.98,0,1741677163.0,False,t5_7224q6,
t2_p06ee4em,Wow best korea money heisted westoid imaginary money checkmate westoid juche is forever glory to the grand Km dynasty,0,10,1.0,0,1741704656.0,False,t5_7224q6,
t2_p06ee4em,Worst airport in da world yet a sex pat fave destination failpenis number one best Asian country 😜,0,40,1.0,0,1741675892.0,False,t5_7224q6,
t2_mrrok3ex,Which one of you did this on Webtoon Canvas?,0,4,0.83,0,1741715124.0,True,t5_7224q6,
t2_3pxf0e4p,Do nothing. Win 🇨🇳,0,16,1.0,0,1741683410.0,False,t5_7224q6,
t2_1fwo2f7zy2,Right?,0,170,0.97,0,1741633776.0,False,t5_7224q6,
t2_3pxf0e4p,Chinese bros finally integrating into the western culture 🥰,0,14,0.95,0,1741679739.0,False,t5_7224q6,
t2_1ix8want,What did rowling mean by that?,0,157,0.98,0,1741631765.0,False,t5_7224q6,
t2_7pxtnyqa,even indomie nation loves aryans,0,116,1.0,0,1741635733.0,False,t5_7224q6,
t2_653h5l5ii,I’m tired of seeing racism towards Indian people,0,99,0.97,0,1741635080.0,False,t5_7224q6,"It's disheartening to witness the persistent stereotypes and discrimination that many Indians face both in their home country and abroad. Indian culture is incredibly diverse and rich with traditions spanning thousands of years, yet too often people reduce this complexity to harmful caricatures. Everyone deserves respect and dignity regardless of their ethnic background or national origin.​​​​​​​​​​​​​​​​ Indian dominatrix woman please DM me I can pay by hours and I will cover your flight expenses."
t2_439t8tt9,What is she doing in India's colony,0,116,0.96,0,1741631367.0,False,t5_7224q6,
t2_s3xx4ssoa,*Visible Confusion*,0,242,0.99,0,1741612066.0,False,t5_7224q6,
t2_z8ymalrgq,After hearing the recent news in Syria,0,127,0.98,0,1741619434.0,False,t5_7224q6,
,Shinzo Abe's child making propaganda shall continue,0,91,0.97,0,1741624295.0,False,t5_7224q6,
,Yes please! Japan has finally realized how much Westerners are fucking snakes.,0,3,0.71,0,1741687575.0,False,t5_7224q6,
t2_vhqohccp9,It worked haha,0,22,0.96,0,1741648445.0,False,t5_7224q6,
t2_cnmyy4ox,Indons and Japenis are now W*stoids??,0,24,1.0,0,1741645536.0,False,t5_7224q6,https://www.cbs.nl/en-gb/our-services/methods/definitions/person-with-a-western-migration-background
t2_1iq1ruquu6,Bro got a message from god,0,194,1.0,0,1741598991.0,False,t5_7224q6,
t2_8fpzg2km,Eclipse is just India for beginners,0,77,0.96,0,1741614357.0,False,t5_7224q6,
t2_mjge3beb,Pakistan,0,15,0.81,0,1741647135.0,False,t5_7224q6,"Oh Pakistan, a beautiful and beautiful nation, with beautiful history descended from the indhus civilization and mughals. Truely a beautiful nation enriched by rich culture. From sindh to the kashmiri regions. I love Pakistan. Its beautiful culture and its beautiful food really takes the cake for me. Pakistan is truely my beloved and I love the nation."
t2_1gjomzc4i4,The East has risen,0,146,0.99,0,1741597057.0,False,t5_7224q6,
t2_ky4f5uext,Least xenophobic Japenis,0,271,0.98,0,1741580329.0,False,t5_7224q6,
t2_bjycptdt6,Here we go again,0,167,0.97,0,1741589335.0,False,t5_7224q6,
t2_18ghewmeru,Full sapport from Mengjiala,0,32,0.97,0,1741619601.0,False,t5_7224q6,
t2_439t8tt9,Least racist and retard Ameritard,0,73,0.88,0,1741602692.0,False,t5_7224q6,
t2_1lfbha1b,Most legit Indian website,0,14,0.94,0,1741634158.0,False,t5_7224q6,
,Japenis cougar/sugar mommy lovers,0,30,0.97,0,1741616160.0,False,t5_7224q6,
t2_vf4pjrw9,Average fox in Japenis,0,43,0.98,0,1741605671.0,False,t5_7224q6,New bharatii victim just drop!?
t2_14644e3dca,I am more white then you you …:,0,75,0.99,0,1741593501.0,False,t5_7224q6,"(Yellow) Asians vs (white) Europeans 
Courtesy to r/balkan_irl"
t2_zq4mlgsb1,Turkey’s new social democrat presidential candidate,0,68,1.0,0,1741592665.0,False,t5_7224q6,
t2_fqw3aw2sq,I know which one.,0,23,0.94,0,1741613322.0,False,t5_7224q6,
t2_q1syazzgh,That's why somebody said 所以咪話,0,20,0.96,0,1741614934.0,True,t5_7224q6,
t2_1ik5sjevlf,Saar karma farming saar,0,26,0.97,0,1741610653.0,False,t5_7224q6,
t2_7pxtnyqa,Why I stand with azerbaijan over armenia,0,16,0.86,0,1741619869.0,False,t5_7224q6,
,Wrath of yahweh,0,39,0.98,0,1741601797.0,False,t5_7224q6,
t2_16n2azobow,South Vietnamese for papa Trump,0,37,0.97,0,1741603186.0,False,t5_7224q6,Maga Aodai
t2_10fy5n,"Context: Father got mad and shout at toddler because he make a tantrum on highway and they have to go home soon. When I said thats normal in Asian household, this guy then make a tantrum about how I don't speak for the rest of Asian and Asia culture doesn't exist, etc.",0,17,0.9,0,1741614992.0,False,t5_7224q6,
t2_bjycptdt6,We are so back boys,0,13,0.94,0,1741614974.0,False,t5_7224q6,
t2_1iq1ruquu6,Higher than Armenia and France.,0,61,0.98,0,1741585745.0,False,t5_7224q6,
t2_qu0hrx99d,AI predicts u/YoumoDashi will become a mod uniting East and Southeast Asia which speak Asian,0,26,1.0,0,1741601090.0,False,t5_7224q6,
t2_2yy51gsa,They respect women,0,52,0.92,0,1741583185.0,False,t5_7224q6,
t2_p06ee4em,Japenis can into westoid?,0,52,0.99,0,1741582404.0,False,t5_7224q6,
t2_7nu2ruyq,Riyal,0,5,0.78,0,1741625720.0,False,t5_7224q6,
t2_m99k9vsm,Not looking good for South Asian bruzz,0,31,0.94,0,1741585684.0,False,t5_7224q6,
t2_vf6fy,Karaboga wills anime cat girls to take over westoid lands. It is written,0,12,0.93,0,1741601913.0,False,t5_7224q6,
t2_18ghewmeru,Ninja,0,27,1.0,0,1741582163.0,False,t5_7224q6,
,Just pick one saar!,0,148,0.95,0,1741542409.0,False,t5_7224q6,
t2_18ghewmeru,Xi Jinping is pig,0,23,0.93,0,1741578631.0,False,t5_7224q6,
t2_d8fjair0,"Asking for a friend, which country in Asia has the most femboys?",0,8,0.9,0,1741601741.0,False,t5_7224q6,"https://preview.redd.it/dmz83fe38une1.png?width=1980&format=png&auto=webp&s=6d41c58f31383c4f1f889b788558d3ad892ade1a

"
,The Army be eating Bollywood celebs for breakfast,0,8,0.78,0,1741599399.0,False,t5_7224q6,
t2_s2ptztba,"Forget Winnie, now we use these characters to refer to Xi!",0,7,0.9,0,1741593847.0,False,t5_7224q6,
t2_m99k9vsm,Biggest Irooni problem (and the most one sided one) after their regime,0,39,0.95,0,1741561455.0,False,t5_7224q6,
t2_7pxtnyqa,found this on the bbc. They actually accepted this to put it on their website,0,60,0.94,0,1741551303.0,False,t5_7224q6,
t2_1iq1ruquu6,History of the creation of the pyramids.,0,44,0.99,0,1741553802.0,False,t5_7224q6,
t2_1ik5sjevlf,But media told me japan is trashless and it's clean. Every country should get a PR team like japan,0,120,0.97,0,1741531848.0,False,t5_7224q6,
t2_692husfi,Riyal,0,533,0.99,0,1741501379.0,False,t5_7224q6,
t2_p06ee4em,"Failpenis truly seasia dive destination for phul sex pats indomie, transland and magaysia cry",0,10,0.86,0,1741577195.0,False,t5_7224q6,
t2_fqw3aw2sq,"Okinawa Oblast, Yaponiskiy Krai.",0,13,1.0,0,1741566727.0,False,t5_7224q6,
t2_mfa9dthrg,What do you guys think the people of this region should be called?,0,111,0.93,0,1741522949.0,False,t5_7224q6,"We have Asian, Oriental and Mongoloid to refer to the people of this region. But all of this names is either create a confusion with different people/race in Asia or just considered as offensive term."
t2_117ren6wbl,Sanest conversation between a Japanese and a Korean.,0,6,0.81,0,1741571352.0,False,t5_7224q6,
,"How do you do, fellow non-Peaceful-Empress alts?",0,8,0.75,0,1741567011.0,False,t5_7224q6,
t2_dyvf4qk35,Innocent streamers in Japan,0,56,1.0,0,1741526457.0,False,t5_7224q6,
t2_alqnpkbho,jew propanganda,0,114,1.0,0,1741510528.0,False,t5_7224q6,
t2_18ghewmeru,Neutrinos are sick of CCP,0,38,1.0,0,1741532651.0,False,t5_7224q6,
,No wonder nobody loves paki people 😔.,0,135,0.92,0,1741504591.0,False,t5_7224q6,
t2_18k37fv3u4,Dumbest Mongolian,0,21,0.94,0,1741537860.0,False,t5_7224q6,
t2_ivhnbnjq,Best Korea>Fake American puppet Korea,0,48,0.98,0,1741519604.0,False,t5_7224q6,
t2_7pxtnyqa,brave resistance fighter 🔻🔻🔻🦅🦅🦅,0,16,0.95,0,1741536065.0,False,t5_7224q6,
t2_1j9je67gqp,🇦🇲💪,0,14,1.0,0,1741539634.0,False,t5_7224q6,
t2_1iq1ruquu6,Gürcüstan based,0,64,0.97,0,1741508308.0,False,t5_7224q6,
t2_6hqbagc4,Least potentially diabete desserts in Malaydesh.,0,89,0.99,0,1741500794.0,False,t5_7224q6,
t2_18k37fv3u4,"NOOOOOOO(rest in peace to u/Change-The-Things account btw, may you get your Haryanvi bf)",0,40,1.0,0,1741512982.0,False,t5_7224q6,
t2_6m9rqi81,Name 2 images that give the same vibe. I'll go first:,0,7,0.89,0,1741546029.0,False,t5_7224q6,
,Where Would Asia Be Without Its Women? Thanks to all those chad ladies who contributed to our continent's rich heritage🥹🤧Happy Women's Day!!!♀️💪,0,138,0.99,0,1741487273.0,False,t5_7224q6,
t2_q1syazzgh,"Good, now prepare for another 4-years hell of college",0,19,1.0,0,1741522479.0,False,t5_7224q6,
t2_18ghewmeru,Bharat A.I. supremacy,0,70,0.98,0,1741495351.0,False,t5_7224q6,
t2_17xro29mi4,Seljuk moment,0,17,0.82,0,1741518123.0,False,t5_7224q6,
t2_10jywjdvl6,most truthful tankie:,0,256,0.96,0,1741460696.0,False,t5_7224q6,
t2_nuv8kkab,"Another day in ""free"" Syria",0,317,0.93,0,1741449032.0,False,t5_7224q6,
,Sanest Pakistani,0,42,0.99,0,1741486053.0,False,t5_7224q6,
t2_3o855v7o,Reason why it was called Alka-ida (Alqaeda),0,14,1.0,0,1741507942.0,False,t5_7224q6,
t2_1itzgu3z3p,Menastan Classics Part 2:,0,14,0.95,0,1741500784.0,False,t5_7224q6,
t2_glvfa7d9,Saarbros pls demonstrate 🙏🙏,0,11,0.93,0,1741506001.0,False,t5_7224q6,
t2_16n2azobow,"Not all asians are created equally, said by Arthur Kwon Lee",0,22,0.93,0,1741492267.0,False,t5_7224q6,
t2_7gnmcuog,But sarr 3.5 trillion USD GDP! 'superpower by 2030' activities,0,7,0.71,0,1741510859.0,False,t5_7224q6,Bollywood movie showed a fort in sarrland had treasure and all the sarrs showed up to dig for the lost gold 
t2_6df353xl,Bro leave some Aura for the rest of us Asians pls 😭,0,305,0.98,0,1741439020.0,False,t5_7224q6,Xi Zinping is being accused of Aura farming from All of Asia
t2_5bz36zpym,Am I the asshole for yelling at a (12f) girl on the train for supporting international women's day?,0,73,0.99,0,1741466945.0,False,t5_7224q6,"I,  (27m) was on my daily commute to Samsung town on the Seoul metro when I saw a woman ask me to ""please give the space for her 12 year old daughter, it's to crampt and she's very small"". I knew that this was a ploy of the female race to weaken the korean man. 

Ever since I joined the forum Ilbe Storehouse back in 2016, my mind had been opened. I understood that the female race are Liberal leftist who have been slowly degrading men with porn, being LGBTQ, the influence of the devil islanders known as the Japanese over them and generally being gimchinyeo. 

I knew her tricks and said that she shouldn't have taken her daughter on the train. ""She"" said that she had work and couldn't afford a babysitter and had to take her ""child"" to ""work"". Work? Why isn't she at home, doesn't she not have a husband?. Wait, SHE'S A SLUT. AND NOW IS INCONVENIENCING ME. IT'S NOT MY FAULT SHE FUCKED AROUND TILL SHE WAS PREGNANT. 

I called her a slut and told her to wait for a seat. Then the little prick. That fucking saekidal. She opens her tiny mouth that will someday  grow up and do the same as her mother and suck cock and said ""please ajeossi, it's women's day. Just for today please""

I lost it I screamed ""THIS IS WHATS WRONG WITH WOMEN, THEY'RE ALL TAUGHT BY THE MEDIA THAT THEY CAN DO WHATEVER THEY WANT, THIS IS A GREAT EXAMPLE. ONLY 12 AND  YOU SAEKYA. YOU ARE LIKE THE SCUM AND THE REASON OUR SUICIDE RATE IS SO HIGH. YOU ARE ALL JAPANESE INFLUENCED SLUTS, ALL OF YOU. The silence and syares made my mind think ""wait, did I do something wrong?""

After work I returned home and scrolled through DC Inside, doing my service, jerked of hentai for 3 hours, kissed the picture of south korean dictator Chun Doo-hwan, pissed on a map of Jeolla, and started to think about the little girl. Maybe I shouldn't have been so correct in public, the north korean agents (who have been here since the Gwangju Uprising as they caused it) might have heard me, risking the safety of myself and my friends. I risked the safety of my comrades in arms. Am I the asshole?"
t2_ks44uczds,Saar: we love Israel women,0,7,0.68,0,1741510816.0,False,t5_7224q6,
t2_hkd1gcn58,"He cleaned his shop. Bharatas, we are so fucking back 🔥",0,71,0.95,0,1741458898.0,False,t5_7224q6,
t2_4v1eujw2,Uttar Pradesh fs,0,90,0.94,0,1741450252.0,False,t5_7224q6,
t2_7s4h97x35,Why is Blue Pakistan angry?,0,119,0.98,0,1741439461.0,False,t5_7224q6,
t2_vf4pjrw9,Anime was invented by Iraq before common era exist.,0,51,1.0,0,1741454979.0,False,t5_7224q6,If you smash your head into a wall hard enough early Sumerian sculpture kinda look like an anime character.
t2_pqhpd51c,What is biden-san doing with daddy Putin? 😳,0,28,0.98,0,1741461061.0,False,t5_7224q6,
t2_10jywjdvl6,Its over for the world,0,102,1.0,0,1741436100.0,False,t5_7224q6,
t2_1cjme95vkx,总过,0,278,0.99,0,1741414861.0,False,t5_7224q6,
t2_18ghewmeru,My pronouns are ta/ta,0,215,1.0,0,1741411170.0,False,t5_7224q6,
t2_s3xx4ssoa,Least determined saars,0,2,1.0,0,1741500580.0,False,t5_7224q6,
t2_692husfi,Arab world conflict be like,0,74,0.98,0,1741428177.0,False,t5_7224q6,
t2_s3xx4ssoa,Welp (can't think of a creative title),0,86,1.0,0,1741424649.0,False,t5_7224q6,
t2_vkl75oni,Endia 🤝Endonesia,0,61,0.97,0,1741431653.0,False,t5_7224q6,
t2_dyvf4qk35,Jyperpunk 2077,0,64,0.98,0,1741430017.0,False,t5_7224q6,
t2_nsdrcl7bh,Best Korea rightfully mogs,0,108,1.0,0,1741419180.0,False,t5_7224q6,
t2_xi82922w0,Why it's so funny the more i read it.,0,37,0.97,0,1741439508.0,False,t5_7224q6,
t2_9oqaewx8,"YoumoDashi become a historian, Shamfur dispray (why not become lawyer, doctor or engineer haiyaa...)",0,24,1.0,0,1741446845.0,False,t5_7224q6,
t2_7pxtnyqa,warning❗❗this emirati cartoon promotes khamas propaganda😱😨,0,20,1.0,0,1741449311.0,False,t5_7224q6,
t2_1hj9yx402n,China supremacy💪💪💪,0,97,0.96,0,1741415306.0,False,t5_7224q6,
t2_1d59tlllff,Aryan Consciousness 😛,0,75,1.0,0,1741416349.0,False,t5_7224q6,
t2_1e5adul5r3,arabs will cry that everyone calls them terrorists then in the same breath call others svb human slaves,0,91,0.98,0,1741411882.0,False,t5_7224q6,
t2_198yhwxw01,I am not being an racist just being curious to know what kind of new Ethnicity did the Chindians and the Hans Create though when they come together with each other is it more East Asian or more Southeast Asian related though.?,0,27,0.97,0,1741435408.0,False,t5_7224q6,
t2_16n2azobow,Karaboga tasted turkish pork donar for the first time in Zhongguo,0,37,1.0,0,1741429104.0,False,t5_7224q6,Authentic and halal
,"New Indian mommy, who wants their asses kicked by her?",0,94,0.95,0,1741398655.0,False,t5_7224q6,
t2_dyvf4qk35,calmest Indonesian,0,124,1.0,0,1741387060.0,False,t5_7224q6,
t2_439t8tt9,Average day in China,0,23,0.97,0,1741407663.0,False,t5_7224q6,
t2_18ghewmeru,Virgin pee soup,0,34,0.95,0,1741399597.0,True,t5_7224q6,
t2_1iq1ruquu6,LMAO,0,63,1.0,0,1741385001.0,False,t5_7224q6,
t2_13065to2lp,Endeean X Talibros Paroud Akhand Bharatians,0,86,1.0,0,1741375211.0,False,t5_7224q6,
t2_w7rcxcwg,rip pak bros,0,117,0.99,0,1741368251.0,False,t5_7224q6,
,Man it's so over for pak bros,0,134,0.96,0,1741364854.0,False,t5_7224q6,
t2_1gjomzc4i4,Bringing the Lion’s copypasta in light of recent news in Syria,0,12,0.94,0,1741407066.0,False,t5_7224q6,"He’s back. Bashar al-Assad, the Lion of Damascus, the Eye of the Storm, the One-Who-Returned. They thought he was a shadow—a ghost, a memory—but NO! He’s been planning, waiting, a smirk hidden beneath that mustache. And now, under the pale light of a crescent moon, the plan unfolds like an ancient prophecy scratched into the desert rock.

The winds carry whispers: “Assad is in Aleppo.” A black SUV, bulletproof, glides into the city like a phantom. The streets, once filled with Jolani’s rats, empty as if the earth itself swallows them. Inside the vehicle, Bashar adjusts his tie, calm as the eye of a hurricane. “It is time,” he mutters, voice heavy with the weight of destiny. Around him, shadows form—no, not shadows—figures. Holy Alawite paratroopers, their boots touching Syrian soil for the first time since December 8.

3000. THREE. THOUSAND. Each one handpicked by divine intervention, blessed by the mountains of Latakia. They didn’t drop from planes; they dropped from the HEAVENS. The air trembles as they land, their parachutes burning away mid-descent. They carry rifles forged from the steel of Aleppo’s ruins, their eyes glowing with the fury of a thousand ancestors.

In the distance, Jolani stirs in his bunker. He senses it—something’s wrong. The air grows heavy, the walls feel closer, the shadows darker. His lieutenants, sweating bullets, shout fragmented reports: “Assad… here… the sky… glowing… the Alawites… the paratroopers… God, help us!”

Jolani’s fear is palpable, his confidence melting like snow under the Syrian sun. He emerges, defiant yet doomed, clad in mismatched camo. But it’s too late. The Lion is already there, standing atop a Humvee that materialized out of thin air. His gaze pierces through the smoke-filled night.

“Jolani,” Assad bellows, voice amplified by unseen forces. “You’ve played your games with my country, danced on the graves of the innocent. No more. Tonight, it ends.”

The paratroopers charge, moving as one, their battle cries echoing across the city. Jolani’s men—what men? They vanish like shadows at sunrise, their resolve crumbling under the sheer weight of Assad’s aura.

And then it happens. Jolani, cornered in an alley, raises his weapon, trembling. Bashar steps forward, unarmed, his suit pristine. Time slows. A falcon screeches overhead. With a single gesture, Assad raises his hand. Jolani freezes, his weapon falling uselessly to the ground. “This is for Syria,” Assad whispers, almost gently, before the paratroopers descend upon the trembling figure.

As the dust settles, the 3000 warriors form a ring around their leader. Bashar al-Assad stands tall, gazing at the horizon. “We reclaim our land, not with hatred, but with purpose.” The crowd roars, a sound that shakes the mountains.

Some say it was a dream, a hallucination born of desperation. Others swear they saw it with their own eyes. But one thing is certain: Syria, on that fateful night, stood still, held its breath, and witnessed the impossible. The Lion had returned."
t2_7pxtnyqa,endian bros are you like this??,0,96,1.0,0,1741363387.0,False,t5_7224q6,
t2_1iq1ruquu6,Sikh comic con,0,43,0.98,0,1741373105.0,False,t5_7224q6,
t2_tbw88js5,Fresh sino korean war,0,247,0.98,0,1741335959.0,False,t5_7224q6,"Let's take a look at Korea vs china

Korea divided in two countries north vs south
China united for most part 

Korea has no nukes , china has 500 nuclear warheads.

Cuckoreans have 30k American troops on ground vs china doesn't allow any bases at all.

Korea has no competition against China in any industry,
 China produces the most steel, the most silk and exports the most cars , china controls the rich and makes them disappear if even one billionaire talks out of line while Korea is not even a nation but a republic of samsung and chaebols.

Korea got absolutely humiliated by the Japanese while Chinese not only inflicted most casualties on japan but also pushed them out and not just in recent history but in ancient history as well.


"
t2_18k37fv3u4,Bruh,0,164,0.94,0,1741342551.0,False,t5_7224q6,
t2_3f9lhzvu,Pepsi Korea almost pepsied their own people,0,10,0.92,0,1741392422.0,False,t5_7224q6,
t2_dnw79g7n,Koreans replace Kazakhstan 😢😢😢,0,124,1.0,0,1741341736.0,False,t5_7224q6,
t2_eljcxu,why,0,37,0.93,0,1741363526.0,True,t5_7224q6,
t2_16n2azobow,The Final Fantasy of Weebs,0,217,1.0,0,1741328735.0,False,t5_7224q6,
t2_fqw3aw2sq,I called them Plain Kurd,0,51,1.0,0,1741354705.0,False,t5_7224q6,
t2_1d20f8louv,AAAAAAAŒŒŒŒØØØ,0,32,1.0,0,1741359356.0,False,t5_7224q6,
,"How did Ruski bros always make good music? It's 17°C here and i still wear shorts and t-shirt. Listening to the Soviet national anthem made my whole body warm, even my palms sweated. That thing made me almost give up all racism and other crap, to fight for the Red Army til my last breath 😭🙏🏻👏🏻.",0,42,0.97,0,1741353380.0,False,t5_7224q6,
t2_ccqgm6omk,Snowbunny mind control has nothing over Vietnamese reeducation camps,0,71,0.98,0,1741338465.0,False,t5_7224q6,
t2_v38ve4ch,Choose your habibti (Part 3) - Extended edition,0,111,0.94,0,1741329097.0,False,t5_7224q6,
,Can someone tell them to fix the flairs?,0,15,0.8,0,1741367707.0,False,t5_7224q6,
t2_117ren6wbl,True love shouldn’t be so complicated - X💔,0,57,0.97,0,1741339460.0,False,t5_7224q6,
t2_z8ymalrgq,Average Kazakh commute to work,0,68,1.0,0,1741335239.0,False,t5_7224q6,
t2_3pxf0e4p,Average Filipino car wash,0,84,0.99,0,1741329327.0,False,t5_7224q6,
t2_tbw88js5,The tard thinks he is in 13th century,0,64,0.93,0,1741332544.0,False,t5_7224q6,"""Oh boo hooo you will disappear American""

Someone remind this guy Vermont has bigger gdp than mongolia and it's the poorest state of cuckmerica."
t2_z8ymalrgq,East Asians stealing jobs from South Asians in Britain,0,271,0.99,0,1741294081.0,False,t5_7224q6,
t2_12qyqv9ru2,"muh indian slaves saar, israel genocide saar",0,76,0.9,0,1741314950.0,False,t5_7224q6,
t2_1iq1ruquu6,Forgotten Khanate.,0,43,1.0,0,1741327624.0,False,t5_7224q6,"Batu Khan was the leader of Mingle empire. During his rule Batu Khanate busted true all of Assia and gain control over silk road. He was respected among his soldiers because of his *riding skills*. 

Batu khan died capital of empire called **Abatablow** According to contemporaries, everyone gooned at his funeral >!It's still not clear whether they did it out of happiness or sadness!<

"
,"Yeah, and I like to think that China will lead its fight against “Wokeness” through its sock puppet Yi Long Muskovich!",0,59,1.0,0,1741318540.0,False,t5_7224q6,
t2_1c9pp3cuga,How can these stupid westoids downplay Pakistan role silly Amarikins,0,52,0.98,0,1741319603.0,False,t5_7224q6,
t2_p06ee4em,"Fittest Failpenis Vice Admiral, Zhonggou invasion fleet fears him.",0,20,0.96,0,1741336160.0,False,t5_7224q6,
t2_nn0695pj,Different types of Canto-bros,0,85,0.98,0,1741302974.0,False,t5_7224q6,"I'm literally all three, for real, for real, please help with my identity crisis. It probably reflects on the meme."
t2_17d91z58a4,heil khalistan saar,0,74,0.99,0,1741301117.0,False,t5_7224q6,
,It's over for modi Xi 😔🤞,0,45,0.92,0,1741310482.0,False,t5_7224q6,
t2_18k37fv3u4,"Thnx old Cumrean btos for KPop femboys, your sacrifice is appreciated",0,7,1.0,0,1741345677.0,False,t5_7224q6,
t2_1jngfbvrp3,Westoids what is this?😨😱🥵,0,354,0.99,0,1741268482.0,False,t5_7224q6,
,Alternate scenario: Cumreans NEVER in their lifetime visited Honshu Island,0,35,1.0,0,1741312072.0,False,t5_7224q6,
t2_w3wkyf47,Mudi is could neвer,0,25,0.97,0,1741316100.0,False,t5_7224q6,
t2_16n2azobow,Mixue shall guide!,0,29,0.94,0,1741307540.0,False,t5_7224q6,
,Armenia mentioned,0,23,0.93,0,1741311034.0,False,t5_7224q6,
t2_h7ho5tjd6,This is the level of bigotry we should embrace here in this sub,0,115,0.94,0,1741279304.0,False,t5_7224q6,
t2_a6qretqv,Westoids will believe anything,0,64,0.95,0,1741286820.0,False,t5_7224q6,
,"Alia butt >>>>>>>>>genie,sorry Korea bros.",0,161,0.97,0,1741268265.0,False,t5_7224q6,
t2_nyd6dpjm,Touched grass,0,36,0.9,0,1741289845.0,False,t5_7224q6,
,New advertisement for a Bang-cuck hospital,0,10,0.92,0,1741316011.0,False,t5_7224q6,
t2_v38ve4ch,Choose your habibti (Part 2),0,134,0.97,0,1741263193.0,False,t5_7224q6,
t2_nvgk3m5hp,"Habibi come to london, you are not safe in Indiya",0,72,0.95,0,1741274523.0,False,t5_7224q6,
t2_1iq1ruquu6,Nah İ breaking anti-wojak treaty,0,55,0.95,0,1741274655.0,False,t5_7224q6,It was build on unfair conditions.
t2_155y3m,For waifu and motherland,0,44,0.98,0,1741275800.0,False,t5_7224q6,
t2_1iq1ruquu6,𝕻𝖗𝖊𝖘𝖊𝖓𝖙 𝖞𝖔𝖚 𝖜𝖍𝖎𝖙𝖊𝖘𝖙 𝕬𝖇𝖐𝖍𝖆𝖟𝖎𝖆𝖓!!!,0,11,1.0,0,1741301437.0,False,t5_7224q6,
t2_bjycptdt6,Caste system India:🤮💩 Caste System Japan:🥰😃,0,247,0.96,0,1741236372.0,False,t5_7224q6,
t2_ccqgm6omk,The peninsula is saved,0,118,0.99,0,1741247377.0,False,t5_7224q6,
t2_b1khix23,"I voted for you, Endia",0,113,0.98,0,1741246616.0,False,t5_7224q6,
t2_1ix8want,Taiwan is making boba pizza and you think we are the bad guy,0,46,0.98,0,1741263940.0,False,t5_7224q6,"We don't plan to invade Taiwan. But if we do, they deserved it."
t2_1iq1ruquu6,He really said that.,0,79,0.99,0,1741250659.0,False,t5_7224q6,
t2_v38ve4ch,When you refuse to accept you're just Island Koreans so you have to claim Kyrgyz ancestry instead,0,51,0.99,0,1741258384.0,False,t5_7224q6,
,Since when did Xinis bros mastered the art of Bollywood?,0,59,0.98,0,1741254295.0,False,t5_7224q6,
t2_iku0ypvc,Someone teach me Mandrin pls,0,19,0.96,0,1741273031.0,False,t5_7224q6,
t2_18k37fv3u4,I used reddit-wrapped.kadoa.com to assess YoumoDashi and CertifiedMeanie's accounts(no offense meant),0,47,1.0,0,1741250646.0,False,t5_7224q6,
t2_mrw0y6w,What more should I say?,0,45,1.0,0,1741248711.0,False,t5_7224q6,
,Romantic Chinese monkey 🥰,0,78,0.95,0,1741237189.0,False,t5_7224q6,
t2_smxa89j2,Studying both Finnish and Korean to be a translator for the second possible Finno-Korean hyperwar scenario,0,25,0.96,0,1741257731.0,False,t5_7224q6,
t2_18ghewmeru,Guangxi-philia,0,92,0.89,0,1741232903.0,False,t5_7224q6,
,Monkey love 🥰 south east 🤞,0,62,0.97,0,1741237154.0,False,t5_7224q6,
t2_ejtc8byn,Why is my people like this,0,46,0.99,0,1741238087.0,False,t5_7224q6,
t2_1e5adul5r3,Saars since paxis and endians have taken over the west we need another Partition,0,26,0.96,0,1741243405.0,False,t5_7224q6,
t2_7pxtnyqa,watch out south asians!!!,0,265,0.99,0,1741193569.0,False,t5_7224q6,
t2_1ki2rnhty2,Saaar IVC wuzz Pakistani saaar,0,0,0.5,0,1741301765.0,False,t5_7224q6,https://www.reddit.com/r/Ancient_Pak/s/BH7xk7dQC0
,China’s Soft Power Skill Issue In A Nutshell:,0,16,0.94,0,1741246226.0,False,t5_7224q6,
t2_198yhwxw01,"Peak Westoid[Murican] Moment. Thais are Endian and South Asian apparently
now though.                                                                                                                                       [PS:-Someone even Posted the same on r/ Reformed too IMAO.]",0,6,0.88,0,1741263039.0,False,t5_7224q6,
t2_p06ee4em,"Failpenis bad businiessmen, got cucked by Vietcong for Zhonggou banana market proof that uncle ho best leader",0,31,0.98,0,1741225763.0,False,t5_7224q6,
t2_1d59tlllff,Bro fooled everyone,0,345,0.98,0,1741176410.0,False,t5_7224q6,
t2_vf4pjrw9,What if we just lose the ability to speak English.,0,113,0.99,0,1741198031.0,False,t5_7224q6,"(Tower of Babel is located in Iraq so Asian enough ig)
Imagine if all of us just พูดในภาษาถิ่นตัวเองด้วยเหตุผลบางอย่างโดยไม่สนว่าใครจะอ่านออกหรือไม่ "
t2_w3wkyf47,Nonchalant Immaculate Digital Sexsual Harizzment,0,114,0.98,0,1741194687.0,False,t5_7224q6,
t2_1kksqti2jf,OK GUYS WHO TF MADE THIS,0,46,0.91,0,1741206795.0,False,t5_7224q6,
t2_5gqr4dus,"Stop the civil war, from the united front",0,182,0.99,0,1741176290.0,False,t5_7224q6,
t2_18au4sk0ne,FINALLY! Turks are now proud Arabs thank you Europeans!,0,100,0.98,0,1741182369.0,False,t5_7224q6,
t2_fqw3aw2sq,Does your country joined our verdict?,0,180,0.86,0,1741169738.0,False,t5_7224q6,
t2_9cogbun8u,Infinite money glitch,0,29,0.98,0,1741204925.0,False,t5_7224q6,
t2_1j2kxqgnqr,Zhenhao Zou: London student guilty of multiple counts of rape,0,23,0.96,0,1741208129.0,True,t5_7224q6,
t2_193ars4i0a,Indian Caste system,0,429,0.95,0,1741148080.0,False,t5_7224q6,
t2_1ccblwcyzw,Fixed u/AlexRator's meme,0,52,0.97,0,1741188437.0,False,t5_7224q6,
t2_s2lea7222,True tho,0,92,0.95,0,1741176845.0,False,t5_7224q6,
t2_1kgpok3fr3,Anyone know where this muslim jeet orginated from?,0,4,0.7,0,1741236536.0,False,t5_7224q6,
t2_p06ee4em,Magaysia truly Asia,0,45,0.96,0,1741187996.0,False,t5_7224q6,
t2_tpydke43z,Got to score well no matter what,0,28,0.94,0,1741191925.0,False,t5_7224q6,It's very sad and I am serious when saying this only the title is for jokes and laughs
,"Westoid propaganda hid this historic photo of Pakistani warriors in Berlin, 1945.",0,91,0.98,0,1741161889.0,False,t5_7224q6,
t2_ccqgm6omk,Love Pol Pot from Vietnam 🇻🇳❤️🇰🇭,0,90,0.99,0,1741162562.0,False,t5_7224q6,
t2_1c9pp3cuga,Why does this Indian flair has Niger flag,0,18,0.92,0,1741188201.0,False,t5_7224q6,
t2_1iq1ruquu6,Kazakhstan police were different back then.,0,37,1.0,0,1741175591.0,False,t5_7224q6,
t2_vf6fy,🍇🍇🍇🍇,0,133,0.98,0,1741149369.0,False,t5_7224q6,
t2_1c9pp3cuga,Thought on this sub specially endian saars,0,51,0.81,0,1741164544.0,False,t5_7224q6,
,Cool snake facts 😎,0,65,0.98,0,1741158776.0,False,t5_7224q6,
t2_14644e3dca,Being named after a country ❌ Island ✅ is INSANE,0,64,0.98,0,1741157525.0,False,t5_7224q6,🇹🇼😱
t2_44w3secs,Miniscule amount of trolling,0,30,0.98,0,1741170231.0,False,t5_7224q6,
t2_v3hcg394,Bing diling since the ancient time,0,11,0.93,0,1741186629.0,True,t5_7224q6,
t2_439t8tt9,Prove that Indian is true Aryan,0,60,0.97,0,1741150350.0,False,t5_7224q6,
t2_4pogvyxt,Why Alcohol is Forbidden again?,0,25,0.96,0,1741166012.0,False,t5_7224q6,"
Man, the tension is crazy, China will win with the eyebrow game in the future since that was a nice eyebrow. "
,"Unironically speaking, Japan should take notes from China in terms of permanently making naughty foreigners disappear without a trace.",0,34,0.97,0,1741158734.0,False,t5_7224q6,
t2_p06ee4em,"Kingdom of Maharlika is in, goodbye Zhonggou of the Pooh.",0,26,1.0,0,1741164789.0,False,t5_7224q6,
t2_fqw3aw2sq,"Turks were Armenians all along, how come we didn't noticed this??",0,9,0.76,0,1741183264.0,False,t5_7224q6,
t2_pqhpd51c,Saar we are just customizing our own babies to real aryan supremacist,0,97,0.99,0,1741135301.0,False,t5_7224q6,
t2_18ghewmeru,Up yours,0,37,1.0,0,1741153086.0,False,t5_7224q6,
t2_vf6fy,Gigachad Ukraine protecting weak westoid virgins from Asian tsunami,0,233,0.97,0,1741111728.0,False,t5_7224q6,
t2_yrc9z6zik,"Saar, you are also a Chocolate",0,15,1.0,0,1741158173.0,False,t5_7224q6,
t2_dyvf4qk35,Which one of you is this?,0,65,0.91,0,1741123844.0,False,t5_7224q6,
t2_1fw7arffbe,Very interesting,0,70,1.0,0,1741118634.0,False,t5_7224q6,
t2_1fq69d6e7d,Saar outsourcing white nationalists saar,0,34,0.93,0,1741129907.0,False,t5_7224q6,
t2_692husfi,"Only Japan, India and China in top 15 other Asian countries need to step up their game",0,54,0.98,0,1741118254.0,False,t5_7224q6,
t2_x35td,Kang brotherhood 💪🏿,0,65,0.98,0,1741111200.0,False,t5_7224q6,
t2_7pxtnyqa,rohingay moment,0,58,0.99,0,1741107779.0,False,t5_7224q6,
t2_hn7j0,Zhongguo soldiers 🤝 Indian Tourists,0,87,0.99,0,1741097288.0,False,t5_7224q6,
t2_1kgpok3fr3,Can any Turkish Arab explain this? where it is located ?Europe? Asia? Middle East?,0,86,0.94,0,1741093213.0,False,t5_7224q6,
t2_4k35lwlu,Peak Asia_IRL moment,0,101,0.99,0,1741090094.0,False,t5_7224q6,
t2_14644e3dca,(White) American vs (Yellow) East Asian 🤫,0,241,0.98,0,1741070367.0,False,t5_7224q6,Whitest person is Asian Saar 
t2_1e5adul5r3,Endians when challenge is act normal (online) : impossible,0,112,0.89,0,1741083157.0,False,t5_7224q6,
t2_4fbrwxce,Does other Asian household also collect used plastic bags and rubber bands?,0,67,0.99,0,1741092239.0,False,t5_7224q6,
t2_3pxf0e4p,Are you even Asian if your house never had Geckos?,0,28,0.93,0,1741106289.0,False,t5_7224q6,
t2_3pxf0e4p,Average punishment in great zhongguo,0,100,1.0,0,1741081962.0,False,t5_7224q6,
t2_1kgpok3fr3,Muslim jeets getting owned by Turkish women kek,0,211,0.97,0,1741061920.0,False,t5_7224q6,
t2_mrrok3ex,Indonesian sinetron (or soap opera) trying to be halal on this Ramadhan Month Masyaallah,0,12,1.0,0,1741117940.0,False,t5_7224q6,
t2_ccqgm6omk,What,0,81,0.99,0,1741077289.0,False,t5_7224q6,
t2_1hrjugzmkk,"The myth of ""consensual"" state building",0,149,0.98,0,1741064659.0,False,t5_7224q6,
t2_1kgpok3fr3,🇨🇳,0,34,0.89,0,1741091951.0,False,t5_7224q6,
,"First Putin, now we have Xi's edits. Crimson Emperor or smth",0,56,1.0,0,1741080774.0,False,t5_7224q6,
t2_1iq1ruquu6,Dear fr*nch people please fuck your own brain without our involvement please.,0,11,0.87,0,1741111491.0,False,t5_7224q6,
t2_12qyqv9ru2,Have some isahell propaganda on your plastic subreddit today,0,124,0.98,0,1741063216.0,False,t5_7224q6,
t2_p8u02cw80,Bing chilling real 🤤,0,43,0.98,0,1741085152.0,False,t5_7224q6,
t2_1e5adul5r3,What the hell are Endian bros trying to accomplish?,0,10,0.86,0,1741113191.0,False,t5_7224q6,
t2_7pxtnyqa,ATTENTION ❗❗❗,0,9,1.0,0,1741113722.0,False,t5_7224q6,"https://preview.redd.it/rppqqdcuwpme1.png?width=288&format=png&auto=webp&s=ddd37fba5f9600496a700a647c1bbe873b5be3f2

We need not only a new flag but also a new flair for the Syrians. I'm thinking of Woke Al-Qaeda"
t2_18ghewmeru,You can't use your millennia old symbol because some funny moustache man also did okay?,0,81,0.96,0,1741067175.0,False,t5_7224q6,
t2_tpydke43z,"""Trust me we are not supervillains""",0,12,1.0,0,1741102707.0,False,t5_7224q6,
t2_5gqr4dus,Have Saars surpassed the Xinese?,0,29,0.98,0,1741080769.0,False,t5_7224q6,
t2_7tymlrh3,Explain this insult sar so that i can become a professional racist,0,49,1.0,0,1741071837.0,False,t5_7224q6,
t2_j2ccuxj3,Where's the lie eh! Endian fam!?,0,15,0.89,0,1741093131.0,False,t5_7224q6,
t2_134mpj7z1d,Steam knows,0,18,0.96,0,1741087803.0,False,t5_7224q6,
t2_g6r1nnhv,☠️☠️☠️☠️☠️☠️☠️,0,23,1.0,0,1741084861.0,False,t5_7224q6,
t2_wl0fpqonf,I am bored and made this,0,214,0.95,0,1741038830.0,False,t5_7224q6,
t2_16n2azobow,"The three countries EuroWestoids fear the most: Russia, Vietnam, and the United States",0,27,0.97,0,1741078103.0,False,t5_7224q6,"Vietnamese Dragon🇻🇳🐉
Ruzzian Bear 🇷🇺🐻
Murican bird🇺🇸🐦"
t2_1iq1ruquu6,Another Turkmen posting,0,38,0.96,0,1741067638.0,False,t5_7224q6,
t2_5gqr4dus,Xina vs Failpenis: War of Akhand,0,18,1.0,0,1741082225.0,False,t5_7224q6,
t2_692husfi,Remove shoes India: 🤬 Remove shoes Japan: 😍,0,279,1.0,0,1741024188.0,False,t5_7224q6,
t2_1hj9yx402n,Can you tell the difference?,0,13,0.85,0,1741079794.0,False,t5_7224q6,
t2_1fw7arffbe,Aryan Invasion theory,0,326,1.0,0,1741014703.0,False,t5_7224q6,
,Why do Yahuds have huge nose? Because the air is free🤣🤣😜😂🤪,0,239,0.98,0,1741020003.0,False,t5_7224q6,
t2_1jngfbvrp3,Phull explaination of the konflict,0,126,0.98,0,1741027111.0,False,t5_7224q6,
t2_7pxtnyqa,ruski embassy of egypt actually posted this,0,156,0.98,0,1741022738.0,False,t5_7224q6,
t2_1kgpok3fr3,Any weapon and Fighter jet specialist here?,0,3,0.72,0,1741093674.0,False,t5_7224q6,"Any reason  not a single country in  South Asia got 5th Fighter Jet? Like Chinese, US, Europe, Turkey, Korea and Japan has it."
