author_fullname,title,downs,ups,upvote_ratio,total_awards_recieved,created_utc,over_18,subreddit_id,selftext
t2_1iprjjjvr7,I saw a guy drop his burger on the floor. What he did next changed me as a person.,0,1805,0.95,0,1743763805.0,False,t5_2qugx,"Dude just stared at it for a second, no panic, no regret just deep contemplation. Then, without hesitation, he picked it up, blew on it like it was birthday cake, and took a bite. A woman nearby gasped. A kid looked genuinely inspired. The floor itself felt disrespected. But he just chewed, nodded to himself like he made the right choice, and kept eating. I don’t know if that was confidence or recklessness, but I respect it."
t2_pqsanirx,Congratulations delhi !!,0,778,0.95,0,1743761509.0,False,t5_2qugx,
t2_1hdfpr9gf3,Suman is a crazy guy.,0,196,0.99,0,1743780122.0,False,t5_2qugx,This happened today. 
t2_mbsbxfp,This Rajiv Chowk shot turned out much better than anticipated.,0,174,0.99,0,1743780675.0,False,t5_2qugx,
t2_18x0z6qy0a,BJP making public parks inaccessible,0,260,0.84,0,1743768757.0,False,t5_2qugx,"We have a beautiful public park(smriti van, mayur vihar phase 3) that is maintained by DDA, i have been going to this park for years. This parks has been visited by thousands of people trying to relax and better themselves. Few days ago, they started entry fee 20/- per day. 
Its Been under congress and AAP rule never was this park for profit, but now greedy gov wants you to pay entry for the park that is maintained by our own tax WTF. whats next breathing tax?"
t2_tcbkb08xt,Old metro cards are available now,0,761,0.98,0,1743743019.0,False,t5_2qugx,"Im fedup with the airtel card and today when I was at the counter for getting my card updated with the value which recharged through their app I saw someone purchasing this card! 

What a Luck! 

I bought it for myself tooo!

Now no more problems at the metro exit gates!"
t2_ldfc8122,March in delhi looked somewhat like this.,0,168,0.98,0,1743769379.0,False,t5_2qugx,
t2_w8um4s7g,Today OP made matar paneer,0,60,0.9,0,1743786162.0,False,t5_2qugx,Do you see the knife in the third image? That's for the people who'll criticize me 💅🏼
t2_86a3sddt,What an advertisement. Pretty  harmless app.,0,238,0.98,0,1743757280.0,False,t5_2qugx,
t2_ldfc8122,April in delhi is kind of perfect weather.,0,305,0.97,0,1743748821.0,False,t5_2qugx,
t2_722x15ox,Chattarpur Mandir (Delhi),0,48,0.98,0,1743781574.0,False,t5_2qugx,
t2_vlsj2ofi,Never Tip your delivery guy,0,281,0.91,0,1743739242.0,False,t5_2qugx,"Tipping culture was established during the 80s when the blacks started working in jobs like as a waitress or some minimum wage jobs. Ofc due to that time they didn't get much in time so they remained poor.

And tipping on zomato Swiggy is stupid because you are tipping the company which doesn't need it, you should rather TIP the ""delivery partner"" lol.


EDIT: People are like but ""this"" company's delivery partner tips goes directly to partner, But if everyone tipped the COMPANY would pay even less"
t2_hs0tk01c,"They said it was over. He said, 'Not yet'",0,45,0.78,0,1743775880.0,False,t5_2qugx,"One moment, I was glory incarnate—warm, juicy, stacked just right, pickles in perfect symmetry. The next? Cold betrayal. Gravity hit harder than I ever imagined. I lay there, face-first on Delhi's unforgiving floor, my sesame seeds scattered like fallen soldiers.

I braced for the worst. The end. Maybe a bin. Maybe a crow. Maybe… nothing. But then… he looked at me. Not with shame. Not with sorrow. With something else. Conviction.

He picked me up. Blew the dust off me like I was some ancient artifact. Like he knew I still had a purpose. And then—he bit me.

The woman nearby? Horrified.
The kid? Changed forever.
The floor? Humiliated.

But me? I felt… honored. This wasn't recklessness. This was loyalty. This was respect. I wasn’t just a burger. I was his burger. And in that bite, we both knew—
we were going down together.

Legend."
t2_ayty91uv,BluSmart is almost dead now,0,63,0.96,0,1743765288.0,False,t5_2qugx,"BluSmart is almost dead now. With the founders being investigated by the ED, things look really tough for them. Having a very close friend work at an executive level for them I have heard that there were many internal struggles as well.

The CXOs tried to move their favourites up the ladder and discarded the ones who had reached there by merit. Multiple POSH cases on many employees and they tried saving them. Founders bought luxury places for themselves once the funding hit the bank (not sure whether they used investor’s money or their own).

With that being said, their services were great and most of us are going to miss their cabs once they are sold to some fleet aggregator."
t2_jgunq5tn,The free bus travel scheme for women will now be limited to Delhi residents only.,0,63,0.88,0,1743765345.0,False,t5_2qugx,
t2_rlsnfjqk0,delhi sub turning into a political sub?,0,30,0.75,0,1743778311.0,False,t5_2qugx,"firstly please dont get me wrong or downvote this, im just politely asking why. 

lately ive been seeing so many posts here about people blaming any of the parties, for any of the reasons, i just wanna know why is this sub turning into a “lets hate on all the forms and parties of govt” 

i joined this sub cz its so fun, its such a great place to connect with the rest of the delhi community, may it be some povs or rants or anything, this sub is supposed to be fun, if yall wanna rant about what our govt is doing, there are better places to be 

please stop ruining my favourite sub (i cant afford therapy, this sub is my therapy)😔👍🏻"
t2_13i3z8dnij,It was OP's birthday today and she went on a solo date.,0,2311,0.93,0,1743689134.0,False,t5_2qugx,"After nearly 1½ years of being a new mom, went on a solo date. Even though I felt guilty at first, later it felt awesome! I was so happy, had a wonderful time. Decided to buy a dress for me - ended up buying clothes, books and toys for my baby😅"
t2_1mb284e0an,My Boss Made Uncomfortable Comments About My Long-Distance Relationship,0,183,0.91,0,1743736985.0,False,t5_2qugx,"I recently joined a company in Delhi, and a few weeks back, my immediate boss (who is also a woman) and I were having a casual chat at the end of the day. During our conversation, she got curious about how I was managing my long-distance relationship with my husband. Then, she made a comment about how I was ""wasting my good years"" being in a long-distance relationship.

She went on to suggest that I should ""keep myself entertained"" in the new city with other guys, saying it was very normal and making other similar remarks. I felt uncomfortable, but I just laughed it off at the moment. Then, she mentioned a married colleague from a different department, saying that he liked me a lot and was also in a long-distance relationship. He is at the same level as her. 

I didn’t take any of it seriously, but later that weekend, we had a Friday evening office outing, and this guy was there. He struck up a few conversations with me, and I didn't think much of it. However, now he has started messaging me—nothing inappropriate, but things like ""How are you doing?"" ""Good morning,"" and ""Good night.""

I’m not sure what to make of all this. Though he doesn't approach for frequent conversations at work, but messages while at work asking to go to cafeteria fr lunch etc. He has not done anything I should be offended about but it can easily spiral into a office gossips. Don't know if to play along and let his infatuation die away with time or to ask him to avoid unnecessary conversations (which will be odd as he has been nice)."
t2_16gd3ks3f1,"Why is Delhi still so unsafe for women despite being the capital and under central government control? Have people just accepted that women being unsafe is ""normal"" now?",0,51,0.86,0,1743758488.0,False,t5_2qugx,"Why are criminals still not afraid of consequences?
If Modi and BJP have been in power for years, why hasn’t this changed?
Why do people still vote for the same leaders who fail to ensure basic safety?"
t2_oauoxy7mz,Delhi Traffic Police's Systemic Fraud Exposed: A Complete Timeline of Deception (Part 2),0,32,0.95,0,1743767568.0,False,t5_2qugx,"Introduction

After my initial complaint (For context the link for part 1 👉 https://www.reddit.com/r/delhi/s/3sgjqnPiOu ) about illegal footpath parking in Laxmi Nagar went unaddressed, I've documented how Delhi Traffic Police systematically falsified records to close my grievances. Here's the full timeline of events showing their pattern of deception.

Key Findings

1. Fraudulent Closure of Follow-Up Complaint
   - Follow-up Complaint Filed: 21/03/2025 (highlighting continued illegal parking)  
   - Final Action Report Attached: Dated 19/03/2025—two days before my complaint was submitted  
   - Proves the report was not generated in response to my follow-up grievance  
   - Shows preemptive preparation/recycling of reports to close complaints  

2. Proof of Continued Violations 
   - Geo-tagged photos from 02/04/2025 show:  
     - DL 7CV 7065 still parked on footpath  
     - PB 03 AB 6011 still parked on footpath  
   - Conclusion: No enforcement occurred—the ""action taken"" report is fabricated  

Complete Timeline of Events

22/01/2025- Filed initial complaint (PGMS ID 2025005393) with GPS-tagged photos of illegally parked vehicles. First official record of violation. 

05/03/2025- Police claimed enforcement action was taken (23 e-challans issued, 15 vehicles towed). Contradicted by photographic evidence. 

20/03/2025- Initial complaint officially ""disposed"", marked resolved despite no action.

20/03/2025- Visited site and photographed same cars still parked. First proof of fabricated closure. 

21/03/2025- Filed follow-up complaint with new evidence. Attempt to rectify false closure.

01/04/2025- Follow-up complaint disposed by uploading final action report dated 19/03/2025. Official confirmation of fraudulent closure.

02/04/2025- Photographed same cars still parked (using report dated 19/03/2025 as reference). Conclusive proof of systemic failure. 

Why This Matters
1. Systemic Corruption: Police are forging records to falsely close complaints  
2. Zero Accountability: No penalties for violators, no consequences for officers  
3. Public Safety Risk: Pedestrians endangered by deliberate inaction  

Attachments
- Follow-up Complaint dated 21/03/2025 on pages 1, and 2

- Final Action Report PDF file dated 19/03/2025 on page 3

- Photos capturing both cars parked on the footpath at the same location on 02/04/2025, on pages 4, and 5.


Join the Movement for Accountability

If you've faced similar issues with Delhi authorities ignoring complaints, join our community Delhi Complaint on X (formerly Twitter). Together we can:  
- Share evidence of malpractice  
- Coordinate complaint strategies  
- Build pressure for systemic reforms  

(Link to Delhi Complaint community👉 https://twitter.com/i/communities/1675137951301500928 )  

Let's turn individual grievances into collective action for change."
t2_958gvbie,"Report these to police, Don’t sit back!",0,10,0.81,0,1743788729.0,False,t5_2qugx,"I came across a very problematic video on instagram where one guy was attempting rape and sexual harassment on a woman, and the woman was very clearly struggling. 


Disgustingly, the post had thousands of likes, even more shares, uncountable thirsty comments and don’t even bother knowing how many views it would have. 


It was proudly being posted in public by lowlives and even more disgusting people were enjoying such content being posted. I have reported it to Delhi Police via mail, inspired by the guy who chose to report Rajat Dalal to police via mail. Yes, they do take actions.


We should not sit back, and be mute spectators to the scums of the society. It falls upon us, it is the bare minimum. I hope my little act inspires more responsible folks around to take such actions.

I already report traffic offenders on Traffic Prahari app, make complaints about civic facilities & many such things around on MCD 311. Please you also do it as smart samaritans. I just hope one day I could be proud to be a resident of Delhi, alas!


"
t2_abex566c,Friendly reminder to Tip your delivery guy. (Must Read),0,4189,0.85,0,1743671756.0,False,t5_2qugx,"Delivery workers go the extra mile to bring us comfort, often braving harsh weather, long hours, and heavy traffic. A small tip might not mean much to us, but for them, it’s a sign of appreciation and respect for their hard work. Even go further as asking them for water/ asking them to use toilets goes a long way. Let’s show kindness and gratitude by tipping whenever possible. A little generosity can brighten someone’s day and not be rude to them. I request all of you to bring change in yourselves to do that. "
t2_1dvdzzceao,Delhi Court Orders Perjury Proceedings Against Woman in False Rape Case,0,76,0.99,0,1743744275.0,False,t5_2qugx,"
**⚠️ Important Context**  

> The woman in this case has a **history of similar false complaints**. In another instance, a victim had **named her in a suicide note**, accusing her of blackmail.  
>.  
> Recognizing this pattern, the court has ordered perjury proceedings against her.  

**Background:**

**Court:** Additional Sessions Judge (ASJ) Anuj Agrawal, Tis Hazari Court, Delhi  
**Judgment Date:** April 1, 2025  
**Case Type:** False Rape Allegation & Perjury.  

A man was accused of rape, criminal intimidation, assaulting a woman with the intent to disrobe her, outraging a woman’s modesty, and sexual harassment. The complainant alleged that the accused had committed these offenses against her, leading to legal proceedings against him.

**Court Observations & Findings:**
- The court found severe inconsistencies in the complainant’s testimony, deeming it **contradictory, inherently inconsistent, and tainted with falsehoods**.
- It was determined that the case was a **honey trap**, where the woman **entrapped the accused in a pre-planned manner to extort money**.
- The forensic science laboratory (FSL) report and other evidence strongly supported the conclusion that the allegations were fabricated.
- The complainant had also claimed to have joined a company on a date when it did not exist, further weakening her credibility.
- The woman had a history of filing multiple similar complaints, and in a separate instance, another victim named her in a **suicide note** after being allegedly blackmailed by her.
- The court acknowledged that **a mere acquittal of the accused was insufficient** in addressing the damage caused by the false allegations, as such accusations have the potential to destroy reputations and lives.

**Legal Action Taken:**
- The court **acquitted the accused** of all charges due to the lack of supporting evidence and the contradictions in the complainant’s statements.
- The court emphasized the gravity of false accusations, stating, *“Perjury is often bold and open. It is truth that is shamefaced.”*
- **Perjury proceedings were ordered against the complainant** under Section 379 of the Bharatiya Nagrik Suraksha Sanhita (BNSS), punishable under Sections 193/195 of the Bharatiya Nyaya Sanhita (BNS).
- The matter was referred to the **Chief Judicial Magistrate (CJM) (Central)** for further legal proceedings against the complainant.

**Possible Consequences If perjury is established**:  
    
1. **Imprisonment** – If perjury is established, she could face a **prison term of up to 7 years** for giving false evidence.  
2. **Fine** – The court may impose a financial penalty.  
3. **Criminal Record** – A conviction for perjury will result in a permanent criminal record.  
4. **Further Legal Consequences** – If authorities link her to **extortion, blackmail, or abetment of suicide**, additional charges could be filed, leading to harsher punishment.  

Given her alleged history, **the court may take a stricter stance** to deter future misuse of sexual offense laws.

**Key Takeaways:**
1. **False accusations can have severe consequences** on the falsely accused, tarnishing reputations and leading to undue hardship.
2. **The court recognized the necessity of prosecuting false complainants** to deter future instances of perjury and false allegations.
3. **The judgment set a strong precedent for addressing malicious prosecutions**, reinforcing the importance of truthful testimony in judicial proceedings.  
4. False accusations ruin lives and weaken trust in genuine victims. This case underscores the need for **strict legal action against perjury and misuse of sexual offense laws**.  

---
**Sources:**  
- [Deccan Herald](https://www.deccanherald.com/india/delhi/court-directs-perjury-proceedings-against-woman-in-false-rape-case-3476971)  
- [ANI News](https://www.aninews.in/news/national/general-news/court-acquits-accused-in-rape-case-directs-complaint-against-woman-for-false-evidence20250403225843/)  
- [The Week](https://www.theweek.in/wire-updates/national/2025/04/03/lgd59-dl-court-rape-perjury.html)  "
t2_1fvto2twp8,A wild car stole my home,0,8,0.79,0,1743785192.0,False,t5_2qugx,"Random car came to home. Now treating it like it's his house and I am guest, help! "
t2_1i7p5t6yrj,What I ate today(Roommate made it),0,12,0.87,0,1743775798.0,False,t5_2qugx,
t2_g26s9k9e,anyone here to talk? feeling lonely rn,0,5,0.86,0,1743789358.0,False,t5_2qugx,.
t2_y083d1n41,This self-aware ad. In Delhi Metro yesterday,0,69,0.97,0,1743734012.0,False,t5_2qugx,
t2_4d71pa8uq,Went on a maggi date today,0,391,0.94,0,1743699674.0,False,t5_2qugx,You cannot not like her🫶
t2_722x15ox,IP Extension Metro Station,0,305,0.98,0,1743703929.0,False,t5_2qugx,
t2_1mhnurjafh,Places for a romantic date?,0,5,0.69,0,1743782866.0,False,t5_2qugx,"I (7M) have been wanting to take out my gf (6F) to a nice place. We've been only meeting in the parks under the pretext of playing with friends. 

Although she isn't asking for it, I really think I should take her out to a nice place. There's not much homework right now, so I do have some free time. 

So guys, please suggest a nice place to take her out. It should be a budget friendly place as I have only just started receiving pocket money. "
t2_1gcrnnvz39,Jio SCAMED BSNL - Someone Forgot to Hit 'Send' on the Bill,0,4,0.84,0,1743782455.0,False,t5_2qugx,"# Sources

[https://economictimes.indiatimes.com/industry/telecom/telecom-news/govt-loses-rs-1757-cr-as-bsnl-fails-to-bill-reliance-jio-for-sharing-infra-cag/articleshow/119875802.cms](https://economictimes.indiatimes.com/industry/telecom/telecom-news/govt-loses-rs-1757-cr-as-bsnl-fails-to-bill-reliance-jio-for-sharing-infra-cag/articleshow/119875802.cms)

[https://www.thehindu.com/news/national/government-loses-1757-crore-as-bsnl-fails-to-bill-reliance-jio-for-sharing-infra-cag/article69402903.ece](https://www.thehindu.com/news/national/government-loses-1757-crore-as-bsnl-fails-to-bill-reliance-jio-for-sharing-infra-cag/article69402903.ece)

[https://www.newindianexpress.com/business/2025/Apr/02/govt-loses-rs-1-757-cr-as-bsnl-fails-to-bill-rjio-for-sharing-infra-cag](https://www.newindianexpress.com/business/2025/Apr/02/govt-loses-rs-1-757-cr-as-bsnl-fails-to-bill-rjio-for-sharing-infra-cag)"
t2_1b99d3v6zl,Dedicated to all my friend who live in our beloved gas chamber,0,10,1.0,0,1743767966.0,False,t5_2qugx,
t2_dc7x5xg1,Spring time in Lodhi Garden,0,46,0.92,0,1743738736.0,False,t5_2qugx,"A friend sent a picture of this beautiful tree in Lodhi Garden and felt it would be perfect for reading underneath. So I drew this. 

"
t2_9vyrravl,Bought my first casio(W217H),0,3,1.0,0,1743789872.0,False,t5_2qugx,
t2_j59fs9i3,A dream came true today,0,551,0.99,0,1743687452.0,False,t5_2qugx,"Finally saw the behind the scenes of a reel. 

Jaise meri feed hai, kuch din baad original bhi dikha jaega shayd 😭"
t2_2lh1n54k,"A very old couple living on Ridge Road, Karol Bagh",0,29,0.94,0,1743745004.0,False,t5_2qugx,"I don't usually go to Karol Bagh, but was there a couple of days ago for some work. On my way back towards South Delhi, I saw a very old couple on the side of the road. They were sitting on the side of Buddha Jayanti Park but I suspect they move where there is shade. 

Anyway, they are extremely old. The uncle probably has cataract if not something worse. I gave them some money and they were both so overwhelmed, and kept blessing me and my mom. It brought tears to our eyes. 

If anyone is around that area, sees them and can spare a little, please do! "
t2_chkm8vsy,Why does AQI in Delhi shoots up at night? [s],0,37,0.97,0,1743738244.0,False,t5_2qugx,"I've been noticing this pattern for some days now. The AQI starts rising up after sunset and only comes down under 100 around afternoon, usually around 2PM. That dip in graph, the yellow region, is the only time when Delhi has AQI below 100. Why is that? Most of the pollution according to the website consists of PM10 particles, which are mainly road dust, construction dust, vehicular pollution from cars (which are everywhere) and smoke from waste burning which is infuriatingly common across the subcontinent. 

My question is why does it spike at night and comes down at 2-3PM? "
t2_80j0mlqb,Pitched my mental health startup to an accelerator. He said it won’t work. Thoughts?,0,5,0.86,0,1743776772.0,False,t5_2qugx,"Hey everyone, I just had a pitch meeting with an accelerator, and the response was... pretty tough. The mentor said my idea was not going to work and that the mental health industry is too cluttered. There are new startups popping up every day, and no one seems to be surviving in this space.

Here’s a bit more about what we’re working on: my startup is focused on mental health. We’ve built an app where users can create a personalized self-care plan, connect with therapists based on their budget, and even access our custom chatbot. It's a comprehensive mental health platform.

The feedback I got from the accelerator was that while the market is big, especially in a place like India where mental health awareness is still catching up, it’s a tough field to break into. They also pointed out that we only have 60+ users so far, which is pretty small.

The thing is, we haven’t put any budget into marketing. I built the app myself and bootstrapped the whole thing, so I guess you could say we’ve been operating with limited resources.

So, what are your thoughts? Is the market really too saturated, or do you think there’s a real opportunity here, especially given that mental health is still a growing concern in India?

Appreciate any feedback or advice you might have!"
t2_uzyb058n,What were the OG games you all used to play on your phones?,0,4,0.83,0,1743780576.0,False,t5_2qugx,"Feeling a bit nostalgic today, so I wanted to ask — what were the OG mobile game you guys used to play on your phone?

For me, it was Dr. Driving "
t2_1kaiz7isqo,"I think no one felt, so here's the news",0,5,1.0,0,1743779273.0,False,t5_2qugx,"An earthquake with magnitude 5.0 jolted Delhi and parts of northern India including Noida, Gurugram on Friday evening with its epicentre being in Nepal"
t2_11honxvr65,"CA helped me save on taxes, so treated myself to this with the saved money",0,583,0.86,0,1743679896.0,False,t5_2qugx,
t2_1dcrgdhori,"Final Question guys, Curly or Straight??",0,2,0.75,0,1743790408.0,False,t5_2qugx,Tell crow tell crow.
t2_1mm6khnpc8,[Urgent] Need a job as a fresher,0,4,0.75,0,1743776676.0,False,t5_2qugx,"I'm so stressed rn. I don't know what to do... 
For background info my father passed away in 2023 I've a brother who was earning until now as a supervisor he didn't even complete his graduation as he had to quit. We have no savings at all. We're in debts as well. I was preparing for govt exams after my graduation which i completed last year. 
 
My brother was fired from his job recently, now we don't even have money for house expenses. 

I've no experience or skills as I pursued BA. I'm okay in English but that too in writing not speaking. I've no clue what I'm going to do.. i want to get a job. Please provide some suggestions 
"
t2_1ikppfomxm,Between maggi and tea.,0,8,1.0,0,1743762657.0,False,t5_2qugx,
t2_quoqzkwq,"My Friend brought this to class, coz why not?",0,602,0.97,0,1743677865.0,False,t5_2qugx,What's the weirdest thing your friend or coworker has ever randomly brought to class or work?
t2_w8598xeln,"“A Heart in Bloom, From Chaos to Serenity""",0,4,0.83,0,1743780647.0,False,t5_2qugx,Do give reviews!!
t2_k8s23zwwb,Anyone feeling same?,0,2,0.75,0,1743788378.0,False,t5_2qugx,"Hi, I am 22(f) . Currently preparing for upsc. I have nvr been in a relationship bcz I felt like it's gonna be a distraction for me. Not so extrovert. But over time I have started feeling very very lonely. It feels like I have no one to talk with. No one to go with. I definitely have frnds but not that great ones like who would understand the emptiness inside. It feels no more lovable. So much self doubt.
Just feels akele akele bahut zyada.
Felt like giving my thoughts a way."
t2_f7qn1l28,Average Sarkari School time table.,0,139,0.98,0,1743705626.0,False,t5_2qugx,"Pata nahi yaar i just think that's too boring, thora to kuch acche periods rakho (btw I'm in 12th standard, humanities with psychology) "
t2_7u653y03,I am drunk and i want to talk to somebody but i don't yave anybody to talk to,0,2,0.67,0,1743788039.0,False,t5_2qugx,Same 
t2_ja8y7h8u,Want to connect with dilliwaale going to/in Finland,0,3,0.67,0,1743778917.0,False,t5_2qugx,"Hello everyone,  
  
Is anyone here planning to start their master's at the University of Vaasa, Finland, this September? I'd love to connect with fellow students who are embarking on this journey!  
  
Also, if you're currently studying or working in Finland, I'd really appreciate the chance to connect and hear about your experiences.  
  
Additionally, if anyone has insights or advice about moving to Finland, settling in, adjusting to student life, or finding work opportunities, I'd be super grateful if you could share your thoughts! Any tips, big or small, would be really helpful 😊"
t2_1e1iazzpwa,[For Sale] Brand New Samsung Galaxy Tab A9 (Sealed Box) – Includes Charger & Cover,0,2,1.0,0,1743783655.0,False,t5_2qugx,"Hey folks,

I’m selling a brand new Samsung Galaxy Tab A9. Got it from my college recently, but I don’t really need it. The box is completely sealed, never opened. Comes with the original charger and a tablet cover."
t2_1kmgo660lp,How incapable can our ministers be at this point..,0,333,0.98,0,1743683423.0,False,t5_2qugx,"https://indianexpress.com/article/cities/delhi/2-more-firs-kenyan-diplomat-son-delhi-students-molestation-9921829/lite

He fucking ran away which was expected. Because indian foreign minister was busy doing this and that. 
Fucking immunity and fucking Vienna convention. 

These diplomats need to kept an eye on. 
Mfs. "
t2_19kqrfsswc,Found this cutie card,0,10,0.92,0,1743753593.0,False,t5_2qugx,"This 2nd card was sitting at my home, luckily found it.....will throw away the 1st one ,useless as fk"
t2_cl0x8il9,kevin hart performing in delhi,0,247,0.96,0,1743687338.0,False,t5_2qugx,
t2_h1auw92dm,RECC for BEST CAREER COUNSELLING after 10th?,0,4,0.83,0,1743773118.0,False,t5_2qugx,"i consulted a few counsellors but their charge is 10k for one meeting, is that normal? or am i being overcharged  "
t2_1mlcjqpaaf,Feeling Uncomfortable with My Mom Showering Outdoors in a Busy City—Need Advice!,0,12,0.73,0,1743747215.0,False,t5_2qugx,"Just going crazy. Trying to keep this anon.

Hi everyone,

I’m really struggling with something that’s been bothering me for years, and I’m hoping to get some advice or hear if anyone else has been in a similar situation.

To give you some background, I live with my parents in Delhi, India. We live on the 2nd floor of a building in a densely populated area. My mother has a habit of showering outdoors, in the balcony, every single day. She never showers inside the house, and this has been her routine for as long as I can remember.

At first, I didn’t think much of it, but over time it’s become an increasingly difficult issue for me. We live in a busy city with a lot of foot traffic, nearby buildings, and a high population density. Our balcony is easily visible to the street and nearby buildings, so there are often people who can see her showering. Some even film or take pictures, which makes me feel incredibly uncomfortable and anxious. Despite this, my mother has never shown any concern for her privacy or the fact that people are regularly watching or filming her. She’s told me that she feels more relaxed and free when showering outdoors, and she doesn’t want to change her routine. She knows that people can see her, but she simply doesn’t seem to care.

I’ve tried talking to her about this multiple times, explaining how embarrassing it is for me and how concerned I am about the privacy issues. I’ve pointed out that it’s not just about me feeling uncomfortable—people are literally filming and staring, which makes it feel unsafe. Unfortunately, she doesn’t take it seriously at all. It’s frustrating because she seems to dismiss my concerns and continues to shower out on the balcony every day.

I really don’t know what to do anymore. I’ve tried everything from calmly talking to her about my feelings to suggesting other alternatives, but nothing has worked. I don’t know how to make her understand that this is more than just a personal comfort issue—it’s about privacy and safety. And to be honest, I feel like I’m going crazy seeing the same thing happen every day, knowing that people are staring and filming, and there’s nothing I can do to stop it.

Has anyone else been in a similar situation? How did you approach a family member who refuses to respect your privacy or take safety concerns seriously? Are there any practical steps I can take to either make my mom more aware of the issue or protect our privacy in a way that doesn’t feel like I’m controlling her behavior? Any advice or suggestions would be really helpful, as I’m feeling pretty stuck here.

Thanks in advance!"
t2_uafsqi0bl,"Delhi ki hawa, mere muh ki dasha",0,2,1.0,0,1743778261.0,False,t5_2qugx,"Winters mai tk face dry rehta hi tha, abhi garmiyon mai aur bhi zyada hone laga hai. Ye Mai hi hu ya delhi ki hawa ki aisi ho gyi hai?

Normally skin kbhi itni dry nhi rehti thi specially summers mai."
t2_1ggggzvlob,Resilience in the face of adversity,0,1,1.0,0,1743791551.0,False,t5_2qugx,"Our potential is not limited by external circumstances. Even in a seemingly barren or unpromising environment, the human spirit can find ways to express creativity, build, and find joy."
t2_5szbmwx4,“3-Day Delhi Trip Plan?”,0,1,1.0,0,1743791512.0,False,t5_2qugx,"Hey, I’m planning to spend three days in Delhi with my girlfriend. We’re coming from Kerala and will be arriving in Delhi on the morning of April 24th by flight.

Can someone suggest a short itinerary for the next three days? We plan to use public transport and Uber when necessary. Which areas should we visit? Also, is it a good idea to visit the Taj Mahal from Delhi?"
t2_1lxvgbgm0v,"Came to delhi for my first job, itna hyped place for hookups. feeling so bored though.",0,0,0.5,0,1743790970.0,False,t5_2qugx,Yea obviously I'm looking for hookup or  maybe something more 
t2_qr0sv9gk,Travis Scott Circus Maximus,0,1,1.0,0,1743790705.0,False,t5_2qugx,"Can anyone confirm if Travis Scott concert tickets for the Delhi show on October 18, 2025, are transferable? I haven’t bought the tickets yet, but I’m curious about whether they can be transferred later in case plans change. Any insights about BookMyShow’s policies or experiences with similar events would be appreciated!"
t2_1majhfvot2,Had a fun (or creepy) moment in delhi metro today,0,0,0.5,0,1743790398.0,True,t5_2qugx,"As I was standing in the metro in my usual spot (the glass alongside the gate). Huge crowd entered and the girl stood right beside me, did not care i was playing coc on my phone. She had to switch the spot with some uncle because his stop was coming and i was relived because I tend to get quite uncomfortable standing close to a strange girl for obvious reasons.

Everybody got out, it's clear but she came back to stand right beside me and very close even though it was pretty empty. I thought okay girl chill, i started leaning more and more against the wall like i would just go through the wall at any time as to not touch her but she was not making it easy.

One time, two time, three time i thought okay she just accidently pressed her chest against my hand that was holding the phone. I put away my phone and folded my arms now she's touching it with my elbows so it was very obvious because she had no reason to stand that close to begin with and there's literally no way she couldn't feel that on her chest.

Even though I kinda liked it, and she was beautiful (😅) it's still creepy af."
t2_152bx16jb5,"How many of you are working from home permanently? Do you actually like WFH or prefer hybrid? Also, do you ever feel like you’re just… cut off from the world?",0,2,1.0,0,1743776733.0,False,t5_2qugx,"Sometimes I feel like I’m just floating in my own little bubble. Like, days go by and I realize I haven’t had a real conversation outside of work calls.

Curious to know—how are you all coping? Do you love the freedom of WFH or miss the random chai or coffee break chats? Has anyone found a good balance?"
t2_787fspn8,"Concertgoers, please help!",0,1,1.0,0,1743789015.0,False,t5_2qugx,"Will be booking tickets for the Travis concert on 18th october. Have never booked tickets through an online medium before. 

Could anyone guide me through the process? The Dos and Donts? I don't wanna mess up and have the tickets be sold out before I can get them. Any help is appreciated!"
t2_9h78bwy75,Please tell Cricket Group,0,1,1.0,0,1743788597.0,False,t5_2qugx,"Hi all, my friend is a big cricket enthusiast and wants a group or team to play cricket with. He gets an off only on Sunday and would want to destress. He doesn’t have a group at the moment. Please help me to cheer him up and help him find people with similar interest of playing cricket.

How do I find these people/group?"
t2_1mjs00jcl1,"Feeling anxious , lonely or wanna share ur gossip hit me up",0,1,1.0,0,1743788568.0,False,t5_2qugx,.....
t2_13l0jpxzqm,Where can I get a screen protector/guard/tempered glass installed near Select Citywalk in Saket?,0,1,1.0,0,1743788474.0,False,t5_2qugx,It's a 11th gen Ipad (A16). Thank you. 
t2_11honxvr65,Took some diecast photos,0,3,1.0,0,1743766740.0,False,t5_2qugx,
t2_1j639lhryt,Places to visit in delhi/Gurgaon/Noida,0,1,1.0,0,1743788050.0,False,t5_2qugx,"Where should i take my siblings (age 17 and  12) for a fun weekend.
"
t2_4q58tuqf,"Now, only Delhi resident women can avail the Free Bus Ride scheme",0,244,0.95,0,1743680214.0,False,t5_2qugx,"A new hassle in town—now everyone will queue for this, and the government will ask for Aadhaar, PAN, and maybe other documents too
[Source](https://www.google.com/amp/s/m.economictimes.com/news/india/delhi-government-launches-lifetime-smart-card-for-free-bus-rides-for-women/amp_articleshow/119940519.cms)"
t2_1bsr5kegq3,"How to reach wengers, CP?",0,1,0.99,0,1743787663.0,False,t5_2qugx,I mean I know the nearest metro is rajiv chowk but which gate should I exit from?
t2_1i7p5t6yrj,Why they don't understand not every finger of hand is same?,0,1,1.0,0,1743786493.0,False,t5_2qugx,"When will my parents stop comparing me to my elder sisters? They are doing pretty well in life academically and professionally, and I'm very proud of them. And I know I'm not an extraordinary student, but that doesn't mean they should taunt me every time. This is the reason I left my hometown and took admission in a college in Delhi, far from my family. I rarely visit my hometown—only once or twice a year. Lately, I've been missing home, so I thought of visiting tomorrow since we have preparatory leave. But today, my father once again compared me to my sister over a completely baseless argument and started saying, 'Look how good she is doing (doing PhD from IIT Bombay), and look what you are doing in life (in the last year of my hotel management degree and got a job of 40k PM).' Now, I feel really sad and don’t want to visit anymore."
t2_1ig8ja25j0,Prepare for extreme heat waves,0,0,0.5,0,1743786337.0,False,t5_2qugx,So guys start the healthy diet plan and be prepared for extreme heat waves because the summer has come drink nutritious and vitamin rich liquids for your fibre and protein intake take 8 hours of sound sleep share you strategies to beat the heat this summer season
t2_uzkspz8z,The USA will continue shrinking the height of the Indian population,0,0,0.5,0,1743786029.0,False,t5_2qugx,"
The India population has grown catastrophically. People of shorter height need less resources. It is better that all of the people in India are a shorter height and consume less resources. 

The USA is using biological chemicals that are able to stunt the growth of the India population.  

Soon, The average Indian person will have a height of 130 centimeters while Americans will grow to an average height of 185 centimeters . 
"
t2_118yxqf8rw,Want to become a govt school english teacher at 27 but very late for b. Ed and ba in english. What to do?,0,3,1.0,0,1743764061.0,False,t5_2qugx,I chose wrong field btech . I'm not intelligent enough for BTech jobs. I got into btech through reservation. Now I'm realising I'm very poor in maths and intellect. Should've chose arts stream. Now I'm 27 and want to go in teaching line. What should I do? Is b. Ed at 27 possible from colleges which are recognised? 
t2_1mfay8f80r,Top Gaming Trends & Updates – Don’t Miss Out!,0,1,1.0,0,1743785265.0,False,t5_2qugx,"Discover everything about gaming in one place! MaacEdu brings you the latest updates, expert reviews, and professional gaming tips. Learn about the newest releases, gaming trends, and industry insights. Whether you love PC, console, or mobile gaming, we have something for everyone. Get exclusive strategies to improve your gameplay, explore gaming setups, and join a passionate community of gamers. Find the best accessories, software updates, and competitive gaming insights. Stay ahead in the world of gaming by bookmarking MaacEdu today!

[https://maacedu.com/gaming/](https://maacedu.com/gaming/)"
t2_1mfay8f80r,Compositing & Editing Course at MAAC,0,0,0.5,0,1743785204.0,False,t5_2qugx,"MAAC’s Compositing & Editing course helps you specialize in video editing and compositing, making you industry-ready.

[https://maacedu.com/vfx/](https://maacedu.com/vfx/)"
t2_1mfay8f80r,Learn Advanced 3D Animation Techniques – Apply Today,0,1,0.66,0,1743785152.0,False,t5_2qugx,"Step into the world of 3D animation! Our comprehensive course covers 3D modeling, rigging, texturing, and animation techniques. Get trained by professionals and work on industry-standard software like Blender and Maya. Join MAAC for a career in films, gaming, and advertising!

[https://maacedu.com/3d-animation/](https://maacedu.com/3d-animation/)"
t2_1mfay8f80r,Enroll in India's Leading Animation & VFX Institute | MAAC,0,0,0.33,0,1743785005.0,False,t5_2qugx,"Join MAAC India for expert-led training in Animation, VFX, and Gaming. Gain practical experience and work on real-world pro 

[https://maacedu.com/](https://maacedu.com/)"
t2_118yxqf8rw,Is doing llb in 30s a good career choice? Do after completing it can i expect a desk job with 50k salary?,0,9,0.92,0,1743741215.0,False,t5_2qugx,I'm 27 and took wrong decision to do btech now I realised I'm not intelligent enough for btech jobs. I was thinking of doing llb in 30s . Is it a good career choice? Can I expect a desk job with 50k salary?? 
t2_rjxkeu7n4,Saw a QR code attached to someone's bag?,0,87,0.89,0,1743696262.0,False,t5_2qugx,Saw a boy in Metro roaming with this QR attached to his bag... Is this new Ad service 😂
t2_1g1e02hu6n,Do you plan on to attend this? Ft. Travis Scott,0,0,0.4,0,1743783982.0,False,t5_2qugx,
t2_1fk6gd0m30,Need some help from doctors of delhi,0,1,1.0,0,1743783571.0,False,t5_2qugx,"Hey everybody

My father had gone through 2 heart surgeries. Angioplasty, As two of his nerves were blocked. After that, He had gone through a pacemaker surgery.

He is havig pacemaker since 5 years. We always get his checkup done in every 6 months, And Its been 2-3 months since his last checkup

From some days, he is feeling a little heaviness on the pacemaker area. I am a bit scared, because there is no good cardiologists in my locality

So, If any doctor here can advice me on this, It will be very helpful for me... "
t2_11nu2uv031,Has anyone watched this? Is it worth it?,0,1,1.0,0,1743782439.0,False,t5_2qugx,Planning for a movie this weekend. Anyone who watched this movie and is it justified to spend 600 for they're watch? If not which recent movie is worth watching in theater? 
t2_1lukg6wtcb,http://m-lp.co/nishantp-4?utm_medium=native_message&utm_source=app,0,1,1.0,0,1743782366.0,False,t5_2qugx,"to have fun and alcohol

I want to go on a hiking trip amd drink alcohol and do lots of other stuff amd i am being totally honest every contribjtion will make me come closer to my dream. Please donate money for me to enjoy. 

To donate - http://m-lp.co/nishantp-4?utm_medium=native_message&utm_source=app"
t2_1mjdrk0epx,Delhi se solo trip 3000 budget Kaha Jaun?,0,2,1.0,0,1743767920.0,False,t5_2qugx,Please tell me
t2_s2c7x16j2,"Experience also , a reality check : Startup Mahakumbh 2025",0,1,1.0,0,1743781168.0,False,t5_2qugx,"
So, I visited STARTUP Mahakumbh 2025 today, and honestly, it was a real eye-opener. I realized that what Piyush Goyal said about Indian startups actually had a point  even though many “ entrepreneurs were busy refuting his statement online.

 · Around half of the stalls/pods were AI-focused, and the rest were mainly D2C, agritech, or service-based. As someone who’s also working on a startup idea, I went there just to observe and understand the current landscape of Indian innovation and startup growth.

But what I found was a bit disappointing…....

Most of the stalls were just packaging and reselling the same stuff. They had registered companies, but they weren’t really building anything new. It felt like a glorified dropshipping setup. People were outsourcing products from elsewhere, slapping their own stickers on them (yes, literally sticker-based packaging you can peel off) and calling it a brand.

Some even added incubator details on their stall boards like it's a badge of success. I personally don’t think that was needed unless it actually added value to the product.
But on the flip side, the environment was kind of toxic. People were being judged based on the type of ID card they were wearing gold, silver, etc. If you had a plain visitor pass, many of them didn’t even give you proper attention and worst part  my friend overheard someone saying “Shakal dekh ke samajh aata hai kitna hoshiyar hai.”
Like seriously? This is how you judge talent and innovation?

It was disheartening to see such shallow behavior in a space that’s supposed to be about ideas, innovation and collaboration.

Anyway, it was a learning experience. If you’re building something real, don’t get discouraged by the noise.
 Just keep working on stuff that actually solves problems."
t2_1f6y9duyvf,Suggest authentic Gujarati food place,0,2,1.0,0,1743767357.0,False,t5_2qugx,"I am from gurgaon, didn't find any authentic Gujarati food place. I am willing to come to delhi for that. Please suggest me something.... Also could someone send the link of the place? or complete name "
t2_q232dtkwx,How much yulu cost for 1 day,0,2,1.0,0,1743767212.0,False,t5_2qugx,Planing for nightout..
t2_r3972lh5s,Jio fiber postpaid plans,0,3,1.0,0,1743758881.0,False,t5_2qugx,"TLDR: Can someone help me understand how this whole jio fiber postpaid plans billing work and why (if) they charge extra? 

I had got Jiofiber installed under the Rs1234 trial offer. Unfortunately, the guy gave me the postpaid plan which I wasnt aware of. 

Now when I am looking for the plans, I am not able to decide which plans would be a better choice since I read some old posts here that they charge extra even after paying the amount for postpaid plans before the billing cycle. 

Can someone help me understand how this whole jio fiber postpaid plans work and why they charge extra? 


Ps- couldnt find anything on the myJio app
"
t2_861cw8a7,Y2k digital camera shops in delhi,0,1,1.0,0,1743779738.0,False,t5_2qugx,"Where can I find old digital cameras like sony cybershot, nikon coolpix in delhi?! Pls help ✨"
t2_enxt0oy5,Looking for affordable PG,0,2,1.0,0,1743765405.0,False,t5_2qugx,I(male) am new to delhi and I am looking for a PG. My budget is 10k. Can anyone suggest an affordable PG with food.
t2_fd61w1uk,24/7 convenience store near New Delhi Railway Station?,0,1,1.0,0,1743778556.0,False,t5_2qugx,A place that remains open till late or 24/7 where o can find Snickers or some other snacks?
t2_7syssozs,Thoughts on this by DMRC?,0,1,1.0,0,1743778344.0,False,t5_2qugx,"Sir aap chhat pe chad gaye metro ke toh 50 rupay nikaalo aur utaro.




Nahi utar rahe? Ab toh 500 rupay nikaalo"
t2_1k0f8rugbe,Delivery scam in Delhi,0,1,1.0,0,1743778250.0,False,t5_2qugx,"I ordered on Amazon an item on 22nd March 2025 and delivered on 23rd March 2025. But to whom delivered, that is a question mark because till date I didn't receive the item. After complaining, till today (04.04.2025) not resolve. I think now Amazon not taking any responsibility except the commission.
So be careful."
t2_1iiwj90iyt,Real Madrid vs Arsenal screening?,0,1,1.0,0,1743777841.0,False,t5_2qugx,Bhai anyone know any place for Real Madrid vs Arsenal screening or up for it?
t2_7ujo0j09,Who is shukrana guruji? Like how did he get to have such a huge following?,0,1,1.0,0,1743777429.0,False,t5_2qugx,While going to karol Bagh yesterday I saw many shops had his photo. 
t2_1gpdykyb3u,Where can I get these at cheap price in Delhi,0,3,1.0,0,1743755676.0,False,t5_2qugx,Where can I get wall shelves at cheap in delhi. ?
t2_1bgcon4tao,Places to go for fun in delhi?,0,0,0.5,0,1743776607.0,False,t5_2qugx,"Meri best friend ka kal birthday he and we want to have fun tomorrow. Any places we can go? Monuments, shopping wagera nahi (ladke bhi he saath me nahi karne denge ye sab😭) kuch maze karne ki cheeze"
t2_gj3qwydg,Looking for Clinical Research Internship Opportunities in Delhi NCR – Need Help,0,0,0.33,0,1743776396.0,False,t5_2qugx,"Hey everyone! I'm 21 (F) currently a second-year student pursuing a double major in Neuroscience and Medical Physiology, and I'm looking for a short-term clinical research internship at a hospital or medical research center preferably in Delhi NCR. Ideally, hoping to get exposure to clinical work, data collection, patient interaction, or anything related to ongoing medical research projects. I’m genuinely passionate about clinical practice with research and would love to be part of a team, even in a learning or assistant role.

If anyone has suggestions, contacts, or advice on how to approach hospitals or doctors for such opportunities, I’d be super grateful.Also happy to DM if that’s more convenient."
t2_dxb1i88r3,Any Doctor here ? So basically I diagnosed with choroiditis and docotor suggest me this medication,0,1,1.0,0,1743776289.0,False,t5_2qugx,This 
t2_dxb1i88r3,Guys anybody here ever experienced choroiditis,0,1,1.0,0,1743775958.0,False,t5_2qugx,Guys please tell me about your choroiditis experience 
t2_gpwyk,"After the recent Delhi High Court ruling that service charges can’t be mandatory on food bills, restaurants are oscillating between increasing food and drink prices and letting the restaurant staff bear the loss | The Times of India",0,1,1.0,0,1743775828.0,False,t5_2qugx,"Justice Prathiba M Singh said that for consumers, the collection of service charges is proving to be a double whammy – they are forced to pay service tax and GST on the service charge as well. Industry experts say that the ruling will leave restos to reassess their pricing, affecting not only businesses but also consumers.

Source: [https://timesofindia.indiatimes.com/life-style/spotlight/no-service-charge-expensive-resto-outing/articleshow/119962288.cms](https://timesofindia.indiatimes.com/life-style/spotlight/no-service-charge-expensive-resto-outing/articleshow/119962288.cms)"
t2_1e6txthwqj,can i carry beer bottles in delhi metro?,0,1,1.0,0,1743775386.0,False,t5_2qugx,ik i can carry sealed pack daaru?not sure about beer
t2_1h6hqy3i62,Jee ke alawa sb blah blah blah blah (20 words nhi the),0,0,0.33,0,1743774591.0,False,t5_2qugx,Ghost of dholakpur 
t2_9e099c9a,Sad feeling for Telengana forest,0,6,0.8,0,1743738061.0,False,t5_2qugx,"Hi delhi, can we do something or can we protect the Trees or the incidents in telangana except the Posting on social media?"
t2_1ck2sorx3f,In dire need of job urgently,0,1,1.0,0,1743772747.0,False,t5_2qugx,"Hello people..need to make ends meet and need a job part time which pays me well  (arround immediately)

I'm a girl so pls don't suggest late night/ delivery/ applying at linkedin etc. Pls pls make this reach the right people🙏"
t2_5np8ax8p,Communities in Delhi,0,4,1.0,0,1743745326.0,False,t5_2qugx,"What communities do we have in Delhi for social work - Environment, Animals, Poor people etc.

Are you a part of any such community? How active are they and how to join?"
t2_tyq6o9qp,Anyone taken Mandarin classes at World Language Center (WLC) Pitampura?,0,0,0.5,0,1743772379.0,False,t5_2qugx,.
t2_1ee41wnwl7,"Gym with SLED, rowing machine and skierg machine?",0,0,0.5,0,1743771768.0,False,t5_2qugx,"Hi everyone. Is there any affordable gym in Delhi (preferably around Dwarka) with sled push/pull setup, rowing machine etc.? The plan is to do Hyrox type interval training. "
t2_14nh9n07d7,"reviews on ""Dr. Behl's Skin Institute & School Of Dermatology in Greater Kailash 1""",0,2,1.0,0,1743758182.0,False,t5_2qugx,"i am facing premature grey hairs like they are less but five to six strands are just visible and there are many more, and i took a blood test in mid jan 2025 found out that i was having vit d and b12 deficiency where vit d was something around 5 or 6, and my vitamin tablets are going on since then but i was having frizzy hairs too so i decided to visit this clinic, and yes i would say the medicines did work good for reducing the frizzyness and dryness from my hairs, and i have to visit again but the last day i was searching for this clinic over google and the reviews are found were not what i was execting, so i want to know should i continue taking my treatment from this clinic or is there any other good dermatology clinic that you guys can suggest?"
t2_5u83ztmo,Prepaid sim card for secondary intermittent use,0,0,0.5,0,1743771653.0,False,t5_2qugx,"I wasn't in India from 2016 till recently. Previously we could get Prepaid mobile numbers and we didn't have to recharge if we don't need to do a lot of calls, and the SIM card had a pretty long valididty with a very small recharge of 10 to 20 Rs.

Are those days over? Or such offers still exist? I just needed some extra number for privacy purpose, which I would hardly use for making any calls or for browsing internet.
"
t2_9zsntohn4,Pollution dadu Dar gya,0,0,0.25,0,1743785065.0,False,t5_2qugx,"Delhi mai itna pollution hai ke Kal mai doctor ke pass gya tha dadu ko Leke check up karna ne toh unhone kha ke inke lungs yeh atmosphere mai survive nhi kar sakta inhe kahi aur shift kar do  

Ab Mai har roz jab dadu baat nhi mante toh unka kamara mai patake faad deta hu "
t2_17vk74y71d,Looking for flatmate,0,1,1.0,0,1743770185.0,False,t5_2qugx,"🏡 Property Details 
 
✅ Available: Fully furnished

✅ No. of Beds: 2 BHK
 
✅ Rent: ₹25000/ split by 2 rooms
 
✅ Deposit: ₹25000/ split by 2 rooms
 
✅ Available for: Boys / Girls 

✅ Floor- 3rd ( No lift )
 
📍 Location - Tagore Garden Extension 
 
✅ Amenities: Balcony, Bathroom Mirror, building, CCTV, Dining Space, 2 AC, Fan, Garden,  Electricity, Living Space, Wardrobe 

Hmu for more details and the video of the flat as well.
 "
t2_6izuzl2h,Concept stores in a small alley,0,3,0.81,0,1743742939.0,False,t5_2qugx,"Hi guys, a few years back 2021, I stumbled into a nice place to hang out in Delhi, it was somewhere close to Qutab minar and Hauz khas, if I remember it correctly. I am not familiar with Delhi so much. I am looking to find it back again. There was a small sort of alley with fashion, accessories and interior design pop up stores. There where some rooftop bars, too. Can you please let me know where that all was happening? "
t2_fd61w1uk,How to go from Delhi T3 to New Delhi metro station?,0,0,0.33,0,1743769695.0,False,t5_2qugx,Is the metro station connected to T3? Like in Bangkok? How can I reach T3 Metro station from T3?
t2_14tfyvfght,Anyone else just tired of being alone?,0,51,0.93,0,1743691622.0,False,t5_2qugx,"Lately, I’ve been feeling the weight of being single, and it’s hitting harder than usual. I try to keep busy, focus on work, hobbies, and self-improvement, but at the end of the day, it feels like something is missing. It’s not just about dating—it’s about connection, companionship, and having someone to share life with.

Anyone else in the same boat? How do you cope with the loneliness?"
t2_axv6glnj,Going to Nehru Planetarium. 2D show or 3D show?,0,2,1.0,0,1743754910.0,False,t5_2qugx,"I'm planning on going to Nehru Planetarium this Sunday with a friend of mine. We have other things planned too and can only do one show. I saw there are options between a 2D show (Biography of the Universe) and a 3D show (Robot Explores).

What is the difference between these shows other than pricing and 2d/3d? Is one better than other as an experience?"
t2_118yxqf8rw,Someone please tell me age limit for b. Ed to teach in govt schools?,0,0,0.5,0,1743767841.0,False,t5_2qugx,"I chose wrong field btech . I'm not intelligent enough for BTech jobs. I got into btech through reservation. Now I'm realising I'm very poor in maths and intellect. Should've chose arts stream. 

Now I'm 27 and want to go in teaching line. What should I do? Is b. Ed at 27 possible from colleges which are recognised? 

Is my age over for b. Ed for teaching in govt schools? "
t2_51uap,NEW DELHI | AIRBUS A320 LANDING 4K,0,2,1.0,0,1743753081.0,False,t5_2qugx,
t2_8eovu7do,Orthodontist recommendations- for invisible aligners / invisalign ( Budget- 1.5L)?,0,1,1.0,0,1743765335.0,False,t5_2qugx,"Hey Delhi folks,

Has anyone used any pther brands like - toothsi/clove/snazzy ? Are they good ? 

I’m looking for recommendations for a good orthodontist in Delhi who offers Invisalign or any other reliable invisible aligners within a budget of ₹1.5 lakh (can stretch a little if needed). I want a balance between affordability and quality, so would love to hear from people who have firsthand experience or know someone trustworthy.

Would appreciate any clinic/doctor recommendations, cost breakdowns, and personal reviews. Also, if anyone has explored alternative brands to Invisalign - clove /toothsi etc that are equally effective but more budget-friendly, do share!

Thanks in advance! 😃"
t2_o5qhdvs8,Must visit cafe in Majnu Ka Tila,0,399,0.96,0,1743648034.0,False,t5_2qugx,"I went to Wongdhen cafe last week and it was so tasty and affordable..
Must try cafe
Taste 10/10
Aesthetics 10/10
 "
t2_11a3r5vsqy,Bro tried to threaten us...,0,18,0.88,0,1743707819.0,False,t5_2qugx,"Me and my friends were going to hostel and I took some photos, but bro got furious and tried to threaten us with his gang🫠"
t2_1jrit2se8m,Best locations for weekend getaways near Delhi NCR,0,1,1.0,0,1743763027.0,False,t5_2qugx,"I was planning to go out with my friends this Saturday. What are some close locations or unexplored places where we can have a good time, good food, and obviously good pictures and memories. P.s. please share less crowded quite places, and not much outdoors because of the weather.

Thank you!"
t2_1mcpcnfzmk,Indian 13-Year-Old Boy Creates the story for Iron Man,0,0,0.5,0,1743762771.0,False,t5_2qugx,"I know this sounds crazy but many times the questions raises whenever there is a conversation of ""Avengers"" or ""Iron Man"" a person questions ""What if Real Iron Man is created?"" well, I am a 13-year-old boy (born in 2011) from India and have an eager interest in computer science and computer engineering. I was thinking and ""YES!"" it can be created now we dont have the Nanotech for creating Iron Man Mark 85 but if you think about it the rest other versions or marks are impossible because we can substitute the Nano tech used in mark 85 for self folding and self expanding material which is used in self defense sticks

[https://www.amazon.in/KLIMET-Appearing-Stretchable-Extendable-Magical/dp/B0CRL5ZDMN/ref=sr\_1\_10?dib=eyJ2IjoiMSJ9.KZxundMxg5vBwqekuD6abg-SWtRMNsd0W0us8tXJPU53pUe0Ka18tMiX-lJfmaBPKxtUA9R0ed8Q\_WrENCBN7L4X3OH9XEnMpvtZ\_FOfEUfnVUbhqyxzIyk97pwjyShbqBVDuhS2Mnv0JPUe53gsuxglUZTUWHKYkInONLyR6geWGBrCaxr5S\_QKtIbxiBuoKmQli80waRN8aUUFe\_5NlAduPS8rSbXoeUvXskJ9KmYACZSegb82zHsEsN6dsw6I2kG0SZsTu2ZmxBzBs6lv0JKGysgClow8NZPYVtiyCSIBalOYGa\_g6jP1pbmhggeDyjEVM32bajOTct3sjOjm-bSeyu0JITCkWmiUlYLTIpV72GXpkPFiVeTzoAHE2fyPogQzao7nuUwedV5y6B0bXG5fIhrG4wuaXDXThjfG1HN-VU2V-ZZbGi9golvlVuJZ.LdIkC7DFFeQx4AQDLcicxcYzJUstSAXbWwILw\_8g96U&dib\_tag=se&keywords=self+defence+stick&qid=1743502818&sr=8-10](https://www.amazon.in/KLIMET-Appearing-Stretchable-Extendable-Magical/dp/B0CRL5ZDMN/ref=sr_1_10?dib=eyJ2IjoiMSJ9.KZxundMxg5vBwqekuD6abg-SWtRMNsd0W0us8tXJPU53pUe0Ka18tMiX-lJfmaBPKxtUA9R0ed8Q_WrENCBN7L4X3OH9XEnMpvtZ_FOfEUfnVUbhqyxzIyk97pwjyShbqBVDuhS2Mnv0JPUe53gsuxglUZTUWHKYkInONLyR6geWGBrCaxr5S_QKtIbxiBuoKmQli80waRN8aUUFe_5NlAduPS8rSbXoeUvXskJ9KmYACZSegb82zHsEsN6dsw6I2kG0SZsTu2ZmxBzBs6lv0JKGysgClow8NZPYVtiyCSIBalOYGa_g6jP1pbmhggeDyjEVM32bajOTct3sjOjm-bSeyu0JITCkWmiUlYLTIpV72GXpkPFiVeTzoAHE2fyPogQzao7nuUwedV5y6B0bXG5fIhrG4wuaXDXThjfG1HN-VU2V-ZZbGi9golvlVuJZ.LdIkC7DFFeQx4AQDLcicxcYzJUstSAXbWwILw_8g96U&dib_tag=se&keywords=self+defence+stick&qid=1743502818&sr=8-10) . which will be attached to a body or skin suit. Now for the computer now idiot would just go ahead and put it in the back or head what we should do is make a mini pc and slap on some bands on it so it looks like a smart watch and the computer is a raspberry pi with probably like 8gb ram and a case with a mechanism which will trigger all the self-defense stick thingy's (similar) placed all over on the body which will be triggered all at once thus covering the body and now for the mask. We can use the ones used for showy I am currently working on the mask, but all I know is that it can't be nano tech but it will  be hooked up to the raspberry pi minicomputer, and raspberry pi computer will be powered through like a chunky power bank and looking for one that is actually properly portable this may not be any flight iron man but it will surely cover the whole body in metal and am looking to replace the materiel with titanium or something but it may get too heavy for the person.

I will experiment more on this theory and 3d model it.                  -Fateh Gill"
t2_aqxlzx8e,Got placed in ZS Associates as BTSA. Anything I should know?,0,1,1.0,0,1743762689.0,False,t5_2qugx,"1y experienced Full Stack Developer here. I just got the offer letter. Any tips on what should I learn now which will help me later? Or anything you like to share? Any tricks would work too.



My Role is Business Technology Solutions Associate (BTSA)"
t2_17ouomtj62,When you enter to playstore for downloading some games for timepass and what they offer you.,0,2,1.0,0,1743748388.0,False,t5_2qugx,"Paisa paisa paisa, lalach lalach greed greed capital unethical rotten "
t2_60pbjrm1,Thoughts on proposal of paying 10K during PUC for >10 years vehicles,0,53,0.81,0,1743683783.0,False,t5_2qugx,"Already disappointed by E20 fuel that some cars don't support. These proposals seems to focus on vehicles more irrespective of vehicle maintenance, and not on industries, parali etc."
t2_1cyovbspvb,Favourite place to be alone?,0,0,0.25,0,1743774442.0,False,t5_2qugx,Drop your favourite spots to be alone and sort your mind out whenever you feel like need some peace or some time alone. 
t2_ul8vy2bds,THE POVs For the burger,0,0,0.33,0,1743781535.0,False,t5_2qugx,"I need all those POVs for that huger guy story, anyone hounorable enough to mention them all in here please do so 😷"
t2_yt3lmtxds,Made a spoof product. Is there a demand for this in DL? (Read the pack for “a” surprise) :P /s,0,21,0.85,0,1743699389.0,False,t5_2qugx,side quest masti
t2_14pzwm7sxt,Delhi dummy school required for class 11th,0,1,0.67,0,1743759307.0,False,t5_2qugx,Hiii I'm looking for a dummy school IN DELHI. I dont want the school to be a 100% dummy school meaning I want ki the school has 11th 12th science faculty and attending science students as well...I'm going to start 11th now..any suggestion? 
t2_fonzwa3d,Should I do SIP or one time investment with this?,0,26,0.87,0,1743694866.0,False,t5_2qugx,
t2_ae3m614n,Vet recommendations for spaying a female dog in Delhi please,0,1,1.0,0,1743759000.0,False,t5_2qugx,"I need to get my female dog spayed and I’m so anxious at the thought because it’s more invasive than neutering male dogs. If anyone knows a reliable vet in or around west delhi, please share your recommendations. Money won’t be an issue. I just want to ensure my little girl would be in safe hands. 🙏"
t2_8qrjgpss,Medical fitness certificate,0,1,1.0,0,1743758766.0,False,t5_2qugx,"Hi, i am going for a trek and the forest permit requirements include a medical fitness certificate. Anyone knows where can i get it at a cheap rate ?
"
t2_1ml9pgsdbz,IGI Terminal 3 Layover (10 hours),0,2,1.0,0,1743744219.0,False,t5_2qugx,"hi y'all! i'm 24 (british), i'll be flying from london to bangkok via Delhi with air india. it's the best deal right now for my dates! i had a few questions about my layover!

1. i don't want to deal with the hassle of getting a visa. is there a way to enter india for a transit (10 hours) without a visa?

2. if not, do you know of any hotels/lounges (with beds) in the airport? do they accept priority pass?

3. i'm a smoker, do you know if there's a smoking room airside?

4. any tips on spending 10 hours at the airport?"
t2_dc1f7gb,Good Resto-Bar for hangout,0,2,1.0,0,1743744176.0,False,t5_2qugx,"Bhai log, kaafi time baad dost ekathe ho rhe hai, please suggest a good restaurant + bar. 
Please avoid suggesting too expensive places, our main focus is good food and a chill vibe to talk and hangout.
Central Delhi(CP/Qutub Minar) area would be good but can take other suggestions as well."
t2_9kd26j5s,"Where to buy winter wears( jackets, woolen sweaters, gloves, socks, etc) from Delhi in April...",0,1,1.0,0,1743757442.0,False,t5_2qugx,"Really need help as my friends and I are passing through delhi for our HP trip next week and we have no clue on where these items would be available. We'd arrive delhi by 6 am and board bus by night. By then we need to buy all such stuff.
Help and heads up would be much appreciated.
Your brother from South:)

Ps: we also have a weak grasp over the language too:/

We are also on a budget....being students:⁠,⁠-⁠)"
t2_11hasg4tvw,Need pet friendly Cab service from Delhi to Indore. Any suggestions?,0,3,1.0,0,1743735878.0,False,t5_2qugx,"Hi! 
I am moving from abroad to India along with 3 suit cases and a 45 kg German Shepherd. 

I will be landing in Delhi and from there need to take my luggage and dog to Indore. 
Train and domestic flight are not possible so looking for Cabs. 

Can someone suggest any car service in which I can fit in my luggage and my dog from Delhi to Indore. 

Found CabBazaar but hearing mixed reviews as many passengers left stranded. 

I am a female and want to make sure it's safe and reliable. 

Any suggestions will be much appreciated. Thank you "
t2_19nchh5kj0,Has anyone tried mutton momos from that shop in chanakyapuri?,0,1,1.0,0,1743756556.0,False,t5_2qugx,If yes then how were they??
t2_1f7iz8vwjg,delhities according to you what are the top 3 metropolitan cities in india(one is DElHI),0,1,1.0,0,1743756301.0,False,t5_2qugx,"based one

1)diversity

2)economy

3)infrastructure

4) Night life 

5) Jobs 

mine are DELHI,BANGALORE and MUMBAI"
t2_jsbjfa7mp,What an amazing view!,0,41,0.93,0,1743683791.0,False,t5_2qugx,
t2_qy0vzotvx,Confidence has a face with ketchup on it,0,0,0.33,0,1743777146.0,False,t5_2qugx,"I was just standing there, waiting for my order, thinking about how this city somehow manages to be both chaos and charm. That’s when I saw him.

A man. A burger. And a moment I’ll never forget.

He dropped it. Just like that. No flinch, no gasp—just silence. Time paused. He stared at it like it was an old friend he had to say goodbye to. Then, as if guided by divine instinct, he bent down, picked it up, blew on it like it was hot soup… and took a bite.

I gasped. Couldn’t help it. I wasn’t ready. No one was.

A kid nearby looked like he’d just witnessed Batman in real life. The floor looked like it needed therapy. And me? I stood there rethinking every decision I’d ever made. About food. About hygiene. About men.

He didn’t look around for validation. He nodded to himself. Like, “Yeah. That’s right.”

Was it disgusting? A little.
Was it insane? Maybe.
But was it the most confident thing I’ve seen in months?
Absolutely.

That man didn’t just eat a floor burger. He owned it. And somehow, I walked away a little braver too."
t2_t9jilno3,Promotional messages in Google Messages App,0,1,1.0,0,1743755306.0,False,t5_2qugx,"I keep receiving these promotional messages in Google messages app. While I 'report and block' but they still find a way to sneak in. 

Is there a way where we can stop this completely, I could not find any option in the app?

These are very annoying and I do not know of any other better sms app. Suggestions welcome. "
t2_1bnns7g4zk,Delhiiii Catss are toxic,0,92,0.92,0,1743666210.0,False,t5_2qugx,"I rescued a stuck cat from a narrow building gap, accessible only through my washroom window. After multiple attempts, the cat played tug-of-war with me. Then, I YouTube'd the 'knot that tightens when pulled' and... crisis averted! The cat was saved, and I got a nice scratch as a thank you 🫠👍
Do I need to see docter or dettol is fine? "
t2_j2i4krh0,Travelling tips dedo,0,1,1.0,0,1743753818.0,False,t5_2qugx,"First time travelling on a overnight train. 
Luggage and safety tips dedo. "
t2_1ki3orya31,Any place for jogging,0,2,1.0,0,1743739670.0,False,t5_2qugx,Is there any place near by Rohini west metro where you can go for early morning jogging without the fear of dogs chasing you. 
t2_gh28jq97w,where to buy cricket bats?,0,1,1.0,0,1743752685.0,False,t5_2qugx,"Hi all, looking to buy a good english willow cricket bat when i visit delhi next (NRI 😭), any reccomendations for stores? looking for some place closer to old delhi. "
t2_1lj4qyhaq3,Have lived with my human for over 1.5 years now. AMA.,0,1162,0.97,0,1743614220.0,False,t5_2qugx,I bark a lot woof woof.
t2_1f7iz8vwjg,What do you think about india's biggest rapper on youtube(EMIWAY BANTAI),0,0,0.31,0,1743778427.0,False,t5_2qugx,
t2_ffpv5fq3,India Gate collectible,0,1,0.55,0,1743750428.0,False,t5_2qugx,"Ive made this India Gate collectible using chatgpt image generator. Pl let me know how it is 
Thank you "
t2_ddqc64vi,Which metro line do you think is best in terms of the places it connects,0,240,0.99,0,1743642929.0,False,t5_2qugx,"Imo, the Magenta line has all the great stations one could ask for."
t2_k945d8c2p,Where can i buy white/cream/beige pants and shirts like the ones in fashion. Offline.,0,1,1.0,0,1743749858.0,False,t5_2qugx,. 
t2_snn8y0k68,Looking for job openings in Delhi,0,0,0.5,0,1743749387.0,False,t5_2qugx,"Ladies and gentlemen, 

I(M25) was born and brought up in chennai, worked in a renowned IT firm for the last 3.5 years with monthly salary of about 35k. I'm looking for a job somewhere far from home and family somewhere where I can learn to be independent and concluded that delhi is the ideal location. Earlier I've been to delhi twice and fell in love with the city during the second visit. I'm still learning hindi and at an advanced beginner state. 
If any of u guys could recommend any job leads in IT, sales or anything suitable I would appreciate it bhais and behens. Most firms provide bonus or incentives when u refer a new employee, so it's a win win. 

PS - Shayad I'm doing this to get closer to the girl I've been in love with for over a year, to take things to the next level with her. She lives in delhi and she is the reason I visited Delhi for the second time, reason I went from hating to loving the language and city. Please help a brother out.

PS2 - Already been looking in job portals, appreciate if u could recommend in ur company or companies u could get me an interview with."
t2_u23xjjz8,How do I connect with mo*ds here,0,1,1.0,0,1743749236.0,False,t5_2qugx,"Hiii i would like to connect with r/delhi m*""ods here ?? How do I reach out , and get a response, I have to crowdfund for my multiple chronic illnesses , i just want to be verified first by them"
t2_16bpq1c4,Elite Music Academy/Socialising Club recommendations for my Uncle (NRI M55),0,0,0.5,0,1743748237.0,False,t5_2qugx,"Hello guys, before coming to the request, I humbly apologise in advance if my words come off carrying even a bit of classism but that’s what my concern is for.
My uncle (NRI - 55 yo) since his return from UK, has been desperately looking for various extracurriculars to indulge in and explore more of the Delhi’s (and India’s) social culture. In his exploring stage, Classical Music and Indology has fascinated him the most and is now keen on learning Music and stuff on semi-professional level. He currently stays in Noida and is open to travelling, socialising and exploring whole of Delhi, since he doesn’t have his wife and wants to find a good activity to indulge that also gives him some learning. He’s desperately been searching for some well-off Classical Music schools and I’ve been trying to help him too but to no avail till now. The major problem is the quality and ambiance, all the academies that we’ve searched so far provide.
The things is, He’s hardly been to India (last time was his childhood) and now would def need a good gelling time to adapt to the overall culture and social stuff. This is why, I would NEED Y’ALL HELP in finding some good musical centres in Delhi NCR that teach Classical music, belonging to a certain class, stature and locality, where he can not only learn Music but also socialise with educated people of his age. The most appropriate school/academy would be where mostly rich/elite people show up so he doesn’t feel out of place and can be more open to having conversations in English (since he’s a lil introvert). And not just music centres but even if somebody knows some good NGOs, or any kind of indulgence based club where 40yo + adults show up and my uncle can socialise and atleast have a good time, please help your bro with that. 

TLDR - Anybody having recommendations and contacts for Elite Classical Music academies or any Socialising group for 40yo + adults, Please let me know. Already grateful for your help in advance. 🙏"
t2_pwzym6ig,I had these awful chole bhature at Bhogal,0,113,0.97,0,1743654992.0,False,t5_2qugx,"I went for a long walk from my home to CP and midway I decided to try Bhogal ke chole bhature. First, there was such a long queue in the morning and on top of that the taste was really bad. (My friend liked the chole, I didn’t) The bhatura wasn’t great either, zero stuffing and too thick. The staff was fine but one thing I found odd was that I had to ask the cashier repeatedly for tissues and each time he would only give me one. I tend to get a little messy while eating so I needed more tissues plus I wanted to soak up the excess oil from the bhatura.

While heading back home I was in the mood for something sweet so I tried phirni from a random shop in Chandni Chowk. 

Overall, a complete waste of money :’)"
t2_mxziiyqfh,Amrita Imroz: A Love Story.,0,0,0.5,0,1743745869.0,False,t5_2qugx,"(Was listening to aage bhi jaane na tu by sahir ludhianvi)
Perhaps epitome of love for IMROZ, Could someone help me to understand Amrita's stance on Love?

In 1935, Amrita married Pritam Singh, son of a hosiery merchant of Lahore's Anarkali bazaar. They had two children together, a son and a daughter.

She had an unrequited affection for poet Sahir Ludhianvi. The story of this love is depicted in her autobiography, Rasidi Ticket (Revenue Stamp). When another woman, singer Sudha Malhotra came into Sahir's life, Amrita found solace in the companionship of the artist and writer Inderjeet Imroz. She spent the last forty years of her life with Imroz, who also designed most of her book covers and made her the subject of his several paintings.
Ps; its my first post on reddit, couldn't find better and active pages to ask this(suggest if you know any hindi urdu sahitya and poetry pages)💅✨"
t2_esztv4fc,The beautiful Lal Qila,0,5,0.86,0,1743713101.0,False,t5_2qugx,
t2_j41hnq0o,best savings account for a student/fresher,0,1,1.0,0,1743743162.0,False,t5_2qugx,.
t2_8l3k3tpn,My mornings don't complete without a cup of tea. Is this an addiction ?,0,116,0.92,0,1743650178.0,False,t5_2qugx,Adrak elaichi chai . No extra masala .
t2_1ls35u858r,"My cousins are visiting me this month to Delhi, they’ll be coming Delhi for the first time. Can you suggest which places should I take them like for sightseeing, food and other fun stuff?",0,1,1.0,0,1743742033.0,False,t5_2qugx,Drop suggestions please
t2_1ml7hg7s6t,Avoid smytten for products purchasing,0,1,1.0,0,1743741866.0,False,t5_2qugx,"Hi everyone,

I have recently faced a product default from smytten this was the first time I ordered products not a trial one the paid one, and I have received damaged product and when I raise issue they just closed ot by saying that product is good you can use it , no contact number or proper customer assistance provided . So if you are investing your money on such product it's waste buying from smytten prefer amazon and flipkart they help if you face any issue.

"
t2_1mjod9u1z3,I am not able to handle it anymore. Everyone left me when I failed—here’s what I’m doing about it.,0,1,1.0,0,1743741454.0,False,t5_2qugx,"Long story short - I am in financial trouble due to very bad business failures, and I am in debt of ₹5 lakh.

Just putting my thoughts out there because I really don’t want to give up. I started a business in 2023, but it slowly fell apart, and I took loans just to cover small debts. It’s been almost two years of struggling to find my footing in my career.

I live in a rented apartment with my mom. My dad passed away five years ago, so everything’s been on me since then.

For the past 6-7 months, I’ve been hustling—doing every gig I can find—just trying to make things work. It’s been tough, but I’m still pushing through.

The options running through my mind include relocating to a different place because people are harassing me for repayment, and the burden of high house rent is tormenting me. I'm doing everything I can to survive—working with Zomato, Rapido, and taking on gig jobs—but I still can’t keep up.

The only lesson I want to share with people in their 20s and 30s is to be very careful about personal finance. No one is truly there for you in bad times—everyone leaves you.

What I’m considering:

1. Relocating to a different place, though there’s a risk they might file a case against me.
2. I don't want to end my life and leave my mother in pain. I have no family support in life, and life is hitting me very hard.

"
t2_1jsfuu2sev,Anyone for hangout and drink for today ??,0,1,0.67,0,1743740794.0,False,t5_2qugx,"Is there anyone for enjoying today,preferable college student or anyone would work !!!"
t2_mbsbxfp,"People in their 20s who aren't working or studying, what's on your mind lately?",0,12,0.93,0,1743693444.0,False,t5_2qugx,"I saw a post here a few days ago & the topic was sort of in line with this so I was curious as to what's going through everyone's head. Even if you'd just like to vent, feel free to let it all out & let everyone know what you're feeling. "
t2_k289iy20,We Need to address the rising WASP (Tatiya/Bariya) Problem Here In Delhi,0,60,0.83,0,1743659890.0,False,t5_2qugx,"As The Summer Season Is About to hit, The Amount Of Wasp Nests Increase, and with it More Wasps Are Being Born.

Me Including Many Other People That Have Homes Near Wasp Nests Are Constantly Harrased By Those Flying Critters, It's Not Just A Normal Pest, They Hurt, and as a person who is allergic to said wasp stings, it can be deadly if 2-3 Wasps sting me.

We Need To Address This Problem, If you see a wasp trying to find small places near your house, that's a bad sign, Key Places Are Near Light Outlets, Between Bricks And Atop Air Conditioners.
Please Dont Be Afraid To Kill Them, If you do that they are less likely to cause you inconvenience later on. Killing One Queen Tatiya is Much easier than addresing the problem of a Wasp Nest That Has 10-100 Wasps.

(Sorry for the sort of rant :/)"
t2_1k3gzz3tud,Ways to celebrate my 18th birthday?,0,5,1.0,0,1743707600.0,False,t5_2qugx,"Guys this is 17 M almost turning 18 this april and focus on what I'm saying okay, all my life.. there has not been a single birthday that has been like good and happening and fulfilling to me it's mostly like family gatherings which don't get me wrong i like very much.. to meet my family and celebrate with them but this birthday since it's my 18th apart from the usual family thingy i wanna do something for myself like i wanna celebrate feel happy about myself it is my fucking day i wanna feel on the top of the world and i need u guys to tell me what places and celebrations to go for.. suggest things that worked for you (i don't have a lot of very close friends like there are people but then they are meh meh) "
t2_1b8egv8mr4,Can I get a normal contact lens with the spherical power instead of a toric lens ?,0,1,0.67,0,1743738558.0,False,t5_2qugx,"Some say that if the cylindrical power is moderate, it can be adjusted in the spherical power by increasing it. 
Do you guys think my spherical power can be adjusted or is it high that I should go with toric lenses only? 
My eye check up was done last year in the month of October, so I don't want for go for another chcek up right now, hence I just need suggestions. "
t2_2ke9ov5t,Run For Homoeopathy 4.0 : 6th April 2025,0,0,0.5,0,1743736532.0,False,t5_2qugx,
t2_15u7s6njgh,my cutest make so far ! <3,0,89,1.0,0,1743647469.0,False,t5_2qugx,
t2_1kgkbgs4bn,Liquor store in Delhi question - Google is not giving me any answers,0,0,0.5,0,1743735257.0,False,t5_2qugx,"Hey guys. I’m a visitor here and I wanted to pick up some Fireball Cinnamon Whiskey and Jack Daniels. Google is literally useless and giving me so many bs results. I’m in Vasant Kunj, willing to travel to Gurgaon if necessary. Any recommendations? Thank you in advance!"
t2_1dsn1a0hg8,Any options for affordable flats in NCR?,0,1,1.0,0,1743735000.0,False,t5_2qugx,"Hey there, as the rents are increasing but my salary being the same for years means I am not growing financially.

So I am thinking to buy a flat so that the EMI remains the same but my budget is very low (as everybody said) it should not be more than 60-70L, but in Gurgaon i heard you must have a minimum budget of 2Cr which I believe I cannot make for years.

When I asked a dealer then they say there are very less options for affordable housing but yes there are a few but dont want to deal in as they have very less commission and bonuses due to which I am reaching nowhere and getting no responses.

I do not want to get in to debt trap and this cycle of salary and rent. Please help and do not ignore this post."
t2_env46cp4b,You can’t park there bro!,0,145,0.97,0,1743637353.0,False,t5_2qugx,People in India have no road sense and don’t know how to drive. 
t2_1jjaez4rcf,Is anyone planning to go for travis scott concert in jnl ?,0,0,0.5,0,1743734491.0,False,t5_2qugx,Lemme know if y'all are also excited about it
t2_1mcsi2cglj,Bored tell me some ghost stories,0,5,1.0,0,1743707100.0,False,t5_2qugx,Send chills to my spine darlings
t2_pwzym6ig,OP made dhokla after having dhoka,0,0,0.5,0,1743734015.0,False,t5_2qugx,"Tastes spicy & savoury 🙈🙊

Ik shape inti acchi nahi ayi but the taste is wowie!✨"
t2_uzyb058n,Which App Subscriptions Do You Use?,0,8,1.0,0,1743697808.0,False,t5_2qugx,"I’m curious to know which premium app subscriptions people actually use. Do you pay for Spotify, YouTube Premium, Netflix, or any other service?

Do you think they’re worth it? Have you ever subscribed to something and later regretted it? Or is there a subscription that feels totally worth the money?

Share your experiences! 🔥

"
t2_toljt6v8,Arun Jaitley Stadium,0,2,1.0,0,1743719125.0,False,t5_2qugx,"I am planning to watch an ipl match in delhi. Since i am not from delhi i wanted to ask if there are any chances of phone theft or something else. i’ve heard thefts are very common in old delhi and jama masjid side so wanted to know if the arun jaitley stadium area is the same or not. Last thing: is there a masjid near the stadium?
"
t2_k7urv4dhm,B.O.B.O.D.D.Y.  What does the first ‘B’ stand for?,0,33,0.92,0,1743664234.0,False,t5_2qugx,BIZNUSS
t2_7df4ffgc,Lotus Temple from the Sky!,0,5287,0.99,0,1743566622.0,False,t5_2qugx,
t2_fb63s5t4,How do I help my depressed mom,0,6,1.0,0,1743698968.0,False,t5_2qugx,"Re-post: 
TW: Suicide
Mental health issues accumulate to become a full blown problem and it’ll be hard to delve into all aspects of it in this post. But based on the following information; I would highly appreciate if someone could help me see clearly and tell me what I can do in this situation: 

A little background: 
My (26F) mother (62) retired 1.5 years ago after working for a company for good 30 years or so! 
Work was all she knew, a good routine if anything. She had my brother in a boarding school and I was sent off to a different city to be raised by my maternal family (something she regrets now as she didn’t get a chance to be actively present in our lives). 
I know she lives with deep rooted inferiority complex, certain insecurities (like me feeling closer to people who kinda raised me than i am with her) and depression. But recently, since her retirement, it’s been a downward spiral. She has ‘episodes’ where she gets super agitated and hits her head on the wall or gets emotional and other days it’s just plain old typical depression symptoms which thankfully, she has been taking medications for! My brother suggested therapy and even paid for it, she went and didn’t continue because “she knows what they tell her anyway” and “she doesn’t want to spend anyones money on it because it hurts her”
I have been abroad for 7-8 years now and my brother moved out about 10 years ago, and got married last year! 

Situation:
She tried to overdose on her sleeping pills. My dad was around and he noticed her slurring and soon figured she had consumed more than she should and helped her puke it out. I don’t know if she is actively trying to kill herself or if this is a call for attention to look into her matters. She even fell the next day not being able to walk properly and losing balance. She is overwhelmed because my brother is coming to visit the family in India with his wife. Other family members have suggested and pushed her to get excited and do something for them: a big dinner, decorations or buy her DIL something nice and of value. But I believe my mom has no interests of her own and she doesn’t understand why she has to do anything. She is happy with their marriage but she doesn’t know what special to do or why is everyone raving about their homecoming. It’s almost like she’s checked out (I understand it could be the depression getting the best of her), and doesn’t want to have any responsibility or decisions to make, especially if it involves spending money (which she has enough of to live the rest of her life comfortably) 

Next steps: 
I know she desperately needs help. But I also think medication alone can’t help her. She does need therapy. If anything, CBT to begin with because her thoughts are pretty negative even for people who try to do good for her. I would love recommendations for psychiatrist, psychotherapists and any other resources I can use to help her. And also, how do I handle this? I feel so numb to all her situations now from what i have seen when i was a kid to now.
Please guide me to the right sub if this isn’t the one to be posting about on. 
Thankyou! 

TDLR; Mom swallowed sleeping pills, depression getting worst, what do i do? 
"
t2_7wokzulo,I have tasted betrayal from humans. I have tasted academic victory (and caffeine dependency). I highly recommend cats—because they don’t fake love or ask for citations.,0,31,0.9,0,1743661444.0,False,t5_2qugx,"But now I’m curious—what have you tasted, and what do you highly recommend?"
t2_gyi32rhoh,Good and Budget friendly psychologist,0,1,1.0,0,1743728009.0,False,t5_2qugx,Can someone please suggest any good psychologist for counselling which is also not heavy on pocket as I'm only a student 
t2_pvpe7jtr,i put my phone on silent,0,4,0.75,0,1743700464.0,False,t5_2qugx,"it's not a rant but something i wanted to share with people.

for quite a while now, i have been struggling with anxiety on and off. i've been to therapy, was on anti-depressants until 5 years ago and what not. until recently i was convinced that i know how to manage it on my own. 

but, back in january of this year this belief was shattered. i got a terrible panic attack and it just broke me. i took a few more therapy sessions after that and concluded that my phone and social media in general has a huge role to play in that status of my mental health. what's ironic is my job requires me to be on social media so i could provide better output lol. i really had to keep my phone on ringer to be able to respond to comments and inquiries made by the audience of my clients' pages. 

so after careful considerations, i quit my job. found another one which relieved me from responding to all the queries/comments/dms etc and moved back home. 

after a year, i finally got a chance to put my phone on silent, turned off notifications and it has really helped me stay so much calm. i do not feel like pavlov's dog anymore. 

that's it. i hope whoever reads this has an amazing weekend. 

\-huzzkyy"
t2_2igume2a,Want to revise SQL and Python. Suggest,0,3,1.0,0,1743705989.0,False,t5_2qugx,"I have two technical rounds, today (4th April) and tomorrow. I want to revise the concepts of SQL and Python. Any Suggestion? I do not have any notes for SQL or Python, and I learnt them from YouTube. "
t2_1jogqqdtl2,Have we become such a low trust society that it has ruined the social fabric of relationships,0,4,0.84,0,1743699201.0,False,t5_2qugx,"Have been observing this closely from several years (am 43 M) that the trust levels between people especially between men and women have declined rapidly. It has come to a point that it has become almost impossible to forge new connections and/or relationship with opposite gender. 

It started 15 -20 years back with women doubting men to be non-serious in relationships, disloyal etc. And in last 5-8 years men have started to get quite apprehensive of women doubting them as scammers (yeah there have been lot of scam by woman.. the famous tinder date scam), gold diggeres, attention seeking and what not. 

Wheras folks in colleges are still able to make connections and get into relationship with opposite gender, the level of apprehensiveness seen among people in 25+ age is such that even whern there are so easy opportunities for like minded people to connect nowadays due to social apps, bonds are rarely formed. 

One reason is of course the overload of choices available which make people keep hopping from one person to another in hope of finding even better person and in the process they do not put in required efforts to discover each other and build a relationship. This phenomenon of ghosting which we all might have seen at reddit. 

From the very start of conversation, people lhave a suspicion that other person is looking for so called unconnected (ons or whatever) and this moulds their mind to an extent that even innocuous talks are mistaken. 

We all are surrounded by people who are looking for person to connect with, to be in a happy relationship or a companionship (not particularly marriage) and there might be some with matching wavelenth too, but in end we all remain alone.

  
Thoughts?"
t2_1cjsojxjkd,got caught staring at a cutie today :<,0,787,0.99,0,1743594935.0,False,t5_2qugx,
t2_14lzoyv1nk,I don’t wanna live in this city anymore,0,19,0.95,0,1743667651.0,False,t5_2qugx,"I never thought I’d be posting something like this, but the fear I’ve been experiencing lately is something I feel needs to be shared.

I’m a woman in my late 20s, and I’ve been living in India for the past few years. On paper, it should be a beautiful experience—India has so much culture, history, and warmth. But unfortunately, what I’m realizing more and more is that it’s a country where women like me feel unsafe almost every day.

Last week, something happened that has made me question my decision to stay here. I was on a public bus in Delhi, around mid-afternoon. The bus wasn’t overly crowded, but there were enough people. I was sitting near the window, trying to relax after a long day. As the bus moved through the city, a man who seemed to be in his 40s sat next to me. His actions were subtle at first—just leaning too close to me. But within minutes, it escalated. His hand brushed against my thigh, and when I pulled away, he shifted closer, acting like it was completely normal.

I froze. I couldn’t get up because the bus was crowded, and I didn’t want to make a scene. The feeling of helplessness washed over me. I tried to ignore him, but his presence was so overwhelming. I kept hoping the stop would come, and when it finally did, I rushed off the bus, feeling dirty and violated. I didn’t report the incident because I honestly didn’t know what good it would do. And that’s what makes me feel even worse—why didn’t I do something? Why am I afraid to stand up for myself? The truth is, there’s a deep fear in the back of my mind that nothing will happen, that I’ll be blamed somehow, or worse, that I’ll be ignored.

This isn’t an isolated incident. I’ve had men shout at me on the streets, honk at me from their vehicles, and give me unsolicited advice on how I should dress. The constant barrage of comments, stares, and lewd gestures has created a level of anxiety that I can’t seem to shake off. I try to tell myself it’s just a part of life here, but it’s exhausting. Every time I leave my house, I feel like I have to be on high alert. I don’t feel safe going out alone after dark, and sometimes even during the day, I wonder if I’ll be harassed.

I love India in many ways—its food, its traditions, the beauty of its landscapes. But no matter how much I enjoy these things, it doesn’t outweigh the constant fear of being unsafe. I just want to live without having to constantly look over my shoulder. I know this is a reality many women face around the world, but it’s been especially difficult to come to terms with here.

I don’t know what the solution is, but I do know that this is something that needs to change. Women should feel safe in their own country, and they shouldn’t have to question their safety every time they leave their home. I don’t have answers, but I hope this conversation can be part of a bigger discussion about women’s safety in India.

Thanks for reading. I just needed to get this off my chest."
t2_cd7xhg1f,This guy ruined my day out with my friend,0,314,0.95,0,1743611260.0,False,t5_2qugx,"So me and my friend randomly decided to go to a random cafe today. We arrived and there was this laptop and headphones lying at the table beside us but no owner, quite normal. 

We ordered and sat down, soon a guy came and sat down at the spot beside us (where the laptop and headphones were). He was wearing glasses and just staring at us while we talked. Suddenly he told the owner ""oh I think someone left their charger"". My friend had put her phone on charging. The phone was literally attached to the charger and all whatever, he tried to initiate a conversation through that we ignored. He continued staring at us. 

We decided to go out and go for a walk. My friend complained about all the stuff she's carrying today and the guy randomly chimed in ""oh just keep it here, I'll look after it."" We got a bit awkward and said no. It was fine till that, maybe he was just a socially awkward guy trying to make friends?

We went outside the cafe and sat on a bench. That guy came out and started wandering. Just going from one end of the market to another, buying food and looking at us while he eats. 

We glared at him a few times, I know it does nothing but you know. Then he just sat down and BLATANTLY STARTED STARING. 

We also stared back thinking maybe he will stop if we do that but he continued. His stuff was literally still inside while he did this. We recorded him staring thinking maybe he will stop then BUT THEN HE FUCKING SMIRKED AT US?

We were at and around the cafe for around 2 hours and the entire time that guy was there. He hadn't even ordered anything. He wasn't working on his laptop. He was just staring at us. We went to the cafe to talk and chill since a lot has been going on lately but he ruined our day out. 

I want to attach a picture of that guy from the video I took but I'm not sure if I should do that. This happened in Hauz Khas btw. Not hkv but nearby. "
t2_113r6td0e8,Help !! Urgently need a room on rent in Jasola Vihar Area,0,7,1.0,0,1743685670.0,False,t5_2qugx,"  
I have to relocate to Jasola Vihar urgently and I am an outsider so don't have anyone to help me here. 

Need 1 room with kitchen and separate bathroom . 

Even a good budget PG would be good temporarily



Can anyone help with budget friendly suggestions or any lead ?"
t2_1euahdba30,Hair transplant in Delhi,0,2,1.0,0,1743706923.0,False,t5_2qugx,"Hi everyone, I'm planning to get a hair transplant next month and was wondering if anyone has experience with it in Delhi. I’d appreciate any recommendations for clinics, insights on the costs involved, and how many grafts you received. Thanks in advance"
t2_dhoyr8gv,How to go out and come back alive(as a grown ass man),0,1,1.0,0,1743720411.0,False,t5_2qugx,"I want to go out running at 4 am but the dogs...

was fine when friends were together but have to go alone now

please help"
t2_1l95pvctsz,Social nation meet and greet at JLN stadium,0,4,0.7,0,1743692111.0,False,t5_2qugx,"So, I don't know much how entry will happen and is it worth to attend? Please share your reviews if you have went. The photo I have attached has the info about the event. I registered because one of my friends told me to and today I got the message saying 

""Hey ..... congratulations! 🎉

You’ve been specially selected to meet *Prajakta Koli* as part of your Meet & Greet registration! 🌟

📍 Where?
At the electrifying Vivo V50e Social Nation –
Jawaharlal Nehru Stadium, New Delhi
🗓️ 4th & 5th April
⏰ Gates open at 12:00 PM on both days!

🎟️ Entry Info:
-> *Ticket Holders: Please enter through Gate 14*
-> *Creators who have also applied for meet and greet, head to Gate 1*

You can show this message at the Meet and Greet Counter
Get ready for an unforgettable experience and a celebration like no other! 💥✨

See you there!""

Am kinda worried about entry process. Help would be appreciated,  no unnecessary comments please."
t2_118yxqf8rw,Long term Stress during my teen years due to bullying have lowered my iq permanently.,0,5,0.78,0,1743691004.0,False,t5_2qugx,Research shows chronic stress during adolescence years can permanently lower iq. I'm a victim of it. I was bullied heavily especially from 16-18 yrs of age and now I can't grasp even simple mathematics. 
t2_9d1m5jxg,I hate being an introvert,0,10,0.81,0,1743673036.0,False,t5_2qugx,"If I wasn't an introvert I'd have the balls to atleast make eye contact with girls around me. Not in a creepy way but in general. I was at Eros One Jangpura McD, waiting for my take away order just scrolling reddit. All of a sudden I saw this girl who's practicing law at the payment counter and oh my god she was divine. Once her payment was done she came to the take away counter and stood right next to me. Those were the best 5 mins of my day, and my heart was pounding for no reason. I moved a bit to the left so she'd have more space at the counter byt I just can't stop thinking maybe I should've just passed a smile atleast. She was so pretty 😭. "
t2_uj3ayuwxa,Delhi pollution crises. Chimneys in middle of south Delhi.,0,23,0.79,0,1743654875.0,False,t5_2qugx,"Less than 1 Km from Qutab Minar, in Maidan Garhi near mittal garden forest these 8 chimneys are causing so much pollution and no one is stopping them. In the middle of south delhi everyday. They will fine our vehicles but won't stop these illegale chimneys cause 100 times more pollution."
t2_118yxqf8rw,I gave up on maths. I'm leaving CGL as I can't understand maths. Watched many channels on YouTube i can't understand maths.,0,22,0.83,0,1743654141.0,False,t5_2qugx,"

Maths seems so tough to me to understand. Don't know what happened but it just don't get to my brain. Can't understand the concepts. Watched rakesh yadav, bhutes sir. Can't understand anything. I'm 27 and still unemployed. When I was in 11th and 12th I took so much stress due to bullying it permanently lowered my iq points. 

I haven't due to depression studied anything from past 9-10 yrs due to which I got more dumb . I'm beginning now and everything seems impossible to understand. Like if 32 is 40% of 80 then why would 32 be 60% less than 80? Simple things I can't understand. 

10th level mathematics seems impossible to understand for me. Quota se btech karli ab pata chal raha hai arts le leni chahiye thi. And abhi bahut late ho chuka hu bed karne k liye "
t2_rxdsowvv,WEF Risks Report - What part of Apocalypse is in store for Delhi?,0,3,0.72,0,1743687706.0,False,t5_2qugx,"WEF Risks Report 2025 flags availability of fresh water as the top risk for India. Considering melting glaciers and conflicts over Yamuna, Delhi may become uninhabitable in future. Club that with extreme heat waves. Where should Delhiites plan to move to?"
t2_1111rokh8h,Anyone up for chat ?,0,0,0.5,0,1743714400.0,False,t5_2qugx,Feeling bored?
t2_e91nwq0r,Female Flatmate Required,0,0,0.33,0,1743714091.0,False,t5_2qugx,"Looking for a Female Flatmate | 2BHK in DLF Capital Greens

Hi! I’m looking for a female flatmate to share a fully furnished 2BHK apartment in DLF Capital Greens, a modern, gated society with top-notch amenities like a swimming pool, supermarket, gym, and more.

	•	Rent: ₹25,000 + ₹3,000 maintenance (per person)
	•	Location: DLF Capital Greens
	•	Flat: Fully furnished, all modern facilities
	•	Commute: Just 20–25 minutes away from North Campus
	•	Society: Gated, secure, and well-connected

You can search DLF Capital Greens on Google for more details about the society.
Drop a message if you’re interested!"
t2_pe9ni5k0,What do you guys think?,0,2,0.58,0,1743699946.0,False,t5_2qugx,
t2_i1t1ynlz,BEST FORMALS TAILORS/SHOP IN DELHI?,0,0,0.5,0,1743713061.0,False,t5_2qugx,"We are going to have our farewell in some days maybe after 15th April, Can anyone suggest good coat pant shops in Delhi? Budget for coat only is 6-7k and pants and shirts are separately going to be purchased maybe from HnM.

Any suggestions are valuable "
t2_156aeh,My AC Struggles with BluSmart & Rapido Recently!,0,4,0.7,0,1743690953.0,False,t5_2qugx,"My recent Experience with Tata BluSmart & Rapido Cabs

Two days ago, I booked a BluSmart cab from New Delhi Railway Station. As soon as I gave the OTP to the driver, I asked him to turn on the AC. He replied, ""I get different cars every day, but in this particular car, the AC isn’t working."" Since I was getting late and it was 8 a.m., I decided to continue the ride without AC to my destination. However, after the ride ended, I filed a complaint on the BluSmart app regarding the non-functional AC.

Today, I booked a Rapido cab around 2 p.m. to New Delhi Railway Station. As soon as I provided the OTP, I requested the driver—who also owned the car—to turn on the AC. He switched it on, but instead of blowing cold air, it was blowing hot air. He explained that he had returned from his village yesterday and that I was his first ride of the day. Since I was getting late, I decided to continue the ride, but I swear it was unbearably hot inside the car, even with the windows open. The peak afternoon heat, combined with the fact that CNG cars tend to get excessively hot inside, made the ride uncomfortable.

If you're taking a cab—regardless of the company—make sure to ask the driver in advance whether the AC is working or not.

TL;DR:

I booked a BluSmart cab from New Delhi Railway Station, but the driver said the AC wasn’t working. I continued the ride since I was in a hurry and later filed a complaint.

Two days later, I booked a Rapido cab. The driver turned on the AC, but it blew hot air. He said I was his first ride since returning from his village. Again, I had to endure the heat as I was running late.

Lesson: Always ask the driver if the AC is working before booking a cab—regardless of the company!"
t2_5m0slfx9,Creepy e-riksha driver,0,1,1.0,0,1743712076.0,False,t5_2qugx,"So around 8 months ago I took an erickshaw in Rajouri, the man started speaking to me and told me this story about how he worked for some woman who he would massage and how these days you can’t tell diff between women and girls, there was a lot of traffic and it was very noisy I couldn’t here half the things and he kept looking in the mirror, I kept saying hmm, then as I got off I handed him a 50rs note expecting change, he started telling me how I look like that woman and he wants to give me a massage. I got super creeped out and just walked off really fast shaking. Then after around two months later, I was outside my gali, again this guy showed up but it was dark and I didn’t even see him, he kept saying madam chalna hai kya, I was on my phone and I said no, I noticed he didn’t move, as I looked up I saw that he was not really looking at my face but somewhere else and kept saying chalo, I have major ptsd when it comes to these things I just walked away again.

Last week, I was crossing the road with my mom, and this man AGAIN showed up saying baithjao na aunty 
My mother sensed something and held my hand and started to cross the road, he kept shouting something like Arre Itna bhi kya hai baith jao na aunty ji, and the worse part is he never has the same e rick, I can never recognise it from afar.
I don’t know why am I unable to do anything.

I am afraid of taking e riks now or and I try not to be in isolated spaces. He knows my area and it feels like he is always around. 
What do I do? Should I file a complaint? Would it help?"
t2_5qffg7f0,"Not Gandhi’s India anymore, it’s Modi’s now.",0,3929,0.83,0,1743551703.0,False,t5_2qugx,It pains me to see such youngsters to carry so much hatred towards their own country men bc of leaders who benefit from this hatred. This is result “US vs THEM” politics for 10 years. 
t2_p0oxxsoj,Is it normal to feel lost at 21 and not have life figured out?,0,0,0.5,0,1743696715.0,False,t5_2qugx,"I’m about to turn 21, and honestly, I feel completely lost. I have no idea where I want my life to go or what to expect from the future. It feels like I haven’t had any major life experiences—I’ve never been in a relationship, I don’t have many friends, and I rarely socialize. I’ve never smoked or drank, and even though I’m physically aging, I still feel like I’m mentally stuck at 15."
t2_vd0uo5xe5,"Gone for morning walk today, morning air is something else’s man",0,11,0.88,0,1743663354.0,False,t5_2qugx,"Subh subh poha kahni ki batt hi alag hai , guess the place "
t2_f0vhmtqp,Is my PG falsely misleading us on a government-imposed additional electricity charge?,0,4,1.0,0,1743682635.0,False,t5_2qugx,"I live in a resident-based housing PG in Delhi and have been staying here for over a year. Recently, they announced through WhatsApp that, due to an increase in fixed charges on electricity invoices by the government, we now have to pay an additional ₹12 per day on top of our daily electricity consumption as part of our combined electricity bill.
Suppose I go home for a 10-day holiday—even though I wouldn’t have consumed any electricity, I would still have to pay ₹12 × 10.

Note that, they keep mentioning that this charge is actually not imposed by them but by government not them, 
Tho, I couldn’t find any Delhi government mandate specifying this ₹12 per day charge that they are propagating. If you're living in Delhi in a residential area with power supplied by one of the four major electricity providers and a consumption of less than 3 kWh, the only fixed charge you need to pay is ₹40 per month—not per day.

There is no mention of this additional charge in our agreement. While they do have the authority to modify the contract, they are required to seek residents' approval before making any changes, which they did not do. Instead, they simply announced it casually on WhatsApp.

So, I was asking—what steps can I take now? Should I file an online complaint in customer helplinet work?"
t2_m0cvn8ua,What are the meanings of Balliman and Daribe?,0,3,0.81,0,1743681953.0,False,t5_2qugx,"There is a line of the song called Kajra Re from the movie Bunty Aur Babli, which says 'Tujhse Milna Purani Dilli Mein, Chhod Aaye Nishani Dilli Mein, Ballimaran Se Daribe Talak, Teri Meri Kahaani Dilli Mein'. Now what are the meanings of Ballimaran and Daribe?"
t2_1juazz5m57,Help me out Please...,0,5,1.0,0,1743680799.0,False,t5_2qugx,"I want to sell my used jee books, where can I sell them in East Delhi?  They're all in very good condition. Don't want to sell them to raddi wala it would be waste then"
t2_1dxe0mdsr0,How can i learn to speak,0,3,0.8,0,1743685419.0,False,t5_2qugx,"So the thing is i am an introvert. But i want to be able to talk to people.
To learn the skill and art of conversing with people flawlessly.
I want to engage people when i speak.
I do read a lot have little to no practice in writing stuff hence the poorly constructed strucutre of this post.
Any ideas on how to build up the skills required?"
t2_bbxpgedd,Can a small-town girl adjust to life in Delhi NCR?,0,0,0.5,0,1743706884.0,False,t5_2qugx,"my family is searching for a bride for me in my hometown, Etawah, UP. However, I work in Delhi NCR as a corporate employee. They have found a decent match recently—she is well-educated with great academics and has recently cleared the CTET exam. But I keep wondering how someone who has always lived in a small town would adjust to life in a big city like Delhi. I’ve tried explaining this to my parents multiple times, but they don’t listen.



I’m also not financially stable yet, which adds to my worries. I don’t know what to do—I’m confused."
t2_cdzpwo8m,I’m currently trying to look for NGOs in Delhi to volunteer( focus on legal aid),0,3,1.0,0,1743685307.0,False,t5_2qugx,"Have any of y’all volunteered in any good ngos where you can get good exposure and experience for law school 
Around Saket or Shapur Jat preferably 
I’m currently 17 and looking to volunteer before going to college.
"
t2_14js2zaeqo,It's my bday today ... What are some good pizza places in CP?,0,7,0.89,0,1743668588.0,False,t5_2qugx,"It's my bday today so wanted to go to cp n have pizza what are some good places to have pizza in CP ... And also what pizza is good there if you have any suggestions

Also any non pizza recommendations are welcome as well

Thanks a lot in advanced !!"
t2_cnbmq3ng,Any legit spiritual centres in South or Central Delhi to learn meditation?,0,1,1.0,0,1743706614.0,False,t5_2qugx,"I have been feeling a little lost these past couple of weeks. Got laid off and last Friday was my last working day and I haven’t landed a job yet. So what does one do in such a situation? You try to find inner peace, I guess.

I used to meditate on and off in the past but I have never formally learnt it from someone. I wanted to use the time I have available now to learn proper meditation techniques that can help bring some calm to my chaos.

Any recommendations?"
,Help me to get a work from home job.,0,1,1.0,0,1743706193.0,False,t5_2qugx,"Hello,

I am civil engineer with 6 years experience last year my father got paralyzed so due to this I quit my job. And I am not  able to go far from my home so now I am looking for work from home type job any lead please help me 🙏.

No calling job please "
t2_1ah7kzgy81,WHY DON'T GIRLS APPROACH BOYS?,0,0,0.38,0,1743743764.0,False,t5_2qugx,"like is it that hard? why always us and then reject hojao?? kya bhaav bhad gyee hai ldkiyon ke aaj kal , too much social validation is given , ye baat inko aaj se 10 saal baad pata chalegi jab uno reverse hoga situation ka 😼"
t2_1h2tuyjnra,Ek coaching institute me kal interview and stressed af,0,1,1.0,0,1743705041.0,False,t5_2qugx,"Idk padha to hai but online interview hai, first time....darr lagra....ki nahi hua to iske bad masters k bd...kya kru ..vapis ghr nhi jana itne time ghr se dur rehke "
t2_78zlc5i2,Documents required for police verification in Delhi,0,11,1.0,0,1743656593.0,False,t5_2qugx,"I got a call for police verification today for passport. He was very rude. But let it be. He asked me for the following documents.

- Aadhar, Pan, Voter ID, Bank Pass (I don't have it as it was not required back then and my net banking was started so Bank Manager said no one uses passbook nowadays, it is just a waste of time)
- Parents' Aadhar Card
- 10th and 12th marksheet

For context : My parents are originally from Bihar, but all the documents like DL, Aadhar, Pan, Voter ID, and everything else have been created in Delhi. We have a permanent home in Delhi. But I am the first one in my family who's applying for passport.

Now, here comes the twist. This officer asks me about proof of citizenship of one of my parents in Bihar. When I told him that all documents of my parents have Delhi as the address. He told me that except passport none of them is considered to be the proof of citizenship in India. Then he asked if I have any uncle living there in my hometown and asked for his Voter ID (here, I felt that something was wrong). He first told me Voter ID is not proof of citizenship, and now, he is asking for Voter ID of my uncle for proof of citizenship. I didn't argue as I knew he just wanted some money, that's why he was just trying to scare me. But if by any chance, are these actual requirements?"
t2_k43pcfgo,can anyone suggest me nice places to chill around 12 am in delhi,0,4,0.75,0,1743671715.0,False,t5_2qugx,"dont suggest clubbing, you can suggest any fun activity which we can do on a friday night around the city."
t2_1mht3ivor5,Wanted to quit smoking,0,1,1.0,0,1743702422.0,False,t5_2qugx,"Hey redditers,, This side 23m smoking since my school days when I was in class 7-8. My carvings for smoke has increased when I passed class 10th so since class 10th have been a chain smoker. Now when I realised that smoking is killing me not it is just written on the packet however I am seeing its results on a daily basis for an example I am not able to run for a long distances. Not able to properly taste the food because my taste buts has been spoliied by smoking. I really wanted to quit it however not able to do that.. Any tips any suggestions from the person who has quit in the past. Your help would be really appreciated 🙏 "
t2_1i3yojzfnq,Looking for Like-Minded Friends Who Still Believe in True Bonds,0,1,0.67,0,1743702291.0,False,t5_2qugx,"Hey everyone,

I’m an introvert who feels out of place in today’s world. Even though I’m part of this generation, I just can’t relate to things like casual relationships, casual intimacy, smoking, drinking, etc. Honestly, I’ve started disliking a lot about this era, and it sometimes makes me anxious.

I used to love someone, but it was one-sided, and after getting rejected, I lost a lot of confidence. Now, I don’t really have any friends, and I’ve become hesitant to make new ones. But I believe there are still people like me out there—people who value real connections, honesty, and deep conversations.


















"
t2_dhh0aqmvj,Best place to live in an around NCR if one wants to work from home.,0,1,1.0,0,1743701477.0,False,t5_2qugx,"Self explanatory. I wfh but I have to go to office like once a month. Where should I go in that case? I am looking for something around 20k but a good 1BHK or 1 RK flat, preferably new with proper amentities."
t2_118yxqf8rw,Data entry operator jobs and salary.,0,2,0.75,0,1743687579.0,False,t5_2qugx,How to get deo job and what can be the maximum salary? 
t2_1a9r3u9zxc,"Needs advice: Broker promised ₹3 lakhs cashback after property deal, now delaying and cheque bounced",0,154,0.98,0,1743602799.0,False,t5_2qugx,"Hi all,
I purchased a property through a broker firm in Noida. The broker (a lady) promised to return ₹2 lakh to me after receiving their ₹4 lakh commission from the builder. As proof, they even gave me a credit note on their company’s notepad and a cheque for ₹3 lakh.

But when I deposited the cheque, it got returned — payment was stopped. Since then, they’ve been delaying the payment with various excuses. Now they’re asking me to come to their office. I’m wondering why they would insist on that when they know I might confront them strongly. Are they just stalling or trying to control the situation?

Has anyone faced something similar? Should I go to their office or not?
Why they want me come to office . They know if I go there lot of  drama I will create.
do not have time for legal Way.I am doubting they may play some lady card there or something else which I am not able to collect the dots.
Needs money a lot , cannot let it go like that.
Got one more frustrated  perosn facing same issue.
He is planning to go to office with 2-3 wild lady along with me and do lot of drama there .
 How to get back my money, It’s been more than 4 months now. 
Looking for serious HELP"
t2_r5tswggn4,Help me find such kurta!!,0,2,0.67,0,1743687241.0,False,t5_2qugx,"Hii guys, could u tell me at which market in delhi i will be able to find such mirror work /heavy embellished kurtas under budget of 4-5k .
The first kurta set is from abhinav mishra priced at 2,00,000 and the second one is from HOS priced at 3500.

"
t2_87k2d1ew,Escaped Rapido Scam (at least I think so),0,1,1.0,0,1743700511.0,False,t5_2qugx,"Today as usual I booked rapido bike from my office in Noida. 

The guy who booked the ride had 4.4 rating, generally I don't go with riders having less than 4.5 rating. But as I was getting late, I carried on) (1st Mistake)

The guy first texted me in rapido chatbox (don't cancel the ride).

It seemed okay to me, so I said okay bhaiya.

Then he asked me for my number on chat (first red flag), as I was not able to connect him through rapido inbuilt voice call.

So I gave him my number on Rapido Chat (2nd Mistake).

Then after a couple of minutes he called me and said I'm coming in 2 minutes, so I waited.

When he didn't arrived even after 5 minutes, I called him and he said I'm stuck I'm coming in 2 minutes. ( I got his number through previous call that I had).

Finally he came after waiting for 5 more minutes, he asked to give me the Otp to start, which I gave and he started the ride.

Within a couple of minutes of starting the ride, he said my internet is not working because of which I cannot see the route. (2nd red flag)

So he stopped the bike and acted like restarting the phone. (I was sitting at the back so I couldn't see what he did)

So I gave him the hotspot too through QR code scan (3rd mistake), then I don't know what he did in his mobile for some seconds and he started the ride.

By that time I was sure something wrong is happening, so I took out my phone and shocked to see that bike was shown at my pickup stop.

Immediately I asked him, bhaiya either you have not started the ride or something is wrong at your end as the bike was shown at my pick up stop ( it was never began from starting point throughout the ride).

He said I did, (when I gave him hotspot) and he said in a sarcastic manner that you also restart your phone.

I didn't restarted my phone and immediately closed all the app and switched off the hotspot.

During the bike ride he was continuously looking at the screen and touching his phone when we were on red lights (Remember ride was at my pickup stop throughout). So, I took the screenshot of the same picture.

When he noticed that I have stopped hotspot, he asked bhaiya why you stopped the hotspot?

I said I know the route there is no need of navigation.

Finally when the ride ended remember bike was shown at my pickup stop), he asked me to switch on the hotspot and make payment through QR code.

I told him are you thinking I'm a fool or what? And refused both the things. ( Hotspot and QR code sharing).

He pleaded to me, bhaiya please start the hotspot and make the payment, I have to end the booking.

I told bhaiya do this scams with someone else, to which he said I have not done anything.

I made the payment to him through cash as I didn't wanted to share my UPI details.

As I was leaving a bike stopped next to him, he asked the hotspot from that bike guy.

As I was furious with myself and him, I started going towards my home.

I don't know what he did, suddenly I received a message on rapido app to make the payment, but as my payment mode was cash and I had already made the payment so I ignored.

I don't know what happened after that, I got invoice too from rapido and the ride was shown completed.

I immediately reach out to rapido support to tell all this, but there was no option to complant for anything like this.

Then I chose driver harassed me option so a ticket was opened (as there was not any other option to choose and I wanted to make the company aware).

After 1.5 hours of raising the ticket, they reachout to me because I mentioned harassment, otherwise I believe they wouldn't have).

They asked what happened, then I narrated them the whole incident like this and said I might be a victim of cyber fraud or may become one. ( I'm still not sure whether I got scammed or not).

To which they replied, we will reach out to the rider and will take stringent action. I said if tomorrow something happens who will be responsible?

They said we assure you we will take necessary action at our end.

Then I asked him how will I get to know whether you have taken action or not?

They said, we will keep you updated through chat (remember I raised the ticket).

So far I have got no response on the chat, will keep you updated on the same.

But I'm still afraid what if he got the access to my phone or he might want to take revenge in future so what will I do?

So my learnings from this incident was

1. Never give any personal details (even phone number on chat).

2. Be cautious when you take rider having less than 4.5 rating.

3. Do not give pin to the rider before starting the ride.

4. Never even in any circumstances give the rider hotspot from your phone.

5. Never share your payment QR code with riders. ( use only when you make the payment)

6. if possible give payment in cash, I know it may sound old school but you don't want to take risk of getting scammed).

P.S. I have his Name and number and the screenshot of ride not moving. (But I don't want to share here, I'm still giving him benefit of doubt).

P.P.S. The conversation happend in Hindi, I wrote on English for better understanding of audience. 

Lastly, I still don't know whether I got scammed or not? (Although I hope and pray it wasn't a scam.)

But it was all fishy and my gut says that I was about to get scammed, but somehow managed to escape.

Thank you for reading such a long post. I didn't want anyone to make mistakes like I did. 

Stay safe.

"
t2_erjdiwhw,"Hi Friends of Delhi, I need some guidance",0,1,0.57,0,1743686637.0,False,t5_2qugx,"I have no idea about the stadium so please guide me about the seating situation at the travis Scott concert. 

Are the seats from B17-B28 decent? Should I spend extra for silver?
And what about the ones that are 3500? Will I be able to see anything in those? Also which are the ac seatings?? 
Do the 4500 wala seatings have ac?"
t2_dkke56lc,Need help in buying in optimus prime toy in delhi,0,2,1.0,0,1743686052.0,False,t5_2qugx,"Can anyone tell me about a shop in Delhi that sells optimus prime tranformer toy at affordable rates? My friend's birthday is coming up, and he is a big fan of them. It would be great if I could find the toy, so please help!"
t2_1jx86v4vb2,DU exams are tragedy,0,0,0.5,0,1743699450.0,False,t5_2qugx,"I am a third year Delhi University student.
I have decided to give CAT exam this year so when I decided it I thought I should maintain 8+ cgpa in bachelor so in my sem 5 exams i gave my best. You can put my two year of study on one side and my sem5 study another side and still later will be heavy and i was waiting for my result with hope that i have give a way better performance that earlier i used to and i was very amazed with results *my sem5 results is my personal lowest in bachelor with 7.3* lol😂
Now I don’t have any idea in which way I should try to improve myself……(moye moye😂😂)only god knows.

Although i have filed RTI asking for my answersheets🤧"
t2_1b1nlce78g,College Recommendations,0,1,0.6,0,1743699408.0,False,t5_2qugx,"Erm hi everyone,so since Nepal doesn’t really have many great colleges, my family wants me to go to Delhi to study and stay with my extended family which isn’t a bad idea. I’ve found a few colleges like SRCC, St Stephen’s and Hindu so far. I’m thinking about doing Econ or BCom. Any idea which one might be better? Also I’ve heard admissions are pretty tough to get. Do you know if a Nepali citizen can qualify for the international quota or are Nepali students not eligible for that? I can’t find much info on this so any help would be awesome. And yeah if you know of any other good colleges feel free to suggest them!

"
t2_58bbreic,Help me complete my dissertation!! please?,0,1,1.0,0,1743699186.0,False,t5_2qugx,"Hey! I am conducting a study on ""The role of attachment styles in shaping Resilience and Coping mechanisms in Interpersonal relationships"" for my final year dissertation. I completely forgot about this and now I only have like 2 weeks(?) to complete everything. So please if you'll can take just 5-10 mins and help me I'll be so so so grateful. Thank you<3333

Participation Criteria

- Age: 18-25 years

If you meet the criteria, please take a few minutes to fill out this form linked below:

https://forms.gle/TY98uhXzjx7SvYta6

All responses will remain strictly confidential and used only for academic research purposes.  

Please share with other people who might be eligible and willing to participate."
t2_118yxqf8rw,Please provide Career Counselling. 27 year old to start a new degree.,0,5,1.0,0,1743667429.0,False,t5_2qugx,"Got into btech with quota/reservation now I realised I'm too dumb. My maths is weak. What should i do now.?? Sometimes I'm thinking law, sometimes, ba in english or journalism etc . 

Can't become a software engineer because of being too dumb or clear any govt exams. 

Please tell what to do? Mostly i  prefers a desk job with 50k salary. "
t2_ytjg36gjk,How to Safely Help a Girl Being Stalked at Night Without Making Things Worse ?,0,1,1.0,0,1743698445.0,False,t5_2qugx,"We've all been there—walking home late at night and noticing something off. Maybe a girl is ahead, visibly uncomfortable, while a group of guys follows her at a distance. As a decent guy (or group of guys), you don’t want to just stand by, but you also don’t want to unintentionally scare her or escalate the situation. So,what’s the best approach one can do?

PS: I want to hear answers of girls on it especially.  ​"
t2_1g72pjdjem,What are some of the best places to buy high quality first copy watches and shoes in Delhi for the right price?,0,1,0.67,0,1743698330.0,False,t5_2qugx,Also share pics if you bought some first copy item for a good price!
t2_vsc38e59,I love this attention,0,52,0.98,0,1743620687.0,False,t5_2qugx,
t2_7f7ld3js,I am so glad that BJP is in power in Delhi,0,0,0.27,0,1743736175.0,False,t5_2qugx,"They will be building a new Yamuna Front like Gujarat and UP, for Aarti and it will boost tourism also. 

I was sick of AAP handing freebies and doing nothing for the middle class. 

I used to be angry that BJP would block all the proposals from AAP and hinder their work.  Some people say that if BJP was so pro nation building then why did they hinder AAP government. And Delhiites are like - Apna kaam Banta types and they don’t care if they vote for some party if they can get the work done despite knowing that the sma woarty blocked their progress. 

But it is for the better. Now we will see real change. 

🎊 "
t2_4kfupgcz,Does anyone have this book?,0,0,0.5,0,1743697992.0,False,t5_2qugx,
t2_5joirxh9,"going to japan next week, help",0,2,0.75,0,1743684259.0,False,t5_2qugx,aisi konsi cheez hai jo japan mein milti hai which is worth it to buy and bring to India.. also give me some travelling tips as going there for the first time 🫠
t2_12ksvp16io,Journalist Needed : Mahindra Files a Case Against Consumer (Me),0,257,0.99,0,1743589371.0,False,t5_2qugx,"I'm sharing a distressing experience with Mahindra's two-wheeler subsidiary, Classic Legends Pvt. Ltd. (makers of Jawa/Yezdi). They've filed a defamation case against me in a Pune court simply for posting genuine reviews about my ownership experience. This is an afterthought of my consumer case filed against them in the Delhi District Court.

Context:

• I highlighted repeated mechanical failures (with videos/posts) where numerous parts were replaced under warranty, pointing to a faulty product.

• Their defense? They claim their records don't reflect these repairs. But here's the catch: they don't provide bills/receipts for warranty work, making it easy to manipulate records. 

However, I have proofs of some parts being replaced which they have denied.

Their Demands:

1. Pay Rs5,00,000 + 18% interest.
2. Take down all critical posts/videos.
3. Cover their litigation costs.

My Reality: As a 26Y old who has parents to suppurt at home, l've already spent Rs 50,000+ on legal fees for fighting the cases. Fighting a corporate giant feels impossible when they have endless resources despite the fact that they are intimidating me and I'm just trying to expose the truth and help others in making an informed choice.

Can you guys please help in spreading this information with more people via Whatsapp, Facebook etc even if you are not a journalist?

Ps - Today it is me, tomorrow it can be you.

Further details have already been shared on my Twitter - https://x.com/vatsal_speaks?s=21"
t2_3wnpdjic,All about today morning,0,0,0.5,0,1743697638.0,False,t5_2qugx,Hit me with your POVs
t2_12txpnu49t,Just Realised this now,0,0,0.4,0,1743697021.0,False,t5_2qugx,"It's very easy to say that being a entrepreneur is sexxy but now when I myself started my business,it's too much of hard work, literally it's too exhausting too tiring,I opened with a friend now we are both depressed and stressed as hell,Had a Gf broke up due to work,Now only motivation is the lambo photo I have in my house lol"
t2_f4kjmamvh,Papaya has no seeds what to do?,0,129,0.95,0,1743601677.0,False,t5_2qugx,I bought this papaya for 40 rupees and it has 0 seeds is this normal or a seed vala papaya is better and sweet 
t2_gy4fbln5,Need urgent money but dont know what to do,0,1,1.0,0,1743696251.0,False,t5_2qugx,"I need **₹2,500** for my exam paper re-evaluation, but I’m short **₹1,000** right now. I just got back because of 1 mark. I got 39, passing marks is 40, and it was a 5th-semester paper, so I need to pass it, otherwise my 1 year will be wasted. This was my strongest subject, but I was having a fever because of which I could not do well on paper.  I can submit all the proofs. If anyone can help me would be appreciated. I have 13 days till I can submit the form for revaluation.  
I can also do work like doing graphic design if anyone needs pls."
t2_ikh7cyz7,Suggest good locality for renting around okhla,0,2,1.0,0,1743681541.0,False,t5_2qugx,New job in okhla please suggest good and safe area for renting preferably apartments 
t2_15ohwb1av4,Any good mobile repair shop in delhi,0,1,1.0,0,1743695067.0,False,t5_2qugx,"I broke my phone screen, and unfortunately, connecting my phone to my laptop via USB isn't working since I can't change my phone from ""charging only.""

I have some data on my phone, and I don't want it leaked or for the repair guy to have a copy.

I have gotten paranoid after reading how people have lost their data or have their passwords etc leaked after getting their phone repaired. The worst part is that there is no such lock on my phone and I am scared of what might happen."
t2_1mj2j9omt7,"St. Lawrence School, dilshad garden, Delhi has increased the tuition fee by 62%.",0,5,1.0,0,1743667534.0,False,t5_2qugx,"Lancer convent increased annual fee, tuition fee and develop fee 33% from last year.  
  
St. Lawrence School, dilshad garden, Delhi has increased the tuition fee by 62%.  
  
Pvt school were not able to increase fee in the era of previous govt. Middle class had great relief. Now getting "
t2_a8oybdht,Best shops to buy air purifier in delhi,0,0,0.5,0,1743694009.0,False,t5_2qugx,"I am looking to buy air purifier. I am new to this city. From research, I have decided to go with coway or honeywall. Saw coway is going on sell in Amazon. Is there a physical shop present in delhi where I can buy the purifiers at the official rate?"
t2_17btsq,Big Fire break in Yard at Nehru Place near Kalka ji Metro station,0,3,1.0,0,1743671822.0,False,t5_2qugx,
t2_1d1774ltt4,Anyone joining vajiram this april?,0,1,1.0,0,1743693017.0,False,t5_2qugx,Anyone joining the 24th april batch in vajiram?
t2_rzz05dd0q,Cost of Living in Delhi (Okhla) – PG vs Flat?,0,2,1.0,0,1743678571.0,False,t5_2qugx,"Hey everyone,

I’m moving to Delhi for a job in Okhla and trying to estimate my living costs. I’m considering a PG for now, but if renting a flat is more affordable, I’d prefer that. How much should I expect to spend on rent, food, utilities, and other essentials? Also, any budget-friendly and convenient areas to stay near Okhla?

Would appreciate any insights. Thanks!

"
t2_d7ew7827,Tips and tricks to secure a seat most of the time in a crowdy metro,0,626,0.92,0,1743566065.0,False,t5_2qugx,
t2_92vik0fm,Does anyone know any good hostel and library in Safdarjung?,0,2,1.0,0,1743677883.0,False,t5_2qugx,I am a doctor and I Need to prepare for usmle step 1 but cannot study at home. Need a student like environment (like when I was back in Kota). Thought of Gautam nagar initially but probably it’s already crowded and expensive. What do y’all suggest? 
t2_7smtc4b1,Help me! Should I consider going for MA english from IGNOU. I am M(26),0,0,0.5,0,1743690565.0,False,t5_2qugx,"So I have done BJMC from IP university and I want to go for masters in English as I am a professional writer. So shouldni consider ma english from IGNOU. I know that there's this scam of paper re-checking that happens in there, but other than that, is it worth it? "
t2_1j3e16ttl5,Metro Finally someone broke it,0,66,0.96,0,1743607278.0,False,t5_2qugx,
t2_11nu2uv031,Any comments on people eating inside metro,0,2,1.0,0,1743675755.0,False,t5_2qugx,"So got opportunity to travel in the usual packed blue line 🙃

There comes two college students sitting and eating their homemade full masala food. Anyone has shut them off from eating? Any ideas? "
t2_1jy27wyxkk,Issues with buying Travis Scott concert tickets for friends?,0,1,0.6,0,1743687215.0,False,t5_2qugx,"https://preview.redd.it/7xqw7b8tfmse1.png?width=1626&format=png&auto=webp&s=add07e966c8e190ad0225fba27952c1e778d4700

I was scrolling over the tickets rates and TnC and saw this few of my friends asked me to try buying few tickets to increase the chance of getting some. So when i saw TnC it mentioned there gonna be ground verification at venue so Entre full and correct name for purchasing tickets and carry govt id at venue. So if i buy from my name and give to a friend (i won't be going along with them most probably) would there be any issue? Is the same thing also mentioned in coldplay or some other concerts too? Since its only single show the rush would be huge so we all gonna be trying with more than 15+ devices "
t2_2ktoz7dk,Need help with a Delhi to Chandigarh trip,0,2,1.0,0,1743673388.0,False,t5_2qugx,"Delhi folks- I could really use your help. I am in a uber traveling from Delhi to Chandigarh. I will have to pay toll and taxes extra. The driver says that this would amount to about $3k. However, when I see the total toll charges in an online search I get about Rs500. Is 3k right?"
t2_1dksbs7xoy,Ye billa aisa kyu dekh rha ( why does the cat look weird),0,2,1.0,0,1743671742.0,False,t5_2qugx,Cat be like - nikla ja la&de 
t2_1iavnxyscl,📢 Digital Revolution for Women: Be the Change!,0,1,0.67,0,1743683684.0,False,t5_2qugx,"It’s a non-profit initiative aimed at women’s safety and social good. 🙏



Women face countless digital threats every day—online harassment, blackmail, sextortion, cyberstalking, doxxing, deepfake abuse, and more. We all talk about change, but few step up to make it happen. Now is the time to be part of the change. 💪



✨ Project SashaktNaari is here to transform the system and create a safer digital space for women. Your voice matters! Help us understand these challenges better by taking just 3 minutes to fill out this form. Your input will help us build stronger solutions, raise awareness, and drive real change.



# 📌 Fill the form now: [https://forms.gle/3bUsfPMVEooerBm2A](https://forms.gle/3bUsfPMVEooerBm2A)



🔹 No monetization. No legal services. Only action towards a safer digital world.

💪 Everyone wants change, but not everyone wants to change—this is your chance to be part of the change!



🔥 Share this post to spread awareness & let’s create a secure digital future together! 🚀✨



\#WomenSafety #CyberSecurity #EndOnlineHarassment #SocialGood #DigitalSafety #OnlineAbuse #ProtectWomen #TakeAction"
t2_9rullxyj,"Stuck in awful internship, Need Advice",0,51,0.88,0,1743604008.0,False,t5_2qugx,"I am F(19), I recently started an HR Internship at a well reputed company and its only been 3 weeks but im beyond exhausted and drained. Its a 9-6 internship where im getting paid 8k a month but the work environment is beyond awful. I am stuck in a cabin with 3 grown men in their 50's who are WILDLY misogynistic, casteist and work me beyond exhaustion knowing I have to manage my college work side by side. I have been on the receiving end on absurd comments about how ""mummy, behene, biwi ghar pe safai rakhti hai and asked me to clean his desk and decorate the place"" and not only this my superior goes on about brahmin superiority and how brahmins have ""aryan genes"" asking me really personal questions about my family history and my caste. Us sharing the same caste has led to him asking me beyond weird questions. I can hear the HOD's scream at employees and has told me if i do something to warrant it, he will shout at me too. They constantly burp in my presence, expect me to come earlier than my reporting time, and make me uncomfortable all around. I was really excited about this opportunity and feel helpless. Any advice is appreciated!"
t2_id34dclx,looking for recommendations for dermat,0,1,1.0,0,1743679629.0,False,t5_2qugx,"Looking for suggestions for a good trichologist or dermat who can help with severe hair thinning and hair loss. Have been applying minoxidil but want to take a second opinion and get to the root cause of thr issue. looking to find a more long term, sustainable treatment/ care routine."
t2_1lvythgnp7,Any apps like blinkit for books,0,6,1.0,0,1743648138.0,False,t5_2qugx,"Is there any app like blinkit or Instamart or zepto where I can order books and get them in 10 - 15 minutes , I hate going out , and cz my sleep schedule is really bad , so I'm unable to receive the parcels when they come , and no one else will be able to receive them , any app guys please help "
t2_8e5ej4y3,Please refer me good doctors who can treat Prostatitis/ CPPS,0,2,1.0,0,1743664769.0,False,t5_2qugx,"Hi guys, 

Could you please refer me Urologist who have experience in treating Prostatitis and Male UTIs in general. 

Thank you for your responses."
t2_118yxqf8rw,What jobs can i get after ba mass communication and journalism?,0,2,0.75,0,1743663644.0,False,t5_2qugx,I'm 27 and now want to do ba in journalism. What jobs can i get which are just paperwork or clerical in nature and gives 50k rupees as salary?? 
t2_118yxqf8rw,What are the career options after ba in english ? Please don't say teaching as I'm now 27 and want to do ba in english now,0,3,0.66,0,1743661472.0,False,t5_2qugx,"I'm from Delhi and what are the career options after ba in english? 

I'm not doing teaching because age limit for bed is over for me. I've researched that to teach on govt schools bed is needed from ncte approved colleges and I'm 27 so bed age limit is over for me"
t2_19hfn669my,Is the beer in gurgaon/faridabad fake?,0,0,0.5,0,1743674358.0,False,t5_2qugx,"I live very close to faridabad and often buy beer from their because I can easily get to a liquor store avoiding delhi traffic. But I have been noticing recently that I get a hangover the next morning and headache just after I reach home when I'm only drinking 3 beers (Bud Mag, or kingfisher ultra max) which is not the case when I buy the same beers from delhi or even noida..also, there is a paper seal on top of every can which is missing on all beer cans or bottles in faridabad or gurgaon..now I know that most of the whiskeys and other hard liquor in faridabad/gurgaon is fake..but I'm thinking are they selling fake beers as well..? Has anyone else had a similar experience..? I might just start buying beer from delhi or noida now.."
t2_xkdt13yv5,Where to go alone on a weekend to chill?,0,2,1.0,0,1743660790.0,False,t5_2qugx,"I need to know where in Delhi I can go for cheap/free that has good vibes, and (optional, but preferable) great views for photos? I have been to and explored Safdarjung tomb, Deer Park, India Gate, Lajpat nagar, Sarojini nagar, INA, Shaheen Bagh, Daryaganj and Green Park. Would prefer afternoon-late evening-night sorta places (because I have college classes as well)."
t2_118yxqf8rw,Can a btech(IT) graduate eligible for state pcs (uppsc)?,0,2,0.75,0,1743660575.0,False,t5_2qugx,I was searching for posts eligibility but I didn't found out posts for btech IT graduate. Am I not eligible? 
t2_9lp3uxl8,Delhi is finnally becoming international City,0,0,0.31,0,1743703918.0,False,t5_2qugx,"With different celebrities like cas, Kevin hart,travis Scott etc hitting delhi for there show it is easy to say that delhi is becoming a bigger economy and finnally getting that international City tag that it really needed like london ,new york ,tokyo have.tell me your opinion on this "
t2_v5jhgjxgh,Almost got kidnapped; it could have gone really wrong.,0,1246,0.99,0,1743533238.0,False,t5_2qugx,"At 10:07, my friend booked me a Rapido from location A to location B (Sikanderpur metro station) from his phone for safety reasons, as it was late and he could track me through the app. I’m grateful for him doing that because the driver didn’t drop me at the metro station. He took a turn and went somewhere else. I’m not familiar with the roads there since I’m from Delhi, but the metro station was right in front, yet he still took a different route. I asked him why he was taking a turn, and he said that’s what the map was showing. Suddenly, I was on a completely different road. It didn’t feel right, and I was getting suspicious. The driver started looking around and driving slowly to the side, which made me even more uncomfortable. Before I could ask, he stopped the bike near trucks it was a very sketchy place. I asked him why he stopped suddenly, and a cab stopped right beside us. At that point, I was sure I was getting kidnapped, and I froze. Thankfully, the cab just drove away, and the driver started driving again, but he tried to take another turn. I asked him to stop and let me check the maps myself. I saw Guru Drona metro station and told him to just drop me there. I saw two missed calls from my friend, called him back, and he told me to tell the driver to stop and let him talk to him. I told the driver, and I was almost at Guru Drona metro station. He refused at first to talk to my friend on the call but eventually took the phone. My friend shouted at him—I don’t know exactly what the conversation was, but you can guess. I was pretty shaken at this point because I realized what was going on. Thank God my friend was tracking me. I can’t stop thinking about what could have happened to me. My friend talked to him and the driver said he was sorry and wouldn’t do it again. I feel like throwing up honestly. This is too messed up and scary because he definitely had very ill intentions.

Ladies, please, please be safe out there and always share your location with someone when it’s late. And guys, if possible, book these things for your sisters, moms, or female friends so that you can see if anything goes wrong. My friend called me as soon as he saw the driver taking the wrong turn because he knew the way.

P.S. - We reported this on Rapido."
t2_trhog25gg,Recommendations for Dermatologist,0,1,1.0,0,1743671905.0,False,t5_2qugx,Can y'all suggest some good dermotologists in Delhi ? ( not for acnes but to enhance skin quality) 
t2_1abxzd5u18,Stupid question- nail biting habbit,0,1,0.67,0,1743671796.0,False,t5_2qugx,"Hi there, i know it’s a stupid question. Just want to ask as a grown up man, how do leave the habit of nail biting? "
t2_bbto59n1,How easy is it to find 1st class tickets to Agra the same day?,0,1,1.0,0,1743671769.0,False,t5_2qugx,"I am travelling to India soon, will arrive in Delhi and want to take a train to Agra the same day.

I dont know if my flight will arrive in time and how long will i need to get to the train station.

How feasible is it to get first class tickets to Agra if i buy it on the counter when i arrive to Delhi train station?"
t2_15kbg5z03l,Can you find the Red Light?,0,1,1.0,0,1743671237.0,False,t5_2qugx,Engineering Marvel on Delhi Roads
t2_i58oqtm0,Urgently looking for 24 hour nanny in Rohini area. Agency reccos pls,0,1,1.0,0,1743671033.0,False,t5_2qugx,"Hi,

I am visiting Delhi, India from mid april to end of May and looking to hire a nanny for my 4 month old. Can you pls suggest good reliable agencies to find 24 hour nanny? And any recommendations for nannies will be helpful too!

Please help!"
t2_1kn3o23ot7,Need this info about Concentrix..,0,1,1.0,0,1743670980.0,False,t5_2qugx,Do they take money for the interview? Need some clarity 
t2_kkocboxsx,Ajmeri Gate or Paharganj? Which side to get off from NDLS to reach Greater Kailash and safe means of transport?,0,1,1.0,0,1743670932.0,False,t5_2qugx,"Hi guys.
I have to get off at New Delhi railway station. I ve seen there are two sides one of Paharganj and other Ajmeri gate side.
To reach Nehru Place or Greater Kailash, from which side should one exit?

Also what will be the ideal and safe means of transport to reach there and roughly how long should it take?"
t2_6adn9fnw,Google form for my DU Practical,0,0,0.5,0,1743669877.0,False,t5_2qugx,"Please fill this form for my college final year practical. it'll take 3-4 mins max. Im doing research between between social media and anxiety. Thank you for giving me your time

[https://forms.gle/rgEHWjF8vSF1TzTY8](https://forms.gle/rgEHWjF8vSF1TzTY8)"
t2_110i80qalp,Need help for my internship,0,0,0.33,0,1743669681.0,False,t5_2qugx,"(Why i am posting here as their are many members in this subreddit who can actually help me)
I am in a tier 3 clg and have completed my frontend Development and currently learning node js .

And my college has made it compulsory to do a internship or training in offline mode as it will reward us some credits and marks too.
I even talked to many Senior many of them say you are in 2nd yr so you might get a intership easily no big deal, but no one not a single one told me how can i .

So anyone here can you help i want a 1month internship in this summer and i am a quick learner too so if any one here kind enough to help me .
"
t2_n9erpa9lt,Found an empty Coke bottle right next to the tracks in Delhi Metro—how did it get there?,0,0,0.41,0,1743691065.0,False,t5_2qugx,"So, I was waiting for my metro in Delhi today when I noticed an empty Coke bottle lying right next to the tracks, just a little beyond the platform edge. It got me thinking—how did it even get there?

1. Someone threw it? But security is always watching, and most people aren't that reckless... right?
2. It fell? Maybe someone was holding it near the edge, and it slipped?
3. A freak wind current? Unlikely, but hey, stranger things have happened.
4. Metro staff put it there? I doubt it, but who knows?
Now, I can't stop thinking about it. Is there a secret underground trash-teleporting conspiracy I don't know about? Has anyone else seen weirdly placed objects on metro tracks?

P.S. No, I didn’t jump down to get it. I like my life."
t2_xhg6rnnzg,Need Help! Seeking Sponsors for a 24-Hour Hackathon in Jaipur,0,1,1.0,0,1743669259.0,False,t5_2qugx,"We are organizing a 24-hour hackathon here in Jaipur, and we’re looking for sponsors to help make it a success! This is a society-driven community for tech enthusiasts to build something in a period of 24 hours.

We could really use some support from local businesses, brands, or even generous individuals—whether it’s for food, drinks, or even small sponsorships to help cover event costs. We are expecting to host 100 people in the venue which would be from various B-tech Colleges all over from Delhi.

We are looking for:

🍕 Food & snacks to keep participants energized

🎁 Swag or small prizes for winners & participants

💰 Any financial support to help with logistics"
t2_lakfqom6i,"Ludhiana West Bypoll | Kejriwal in overdrive mode, Oppn says ‘campaigning for his Rajya Sabha seat, not Arora’",0,2,0.75,0,1743655588.0,False,t5_2qugx,
t2_fb63s5t4,How do I help my depressed mom,0,2,1.0,0,1743653820.0,False,t5_2qugx,"TW: Suicide
Mental health issues accumulate to become a full blown problem and it’ll be hard to delve into all aspects of it in this post. But based on the following information; I would highly appreciate if someone could help me see clearly and tell me what I can do in this situation: 

A little background: 
My (26F) mother (62) retired 1.5 years ago after working for a company for good 30 years or so! 
Work was all she knew, a good routine if anything. She had my brother in a boarding school and I was sent off to a different city to be raised by my maternal family (something she regrets now as she didn’t get a chance to be actively present in our lives). 
I know she lives with deep rooted inferiority complex, certain insecurities (like me feeling closer to people who kinda raised me than i am with her) and depression. But recently, since her retirement, it’s been a downward spiral. She has ‘episodes’ where she gets super agitated and hits her head on the wall or gets emotional and other days it’s just plain old typical depression symptoms which thankfully, she has been taking medications for! My brother suggested therapy and even paid for it, she went and didn’t continue because “she knows what they tell her anyway” and “she doesn’t want to spend anyones money on it because it hurts her”
I have been abroad for 7-8 years now and my brother moved out about 10 years ago, and got married last year! 

Situation:
She tried to overdose on her sleeping pills. My dad was around and he noticed her slurring and soon figured she had consumed more than she should and helped her puke it out. I don’t know if she is actively trying to kill herself or if this is a call for attention to look into her matters. She even fell the next day not being able to walk properly and losing balance. She is overwhelmed because my brother is coming to visit the family in India with his wife. Other family members have suggested and pushed her to get excited and do something for them: a big dinner, decorations or buy her DIL something nice and of value. But I believe my mom has no interests of her own and she doesn’t understand why she has to do anything. She is happy with their marriage but she doesn’t know what special to do or why is everyone raving about their homecoming. It’s almost like she’s checked out (I understand it could be the depression getting the best of her), and doesn’t want to have any responsibility or decisions to make, especially if it involves spending money (which she has enough of to live the rest of her life comfortably) 

Next steps: 
I know she desperately needs help. But I also think medication alone can’t help her. She does need therapy. If anything, CBT to begin with because her thoughts are pretty negative even for people who try to do good for her. I would love recommendations for psychiatrist, psychotherapists and any other resources I can use to help her. And also, how do I handle this? I feel so numb to all her situations now from what i have seen when i was a kid to now.
Please guide me to the right sub if this isn’t the one to be posting about on. 
Thankyou! 

TDLR; Mom swallowed sleeping pills, depression getting worst, what do i do? 
"
t2_67x8liqz,I would never live in Delhi,0,0,0.39,0,1743698208.0,False,t5_2qugx,"I am from Navi Mumbai and visited Delhi twice. 

Heard a lot about Delhi like people mentioning Delhi has the best food, heard a lot about Sarojini Market and old historical monuments. 


So I thought it will be fun to visit Delhi and visited first time in the month of October 24 and in March 25. 
1. I found people are very rude and don't answer nicely to your questions. For example -- shopkeepers talk very rudely if we don't buy anything from them. Rikshawala try to loot you everytime and they do not run by meter. 
2. The food -- I have to mention it that the food in delhi is not as good as people mention. Tried many outlets, many roadside snacks and many restaurants. I would say the food taste and quality is below average. 
3. Sarojini Market is only about girls clothes. 
4. Interestingly the air quality is not as bad as people mention. 
5. Everything closes by 8-9pm. It's so frustrating that everything closes by 9pm. You hardly see anyone roaming on streets after 10pm. 


And also let me tell you an incident when we were roaming around jama masjid I was holding a iphone and a person came on scooter snatched away the phone. And police did not took any action when we went to them to complain. 


I would probably never live in delhi because of all these reasons. It was just a Rant. "
t2_147ci5mrzh,Need a flat for a doctor in govt sector in Okhla,0,2,0.75,0,1743651000.0,False,t5_2qugx,"Hi guys, I'm a doctor appointed with the central govt. I m looking for a 1/2 BHK apartment for me near okhla with a parking space for a car. Kindly help with leads. TIA "
t2_wb0t42cg,2 metro QR tickets give away,0,3,0.71,0,1743641626.0,False,t5_2qugx,"I have two QR tickets for Anand Vihar to Botanical Garden valid for today. I am not travelling anymore.
Anyone travelling can use those."
t2_lmshtkmjw,Discount on Dog Food For strays,0,2,1.0,0,1743649252.0,False,t5_2qugx,"My Friend she buys 20 kg of dog food every month for stray dogs. is it possible for her to get some discount from offline market?
#dogfood"
t2_3iq7hncg,Why are people like this?,0,1,1.0,0,1743661852.0,False,t5_2qugx,"On my way to the office, the cab driver mentioned that the car in front of us had a number plate reserved for civil servants or government officials. Ironically, the driver of that car didn’t even seem to know that the left lane is for turning left at traffic lights.

And yet, if this same person were a police officer or some other authority figure, he’d probably be lecturing the public for making the same mistake."
t2_4h75wf8b,Pacific Mall Subhash Nagar Delhi might close soon,0,1,1.0,0,1743659887.0,False,t5_2qugx,"interesting news (I work with many brands present there in the mall and this data is talked to many of them and its the mall data as well)

for past 6 months Pacific mall subhash nagar footfall has dropped and still dropping due to Punjabi bagh fly over

and people are using flyover and going towards promenade mall and increasing the footfalls there

if this keep on happening for next 1.5-2 years then Pacific mall might have to close

overall footfall dropped 35-38%

overall purchases dropped is approx 52% for all brands across pacific mall

  
What you guys think about this?"
t2_1m03ws2ok7,"Japanese art, landscape",0,20,1.0,0,1743600621.0,False,t5_2qugx,"21x27.8 cm
Medium poster colour "
t2_10z8yoxs1t,"Please help, I desparately need a job",0,46,0.98,0,1743583860.0,False,t5_2qugx,"We are a family of 5 . My parents , (20 F)me , my brother(16) and grandfather. 
My father might lose his job , his company is closing. We don't have much savings, my father has heart issue, my grandfather is going through radiation therapy.
I have completed my 12th with PCM and computer science. Then I did a Diploma in elementary education and I am pursuing bachelor's in Mathematics and Economics through distance learning.
I am ready to do any work from home job.
Bhai bass ghar ka karcha nikal jae 🙏

Edit- I am 20 female, I can't work on jobs like zomato rider , my family won't allow it."
t2_hrp76j5eo,Anyone up for exploring Delhi today?,0,1,0.67,0,1743657578.0,False,t5_2qugx,"Hey everyone, I just landed in Delhi and have the whole day free to explore. new to the city, and would love some company to check out cool spots, street food, or just wander around.

If you're up for an impromptu adventure whether it's historical sites, markets, or hidden gems, hit me up! Open to suggestions and good conversations.

Let’s make the most of the day!"
t2_jsbjfa7mp,Good Morning Delhi!!,0,168,0.98,0,1743557230.0,False,t5_2qugx,Silent Serene and Clean mornings! 
t2_61grydor,MUST TRY- RASS MADHURI,0,31,0.95,0,1743589185.0,False,t5_2qugx,"Folks if you visit Rajendra da dhabha 

Link- https://maps.app.goo.gl/rVS95n3YhwA5SnUo8?g_st=com.google.maps.preview.copy

Just in that complex they have Bengali Sweets go there and try it. It’s called RassMadhuri Mannnn you will thank me
"
t2_10mbt3ify9,Looking for a good company,0,0,0.14,0,1743681530.0,False,t5_2qugx,"Hey there, looking for a friend who would accompany me to roam around and explore Delhi. As it's my second visit (preferably females) to delhi but i still don't know much about it."
t2_dkke56lc,need help in buying poster,0,1,1.0,0,1743654131.0,False,t5_2qugx,i need to buy a jcole or kendrick lamar poster can someone tell me where i can find it in delhi also any shop that can sell me a transformers toy thats convertible
t2_8pq1y556,Is any ngo that can take care of cats?,0,1,1.0,0,1743653492.0,False,t5_2qugx,"Need help.A cat has brought her 3 kitten upto my balcony and they have made themselves comfortable but i not able go there, ig the mother is intimitated. I live alone and in nk shape to take care of them. I dont want to shoo them. Although the society is very cat friendly i would like them to taken care of properly."
t2_19m00wzei3,How Do I Put an End to Overthinking and Reclaim My Peace? By,0,5,0.78,0,1743621589.0,False,t5_2qugx,"I want to break free from overthinking and the paranoia that others are talking about me. I want to stop seeking validation, end my habit of people-pleasing, and let go of the urge to read between the lines. I no longer want to fear abandonment. This habit consumes me—I have everything I need for a comfortable life, yet my overthinking has destroyed my mental peace. Even the slightest change in someone's behavior sets off a chain of thoughts convincing me that they dislike me, talk behind my back, and see me as a failure. I just want to put an end to this cycle."
t2_9e099c9a,Delhi ration card KYCc,0,5,1.0,0,1743619127.0,False,t5_2qugx,"Hi delhi, do we have any one having the idea to complete KYC with ration card as ekyc application not able to complete the process got error and something face not recognised, any other way to do that?"
t2_10mbt3ify9,Looking for a good companion,0,0,0.22,0,1743681959.0,False,t5_2qugx,"Hey there, looking for a friend who would accompany me to roam around and explore Delhi.(Preferably female). As it's my second visit to delhi but i still don't know much about it."
t2_nx9hgd2z1,This Chonky wants to be a friend!!,0,33,0.94,0,1743581038.0,False,t5_2qugx,
t2_l1ll59ish,What’s is your take on this???,0,20,0.92,0,1743590775.0,False,t5_2qugx,
t2_ba1w6is0b,Guys has anyone tried rentmojo?,0,7,1.0,0,1743611525.0,False,t5_2qugx,I really want a sofa for like 3 months and dont wanna buy a 25k sofa for just that tenure. Does anyone have experience with rentmojo?
t2_1ha6t0vpve,New to Painting & Sharing My Heart on Canvas! Looking for Feedback & Maybe Find Some Homes for My Art!,0,1,1.0,0,1743646519.0,False,t5_2qugx,"Hey everyone!
I've recently discovered a real passion for painting and have been pouring my heart and soul into every piece I create.(you guys can check few of my work on my profile) I'm not claiming to be a master artist by any means – I'm still very much learning and experimenting. But what I can promise is that every brushstroke comes from a place of genuine love and 100% effort.
I'm starting to accumulate a collection of my paintings, and I'm curious about the possibility of sharing them with a wider audience. Honestly, the thought of someone connecting with my art enough to want to own it is both exciting and a little nerve-wracking!
So, I have a few questions for this amazing community:
 * What are some good subreddits where I could share my paintings? I'm open to general art subs, but also any that might be more welcoming to beginners or those with a more ""heartfelt"" style.
 * If I were to consider selling some of my pieces, how would you recommend I go about it on Reddit? Are there specific etiquettes or best practices I should be aware of?
 * Any tips for pricing my art as a beginner? I understand my work might not command high prices right now, and my main goal is to find people who appreciate what I create.
 * Should I even be thinking about this as a potential part-time gig, or should I focus on enjoying the process for now? I genuinely love painting, and the idea of it contributing in some way is appealing.
I'm really open to any and all advice, feedback (be kind!), and suggestions you might have. Thank you so much for taking the time to read this and for any guidance you can offer!
Looking forward to connecting with fellow art lovers! 😊
#beginnerartist #painting #artforsale #supportartists #newhobby #artcommunity"
t2_lw0zitm9,The everyday metro chaos,0,1,0.99,0,1743646264.0,False,t5_2qugx,"Can anyone suggest how to make them from stop spreading noise pollution.  I have asked him to keep the volume low, person sitting next to him did the same. But the guy just wants everyone else to enjoy reels on his phata hua speaker 🥲"
t2_1afaiqvb56,"Guys Helppppp , a pigeon laid Two eggs in my balcony.",0,1,1.0,0,1743641306.0,False,t5_2qugx,"I have been away from my place for like 2 weeks and came back to this. 
I can't shoo her away I tried , and even If i did , tf I'm supposed to do with eggs. 
I do have use my balcony a lot , Given its just 1bhk and No window so , Balcony is the only source of ventilation and I do use it oftenly to Dry my cloths. And I do indeed smoke a lot. On top of that People above randomly keeps throwing stuff at my balcony , like a kid stays above me and he would be throwing Wrappers and sometimes sharp/solid objects. 

Also , If there's a way to get rid of it , do tell , I'm not looking forward to give child support for this pigeon. 
"
t2_1lb79vu6rd,Chewing gum science.,0,5,0.86,0,1743614083.0,False,t5_2qugx,Have you ever noticed or observed while we are chewing a chewing gum and we drink cold water. It hardens and after chewing it for some more time it softens again???? I noticed it today😂😂 
t2_r0htd5ch,Looking for people to play football in delhi,0,2,1.0,0,1743626840.0,False,t5_2qugx,"Hey, m21 recently shifted to Delhi , haven’t played football since last year….wanna start playing again so is there a group I can join near saket or chhattarpur.."
t2_l5h2778c,What’s the obsession with the infinite new burger brands?,0,0,0.33,0,1743653789.0,False,t5_2qugx,"McDonald’s 
KFC
Burger King
Popeye’s


But then:
Burger Singh
JK Burgers
Burgeritos
London Burger & Co 
Burger Mart
Panda Burger
Burger Club

There are more.


And you’ll find all of them at the same metro station too. They all offer similar menu & taste. American chains all have something differentiating them - these are all one and the same. Is this all that the youth wants? Are we overtaking America as the Burgerland? The staff is barely ever caring for hygiene, idk what quality of products they’re using either. "
t2_bbto59n1,How long does it take to exit Delhi Airport?,0,3,1.0,0,1743618091.0,False,t5_2qugx,"I am travelling soon to Delhi, from Europe. I will arrive in terminal 3 at 9AM. 

I want to take a train to Agra the same day. How long should it take me to pass migration, security and travel to New Delhi train station?"
t2_8sv9j6nz,What’s up? Jaldi uth gye ya soye hi ni??,0,89,0.95,0,1743551383.0,False,t5_2qugx,
t2_1dzu4id7dq,Welcome board for wedding,0,10,0.86,0,1743591997.0,False,t5_2qugx,"Can anyone help with a vendor for a wedding welcome mirror board like this. It's a bit urgent. 

A vendor who does the whole thing would be best. I'm aware of metal sticker makers but would have to buy a mirror and DIY this. "
t2_1ddf4vjdjx,Zakir khan delhi show,0,2,1.0,0,1743625021.0,False,t5_2qugx,Anyone selling Zakir khan’s Delhi show tickets: Papa yaar on 12th April? 
t2_1bek93ddfu,I Did something courageous but yet stupid in Delhi metro,0,286,0.93,0,1743527661.0,False,t5_2qugx,"Sorry for the bad english but here goes my story. 

Late at night, I was returning home from Noida after meeting a friend. We had had a few drinks, so I was slightly intoxicated. I boarded the pink line metro from Mayur Vihar and entered the third compartment, which was immediately after the women's compartment. There was ample space where I stood. I noticed two men sitting in the women's compartment, which was full of women. This was around 10:30 PM. I stared at them, hoping they'd take the hint that they were in the wrong compartment, but they ignored me. I messaged my friend on WhatsApp, asking if I should tell them they weren't supposed to be there. My friend didn't reply in time, and growing impatient and slightly emboldened by the alcohol, I went over and politely told them they couldn't sit there, in case they were unaware it was the women's section. One of them replied, ""So what?"" I responded that security might intervene and cause a scene, so why take the risk? He dismissed me, saying nothing would happen, and remained seated. I returned to my spot, muttering, ""What an annoying c# guy."" Two women nearby overheard me. Then, an announcement was made about a delay, and the metro stopped at Lajpat Nagar. Suddenly, several metro security officers boarded, grabbed the arrogant, muscular man and his companion by the neck, and forcibly removed them from the train, roughing them up in the process. The two women who had heard me call the man an ""annoying c# guy"" began pleading with the officers to release their son, claiming they didn't know it was the women's section—despite my having explicitly told them. They eventually let him go after some rough handling. As the train departed, I smirked at the man, thinking, ""I told you so."" Later, one of the women said to the other, ""That man probably called security."" As if I had the power to summon them in five minutes! Anyway, the man and his mother exited at my station and stood next to me on the escalator, avoiding eye contact, his ego clearly bruised. I smirked at him all the way to the exit.""

This is the first time seeing karma happening this fast. 

When I told this incident to my friends, they told me to not do heroic shit like this. As it might get myself killed or hurt really badly and the other people wouldn't even care. 

So did I do the right thing? 


"
t2_1ikppfomxm,Made a new friend today –,0,9,1.0,0,1743593063.0,False,t5_2qugx,
t2_b1op4m61,Ac recommendations 2025,0,2,1.0,0,1743620040.0,False,t5_2qugx,"Here comes that time of the year where you are struggling which ac to buy. 

I live near a naala and I had a lloyd ac which had 5 years parts warranty and every year it's indoor coil was replaced, outdoor coil changed 2 times and compressor repaired 1 time and ofcourse I had to pay for gas recharge everytime. 

Since it's warranty was expired this year, I have sold it and now planning to buy a new one. 

My brother have 3 DaikIn acs and most of them require gas charging every year and he lives nearby. 

My other brother who also lives nearby but since there is greenery all around in his society, leakage is less. He has 3 Lg ACs.

After all the research, there are only 2 brands in 2025 which provides complete warranty on their ACs which is Samsung (+4220 for 4 years for gas, labour and 3 free services in a year) and Godrej.


Can anyone share their experience with above brands or please recommend a good ac for which maintenance doesn't cost as much as a new AC?"
t2_vm5wrefu,Best places to eat in Lajpatnagar?,0,3,0.8,0,1743611742.0,False,t5_2qugx,New in the city.. want to explore. 
t2_1lhv6ubcl4,Celebrated Fools's day with Real Phools,0,7,0.9,0,1743594299.0,False,t5_2qugx,
t2_1e6jn7gi1k,What skill I should learn ?,0,3,0.81,0,1743604588.0,False,t5_2qugx,Received first stipend of my life and just wondering what skill I can learn by spending some money.  Please drop your suggestions. Thanks
t2_1k2f0l3tsd,How did you create your biodata for marriage? Any tips to make it stand out?,0,2,0.75,0,1743618046.0,False,t5_2qugx,DIY or use a tool? How did you make your biodata pop?
t2_10gs5rnz1o,I am so tired of these rude shopkeepers!,0,0,0.39,0,1743666466.0,False,t5_2qugx,"Came to patel nagar for a 10 min errand and parked our cars infront of this shop(shop was closed at this point)Even before parking a dude tells us that the shop will open and dont park we said we were like coming in 5 mins. He was like ok. We went to run errands then and when we came back this bitch ugh this bitch kept her banners legit on our car and a scooty closeee like legit close to our car .We then told her get these off and move her scooty she legit started shouting and arguing with my mom saying car q he laye?!! Um hello u dumb?. Like how pathetic can you be. You dont even own the fucking roads. And i have seen this going around everywhere now even for scooty like how much space does one scooty taking? Can't we even park our cars if we have some work. Its super frustrating! We understand it's your shops and stuff but talk like nicely, logically and keep valid points. "
t2_f0vhmtqp,Is the fixed charge thing true? And can a corporation increase charges in the name of the government despite an existing contract?,0,2,0.75,0,1743617195.0,False,t5_2qugx,"You know when you are not in the room, like if you go out for ten days, you haven't used electricity, and still have to pay ₹10x12? Can I file a complaint against the company in consumer court?""
"
t2_1aweaqgsvg,How can I find a crowd in Delhi,0,13,0.94,0,1743579800.0,False,t5_2qugx,"Hey people, I recemtly moved to Delhi in a PG near RK Ashram . 
I got here for a 6 months course 
I was wondering how can I make friends and find a crowd near that area in Delhi 
Since, I'm not in a DU college, it's not possible for me to meet people there 
Any ways you would suggest and any other advice to survive in Delhi are welcomed ."
t2_iaxoqiwr0,Sponsorship for Hackathon (based in West Delhi),0,6,0.87,0,1743596697.0,False,t5_2qugx,"Hello everyone, I'm a student from GTBIT (private college affiliated with GGSIPU), and my team at GDG GTBIT are preparing to organise a multithemed, 2 day offline hackathon at the college in April and we're eagerly looking for sponsors, preferably companies like Reskill, Github, RedBull. Anybody with connects and contacts in the companies I mentioned can dm me, please note even if you don't have any connects in these companies, you can still contact me regarding any other sponsor that you know of, Tech or Non Tech based who would be interested in this opportunity.

"
t2_89xr6137,Anyone in Delhi suffering from piles?,0,1,1.0,0,1743627416.0,False,t5_2qugx,"Anyone in Delhi suffering from piles?

Hi, I'm a male, 35, from Delhi and have recently developed piles. Though I'm trying to do the best possible conservative treatment at this stage, I would like to know and seek some relief in the knowledge that I'm not the only one. 

Is there anyone I can connect to through Telegram and share my condition and may be seek some advice too?

Thank you. "
t2_jinkp8nyl,Classical Dance Classes,0,1,1.0,0,1743627136.0,False,t5_2qugx,y'all pls drop recs for professional Classical Dance (preferably Bharatanatyam) tutors with formal training in Delhi NCR 
t2_1451ix6n9n,Life was good when this mf was with us. The OG card.,0,229,0.99,0,1743521018.0,False,t5_2qugx,Altho it's just cover.
t2_6mtcepq2,Bhang Lassi in Delhi NCR,0,1,0.67,0,1743626582.0,False,t5_2qugx,Hey everyone - any places you can recommend I can get a bhang lassi in Delhi/Gurgaon area? Cheers
t2_1k2u4nmn0i,Describe Dwarka Mor in one sentence,0,1,1.0,0,1743626023.0,False,t5_2qugx,Let's see 😋
t2_3j5oi9rp,Need a social media manager,0,4,1.0,0,1743597694.0,False,t5_2qugx,"My friend is setting up an account on Insta but he doesn't wanna handle it. So, getting someone else do that for him is what I need. Nothing fancy. Is there anyone here who could guide me in the right direction? "
t2_1535kwjg3l,Feeling depressed & Needed Advice.,0,2,0.75,0,1743611009.0,False,t5_2qugx,"Got my ratings today in my organization which was my 1st rating... I know I worked hard but at the end every thing got reversed. 
Except me almost every one got promoted. 
Even with best rating I won't get promotion this year 
But I was been used as a decoy in order to give others the best grades. 
Don't know what to do. Next 
Tought of preparing for CAT exam but being a 
General Engineering Male.(GEM) Which will lower my chance into IIM's so what can I do next ..

Need to discuss with my immediate manager as he was also not been asked about my performance rating while I was been assigned some shitty grades.

Needed advice on how to approach in my office 
& In preparation of CAT.
24-GEM
10th-95
12th-92
UG-8.43-(78.4%)"
t2_10fq69ssi2,I want to attend qawali like nusrat fateh ali khan ji sang with his party band in delhi,0,1,1.0,0,1743624206.0,False,t5_2qugx,Where can i attend that type of concert and also if you know any please share
t2_1ha6t0vpve,I Took a Break and Started Finding Myself Again (my bipolar confession),0,1,1.0,0,1743624008.0,False,t5_2qugx,"""For a long time, I used to worry a lot about how I was acting, especially with my bipolar stuff. I'd always be thinking, 'Am I being weird? Am I doing something wrong?' And when I felt really up, I'd be scared I was just losing it. Plus, meeting new people always made me super nervous, that social anxiety thing is real. But lately, I'm seeing things a bit different. Taking a break from stuff isn't about hiding; it's about looking after myself, and I'm even trying to push myself to do things that make me a little scared, like meeting new folks, because I know it's good for me. And those times when I'm full of energy? Maybe that's not a bad thing. Maybe it's just me feeling good and wanting to do stuff I enjoy.""

""Thing is, when the really low moods of bipolar hit, they hit hard. It's tough to get through those times. But you know what? Going through that darkness has actually taught me a lot. It's made me think about how people are, what's real, and even about how our minds work. It's like going through something really tough opens your eyes to stuff you never noticed before. You know, the other day, I was at India Gate, and there was this family, all smiles, taking pictures and eating ice cream. It looked like such a happy little scene, and for some reason, I just started crying! Not a sad cry, just… tears. It was kind of funny in a way, like my emotions have their own weird way of showing up sometimes. It's a reminder that things aren't always straightforward, and even happy moments can bring out unexpected feelings.""

""Now, it feels good to just chill sometimes and do what I like. Even though meeting new people still makes me a bit shaky, I'm trying. Finding little bits of happiness – like painting or hanging out with nice people – feels really good. It's like I'm slowly figuring things out, learning from the hard times (and even the happy-cry moments!), and becoming more okay with just being me, you know?""
"
t2_byi1enoy,Any jogging buddy in Vikaspuri?,0,1,1.0,0,1743622713.0,False,t5_2qugx,Anyone up for jogging either in the morning or evening? I'm new here and have been procrastinating to go outdoors.
t2_1111rokh8h,It's just me or biological sleep cycle disturb hone lgi suddenly?,0,0,0.5,0,1743622469.0,False,t5_2qugx,LATE night nind na and ka gum 
t2_s62le8pc,How's When Life Gives You Tangerines? Thinking of watching it,0,4,0.83,0,1743600881.0,False,t5_2qugx,"I don’t usually watch K dramas, but I came across the teaser for When Life Gives You Tangerines and absolutely loved it. The visuals, the story, and the overall vibe really caught my attention. In my entire life, I have only watched True Beauty and Crash Landing on You. I am thinking of starting this one soon. Has anyone here watched it? Would love to hear your thoughts before I dive in. 

"
t2_fa7pi1xyl,Handicraft Startup (Opinion),0,2,1.0,0,1743608562.0,False,t5_2qugx,"Guys my friends and I are launching our handicraft e-commerce startup this week and our app will also launch this week. Can we get some support from your side because we worked very hard to make this dream come true. 

Our instagram handles are ""retoindia.official"" and ""retoradiance.official""

Really looking forward for your support guys.

"
t2_1f1zthzw52,Best Cafés in Dwarka?,0,3,0.81,0,1743599710.0,False,t5_2qugx,"Hey everyone,
I’m looking for recommendations for really good cafés in and around Dwarka. Preferably places with a great ambiance, solid coffee, and a comfortable vibe to chill. Bonus points if they serve good snacks or have outdoor seating.

Would love to hear about any hidden gems or popular favorites. Thanks in advance!"
t2_1bi407mnn1,5 year old girl was assaulted on a school bus in Delhi.,0,77,0.96,0,1743535288.0,False,t5_2qugx,"Amos Kool is a 20 year old student from K R Managalam Global School who has assaulted atleast 6 children. He is being protected by the school authorities because is a diplomat's son. He is a grown up. He will be jailed because he isn't a teenager. All of this came out after parents of a 6 year old child decided to get their daughter justice. A few other parents also mustered up courage to file their complaints.  In a viral video, the principal was seen defending the abuser by calling him a child. 
My heart shattered while watching this video. "
t2_t5y5td9x,Saw this in delhi-noida bus LMAO,0,228,0.94,0,1743514148.0,False,t5_2qugx,
t2_1em4m7r961,Good dermatologist in Delhi for hair fall .,0,1,0.67,0,1743619303.0,False,t5_2qugx,"Can you suggest a good dermatologist in Delhi for hair fall? I've been experiencing extreme hair fall for the past 10 months. While I was in Pune, I consulted two dermatologists, but the hair fall hasn’t stopped."
t2_1juxbka1jr,Gym partner nearby south extension or lajpat nagar,0,1,1.0,0,1743619267.0,False,t5_2qugx,Hi I am 31 yr old... Willing to join gym..but since I always lacks motivation while going to gym.i need a partner with whom I can start gym and can probably motivate myself. Anyone with similar intentions please connect.
t2_11ig16fbxp,Can anybody suggest good places to learn boxing in delhi,0,4,0.84,0,1743592058.0,False,t5_2qugx,Preferably south Delhi mention fee also
t2_18fbf7t2cr,"Looking for WFH/Work from Home spots, in/near South West Delhi",0,1,1.0,0,1743618909.0,False,t5_2qugx,"Where do you guys WFH? 

Unable to stay productive at home due to disturbance. Please suggest me some peaceful spots to Work from. "
t2_1mex2v3l75,"Tried some american or british food, i am not sure but it was healthy but taste is not so good.",0,0,0.4,0,1743656300.0,False,t5_2qugx,
t2_1h3vgw6pxo,Delhi Metro announcer hacked?,0,2,1.0,0,1743604411.0,False,t5_2qugx,"Last week I was traveling via Delhi Metro Red line and I saw a bunch of youngster doing something on their smartphone. And somehow they are able to connect their smartphone to the announcement device(device that announces next station is etc.) inside metro and they were playing songs on it.
I was shocked how could they do it? they doesn't seem to be carrying any external device other than a smartphone.
Does anyone have any idea, how this works?"
t2_1mf67a5v17,DONT CHOOSE BIKE RIDES WHEN USING UBER OR RAPIDO,0,52,0.96,0,1743540356.0,False,t5_2qugx,"Just saw a post earlier about a user almost getting kidnapped while on a Rapido bike. There has so been so many such cases recently. I will share my experience as well:
 
Just last week, just as I was leaving my friend’s house(undisclosed location), I saw a bike leaving a few meters away. This was strange as it was kinda late at night and no vehicles could be seen nearby. I decided to book a bike as it was cheaper than the others. I shouldn’t have done that. Less than a minute later, my ride request got accepted. The same that left a while ago came to pick me, and at that point, I felt a bit nervous and scared. I still sat on the bike as it was late and wanted to reach home qucikly. After running for a few minutes, he took a different route. That made me feel very uncomfortable and so I questioned him as to why he took this route. He didn’t answer properly and mumbled in a harsh tone. I asked him to stop the bike. Initially, he refused, but then I shouted at him and threatened to call somebody. This made him stop and I quickly got off. I cancelled the ride and refused to pay him (Payment option kept in cash). We were arguing for a while when an auto driver drove nearby to check what was going on between us. That made the biker run away. The auto driver seemed nice, he was concerned about it and so I took the auto ride. I explained the whole story along the way as he gave me a lift to my home. He did not even take my money.

I don’t what would’ve happened to me had the auto driver intervened at the right time. Thank you Auto Uncle!

I hope the concerned authorities look over this matter as soon as possible! This is not acceptable!"
t2_b62pmio1,Excitel Wi-Fi worst service,0,2,1.0,0,1743604006.0,False,t5_2qugx,"My Wi-Fi connection is down for 96 hours, ie 4 days.
Despite of repeated complaints, no one is turning up to restore the services.
I have gone to their FB page, customer care, tried almost everything to get in touch but nobody is responding.

I suggest you all, never buy their services.
Worst customer care service ever.
Companies like Jio, Airtel and even local isp respond within a day."
t2_tizf8rnb,Can you help for this ?,0,1,1.0,0,1743617192.0,False,t5_2qugx,"Hey guys  how are you doing ? I hope well. 

My friend wanted to move near Dwarka sector 21 . Do you have any leads for 1bhk ,1 rk or even pre occupied flat ? She need it urgently so looking for leads here as well . Any help will be appreciated.  Budget within 11 k ."
t2_9gapyb0q,Domino's at Jhandewalan extension gone up in flames,0,343,0.99,0,1743501973.0,False,t5_2qugx,"We had to evacuate fast and then got to know that Dominos and ICICI Bank is gone up flames near jhandewalan metro station, Smoke is so much that they evacuated all the offices in vicinity, there is severe power cut in entire area as well, Heavy rush at Metro station. 

It was our regular after office hangout spot from quite some time and now it's gone. 🥲"
t2_kcm40,Query regarding swimming lessons.,0,1,1.0,0,1743615859.0,False,t5_2qugx,"I am looking for a place to learn swimming at a reasonable price. My target duration is around a month. Any recommendations for good options in South Delhi, preferably near Hauz Khas, Safdarjung Enclave, South Extension, Lajpat Nagar, or Greater Kailash are greatly appreciated.

Edit: Thank you all, will check out suggested places & will update here for future references for others. "
t2_awhc6ag1,DDA sports complex Saket,0,1,1.0,0,1743615619.0,False,t5_2qugx,Guys I want join any existing tennis group who would like to play alternative days or weekends. Singles or doubles anything is okay with me. 
t2_1fsw8ee0yt,The Autowallahs of Delhi are straight-up awful and I hate them with all my being.,0,257,0.98,0,1743506555.0,False,t5_2qugx,"So this post has been made after about 3 years of experience with the autos of Delhi. And 8/10 of them are opportunistic jerks. Some examples of this:

1. I live near a mall, and the one way cost is 50 rupees. Sometimes when I take an auto from the mall however, the assholes often ask for 100-150. It's even worse at night. These jerks know that women start leaving for home once it gets dark, and they're not ashamed to ask 3 or 4 time the fare.
2. The other day, I forgot a pack of sweets in an auto. When I booked a callback through Uber, the guy called, I told him I'll get it parceled from his location, at no cost to him. The asshole asked me to paytm him 200 before doing so.
3. My mum is trying to start a new business, and was looking for someone to distribute pamphlets for her. She went to a location, and started inquiring for help, when an auto driver offered to do so. He took the pamphlets, and took the money. She got a bit distracted in the process of getting change, and he took off with the money.

Numerous times, these guys don't want to go the whole way, and start asking for extra money to drop you off. Other times, they pretend to not have change to make an extra 10-20.

I've started detesting these fuckers so much I only book through Uber/Rapido and carry exact change or UPI. I don't care if they get paid 15 rupees less than they would if they didn't use Uber, because I've heard several of them whine about how these apps have reduced rates.

  
P.S. If anyone knows any ways to advertise class 12th humanities classes, please let me know. It would be of great help to my mum. "
t2_1eljw6s7v0,I need to travel at 5 AM. Could anyone tell me when the first Yellow Line metro departs?,0,2,1.0,0,1743600374.0,False,t5_2qugx,Its showing different timings on Google idk. i needed to travel from Magenta line but someone told me it starts very late whereas the yellow line is kinda sooner than that. and i need to reach the destination by 6:20am max. Or else I'll need to book a cab. Help please 
t2_77p8s9rh,"Suggestion on booking outstation cab, does anyone have lead for cab rental from gurgaon?",0,0,0.5,0,1743612864.0,False,t5_2qugx,"Is it safe to travel with Ola/uber outstation cab. I have to travel from gurgaon to Rishikesh. Suggestion on booking outstation cab, does anyone have lead for cab rental from gurgaon? "
t2_m6y3l56bx,Freedom fighter enclave,0,1,1.0,0,1743612763.0,False,t5_2qugx,Please help out Delhi people. Me and my husband are looking for a 2 bhk in a safe green area. Office is in Saket. Heard a lot of bad things about Freedom Fighter enclave and traffic. Can someone please enlighten how is the area right now? 
t2_1111rokh8h,Top 5 Movie recommendations with best Imdb ratings,0,1,1.0,0,1743612743.0,False,t5_2qugx,"Please suggest some good  movies watch on ott(Netflix, hotstar or prime)"
t2_ru4k4paa3,Got a Free Day in Delhi – Suggestions for Fun & Exploration?,0,3,1.0,0,1743590963.0,False,t5_2qugx,"Hey Delhiites,

I’m in town for an office meeting, but I’m done with work and have the rest of the day free until tomorrow afternoon. Since I don’t know many people here, I’d love some suggestions on how to make the most of my time.

I’m open to anything—cool cafes, nightlife, cultural spots, or any unique experiences that locals love. Also, if there are any interesting events, meetups, or places where people usually hang out and socialize, I’d love to check them out!

Would appreciate any recommendations M 22 
"
t2_3ypbjdcz,"I ordered Selfie stick for 160Rs, instead got this, what would you do in such situation?",0,199,0.98,0,1743509032.0,False,t5_2qugx,
t2_1d9ziesg2e,|| Disappointed || Had an argument with Dad ||,0,1,1.0,0,1743612239.0,False,t5_2qugx,"Today i had an argument with my father due to differences in opinion that turned to heated conversation. 
I don’t know whom i am addressing here but i am just sharing that I don’t like to hurt him even now i am hesitating to call him.
Messaged to him “Sorry from bottom of my heart” 
Very disappointed looking for a good suggestions and meaningful advices how to convert it to normal.

Thanks in advance."
t2_cp3o18og,My friend is building an event management company and wants a unique name...,0,2,0.75,0,1743598690.0,False,t5_2qugx,Please drop down unique name ideas in comments. 
t2_1h3uo5wmx2,Hey guys rn doing data analytics course want to do internship,0,2,1.0,0,1743597972.0,False,t5_2qugx,Hey guys i am 23(M) and graduated and doing data analytics course from an institute but i think after completing my course rather than jumping into the job market do any internship to have/gain some experience. So do you guys have any idea of whete i can get a genuine internship opportunities 
t2_wny6j3ozl,Help me find a place for my Roka!,0,0,0.5,0,1743611448.0,False,t5_2qugx,"Hello everyone! Hope everyone is having a great time. I need your help finding a place to get ""rokafied"". I'm expecting 35-40 very snooty, very bua-fufa type guests, so looking for a nice place in delhi ncr! Could be a restaurant that takes reservations or a banquet- my budget is 50k. 

Would be great if you guys could help out, thanks!🌻✨️"
t2_47lkm5rg,Suggestions to purchase hair wigs in Delhi NCR,0,1,1.0,0,1743611212.0,False,t5_2qugx,"Hey All, 

Is there a place in/around Delhi-NCR where I could purchase hair wigs for my mother (mid - 60s)? She is currently undergoing cancer treatment and experiencing hair loss. Thanks very much!

"
t2_832by51b,Ice cream vendors of Delhi,0,12,0.93,0,1743562317.0,False,t5_2qugx,"Mostly all ice cream vendors in Delhi are selling Frozen deserts instead of real ice cream. Kwality walls, havmor, etc.. all have frozen desert ( made up of palm oil ) instead of real milk. Which brand ice crems are best ?? Or all going to ice cream parlors ? Hoping they too not have real milk in ice creams .. "
t2_118yxqf8rw,How difficult is it to become a manager in a bpo?,0,2,0.74,0,1743596690.0,False,t5_2qugx,How difficult is it? 
t2_156zmg3ihd,Looking for printout places for artwork framing,0,1,1.0,0,1743610193.0,False,t5_2qugx,"A friend is looking for a printout spot. He wants to keep the original and wants it framed. Can someone please recommend a credible spot? Please help. The paper size is A-3, just for reference. "
t2_1iacauioyf,Looking for a co-founder.,0,4,0.84,0,1743582611.0,False,t5_2qugx,"I know this is not the ideal place to post this but bare with me .Hi everyone prabh this side. I was working on an idea that i thought would be a game changer and surely it was but it was my blunder that I did not end up looking in the ecosystem if someone was working on something similar. So now just yesterday out of the blue I see someone has build not just something similar to what I thought I will build but an exact replica but they are still young 🌱.so what I want is a tech co-founder maybe 2 more co-founder now cause I want to build and expand this fast. So anyone who is in delhi and want to work on this together just ping me in text. This is not a fake post i am serious about this. This is the last time startups like these will exist and i believe the upcoming time is of ai . This will the last chance on normal startups like these. So serious people please ping me am down to meet today only in delhi. You can be a woman men in college out of college doesn't matter at all. As far as my role i will be looking at sales, marketing and fundraising part for the company. "
t2_d87bnlej,Claim: I'm not active on social media. Reality:,0,42,0.98,0,1743535496.0,False,t5_2qugx,
t2_qd0msb3l,Suggestions for Renting a Flat Near Mehrauli,0,1,1.0,0,1743607983.0,False,t5_2qugx,"Hey folks,  
Posting on behalf of a friend who's recently landed a job with a designer in Mehrauli and is moving to Delhi soon.

They're looking for a budget-friendly place to rent nearby, a 1BHK or studio apartment would be ideal, even semi-furnished works. Preferably something with decent commute access to Mehrauli, but not overly expensive.

Would really appreciate recommendations for safe and accessible areas nearby where they can find rentals in a reasonable budget. Any leads, brokers, or societies are welcome.

"
t2_38hyxokd,Dose anyone know a place where you could sit by the yamuna bank and is safe?,0,1,1.0,0,1743607717.0,False,t5_2qugx,kinda feeling pahad sick and need to be close to any form of nature and most of the yamuna bank spots r too isolated and become very unsafe for a person to go alone so does anyone have any recommendations?
t2_1eo7l7qtvf,Dress code in temples,0,1,1.0,0,1743607646.0,False,t5_2qugx,Is there any dress code to follow when visiting a temple? For a girl.
t2_m2l9q25b,"Received not-so-professional texts on Linkedin (green- him, red- me)",0,43,0.83,0,1743533822.0,False,t5_2qugx,"I think he got offended that I caught him hinting at going out with me or something, lol."
t2_v1tf2zive,"New Study Tracker App, Its Free But...",0,4,0.62,0,1743580037.0,False,t5_2qugx,"Hello Delhi Gang ! 

  
Hi There Everyone, I Make A Study Tracker App But I Need Some Sort Of Funding For Run This App Functionality ! It Work On WebPage Fully But For Running, I Need Aprox 3,000 Funding !

  
For Donation - [DONATE THE YOUNG 💡](https://hydrogenwithhelium.github.io/DONATION-PAGE/)

WEB PAGE OF APP !

I Use WebPage Because, Its Easy To Do Hosting With Github & Lovable Intregration , Rather Than Buy Hosting !

[APP WEBPAGE ](https://preview--simple-time-tracker-ai.lovable.app/)"
t2_tqag0g0u9,Please guide me to a therapist or an organization i can talk to,0,1,1.0,0,1743606686.0,False,t5_2qugx,"I am a queer person, i wont say what kind of queer person because i know how cruel the internet is and how cruel Delhi is generally. But ive reached the end of the rope. Im really desperate, i need a sense of community and i need to talk to someone. Ive been trying to email some queer friendly therapists but either i get no reply, or im told they cant be of much help. I messaged an ""influencer"" who gave a resource list, but i guess they are too busy to help me out otherwise. I feel like im suffocating. If anyone can dm me about who i can talk to, I would be grateful to them. Yeah i know i can go to a therapist , but i dont have money. I cant afford 3000 a session to talk to someone.  "
t2_70ns636zx,Just listen to the sound,0,1,1.0,0,1743606624.0,False,t5_2qugx,"Was taking a walk 
Heard an enchanting sound 
Saw an elder practising his  flute skills 

It truly was a bliss just 🤌🏼🫰🏼
Couldn’t exactly record him as it’s breach of privacy 
"
t2_dsmyihu18,Jahanpanah City Forest South Delhi,0,1,1.0,0,1743606419.0,False,t5_2qugx,"Literally my go to place for evening walks.
Peaceful and secure if you live nearby you should visit once!!
"
t2_14pei0l,Where can I buy refurbished lenovo thinkpads in delhi?,0,2,1.0,0,1743592631.0,False,t5_2qugx,I am looking to buy refubished lenovo thinkpads or any other good quality laptop. Please share trusted shops to buy from. Thanks
t2_4om4t73s,People are getting unique ideas at the TOI office for April Fools,0,597,0.99,0,1743481175.0,True,t5_2qugx,
t2_sh5ir7gq,Is it worth attending?,0,1,1.0,0,1743606059.0,False,t5_2qugx,"https://startupmahakumbh.org/

Hi all, 
Is this a good exhibition to pay a visit? I have never been there. 
What can I explore there as an aspiring wanna be entrepreneur😍?
Please share your insights if anyone been there.
"
t2_432fbobl,Best coffee places in Lajpat Nagar?,0,2,1.0,0,1743592024.0,False,t5_2qugx,My gf’s coming to Delhi tomorrow and I’m planning to take her out for coffee (as she absolutely loves it). I would really love some good coffee place recommendations in and around Lajpat Nagar 
t2_iim2ct6o,delay in top up of metro card,0,2,1.0,0,1743591783.0,False,t5_2qugx,I just recharged my metro card using amazon pay. But there was a change of plans and i don't have to go by metro now. I don't plan on going by metro for the next one month or so. I wanted to ask if I can still top up the card after 2-3 months?
t2_abcljrrq,Plan some meetup bhaiyo. This wfh is killing me socially.,0,1,1.0,0,1743605151.0,False,t5_2qugx,"Wfh from last 3 fuckin years. I'm not very much into messages and calls. And I feel too lonely. Also, it seems wfh will continue forever. Cannot change job as of now. What can I do about the loneliness bruh. Each day my mind goes crazzy. Plan banao bhaiyo. Mei aau ya na aau bs plan bana lo. Or anything I can do to socialoze. "
t2_xirsca3hc,Has Anyone Here Migrated to Another College for BCA?,0,2,1.0,0,1743591568.0,False,t5_2qugx,"So i know this isn't the right sub to post this but i am posting here in hope that maybe someone also may have faced this situation which i am currently facing so here it goes.My college is about 35 km from my home, which makes my parents worry about me—a natural concern for any parents. When I was choosing a college, I wasn’t aware of this one, so I ended up taking admission far from home. Now that I know about it, my parents are suggesting that I migrate to this closer college and continue my BCA from the 2nd year. Am I making the right decision?

"
t2_kc19qthkb,"Anyone Done the Graphic Designing, Video Editing & VFX Short-Term Course at Hansraj College ?",0,1,1.0,0,1743604940.0,False,t5_2qugx,"Hey everyone,

I’m considering enrolling in the short-term Graphic Designing, Video Editing & VFX course at Hansraj College and wanted to know if anyone here has taken it before.

How was your experience? Was the course content up to the mark? Did you find it useful in terms of practical learning and career prospects? Also, was it worth the investment in terms of time and money?

Would really appreciate any insights or reviews before I make a decision. Thanks in advance!"
t2_quoqzkwq,Turns out my tailor had my shirt for one and a half years,0,691,0.99,0,1743476698.0,False,t5_2qugx,"I was scrolling through old photos when I saw a shirt I had not seen in forever. It was a really good shirt. So I started looking for it everywhere. Checked my closet, checked every corner of my house, even stood in the middle of my room thinking real hard. Then it hit me. I gave it to my tailor one and a half years ago.

I gave it to him just before the winters of 2023. Then winter came, I started wearing warm clothes, and I completely forgot about it.

I ran straight to him and told him about the shirt. The moment I described it, his eyes lit up like he just found his long lost brother who got lost in a mela when he was seven. Without saying a word, he removed a big pile of clothes, and right there, sitting peacefully under all that, was my shirt.

I was happy but I think he was happier. I paid him but I am pretty sure he was at a loss because I did not adjust for inflation.

Anyway, just a gentle reminder. If you randomly remember something you lost a long time ago, it might still be out there. Maybe a shirt, maybe money, maybe something else. Go check!"
t2_r6t5wn0x,(Hands Folded) HELP ME WITH MY ITINERARY,0,0,0.5,0,1743604406.0,False,t5_2qugx,"So, you can go through my previous post. I planned for spontaneous shimla trip but had second thoughts and booked a bus just now for dharamshala @10 pm to explore mcleodganj and bir instead. I've been talking to some people and had good ideas while building my itinerary. 

Pleaseeee plan a itinerary (detailed if possible) for me for next 3 days. I need to get back to Delhi by 6th evening. I'll reach dharamshala tomorrow @8:30 am. Trekking in dharamshala and paragliding at bir is compulsory!!

Thank youu. Your suggestions will make my trip worthwhile "
t2_1jnkzmvll5,Which phone should I buy?,0,1,1.0,0,1743604346.0,False,t5_2qugx,I am planning to buy a new phone. The only one I have in my mind right now is samsung A 55 but i want to see if there are any better options in that prize range. which one will you all suggest
t2_1mh8qyx3bb,Can anyone suggest a good gym near Paschim Vihar and Paschim Puri,0,1,1.0,0,1743603531.0,False,t5_2qugx,"Hey, Guys suggest any good gym for a me who has never been to gym and wants to improve his appearance near Paschim Vihar and Paschim Puri my budget is maximum 1500 per month

"
t2_pzf4gksay,food recommendations?,0,3,1.0,0,1743581243.0,False,t5_2qugx,"need food places recommendations from you guys

for accha khasa sasta tikau north indian food 

3 people/budget = 1500

for tonight

vegetarian hu!!"
t2_k0q1s3e0,Looking for swimming classes in English,0,2,1.0,0,1743587603.0,False,t5_2qugx,"Hello. I'm a foreigner living in New Delhi (Female). I'm looking for swimming classes in English. Hygiene and a professional environment is super important to me. Can someone kindly help me with finding one? 
I don't mind paying a bit extra but not the most expensive thing in the planet lol. "
t2_ywgicm8gc,Need serious advice for abortion,0,3,0.58,0,1743574033.0,False,t5_2qugx,"I am 4 weeks pregnant, I an abortion, need abortion. Please let me know a good gynecologist where this could be done also if possible, and what amount to expect.

Edit: I’m married"
t2_7me0iajm,"broke a bone exactly 1 year ago, got a tattoo to commemorate it",0,392,0.94,0,1743482888.0,False,t5_2qugx,
t2_m7n31qoa,online interaction with parents,0,81,0.89,0,1743513112.0,False,t5_2qugx,"One time i sent ""💀"" in the gc toh unhone kaha ki ""ye khopdi kyu bhej rahi ho""😭. Idk i just find these interactions very cute. My father prefers calls over texts. A lot of times he calls me immediately the moment i text him, and i have to repeat the same exact thing i texted😭🙏🏻 I wish i could insert more of the cute interactions I've had with my parents online. But I'd have to dig a lot."
t2_1mh44f2xrz,In urgent need of animal shelters,0,1,0.67,0,1743598381.0,False,t5_2qugx,I’ve found a stray cat severely injured and i need someone who can take care of her and also provide medical assistance. if you have any leads please contact me. It is seriously an emergency. 
t2_1ef2l0ipo1,Better alternative to Domino's at affordable rate - Mojo pizza,0,113,0.87,0,1743505226.0,False,t5_2qugx,"Since childhood , I was having Domino's Pizza, but I started exploring cafes a Lil bit, got to know Domino's Pizza is like the worst in comparison to other, recently, I had mojo pizza believe me you won't regret it, it's like the one of the best affordable pizza I ever had. A perfect thin crust, loaded cheese, fully loaded veggies whats more needed than this? and the rate my my, it's the best. Like half of the taste for me depends on the rate, if the rate is affordable, then the snack would taste 10x yummier. Lol. 
"
t2_1lnl4hx6o7,Anyone in aiims delhi right now ?,0,2,0.67,0,1743576794.0,False,t5_2qugx,..
t2_1d0jedwc3e,Found a phool (pyara sa),0,0,0.5,0,1743598000.0,False,t5_2qugx,"Just chat pe aai and ye pyara sa phool dikha , a little large btw :) 
With two ants roaming around on this probably finding each other on opposite sides who knows "
t2_1hwadz3vq5,Suggestion for business names,0,1,1.0,0,1743597184.0,False,t5_2qugx,"Guys if u had a business and wanted a Greek / spanish / Portuguese or latin name what could it be 
Suggest me some 5 letter words name 

"
t2_75kf750o,Places to sell used books around East-South Delhi,0,2,1.0,0,1743582744.0,False,t5_2qugx,"I want to sell my used fiction books(about 50) for a reasonable value. I am even fine if they provide some exchange value in exchange for some other books.

I know Blossoms in Bangalore has something similar trade-in. If someone has the context I am exactly looking for that kind of place."
t2_hf68dhsn4,Diabetic gym bros!!!,0,34,0.95,0,1743525839.0,False,t5_2qugx,"I live in a locality where multiple reputed gym brands are lined up on a single street. But they have one more thing in common—insulin injections used for doping. And to make things worse, they're not even properly disposed of, just tossed out of car windows.

At first, I thought they were diabetes insulin doses, but after figuring out the truth, all my medical instincts screamed biomedical waste management!"
t2_i4gxbmxws,Is this possible or Am i overthinking?,0,1,0.6,0,1743594087.0,False,t5_2qugx,"Alright alright le me start so, is this possible ki puri delhi main like delhi bada nope kaphi bada hai, bada bhi kya population kabhi hai like around 34.67 million ke aspaas.
Bhai yaha roj like roj tumhe new face dikhega ROJ!
So, how is this possible to see a similar guy three times? Like th 3 barr woh bhi random day, random time and at random metro station EHHHHHH.

The first time I saw him when me and my roommates were coming from SRCC(lit fest)  ke baad, and while coming from there main ek stationary shop ke bahar ruki kyunki mujhe copies leni thi for my college.
While I was buying I saw that guy with woh jaat guy's ke moustache hote hai waisa tha uska lolll
Lekin fine looking guy tha tall and normal weight(LMFAOAOA TF IAM DESCRIBING) tha. But maine utna dhyan nhi Diya kyuki hume nikalna tha jaldi so, we directly went to vishwavidyalaya wala metro yellow line while we were waiting I saw that guy again and hamesa ye pehle kaise phoch jata hai bhai sab lekin main ek achi sanskaari lakdi ki tarah apne kaam se rakh ke ladko se dur reh ke hum apne zone main busy thae and uske baad hume Central Secretariat pe line change karna tha humne kiya and tf woh mujhe waha bhi dikh gya😭 mere se pehle and main jaha utni apne station pe ig with waha tak tha.
But jyda deemag nhi lagate huye maine utna jyda kuch nhi socha k mena obviously kya pata uska ghar yahi ho, pg yahi ho route yahi ho.
Toh main bhul gyi iss bar ko.

Second time when I(mere roommates bhi thae)was going to sarojini for some stuff and at my station were I had to boarded I SAW HIM AGAINNN HAHAH main apni roommate ko kohni marte huye ki ""arey dekho dekho woh wahi guy hai joh mujhe waha SRCC se dikha tha"" lekin usse pehle hamari metro aa gyi.
That was the second time huhh

Third time it happened recently, it was 30 march navratri ka pehla din me and my roommates we went to some area near our college to find another pg for 2nd year ke liye hume almost 7:10pm ho gye thae lekin hamare bade se deemag main kaphi khatarnak idea ata hai ki  ""kyu na hum india gate chale, raat main kaphi sahi lagta hai"" hamari obviously fatt rahi thi kyuki hum jyda bahar nikalne wale log nhi lekin hum aadha ghanta soch vichar karne ke baad chale gye😼 and  and yaha se hume Central Secretariat pe jana tha and guess whatt
There at the station I SAW HIM AGAINN and even i don't know ki itni jyda crowd main kyuki CS main waise bhi kaphi crowd hota hai main still usko recognised kar gyi like th woh ek placepe khada tha and again maine apni roommate ko kohni maari ki ""bro bro dekho woh phir woh phir dikha mujhe woh SRCC wala"" lekin crowd kaphi tha so we'd go from there.
Pg aane ke baad hum discuss kar rahe thae ki ye kya ho raha hai, I mean sayad main jyda hi faltu ka deemag laga rhai hu kyuki yar possible hota hai( lekin 3 bar coincidence?)  kya pata woh yahi aaspas rehta ho. Lekin random day kabbhi subah, kabhi raat random time pe kaise and upapr se itna crowd main mujhe dikh kaise jata hai and dikh bhi jata hai toh main Pehchan kaise jati hu.

Ahhh now you'll tell me ki mera apna deemag kuch jyda hi chala rahi hu ya possible hota hai aisa(hota hi hoga)."
t2_11honxvr65,Made an illustration. To be in love and be taken care off,0,1,0.52,0,1743593701.0,False,t5_2qugx,
t2_wglursca5,Is this a scam going on ?,0,0,0.5,0,1743593325.0,False,t5_2qugx,"I shared my pics for modelling at their number and now they sent this message. I even asked if this is free or paid but they said free of cost. 

Do anyone has ever encountered this so called delhi cinema?"
t2_wd8k5saay,Building nearJhandewalan metro station caught fire,0,14,1.0,0,1743538496.0,False,t5_2qugx,"Was right next to it for some personal work near Videocon Tower, when this incident happened. "
t2_1ezpvhs9yl,How can I get good graphic designing internship,0,1,1.0,0,1743588885.0,False,t5_2qugx,I have been submitting various applications in LinkedIn regarding the remote internship in graphics designing most of them rejected me or either paying very low as low as 4-5k for huge work . Can you give me way to find around 10-11k internship with flexible hours
t2_11nu2uv031,X (formally twitter) had its data leaked,0,22,0.81,0,1743528289.0,False,t5_2qugx,"2.8 billion accounts data leaked



https://hackread.com/twitter-x-of-2-8-billion-data-leak-an-insider-job/"
t2_16892nhd8g,Need suggestion for places to visit.,0,2,1.0,0,1743574737.0,False,t5_2qugx,Give me some suggestions for places to visit in Delhi in this season(Except home).
t2_ur07dgfy,"Riyal use for ""SPACE FOR WHEEL CHAIR""",0,1,0.6,0,1743587095.0,False,t5_2qugx,
t2_1ii3xe2570,Why India will Never change | India is doomed |,0,3,0.57,0,1743565160.0,False,t5_2qugx,
t2_1evfsf7eym,Safe & Secure Airbnb recommendations!,0,1,0.57,0,1743586494.0,False,t5_2qugx,"Hi everyone! 
I’m visiting my boyfriend in Noida for a day and looking for a safe, secure, and couple-friendly Airbnb. I want to ensure the place is well-reviewed, in a good locality, and free from any safety concerns (hidden cameras, sketchy hosts, shady places 
etc.) If you’ve stayed at or know of any reliable Airbnb options or any good hosts in Noida, please share your recommendations! Bonus points if the place has good amenities and a hassle free check-in process.

Thank you in advance!!! 
"
t2_9xu1esy7,Installation also in 24 hours? What do you think?,0,161,0.97,0,1743487128.0,False,t5_2qugx,
t2_jphb1kto,Which Institute in Delhi is Best for a PG Diploma in Clinical Research?,0,2,1.0,0,1743572202.0,False,t5_2qugx,"Hey everyone,

I’m considering pursuing a **Post Graduate Diploma in Clinical Research** and have shortlisted a few options in **Delhi**, mainly:

* **Sir Ganga Ram Hospital (SGRH)**
* **Max Healthcare**

I’m unsure which one provides better training, practical exposure, and career opportunities.

Has anyone here completed a **PG Diploma in Clinical Research** from either of these institutes? Or do you recommend any other good options in Delhi?

"
t2_1b8uzqykvk,Any Men’s clothing market,0,2,1.0,0,1743571832.0,False,t5_2qugx,Where can I buy budget friendly decent Nehru jacket and formals ?
t2_y15inesss,Where to give law college books,0,1,1.0,0,1743583988.0,False,t5_2qugx,"Do you guys have any idea where can I give books on second hand price. Since I had BBA. LLB, I have a lot of books for bba and law both. Most of them are totally unread. "
t2_bnk8gmo6,why are people doing morning walks on palam railway station,0,4,0.83,0,1743556402.0,False,t5_2qugx,"i understand that we as indians have space constraints, especially in metropolitan cities, but this is very very weird and seen it for the first time in my life"
t2_kw1c409g,Anybody has idea about r/Field?,0,2,0.67,0,1743569887.0,False,t5_2qugx,"It's green icon is showing on my reddit home page in top right. Is it gaming? Can we play together? How does this work?

"
t2_6ilv0pk1,Best SSC coaching centre in Delhi,0,2,1.0,0,1743569391.0,False,t5_2qugx,A friend of a friend from Kochi needs some guidance on coaching centres in Delhi. Can anyone recommend a good coaching for SSC exams? 
t2_13o08w,Looking for 4bhk Flat Near Gitorni or Sultanpur,0,1,1.0,0,1743582641.0,False,t5_2qugx,"Traveling from Ggn daily is task in itself, Right now have a flat in Paryavaran complex, it takes me around 80 min to reach home from office. 

Looking for flat to cut down the travel time in half haven't found any flat in chattarpur except at JVTS Garden but that area is shady af and doesn't look safe to me."
t2_me02h7for,E-Rikchaws are creating a mess,0,167,0.94,0,1743482462.0,False,t5_2qugx,"E-rickshaws are becoming a major cause of traffic chaos, especially during peak hours. This morning at 10 AM, when everyone was in a hurry, most cars were still following traffic rules. However, e-rickshaws seemed completely indifferent to road discipline. Instead of maintaining order, they recklessly maneuvered through jams, ignoring laws and causing disruptions for everyone.

Rather than just increasing traffic fines, the government should take concrete steps to regulate e-rickshaw movement and ensure better enforcement of traffic rules.

What are your thoughts on this ?"
t2_xxkttgboq,Need a flat in Delhi,0,1,1.0,0,1743582418.0,False,t5_2qugx,"I am looking for a 1bhk, 1RK in Delhi, anywhere on violet lines works, preferably furnished and my budget is till 16K. Can someone please help with how to go about this? "
t2_o9cxzme5o,The incompetence of people,0,1,1.0,0,1743582259.0,False,t5_2qugx,"Standing here past 45 mins waiting for my office cab, no one here is patient enough to make way for others, traffic police is also present but they are doing nothing in clearing the traffic.

One side is completely vacant but other is fully blocked leaving a 1.5km long queue of vehicle.

This show how competent is our system is, how impatient we are and how we lack basics while solving problems.

Place : Bypass Road, E-2 Vasant Kunj (Mahipalpur)"
t2_guf5pwzdt,Had a creepy encounter at delhi metro (magenta line),0,91,0.87,0,1743494301.0,False,t5_2qugx,"I was coming back from my college and i boarded the metro at Sukhdev Vihar metro station, and I saw i a lady (prolly 30), She kept her stuff (a polythene with a banana and smth else in it) i told her to remove it since i needed to sit there. Then out of nowhere she started singing randomly, like it was very loud and people were staring at her. I thought okay bhai koi nhi it’s weird but atleast mujhe seat mili hui h.Then she started blabbing to herself, She said “log kala jadoo karte h,Kaala jadoo smth smth” as soon as i heard it i got up and literally started walking away from her(seat jaye lekin pran na jaye).She got off at Kalkaji Mandir. So creepy dar hi lag gaya😭😭.Mai usi seat pe baithi thi jispe usne apna samaan rakha tha kahi kaala jadoo na krdia ho🙂‍↔️🙂‍↔️"
t2_m2l9q25b,Moms make the best jokes honestly.,0,17,0.87,0,1743527783.0,False,t5_2qugx,"My mother showed me a video of Jhandewalan, kuch aag vaag lagi hui thi uska video tha. And maine pucha ""aag kaise lagi mummy?"" Woman... said to me, ""beta main maachis leke gayi thi jalane."" Mummy rock, beti shock. XDDDD"
t2_4blaa63g,Let's fool all of them.....,0,60,0.82,0,1743500182.0,False,t5_2qugx,
t2_1kaq6ulc2f,Need a small help from y’all,0,3,1.0,0,1743559221.0,False,t5_2qugx,Guys please suggest me some hotels in Dwarka sector 23!
t2_bifuo8h5,How do I join the chat here!?,0,2,1.0,0,1743565925.0,False,t5_2qugx,I mean the r/delhi lounge or chat 
t2_ekxnsehb,Need a good single room pg/rk,0,1,1.0,0,1743579437.0,False,t5_2qugx,"I am ideally looking for a single seater pg. I have a hybrid requiring me to travel to office on Mondays. 

So far all the pg options I have explored have been horrible. No sunlight reaching the rooms, unhygienic bathrooms. Even the zolos are not upto the mark.B

Can someone help me find a good pg within the range of 15-20k. "
t2_hca0fyva,18F looking for best aesthetic cosmetic surgeons and clinics in Delhi,0,1,1.0,0,1743579436.0,False,t5_2qugx,"Hey, Delhiites! I am a non-Delhi resident and have absolutely no knowledge about the clinics present there. Delhi has been one of the states where I am considering to go for medical tourism. So, I need help from local people. I am basically looking for reputed surgeons and clinics who have proficiency in aesthetic rhinoplasty (nose-job), lip fillers, and augmentation of the eye area. Thank you all 🫶🩵"
t2_7jv75c0t,In dire need of a job. In delhi/gurgaon,0,2,0.75,0,1743579131.0,False,t5_2qugx,"Hey everyone. Hope you'll are doing well.

Today I'm reaching out to here , in desperate hopes of finding a job...

I'm a college 3rd year student currently doing my bachelor's in computer applications.
Actually, My financial situation is not good at all.
(Not survivable for long) And i worked as a graphic designer for 3 months at a small local shop, and now here i am again looking for a new job , according to my skills , i think , I'll only be eligible for graphic design, VA , or back office type jobs (which i am totally fine with)
so i just want your suggestions or reference or any guidance 

 Qualification: bca3rd year
Location: Delhi or gurgaon

I'm open to all suggestions,

-Will provide cv or anything that's required,if asked , in dms

-and please dont suggest bpo jobs , already done that and never again 🙏🏻

Edit:- dont suggest me apps like naukri and such , already trying on that, 
And i only made this post to get more exposure 🙏🏻"
t2_r6t5wn0x,Looking for immediate trip buddies,0,1,1.0,0,1743578449.0,False,t5_2qugx,"First time using reddit and looking for trip buddies who wouldn't kill me afterwards. The bus leaves today @11:40pm from Kashmere gate to SHIMLA. 2 day budget trip. No plan, no guide, just an itinerary. Reply or whatever if you wanna join. Why tf this doesn't have a ""Travel"" flair...."
t2_f6o0f5v6p,What are some good consultancies for bpo jobs in Delhi/NCR region,0,1,1.0,0,1743578205.0,False,t5_2qugx,i am looking for good consultancy for find bpo jobs in delhi/ncr region. 
t2_77anm4502,Jheel park rohini in the morning,0,13,1.0,0,1743529375.0,False,t5_2qugx,
t2_e1sawfk5,PG tips/recommendations in Saket/Green park,0,1,1.0,0,1743577582.0,False,t5_2qugx,Please help a first timer in delhi as a working professional looking for a PG in Saket/Greenpark. What things I should take care of? What should be the ideal rent for a no sharing room? How should I find one
t2_1g0qoxr4vx,Broke my SATA cable—need help finding a repair shop in NCR,0,2,1.0,0,1743563768.0,False,t5_2qugx,"So, I kinda messed up—I pulled too hard on my hard disk's SATA cable, and it snapped (pic in comments. Didn't let me attach here.). The pins seem intact, so I’m thinking the best fix is to get a new SATA cable soldered onto the connector. Problem is, I don’t feel confident doing it myself, and I have no clue where to get it done.

Anyone know a reliable shop in Nehru Place or anywhere else in NCR that can handle this? I’m based in Gurgaon but can travel if needed.

Would really appreciate any leads—thanks!"
t2_1jih4ego98,What's Your Favourite Remedy to Survive in Delhi's Summer?,0,1,1.0,0,1743577312.0,False,t5_2qugx,Give the best remedies with how that will work.
t2_4dxt7k7r,"""Think. Sip. Checkmate."" - Join the Ultimate Chess & Chai Experience in Delhi NCR!",0,1,1.0,0,1743577125.0,False,t5_2qugx,"Hey fellow Redditors,

We're excited to announce our next event - 𝘾𝙝𝙚𝙨𝙨’𝙣’𝘾𝙝𝙖𝙞, a _Chesszoned! x Chaayos_ Crossover!

Join us on April 6, 2025, at 11:00 AM at M-66, Block M, 1st Floor, Connaught Place, New Delhi, for a unique experience where chess meets चाय!

Limited seats available! Grab yours now: https://forms.gle/NWMZZbZCmudYch6b7

Tag your friends, bring your A-game, and let's redefine how Delhi plays chess — one sip at a time! ♟️

Share your thoughts, and we'll see you there!"
t2_1de7zst29n,"As per the latest update, Project Smart City has been completed. Hopefully, we now have 100 smart cities in India",0,1,1.0,0,1743576971.0,False,t5_2qugx,What's are you thoughts on Delhi being a Smart City?
t2_3n844ukx,"Delhi Riots: Court Orders Further Investigation Against BJP Leader Kapil Mishra, Says Cognizable Offence Found",0,12,0.93,0,1743527700.0,False,t5_2qugx,Fucking finally. 
t2_3n844ukx,Air pollution kills millions every year - where does it come from?,0,1,1.0,0,1743575258.0,False,t5_2qugx,
t2_4b4b4pfo,Zepto that was unnecessary,0,29,0.95,0,1743508212.0,False,t5_2qugx,"Saw this on zepto was going to order this, im sad now"
t2_a79l2p4y,Gym near ITO/Daryganj,0,1,1.0,0,1743572639.0,False,t5_2qugx,"Can anyone guide me to a good gym near Daryaganj or ITO, struggling to go to anytime fitness in CP during peak hours."
t2_s3n8br6r,"Clueless in Delhi – Need Recommendations for Places, Meetups & Nightlife!",0,0,0.5,0,1743572250.0,False,t5_2qugx,"Hey folks, I’m in Delhi for a few days in a business trip but I've spared some time for leisure, and I’m absolutely clueless about what to do during my free time (mostly after 6PM and at night). Would love some suggestions on:

Places to visit (not just touristy, but interesting spots)

Meetups & networking events (tech, business, startups, or anything fun)

Nightlife & good places to hang out (events, live music, or unique experiences)

I’m open to all kinds of experiences—whether it's a cool underground gig, a great place to meet like-minded people, or just a must-try food spot. Let me know what’s worth checking out!

Let me see how happening is Delhi..

"
t2_puz4mzkfg,What was their fault?,0,29,1.0,0,1743505963.0,False,t5_2qugx,"I just got back from the funeral of a distant relative. He was an alcoholic and passed away due to liver failure.

What he left behind:

- An elderly father

- An elderly mother

- A young wife

- Two little daughters (the older one is just 4 years old)

- An empty bank account, as most of the family's savings went into his treatment


I saw his daughters—they were too young to understand what had happened. They had no idea why everyone around them was crying. The 4-year-old kept asking where her papa was and when he would be back from the hospital… Her innocent face shattered me inside.

What was their fault in all this?

"
t2_1iyhfuhu4s,Can he make the difference?,0,389,0.93,0,1743453714.0,False,t5_2qugx,This guy is constant near Punjabi Bagh metro station. What is he trying to prove?
t2_92ax1gne,Old Delhi Railway Station before independence,0,12,1.0,0,1743521465.0,False,t5_2qugx,"History:

Before India's independence in 1947, Old Delhi Railway Station (Delhi Junction) was a crucial part of the British-era railway network. Established in 1864, it was one of the oldest railway stations in India and served as the main station for Delhi under British rule."
t2_yfw9umrsg,Commute Advice for office,0,1,1.0,0,1743569571.0,False,t5_2qugx,"I stay in Central Delhi, near Karol Bagh, my office is in Sector 18, Gurgaon. How do I commute, cabs are too expensive. Suggest some car pooling apps, shuttles or shared rides that I can take to reach the office. Metro will be too hectic, looking for alternate options"
t2_13ajt0g6dm,The good times (self topup metro cards) are back,0,18,0.96,0,1743512853.0,False,t5_2qugx,"Found them at Samaypur Badli Metro station. We bought 3 cards. We asked for more, but Airtel guy stopped up by saying ""limited cards can be sold"""
,East Delhi Air Quality,0,2,1.0,0,1743555128.0,False,t5_2qugx,Did anyone living in the east Delhi area feel the burning smell and sensation in the air today since early morning ?
t2_rlsnfjqk0,21st birthday; mid life crisis,0,6,1.0,0,1743531518.0,False,t5_2qugx,"so today was my 21st birthday and honestly i was okay with it, but aaj itne rishtedaaron ki calls ayi hai, who jokingly kept asking me “aur beta pdhai kb khtm hogi, shaadi ka time aarha hai” :)))) arewyy???? “abhi tum bss pd hi rhe ho? aaj kal bcche to side business bhi khol ke baithe hai” etc etc and ab naa chahte hue bhi existential crisis ho rhe :)

any help or advice? (already blocked them all, dont worry)

on a side note, my birthday was greattt except for this part, tried third wave today and damn their cold brew is something. "
t2_f7nxx8uy,The Delhi Metro's OG,0,1,1.0,0,1743566289.0,False,t5_2qugx,
t2_bifuo8h5,Where can I buy second hand engineering books in NCR?,0,1,1.0,0,1743565998.0,False,t5_2qugx,I am looking for Masters books but it would be great to know some good market places around delhi. People have told me about Ber Sarai and Chawri. 
t2_7eo16bcd,I made a short film of my life in Delhi,0,21,0.9,0,1743505550.0,False,t5_2qugx,"

hey I am a video creator based out of Delhi. I make short films on Delhi and its people sometimes:)
If you are interested is something like do hit me up here 

https://youtu.be/2z2ahuREpPs?si=cGC3DLdHabc0yNGL"
t2_1k3gzz3tud,Celebrate my 18th birthday in a club?,0,0,0.25,0,1743577642.0,False,t5_2qugx,"Guys this is 17 M soon turning 18, i wanna celebrate my 18th birthday in a club in delhi obviously so i would want to know if they would allow me into the club and the best suggestions you guys would give me where should i celebrate my 18th birthday i want it to be grand n all fun n shit and until I don't make it fun it will not be... Also, i don't have a lot of friends so i was like thinking of a solo dayout or shit I don't think it will that good but idk... I have a handful of friends and I'm not sure if they would want to come my birthday is 24th April so please recommend some nice places "
t2_e48a81h3,Birthday Month is on !! Gifts from colleagues !! And it’s not April Fool’s,0,10,0.92,0,1743516195.0,False,t5_2qugx,
t2_6cp6j84h,Different perspective,0,6,0.87,0,1743529307.0,False,t5_2qugx,"I have seen this all my life in my neighbourhood but today all of a sudden I was like umm? Blue drums.. funny, confused and sad to think about what had happened."
t2_5dudnymx,Country Delight is looting us with perfection,0,9,0.91,0,1743516563.0,False,t5_2qugx,"First they make you buy VIP pass for the discounts. Then they make you buy vegetables with discounted prices in the quantity = 450gm, 900gm, 1.35kg which is equal to the prices of quantity = 500gm, 1kg, 1.5kg on the other apps. I don't really mind it considering the ease. Crazy part comes here, you buy 450gm, you get 375gm effectively on the price of 500gm. Insane Balance Sheet Optimization by Country Delight."
t2_gly3pnxb,Why Is It So Hard to Use Earphones in Public?,0,72,0.98,0,1743474772.0,False,t5_2qugx,"I swear carrying earphones should be mandatory at this point. Here I am, just trying to survive a metro ride, but instead, I’m getting assaulted by Bhojpuri songs, cringy reels, and random ass songs from four different directions. Like, why do people treat public transport like their personal DJ booth?

I tried using my earphones thought the ANC would help, but these loudspeakers disguised as humans still manage to ruin my peace. Giving them the look doesn’t work either—they just stare back like I’m the problem.

I get it, metro rides aren’t supposed to be silent, but come on, some basic courtesy wouldn’t hurt. 

"
t2_th5288ju,What bollywood movie name would you give to your ex?,0,2,1.0,0,1743542258.0,False,t5_2qugx,What bollywood movie name would you give your ex according to your personality or behaviour? 
t2_b3cojgy3,CAG Report highlights air pollution challenges and irregularities in Delhi,0,1,1.0,0,1743555765.0,False,t5_2qugx,
t2_jgunq5tn,Delhi Breathes Cleanest Air During January-March In 5 Years,0,4,0.84,0,1743528346.0,False,t5_2qugx,"Average AQI for this quarter:

2021 - 278
2022 - 241
2023 - 240
2024 - 250
2025 - 231"
t2_gcr7lh9f,Confused where to go in majnu ka tila,0,2,1.0,0,1743540511.0,False,t5_2qugx,"I have never visited the place and have been craving some good korean food. But mostly I want to make my boyfriend try Korean food (since he has never tried) especially tteokbokki and ramen. I want him to actually like it. So I don't know where to go. 
I did hear that   tee dee, gangam Or dolma's is good. Which one should I go for? (And ama cafe for desserts) 
Also Is there any better place where I can take him if not in majnu ka tila since I am in delhi nly for 3 days? Thankyou so much.🎀

"
t2_i7t591a0,"Guys save me please. Wtf is karma, age, ffs!!",0,63,0.97,0,1743473343.0,False,t5_2qugx,"
I have been using reddit for 3 years and became active recently, till now i have been reading people’s experiences and helping some of them in whichever way i can and everything seemed so simple. But for the past few days i also wanted to share something of different subreddits but somehow I can’t post because of low karma, low age. I need to increase my karma, how can i do that, it’s just so overwhelming at once. Can someone please explain and clear my doubts regarding this"
t2_jtnuv2t7,"Well, that's one fine place to advertise that",0,2,0.67,0,1743539601.0,False,t5_2qugx,
t2_gxiftkfp,ICICI and dominos branch jhandewalan turned into ashes as fires erupted in the building today.,0,14,0.94,0,1743503455.0,False,t5_2qugx,
t2_u837jmhe,Ordering smoothie for a scammer.....,0,17,0.79,0,1743496165.0,False,t5_2qugx,Vo piti bahut h..
t2_1l13d26faz,ID this plant for me,0,16,0.9,0,1743495970.0,False,t5_2qugx,is the fruit edible?
t2_2ke9ov5t,PNB Half Marathon Delhi 2025 : 10th April 2025,0,1,0.67,0,1743549767.0,False,t5_2qugx,
t2_mjqxl3ns1,Anyone noticed how much waste is daily mixed in this river between indraprastha and Yamuna bank metro station?? Most of the time I have seen it dried also.,0,7,1.0,0,1743510806.0,False,t5_2qugx,
t2_1m1txt37dp,Reality Check of Promotions at Zomato: Join the Cigarette Break or Figure It Out Yourself,0,2,0.75,0,1743534786.0,False,t5_2qugx,"Zomato’s recent layoffs are not about AI replacing jobs or performance issues, it’s about a failed management strategy. The higher-ups made bad decisions, and when it didn’t work out, they took it out on employees.

If AI was the reason for the job cuts, why is Zomato still hiring for the same roles at half the salary? The truth is, Zomato always wanted to have its own customer service instead of relying on third-party vendors. To build it, they hired graduates from top colleges like SRCC. But now that the setup is complete, they’ve let go of the very people who helped build it.

Not everyone who was fired was an exceptional performer, but performance fluctuates throughout the year. If performance was really the issue, then why are there employees with worse track records still sitting comfortably in the office and even getting promoted?

Let’s talk about promotions. When I asked a senior about getting promoted, the person told me I should join my manager for cigarette breaks, just like those who got fast-tracked. When I said I don’t smoke, the reply was, ""Figure it out yourself."" That’s the real problem, promotions were not based on merit but favoritism.

Some employees got promoted in 2-3 months just by buttering up their managers, while others were told to wait 9 months due to a so-called ""lock-in period."" There was no transparent system. If someone from the headquarters liked a particular employee, they were made a manager overnight.

The worst part? Employees were made to supervise their juniors, only to later find out that those juniors had suddenly been promoted above them. And if you dared to ask why, the reasons were as ridiculous as the cigarette break suggestion.

News channels claim Zomato fired employees due to losses. But what losses? They just set up a new office and are working on a second business, Bistro. The truth is, this was a planned move. They used employees to build their operations and then threw them out without fairness or accountability.

Zomato should stop making excuses and accept the truth: this was never about AI, losses, or performance. This was about exploiting employees and discarding them when convenient.

I would also request the government and journalists to visit our so-called office at Gwal Pahadi. Every day, we had the same thought—we are leaving for work, but will we return tomorrow? Most of the company's money was spent by Deepinder Ji on himself and the headquarters, leaving nothing for the rest of us.

Our office was in such a terrible location that even animals wouldn’t be seen there. Many times, female employees faced security issues, with unknown men stopping their cabs at night. Yet, the management never allowed them to work from home, even when their shifts ended at 2 AM.

Zomato’s layoffs were never about AI, losses, or performance, they were about exploitation, favoritism, and a broken system. The real truth needs to be heard, not the scripted narrative being fed to the media. It’s time for accountability, transparency, and fairness in the workplace.

"
t2_1lzuh5h7ri,"To All the Indian Women Here – A Serious Love Question! Ladies, I need your help.",0,6,0.75,0,1743513283.0,False,t5_2qugx,"Ladies, I need your help. Today, I finally gathered the courage to confess my love to someone special. I wrote a heartfelt letter, picked the perfect moment, and even rehearsed my lines in the mirror. But there’s one problem… she just laughed and said, ""Nice try, April Fool!""

Now, I’m sitting here, confused. Was that a rejection or do I have to try again tomorrow? How do I recover from this? Help a clueless guy out!

"
t2_12nlc0mqmo,Scammer paid me. what now?......,0,4,0.7,0,1743521092.0,False,t5_2qugx,I got 150 bucks for giving a fake review on googlemaps and ik this is an elaborate scam. i've been giving them wrong information since start however they did upi me 150 rs.. and apparently im a part of a team and have to do task and all (which im obv not gonna do).. should i play along to see how much more money i can extract or block them asap?...
t2_c69ed3vu,Need help choosing K.V. for class 12,0,3,1.0,0,1743525661.0,False,t5_2qugx,"i have been studying in a K.V. in Delhi for the past three years. i just shifted to Sarojini Nagar for many safety issues in my previous locality. i thought I'll keep going to my same school but they are many kilometres away and i have realised that even though continuing my studies like this is possible, i am not capable of this. which is why i am deciding to finally transfer to a nearby K.V. i.e. K.V. RK Puram or K.V. INA Colony. i am in class 12th so i am not really looking for schools to teach me everything, since that will mostly come on me or my other means of studying which ill discuss later. so what kV has the better environment and conditions for my own ease. and while you're at it. please recommend me what path i should go forward in order to join the best tution/coaching for me. i really need help here
Edit: I am in PCB and do think that i am really good in studies. im gonna choose whichever K.V. i can get admission in easily. But i have no idea how to choose my tution/coaching for this year since I don't really want to take a drop year for JEE preparation "
t2_ddqc64vi,This season is perfect to visit Humayun Tomb,0,449,0.98,0,1743427451.0,False,t5_2qugx,"This is the first time I have explored Humayun's tomb, but I was born and brought up in Delhi.🫡"
t2_15uhe4p00a,What is this?? Looks pretty,0,4,0.83,0,1743524523.0,False,t5_2qugx,
t2_1lim72whh4,Earthquake in delhi was it really earthquake?,0,0,0.33,0,1743545087.0,False,t5_2qugx,"My whole body was trembling, and I realized it was an earthquake; it felt so intense.
Was it really earthquake?"
t2_dtchhibm5,Just a 21-year-old who loves to cook! Made this with love.,0,751,0.97,0,1743415727.0,False,t5_2qugx,
t2_19pmv3fp5t,"Dilliwalo, let’s talk about our interests!",0,1,1.0,0,1743544413.0,False,t5_2qugx,"Life’s a bit more fun when you find people who share your interests, so why not start here? I’m into football ,movies (huge cinephile), literature, painting ,fitness , and MMA. 

What about you? Whether it’s music, books, gaming, cooking, or something super niche—let’s talk! Who knows, maybe we’ll discover something new from each other."
t2_zkqwhge2p,"Ayo! Wtf ,  i dont want to believe",0,0,0.33,0,1743565731.0,False,t5_2qugx,"Nah ! i did rather cut my cord on my own
"
t2_smahg3tio,Selling my Cult Elite membership,0,2,1.0,0,1743530605.0,False,t5_2qugx,"Hey all, it is valid till 21st October 2025. I have a medical issue because of which I will no longer be able to use my cult membership hence I’m selling it at a lower price. It provides access to all the gyms and cult centres. Hit me up for it "
t2_k15pk8wr,Look who has come today,0,4,0.84,0,1743512572.0,False,t5_2qugx,
t2_cewp38mqo,Good theka in south delhi,0,3,0.8,0,1743522465.0,False,t5_2qugx,Guys suggest some good liquor shop in south delhi ? Beer
t2_14nddoy71d,I get the Lodhi Garden in Spring hype now!!,0,225,0.98,0,1743437245.0,False,t5_2qugx,
t2_6aoug4x1,Zepto playing with our feelings!!,0,3,1.0,0,1743520875.0,False,t5_2qugx,
t2_p75s490rl,W moment At Hazrat Nizamuddin railway station,0,3,1.0,0,1743520726.0,False,t5_2qugx,"I was traveling to bhopal through bhopal express from hazrat nizamuddin railway station. 
The train was about to leave in 2 minutes so I was too scared to go outside and buy a water bottle (kinda stupid of me for not bringing one in the first place)

So a stranger was standing at the door way. He said not to worry as you can buy and make it in time before the train departs. Still I was scared and asked him whether he could buy it for me and I will pay him, the dude willingly went out there to buy me a water bottle. 

The dude was right he infact did made it in time before the train departed. To my suprise he also didn't charged me any money despite me trying to force him that he bought it for me with his money and i can't take it for free. But he insisted on taking it for free and i couldn't forcibly pay him.

Ik it's a small amount like ₹20/30. But this act of kindness actually made my day which was really not going well. I wish I could take a picture with him and take his phone number but my brain was just too mesmerized with the event 😭"
t2_jnlxbiwv,What are you eating in Navratri,0,2,1.0,0,1743528021.0,False,t5_2qugx,"Guys, since it's navratri going on - can't eat anything with onion and garlic. So what are you eating? 

My IG explore feed is full of tasty food 😂"
t2_23ju70ay,What was the massive black smoke near new Ashok Nagar?,0,2,1.0,0,1743527629.0,False,t5_2qugx,"I saw a massive cloud of black smoke coming from near New Ashok Nagar metro station. This was around 11am-1pm (2025-04-01)

Anybody know what it was? Was it another fire?"
t2_1mcsi2cglj,Any institute or place where I can learn Japanese?,0,2,1.0,0,1743527562.0,False,t5_2qugx,I've been thinking of learning Japanese from a career perspective. Can i get any recommendations? 
t2_4ztk5iur,O Negative blood required at AIIMS,0,6,1.0,0,1743509113.0,False,t5_2qugx,"Dear fellow residents of Delhi a small request. I am a hematologist oncologist working in AIIMS and we are facing a shortage of O and A negative blood for our patients. If possible people with these blood groups,can you please donate in AIIMS Delhi Main blood bank. Saturday after 12 PM you won't find a rush and the process will be smooth. Please help out. Thanks. Feel free to reach out."
t2_1audwompsx,Swiggy guy asking for money,0,367,0.98,0,1743424641.0,False,t5_2qugx,"I ordered food which was delivered late as his bike was towed away for parking. He said that if I could borrow him Rs. 1000 to pay the  police and get back the bike and then would UPI me back when he reaches home. 

I refused since I couldn't believe that he didn't have Rs. 1000 to pay off. I just tipped him 50 on the app since he had to take a riksha to deliver me food.

Do you think that guy was legit. I have no idea how much these guys make."
t2_3qz4p3bf,The perfect way of concluding Eid's day 1,0,150,0.87,0,1743442071.0,False,t5_2qugx,
t2_172otjstnu,"Hey Delhiites, I’m considering switching to Country Delight milk and wanted to hear from those who have actually used it. How’s the quality, taste, and freshness compared to other brands? Is it really worth the price? Also, any issues with delivery or customer service?",0,0,0.2,0,1743560769.0,False,t5_2qugx,"Hey Delhiites, I’m considering switching to Country Delight milk and wanted to hear from those who have actually used it. How’s the quality, taste, and freshness compared to other brands? Is it really worth the price? Also, any issues with delivery or customer service? Would love to hear your experiences before I subscribe.

Thanks in advance!"
t2_v5arhnid,Chai/quick breakfast spots in Mehrauli,0,1,1.0,0,1743538773.0,False,t5_2qugx,"Hi all!

I have a one-day layover in Delhi and I'm very excited to spend a little time in the city. I lived in India for some time but it's been years since I've been back (and, yes, I know a day will be woefully inadequate). Since our flight gets in quite early my plan was to go to the Qutub Minar complex and possibly the Mehrauli Archaeological Park since they open so early. I'm wondering if anyone can recommend a spot nearby to get a bit of chai and maybe a paratha or chole bhature (just examples, but somehting along those lines) for an early breakfast?   
  
To be clear - I'm not looking for a hotel or anything fancy - more like authentic, dhaba-style food. I'm only back in India for a day so I want the real deal!   
  
Shukriya!"
t2_14l72yfadn,Tolerance is dead in India,0,0,0.34,0,1743586838.0,False,t5_2qugx,"This is a Delhi-based management institute that my friend goes to. And this person is non-muslim, a South Indian Hindu, named after a Hindu God."
t2_1mcsi2cglj,Haunted places in Delhi,0,1,0.66,0,1743537748.0,False,t5_2qugx,"I've heard that there are many horror/haunted places in delhi. Jese firozshah kotla aur jo ek hospital ka rasta h, hindu rao hospital h shayad k whan auto wale bhi mna krte hn bhar jhanke se kehte hn ke humne jo dekha h vo bta nhi skte, aur cannibals bhi hn vhan p. 
To agar koi kuch share krna chahe, you're welcome. "
t2_1h1jx9f179,"Is it FR, or some kind of glitch?",0,3,0.81,0,1743509963.0,False,t5_2qugx,
t2_19c3ehgxt6,Delhi Metro Security,0,2,1.0,0,1743522770.0,False,t5_2qugx,"There is so much security in Delhi that is a complete farce, but the worst is the metro. Why does someone have to grab my ass everytime I get on the train? At least we don't have to empty our pockets anymore, but it is actually worse than most airport security (Delhi airport obviously worse)."
t2_3pzhpya0,Apparently confessing to the murders in whatsapp chat is not enough,0,2,0.75,0,1743522765.0,False,t5_2qugx,
t2_kl4n01zr,Best place area to stay as solo backpacker?,0,1,1.0,0,1743535649.0,False,t5_2qugx,Any tips would be helpful
t2_gly2zwpil,Addressing the Ghibli Art Controversy,0,0,0.5,0,1743535603.0,False,t5_2qugx,
t2_5jxwchlq,"Working on a AI companion for Indian's emotional needs, looking for early adopters",0,0,0.5,0,1743535427.0,False,t5_2qugx,"Bhai logo ek AI compnaion pe kaam kr rha hu, a companion which can act as your friend, make you prepare for that tough conversation, fulfill your emotional needs, play games with you etc, I am looking for early adopters, if anybody is interested please join this whatsapp community, 10th April ko beta launch krenge, roast krdena bs use krke tb bhi chlega

Waitlist:[https://www.walm.tech/](https://www.walm.tech/)"
t2_1793aam825,Help needed! For a stray puppy,0,3,0.81,0,1743507920.0,False,t5_2qugx,"
Hey all,

So at my workplace we suddenly found a very small puppy who probably came from somewhere else we don't know. The other dogs in the corporate park are hell bent on killing him and he is afraid a lot. He is a very cute puppy (as every puppy is). Currently we are searching for a home for cute Muffin. The location is gurgaon, India, anyone from anywhere willing to give this puppy a home?

He will die like this in open. Please provide any leads or suggestions as well.

Thanks."
t2_o67eneyb1,Bored let's talk....,0,1,0.67,0,1743534944.0,True,t5_2qugx,Koi baat karega? Bore horhe hai and neend nahi aarhi hai
t2_n8xx1txs,anyone wanting to sell their pi coin before it dips more?,0,0,0.5,0,1743534696.0,False,t5_2qugx,Pi coin sellers?
t2_s33k0kwa,Aiims Delhi Medical conference,0,1,0.67,0,1743534166.0,False,t5_2qugx,
t2_1lt3anztvs,Places to visit near Okhla?,0,1,1.0,0,1743533966.0,False,t5_2qugx,"I'll be visiting Okhla and new in the city, what places can I consider exploring in the late afternoon?
"
t2_nbxia4rt,Let's have the Spotify dump,0,0,0.5,0,1743533656.0,False,t5_2qugx,Starting with mine!!
t2_14k9z42jpd,"Could  YOU GUYS PLEASE PRAY FOR MY NANI , JUST SOME prayers  may help her",0,2,1.0,0,1743519790.0,False,t5_2qugx,"so my nani is in serious condition now , she has been paralysed and my parents have left for village , i could not go as i have some exams day after tomorrow ,i really wanted to go as even if i leave these papers there will no significant effect on my academics , i dont know why i am like this , i am feeling like i am being selfish here , all i can do is pray for her well being so that it all turns out well in the end , just wanted to vent my thoughts and your prayers are welcomed."
t2_xexm79u7f,Ordered a pack of corn on Blinkit and it came with fruit flies,0,1,0.67,0,1743532448.0,False,t5_2qugx,I ordered a box of sweet corn from Blinkit and just when I was about to open the box I found 2-3 flies trying to wiggle their way out of the box. I was extremely terrified so I immediately contacted the Blinkit support team. They did provide me with refund but it was a harrowing experience to receive a fruit fly infested box of corn. 
t2_85f13rjx,Giving away this instead reel for free,0,12,0.88,0,1743481039.0,False,t5_2qugx,"As the name suggests, i have no use for this and giving it away to the first person that can get it picked up from my office! (My only caveat)
I’m a neat freak and this thing has been lying here since forever. "
t2_1kmgo660lp,If a minor is responsible for some crime then why only the parent is arrested,0,152,0.99,0,1743431808.0,False,t5_2qugx,"https://www.ndtv.com/india-news/delhi-accident-eid-joy-turns-to-mourning-as-car-driven-by-15-year-old-crushes-toddler-8053295/

I mean who's gonna take responsibility for her death. If he was driving the car then he should be booked for murder.  Nowadays 15 yr olds know consequences for their every action. 
If the father is responsible then the cunt should be arrested too. 

It's just annoying. Fucking annoying. 
Us bachi ki kya galti thi..

And it's the worth thing. Losing someone on the day of the festival. And that too a child. 
"
t2_adoqazh9c,Got My Wisdom Tooth Removed—Bored and Need Fun Ideas!,0,1,1.0,0,1743528978.0,False,t5_2qugx,"Hey Delhiites,
Just got my wisdom tooth yanked out today. My mouth is still numb from the anesthesia, and there’s some blood flow, but I’ve done ice packs and taken a painkiller—so no pain yet.

The real problem? I’m bored out of my mind. Can’t eat properly, can’t talk much, and Netflix is already starting to feel stale. What are some fun things I can do while I recover? Any weird YouTube rabbit holes, engaging games, or underrated movies/shows you’d recommend?

Also, if anyone has wisdom tooth horror stories (or success stories), let’s hear them!

"
t2_8l3k3tpn,"Saw three wheeler doggo again today, quite a fighter she is .",0,1433,0.99,0,1743387124.0,False,t5_2qugx,"She was leading the gang in fight and had visible injury marks on her face. Reminds me of that quote "" ITS NOT ABOUT SIZE OF THE DOG IN FIGHT , ITS ABOUT SIZE OF THE FIGHT IN THE DOG"""
t2_7o52nqxw,Delhi breaths easy; witnesses best AQI average in 5 years in January-March quarter | India News - The Times of India,0,5,0.78,0,1743497461.0,False,t5_2qugx,
,Do people still listen to 2010s emo punk ?,0,2,1.0,0,1743515032.0,False,t5_2qugx,Honestly hard to find anyone who listens to old emo punk songs . Anyone still listens to em 😂?
,Made my own Ghibli style image,0,117,0.88,0,1743435104.0,False,t5_2qugx,AI se toh sab banwa rahe hain. Maine apni khud hi bana li 
t2_b12w5m26,Can anyone create poster for Farewell party ?,0,1,1.0,0,1743527058.0,False,t5_2qugx,"Guys if anyone have time and Canva premium version then can you create a horizontal poster for College Farewell Party ? 😭 The party is named ""The Final Multiplier"" which should be written on it along with ""Farewell Batch 2023"" .It should be economic theme based. I don't have canva premium account and all the good templates are in premium version .I have made 4-5 posters but they are not good"
t2_19hfn669my,Need new tyres for my car,0,1,1.0,0,1743526954.0,False,t5_2qugx,Does anyone know a place in delhi where I can get cheap new tyres for my car? 
t2_wiyvqw4dc,Tution classes for class 9th 10th,0,1,1.0,0,1743526847.0,False,t5_2qugx,"I am 1st year BTech MTech student from national forensics sciences university, INI Profile JEE main 96.48 percentile Looking for someone whom I give Tution For science and maths near rithala or Rohini area, class 9th 10th Tution charges are affordable if Possible, then, 
🙏please refer to your known one Maybe you small effort can help me a lots"
t2_wiyvqw4dc,Tution classes for class 9th 10th,0,1,1.0,0,1743526726.0,False,t5_2qugx,"I am 1st year BTech MTech student from national forensics sciences university, INI
Profile 
JEE main 96.48 percentile 
Looking for someone whom I give Tution 
For science and maths near rithala or Rohini area , class 9th 10th
Tution charges are affordable 
🙏 if 
Possible, then, please refer to your known one
Maybe you small effort can help me a lots "
t2_1f3et7kmly,Good places to hangout near kashmere gate metro station,0,0,0.5,0,1743525868.0,False,t5_2qugx,"Hi guys , i wanna know if there are good places i can hangout with my gf near kashmere gate metro 

Her college is at walking distance from it and since we only get like 2-3 hrs to hangout i dont want to waste our time travelling ."
t2_8pm33vpd,Is there any good and bit budgeted BYOB in delhi,0,1,1.0,0,1743525617.0,False,t5_2qugx,"Can anyone suggest any byob in delhi which has good music and ambiance. We have a decent budget for the byob and will not be having dinner there.   
Or is there any nice bar(a bit budgeted though)  
Is there any or should we go to gurgaon for that??  
"
t2_1memj5ty1d,Looking for students to teach,0,2,1.0,0,1743511710.0,False,t5_2qugx,"hi 
My name is kashish Jain I'm 20F I want to teach students from nursery to 5th for subjects:
Maths
English
Evs
SSC
Science
GK
I'm pursuing my graduation and also doing diploma in nptt
I can give home tuitions for Punjabi Bach and paschim vihar and online tuitions for all over Delhi
I have 1years of exp in teaching
If you looking for tutor 
Call - 9868034646
"
t2_18wxcoepep,Utter nonsense in Delhi,0,1,0.52,0,1743524845.0,False,t5_2qugx,"I have no idea what day it is today, but suddenly, all chicken and fish shops have been forced to shut down. I’ve been in Delhi for about three years, and I’ve never seen anything like this—especially in a Bengali-dominated area. This is nothing but an attempt to impose control over our food choices, enforcing their authority through dirty politics. But, of course, for their kind information, all liquor shops remain open.
“Kiyu ki paisa bhi to kamana hai”"
t2_1gn7esep2z,INFLUENCERS & The FREE Club SEWA,0,1178,0.94,0,1743386636.0,False,t5_2qugx,"I am a club promoter in Delhi-Chandigarh, and I was managing a weekend party two days ago. I have a lot of experience dealing with influencers, public figures, and famous personalities at clubs and events. So, this day, I was at a very renowned club in Delhi (fully packed). I found out that Lakshay Chaudhary, Purav Jha, Sanyam Sharma(sharmajikabadabeta), and about 10-12 of their friends were at a table in the same club. To be honest, I didn’t know them personally, but I had seen a lot of their content. This was the first time I saw famous influencers paying the full bill at a Delhi club literally 100% of the bill without any fuss or haggling.
I want to put this fact out there for all of you. From all the influencers you might have heard about or seen around NCR, Chandigarh, or Mumbai, 90% of the young ones definitely come to party at clubs every now and then, including the new IPL players. The worst part is that these so-called wannabe rich people don’t like to spend a single penny but expect VIP treatment (tables + free alcohol). Especially the female influencers ugh, handling their tantrums in clubs is a total headache. Just two weeks ago, a group of Mumbai creators came to Delhi for some event, and oh god, they wanted free entry, a table, champagne, all drinks everything for free. These people don’t even hesitate to ask, “Everything’s free for us, right?” Bro, who do you think you are? Even the club owner pays the bar because the bar operates under different ownership. They show up wearing expensive clothes, acting like they’re super VIP and filthy rich, but they die inside when it comes to spending a single penny. There’s this old, cringe vlogger who came once, and not only was he after freebies, but he was a total creep too. A very famous lifestyle creator shows up every other week and behaves like a dog, just hunting for girls in the club. This so-called “family” vlogger acts so innocent online but comes with two personal bodyguards (his cousins) and doesn’t spare a single girl from being creeped out. Take the new cricketers, struggling rappers, or small-time creators they all want everything free and still try to hit on girls on top of that. Managing these people is the biggest headache.
I’ve been in this line for 5 years, and till date, I haven’t seen a single influencer who doesn’t pull cheap stunts in a club. There was this Instagram reel creator I really liked because he seemed relatable, but I met him at my own event, and he literally grabbed my waist and started asking me weird, inappropriate questions. A young Haryanvi singer (very famous regionally) got beaten up and thrown out by bouncers after a girl complained about him. Female influencers literally show up with sugar daddies, and still, they want everything for free.
So, after all this, I want to appreciate these people for changing my perception. I’ve never seen such humble influencers. Lakshay Chaudhary and Purav Jha must have taken around 100 photos with people around them with smiles on their faces. People kept going to their table back-to-back, and the guys didn’t say a word. They were very polite and respectful towards girls too. I used to think Lakshay was rude or the misogynistic type because of his online image, but he’s the complete opposite, very awkward around new people. My boyfriend is a fan of them, and when he went to talk to them, they gelled so well with him. Just an hour before the club closed, they asked about the bill. it was around 75k and they just paid it off. Even when my boyfriend tried to convince them that we could offer a discount if they made a video for our handle, they said, “Bhai video aise hi banalo koi dikkat nahi, Bill to pay karenge hi poora” For the first time in my life, my faith in the influencer community has been restored. Please, for God’s sake, dear influencers, stop asking for free favors, or at least stop showing off this fake rich, aesthetic life and accept the truth."
t2_1j46c3ejr6,Employer holding my work-ex certificates.,0,1,1.0,0,1743524281.0,False,t5_2qugx,"TDLR : Founders accusing me of brainwashing interns, thus withholding my certificates, my senior lied about it to them.

23 M here, I was working (till 29 March) in a small startup, total team of 08 people, 02 Founder, 01 Senior Analyst, 02 Analyst (including myself) and 03 interns.

My last day was supposed to be on 31st March, as I'm going join an MBA college this year, also the intership period of inters was also ending on the same day.

On 28th everything was fine, 02 founders even congratulated me for my future endeavours and told me they would help me any way possible

In the evening they asked the interns, if they would like to continue as a full time employee all of the 03 interns denied, they were kinda shocked but nothing to do with me.

On 29th, everything turned into mess, one of the founder came office around 11 AM, and asked the interns to leave within 30 minutes, laptops wiped clean, email access blocked etc.

Then he called me to his cabin and accused me of brainwashing them (interns for not joining). I ask him any particular reason, any proof, he was like I'm in corporate for last 30-40 years I knew it from days, blah blah no solid reason.

And on 29th I was told that this is my last working day (even tho it was scheduled to be 31 March).
They told me that we will do your ""Full and Final"" i.e salary + certificate on 1st April.

Today I reached them, and now they're denying that we can't give you anything, blaming me for things I have nothing to do with.

I have been told (not sure) that my senior filled their ears, and they trust her madly due her being a founding member.
She was always jealous of me due me always being at par with her, if not better.

Kindly help me guys, I am supposed to submit my docs on 10th else my admission will be cancelled also I need their verification for future employment."
t2_oysanybm,MicroScopic Polishing in New Delhi,0,2,1.0,0,1743509638.0,False,t5_2qugx,"After my Invisible Aligners term/course reached its completion , the co. Scheduled an appointment with their ortho for removing my attachments, she (ortho) ended up scracthing alot of my enamel  on each teeth with circular grooves(deeper then the original surface of the enamel)  , there are a lot of reddit post on ""enamel damaged after Attachment removal"" and provide that polishing is the way forward and there is a youtube video by a dentist who said that MicroScopic Polishing will make the damaged enamel look almost (because the enamel has been shredded) back to the orignal look of the teeth, in short I require advice who can provide MicroScopic Polishing in New Delhi. Thank you"
t2_ues8scvr,Crime in New Zealand: Is Auckland CBD Becoming Unsafe Like Delhi?,0,0,0.3,0,1743553355.0,False,t5_2qugx,"Just came across this disturbing news from New Zealand—an alleged gang rape of a backpacker in Auckland CBD. It’s shocking because NZ is often seen as one of the safest countries. This raises a question: Are big cities worldwide becoming increasingly unsafe, regardless of whether they’re in a developed or developing country?

In Delhi, we frequently hear about safety concerns, especially for women, but incidents like these show that even places with strong law enforcement aren’t immune.

For those who have been to New Zealand (or other major cities), how would you compare the safety of places like Auckland and Delhi? Do you think crime is getting worse everywhere, or is it just more reported now?
"
t2_hf20v8l6p,How strict is Salwan Public School in terms of attendance rate?,0,1,1.0,0,1743521326.0,False,t5_2qugx,"Recently got admission into it for 11th standard but I am also preparing for jee , so will low attendance will be an issue?

"
t2_eb6yfh6s,I have my tatkal passport appointment tomorrow and i have not received my original aadhaar card yet,0,1,1.0,0,1743521300.0,False,t5_2qugx,What should I do? they said I would need the real aadhaar card but i only have the pdf copy of it
t2_1j3e16ttl5,Look today what I found at home,0,146,1.0,0,1743422512.0,False,t5_2qugx,
t2_kukzlex56,Actually not cigarette,0,1,1.0,0,1743517377.0,False,t5_2qugx,"So i did it so many times. 
Rolling a piece of paper and igniting it and smoking it like a cigrette.
I know on what path I'm on,and its not good.
An urge to smoke that cigarette is just increasing and it's not good.
I don't want to do it but i can't control. 
(Cuz it's taking over my mind) 

Does anybody has any suggestion to control it.

Btw I'm just18, have a great friend very social but nobody is home for long time so I'm lonely..."
t2_hwt1tvwod,Why is the price so low for PNB half marathon? Will the event be good?,0,1,1.0,0,1743516714.0,False,t5_2qugx,Am considering signing up for PNB half marathon on 10th april at JLN but the price is very low. Does anyone have experience or knowledge if the event will be good?
t2_wz874pusr,"Hey, any Airbnb recommendations please in delhi preferably. For 4 females.",0,3,1.0,0,1743495167.0,False,t5_2qugx,H
t2_1il2ykbwow,I keep sneezing and wheezing when I’m in my room,0,1,1.0,0,1743516150.0,False,t5_2qugx,"First I thought it’s cold or flu but a week later, I noticed that I don’t sneeze when I’m outside. 
It always feels like a tingling sensation in my nose. I figured it’s an allergic reaction to something, but what exactly?? No idea. 
Ps- I’ve cleaned the room many times, washed my sheets etc. what else could be the reason."
t2_13xd5i2udp,Guyss pleasee helppp meee !!!!,0,0,0.25,0,1743529632.0,False,t5_2qugx,So my crush has asked me to decide a place where we can spend some alone time not necessarily a cafe . Now I have no idea about all these cafe and restaurant.  Pleasee helpp your guy impresss his crush on 1st dateee .🙏🙏🙏
t2_4tpm0lzt,Fat cookies round up!!,0,87,0.86,0,1743429025.0,False,t5_2qugx,"Only the chunkiest and tastiest cookies😋😋
So proud of myself ki photos dekh ke khushi ke aansoo aa jate hain
Came up with my (F20) own recipes, from scratch 🤤"
t2_3y7eb6u3,I went to Lodhi Garden yesterday,0,384,0.98,0,1743398915.0,False,t5_2qugx,"It was a pleasant Sunday morning, with a hint of cloud cover and a cool breeze blowing. So, I decided to venture to Delhi’s green cover, Lodhi Garden, yet again, and it was amazing. "
t2_ggmbfsd3e,Medical emergency urgent help needed,0,60,0.97,0,1743435929.0,False,t5_2qugx,"My nani got burns after her saree caught fire in a temple she has heavy burns .she lives in bihar Dehri on sone she us admitted in narayana medical hospital jamuhar doctors are saying they can't do anything till 7 days we want to shift her to another hospital we checked with aiims patna they are saying they donot take case above 50% burn
Which and where hospital should we take"
t2_15ot4bjp01,Duality of reddit and it's algorithm,0,33,0.88,0,1743446876.0,False,t5_2qugx,"We live in a world where....
"
t2_u7c7peeyy,Spaying and neutering of my 2 kittens,0,1,1.0,0,1743514769.0,False,t5_2qugx,"Can anyone suggest some reasonable priced clinics for spaying and neutering. All places I know charge like 10k and it's a lot. 

Would be grateful, thank you  :)"
t2_1dcpo1q98y,Is it okay to continue to live in a same rented flat for more than 2 years or should I change it?,0,0,0.5,0,1743514617.0,False,t5_2qugx,This question came in my mind
t2_b8xejkp7,PLACES TO WORK FROM HOME WHEN YOU ARE TOO BORED AT HOME,0,3,0.81,0,1743486857.0,False,t5_2qugx,hi delhi looking forward to work from cafes/parks with my friend can yall suggest some places??  
t2_th5288ju,Our Eid celebration with something diff,0,19,0.85,0,1743457308.0,False,t5_2qugx,"This eid instead of regular sewai and all, we made something which is a little different from traditional eid dishes as every house make sewai, cheer, shadi tukda, dahi bhalle, so we make pizzas, nachos, gond katira and watermelon sharbat, street style chole, and bought a cake, which everybody loved and it was a success and yes there was obviously biryani and haleem. "
t2_1d2mbek8b5,How safe is karol bagh for kashmiri girls who want to study there?,0,1,0.67,0,1743512358.0,False,t5_2qugx,"My cousin has recently taken admission in Mata Sundri College through IGNOU for her undergraduate studies, with classes only on Sundays. She has also enrolled in Vajiram and Ravi Institute for UPSC coaching. Since she needs to stay in Delhi for her studies, she is planning to rent a PG in Karol Bagh.

However, she has some concerns about safety and discrimination.She has heard mixed reviews about Delhi being welcoming. I'd love to hear from people who have experience living in Karol Bagh or Delhi in general.

Her questions are:

1. How safe is Karol Bagh for a solo female student?
2. Have you or anyone you know faced discrimination in Delhi due to being from Kashmir?
3. Are there any specific precautions she should take as a Kashmiri girl living in Delhi?

Any advice, suggestions, or reassurances would be greatly appreciated!"
t2_198akh0e1s,Inflation is rising brooo,0,2,1.0,0,1743498516.0,False,t5_2qugx,"Last year my fees for 11th grade was 27k.

27k to 42k??"
t2_7otbmhpl,Knowledge on how to apply for EWS form,0,1,1.0,0,1743511853.0,False,t5_2qugx,I have recently applied for EWS form in e-districts app. I wanted to know how much time would they take and is there is any way to speed up the process. Those of you who made the ews certificate can you please tell me?
t2_1dn3bktc2f,Friend brutally beaten up by Local,0,199,0.95,0,1743407430.0,False,t5_2qugx,"My acquaintance, let's call him X from UP is preparing for Neet Examination, joined library in Delhi NCR(Gurgaon). He comes from humble background and he teaches tution to afford his expenses.

There were some issues between him and another Y, proud Jat of Haryana related to the AC remote, on who will keep the remote in library and that escalated to a level both were not on good terms.

 Y was frustrated how can someone from outside coming to his state, could talk to him like this. This thing he had shared with others and that he will teach a lesson to X one day.
Today Y called his 4-5 friends and they beat X badly, he started b***ding from head. Y left with his friends. CCTV recording is there, but Police is involved hence you know.

X called the police and Police took X to P.S and Y's father alongwith others were there and Police did the compromise between both of them. 
""Y just had to say sorry and he will never do such things in future.""
X had to even get medical treatment at his own expenses..

It's painful to see, Might is Right has become the rule in this nation. You can't expect justice if you're not well connected. This explains why millionaires or people can afford moving out to other developed nations are leaving this place. You're just a pawn, you'll be used, exploited without any accountability.

Good thing is X has accepted his fate and hopefully he will give the upcoming examination with same zeal.

Lord is the only Saviour for people who are financially or politically weak.🙏

"
t2_cnyw2u9k,STUDENTS OF ENGINEERING COLLEGES,0,1,1.0,0,1743510243.0,False,t5_2qugx,"Hello, everyone. Since you opened this post I assume you're are an engineering student of Delhi. I wanted to ask if your colleges have any placement cell for placement and internship offers. If yes, then please share the social handle ID of your respective college's placement cell in my dm! I will be really grateful!
( pls help me out on this — it's for my internship TT )  "
t2_d63iwwyc,Need advice on Platform for loan,0,2,1.0,0,1743495828.0,False,t5_2qugx,"Cibil is 790, Bajaj finance rejected the application on the ground of being house wife.
Need 60-70 k loan, have had 3 items purchased in the past and paid all the EMI's on time
Please suggest any bank or lender."
t2_1dewwj0vyy,Feels no reason to live,0,1,1.0,0,1743508856.0,False,t5_2qugx,"Hi I m 2nd year btech student , from last few days I m feeling so low. I can't concentrate on my learning neither I m excited about anything. I feel no fun in sleeping, watching comedies, webseries neither playing games. I have no more curiosity to explore anything. 

It's just a feeling I m getting after certain period of time since last 5 years. I thought maybe i m just sad or bored but nothing went bad in my life still I get this strange feeling. It's like I m blank all the time.

The one thing I kn maybe it's bad I m handling stress, as during my jee days when I had too much pressure of studies i just stop study anymore and try to ignore them (maybe coz I get scares) but now this is happening everytime when I have to do presentation in college , during my semester exmas or when I have to find internship. 

Now it's getting too much i have to do something about it , if anybody had experienced same how are you doing now "
t2_1fknngc54a,How to get rid of these piece of sh*t.,0,1,1.0,0,1743508845.0,False,t5_2qugx,"Please tell me how do I get rid of  these cockroaches. I cleaned my room and kitchen religiously but still these sh** still find a  way to come out.
I’ve tried Hit Gel, but it only seems effective if they consume it, and lately, I’ve noticed they’re not even touching it😮‍💨.
I was considering using Raid, but I’m not sure how effective it is.
Please suggest a proper, effective solution! I’d be really grateful😭.
"
t2_1me52z88p4,Should I upgrade my ukelele?,0,1,1.0,0,1743508227.0,False,t5_2qugx,I am currently using a Juarez concert size ukelele I bought for 2500 rupees inr (30$) and am thinking of upgrading it to the Kala ka-15c satin concert ukelele as I am getting it for very cheap (55$) is it worth the upgrade? I am still a beginner. Idk I don’t really like the Juarez one. I know you shouldn’t play if you don’t like the instrument hut is the extra 25$ worth it?
t2_1g32atrq6i,Pirates of the Qutub,0,54,0.96,0,1743430899.0,False,t5_2qugx,"Credits: robin yayala
Check out his other illustrations too"
t2_k12ojq8e,Black magic is real nowdays,0,0,0.4,0,1743528075.0,False,t5_2qugx,"So my dad told me an incident just a few mins ago , he told one of this freinds relative(the victim was 21 year old) died due to black magic
A day before holi he stepped on some lemons and bangles and some color lying on the interesction of road, the moment he stepped on it he vomited blood , 2 days later he dies and dr's were not able to identify the reason for his sudden death
The victim was perfectly fit, healthy and had no physical or mental health problem"
t2_ibhae,Going to Dilli Haat - help with prices,0,2,1.0,0,1743490435.0,False,t5_2qugx,So I'm in a taxi on my way to Dilli Haat. I'm going to buy spices. Approximately what prices should I accept as a tourist? I know I varies between what kind of spices etc and that it is more expensive than other markets in Delhi. But approximately.
t2_qr6odv60,Experienced a random Peak Male Bhaichara moment yesterday!,0,143,0.97,0,1743406347.0,False,t5_2qugx,"There I was, sitting on the round table of a banquet along with my family. Was busy in my own head. A known's friend had just arrived into the venue and the guy was busy handling stuff around so he left HIS best friend to me! ME! A GUY WHO CAN'T STAND ANYONE'S COMPANY, WHO'S AN EXTREME INTROVERT. (I'm not exactly shy when I'm in my zone and certainly don't lack confidence)

I offered him a seat beside me and cordially introduced him to my family. I thought he'd walk away after a few minutes but he didn't so he initiated a casual convo. We talked about random stuff, Went on for a brisk walk outside, Dined together and chugged a glass full of mocktail by the pool cuz we're both teetotalers. Kaha rehte hai, kya kaam krte hai, kitni Property hai, kaha ke rehna waale hai sb baat kr daali as if we'd know eachother since yesterday but I'd only met him a few hours ago purely by coincidence.

The night was done for him, There he was ready to depart while I had to stay back. His Best friend arrived to see him off and we bumped our fists and shook our hands. 

The Best Part? I didn't asked for his name, Nor he for mine.....🗿 Fun!! "
t2_1df86pw7wu,Suggest good men’s tailors,0,1,1.0,0,1743502771.0,False,t5_2qugx,"Hello guys

Please suggest good men’s tailor who can stitch formal suits for office wearing. 

Hunted few but they are shit expensive not at all paying 12k for stitching only. And yes I buy the fabric by myself only. Not much satisfied with my current tailor.

Thank you "
t2_1dksbs7xoy,This Kulfi gives me nostalgia,0,29,0.97,0,1743436731.0,False,t5_2qugx,Garmi aagyi hai 
t2_kw1c409g,Even calender doesn't discriminate,0,2462,0.95,0,1743349148.0,False,t5_2qugx,"

Eid Mubaarak and Happy Navratri to everyone. Good to see these festivals aligning reminding    despite our cultural differences, we share common values of love and celebrations. Politicians and extremists will leave no chance to spread hatred and divide but we must rise their evil agenda. Do good and have good!!"
t2_9e099c9a,Jubilee trend or what irritates you?,0,1,0.67,0,1743501476.0,False,t5_2qugx,Anyone irritated from jubilee trend or let me know if you are irritate on social media.
t2_ujosu8x5,What do they mean by this?,0,0,0.5,0,1743501386.0,False,t5_2qugx,"Hey, planning on going to Bassi’s new Standup and before the payment, this information shows up and I was wondering what does it mean. I do understand that I have to pickup the physical ticket from the counter or something but do i have to go there one day before the show or on the same day?"
t2_i2g7l52s,IF YOU KNOW THIS SHOW YOU ARE MY FRIEND WITHOUT INTRODUCTION,0,0,0.33,0,1743513297.0,False,t5_2qugx,"I'm not an artist 🎨 🥲... So DON'T JUDGE PLEASE..AYEE DON'T LOOK AT THEM HANDS OR EYES PLEASE😭😭 😭 

>! my_heart_won't_be_able_to_take_criticism_of_my_drawing_or_my_beloved_show!<

Well.. 😅i draw occasionally it's just a type of thing or  therapy to me you can say... and it also helps me to tackle depression(mai gareeb hu bro 🥲) I don't know how it works but it works for me... so you guys should also try some times simpler things like these works wonder.

So this is a classic show i used to watch with my sister and i really loved it and I'll guarantee you that you'll also fell in love with the show such a sweet and heartwarming story and please tell me if you have any suggestions for such sweet classical shows..

AND I AM TIRED OF WATCHING PEOPLE GHIBLIFYING THIS AND THAT... 😭😭 😭 PLEASE BRO PEOPLE WHO DON'T EVEN KNOW A THING ABOUT STUDIO GHIBLI... 😭😭 😭 "
t2_1lpbpg9slp,Guys please read this please,0,19,0.86,0,1743440985.0,False,t5_2qugx,My friend's phone got hacked and somehow her phone's camera was accessed her obscene videos were recorded without her knowledge. Also her bank account got hacked and someone demanded almost 70k which she transferred. Total 99k almost . What should she do next ? Please help 
t2_1kp1wkdsov,Just saw big smoke cloud near rajendra place metro,0,1,1.0,0,1743499435.0,False,t5_2qugx,"What happened near rajendra place metro?
Saw huge smoke cloud and lot of shiren of ambulance and fire brigade. As metro was crowded I wasn't clicked pic but I think there was fire in some mall or store. Anyone know?"
t2_9890bjju,Noida lamborghini case- hitting 2 labourers,0,1735,0.99,0,1743353882.0,False,t5_2qugx,"Good news is 2 workers are in hospital and out of danger. 

Why do people drive without thinking about any consequences or without the care of others. There was another post where some men did drunken drive thinking it's fine to drive after having 3 bottles of beer.

 The lack of common sense baffles me that it's fine for u but not other helpless innocent who would have to suffer the consequences. 

https://www.oneindia.com/new-delhi/noida-lamborghini-driver-asks-did-someone-die-after-hitting-two-workers-4109777.html"
t2_w41l3rj29,Buying used car in Delhi,0,1,0.67,0,1743498766.0,False,t5_2qugx,"I have recently learned driving and was looking to buy a good second hand car not older than 5-6yrs, spacious and must be well driven. I am scared of fraudsters as we all know that the used car market in Delhi is too big to understand the genuine resellers. Any tips you have or references; my budget is around 4 but for a good deal I can push for 5 lakhs."
t2_enjib6q2,Pigeon Laid Eggs In My Balcony!!!!!,0,28,0.92,0,1743433424.0,False,t5_2qugx,"So, My house has two balconies and the one in my room is very confined. Usually pigeons roam in that area and few days ago my mom noticed a two eggs! Few days later, one of them hatched! It was very cute to see the little pigeon. I couldn't go near the squab(baby pigeon) or the egg, because the mother pigeon was sitting near them and I didn't wanted to get attacked by pigeon! Today, When my mom checked on them, She found that the squab was dead and the other egg also became unhatchable.... The mother was still there, my mom tired to flew the mother away, so she can do something but the mother didn't moved..... The pigeon mother looked sad and I was also sad..... 
(Seeing me sad, My mom made me shahi paneer😋)"
t2_bbxpgedd,I’m constantly harassed by calls from Justdial,0,1,1.0,0,1743498426.0,False,t5_2qugx,"receiving at least 4-5 calls a day, and it’s really becoming overwhelming."
t2_5ixb8uzl,Need help in Venue selection,0,1,0.99,0,1743497068.0,False,t5_2qugx,Hi guys! Can anyone suggest me a venue for 40-50 people Meetup and food. Location around Khan market or CP. 
t2_dxb1i88r3,Eid mubarak everyone,0,18,0.78,0,1743440325.0,False,t5_2qugx,
t2_hk9c5cjz,is this scam? the number belongs to some Mujassim Alam,0,0,0.5,0,1743495737.0,False,t5_2qugx,
t2_3cm2bl4k,Need help regarding layover at Delhi Airport,0,1,1.0,0,1743494659.0,False,t5_2qugx,"Hi all, sorry of this not the right post. I am from outside Delhi. I have a flight coming in at 7:00 PM at terminal 2 and leaving the next day 11:00 AM from Terminal 2. I have 16 hours in between. A few questions:

1. Am I allowed to stay 12 hours at the airport?

2. If so, are there any places to sleep over the night? As in sleeping pods or sleeping lounges

3. I looked at the neighborhood. Either Super expensive or shady hotels with fake reviews. Any hotel recommendations?

"
t2_3z8x9dnv,Yo need help w some shows,0,1,1.0,0,1743494557.0,False,t5_2qugx,"Doc advised me to be on bed rest for 3 days from now. Suggest some good shows or movie series to watch. 

(Not mainstreams tho like GOT, BIGBANG etc etc)"
t2_l8d11jya,"Under a lot of pressure from parents, what should I do?? I am questioning my life choices.",0,63,0.8,0,1743411932.0,False,t5_2qugx,"25M here. I’m from South Delhi, a IIT graduate and works at a top MNC.

My parents moved to Bihar 5y ago and have settled there. Now, they are forcing me for marriage. They’ve selected a girl from Bihar whose father is a jeweller. The girl lived all her life in a small Bihar town and is doing BA from that town. 

I am preparing for GMAT and planning to move to London next year. What will I do with a life partner who only excels at making tea and doing chores??

I wanted a friend / partner who is equal and contributes to the relation.

I am scared. How can I live with someone from village.

My parents say this is the best girl I’ll ever get which really hurts me that they don’t trust me at all. They are hellbent on looking for a girl from same caste. We are minority too, why can’t they look over the caste. They manipulate me by using their words as parents.

I don’t know what else to mention here. I hoped to move to London and settle and marry there. What’s happening to my life?

Why do hard working kids have the worst life??"
t2_pms1abku,Birth certificate procedure,0,1,1.0,0,1743493257.0,False,t5_2qugx,"Hi anyone knows what is the procedure to get birth certificate from MCD website. It is a big maze, couldn’t find my way there. "
t2_1kbm4f6vyv,How is it growing up in India as a woman?,0,209,0.84,0,1743386995.0,False,t5_2qugx,"Hi, guys. I'm a woman from Brazil and I love India since I was 15 (I'm 21 now). I love Indian culture, films, food, songs...etc! 

Today I was talking to an Indian friend and I mentioned to him that many people mock me for loving India, because here in Brazil the only things that come up to people's mind when they think about India is evil men, rape and bad hygiene. When I mentioned the rape part, the said that unfortunately India is not a safe place for women and I know that, I just don't like that this is the main thing Brazilians think when they hear about India.

In the end of the conversation he said something that made me reflect. He asked if I had any women friends from India and I said no, and then he said that ""they might give you a different understanding of India"" because ""experience of women and men growing up is different in India"". I obviously know that, but I had never stopped to think about talking about India with a Indian women.

So girls, what can you tell me? I have only ever talked about India and living in India with Indian men."
t2_wytgsrvhs,Park+ Petrol League Members,0,1,1.0,0,1743490627.0,False,t5_2qugx,"Hello all, I'm looking for people to join my team in the Park+ Petrol League so that we can win more vouchers all together.

Also, can we know that how can we get the Rs 500 vocuher for Petrol? It always seems out of stock. Is it even real?"
t2_7e6xx0c3,best spice of them all,0,1,0.66,0,1743489837.0,False,t5_2qugx,with scent
t2_69wci5do,Make the comments section like these bad boys just dropped,0,165,0.98,0,1743390000.0,False,t5_2qugx,
t2_6139e2a4,My mom was laid off from her job and theres no other earning member,0,989,1.0,0,1743354243.0,False,t5_2qugx,"Hi everyone , I didn't think I would ever be writing this but here I am.  
  
I am in my 3rd year of engineering in CSE in Tier 2 college , I'm putting in my best effort to prepare for placements , I am currently doing an internship as well it only pays 20k and I have just started.

My mom who has worked all her life for me and my sister, is facing a crisis right now, she has experience in sales, customer relations, office management, hiring.  
She has worked in a CA consultancy as office manager, Credit Rating agency in Business Development, Chemical Company in CRM , Education Company in CRM + Sales, and a Stationary company as office manager and HR.

She might not be the most qualified education wise but she sure has people skills , she has great convincing skills.

We are a family of 5 , dad does not do anything( lets not go into this) 

If you can help me in any way by guiding on how she can get a new opportunity or if your company is looking for a great member to join do help please.

We need it , thankyou."
t2_8msynzye,Need help to understand the NCMC Card,0,1,1.0,0,1743488889.0,False,t5_2qugx,"So I recently got a NCMC card and just realised that the Airtel Thanks App doesn’t support the update balance feature in iPhone?

I installed it on my android phone and even though it has the option still it doesn’t update the balance. 

I had ₹15 left and decided to put ₹100 to test the feature and it tops it up with ₹0? Is minimum balance required to top it up through the phone?

Please help. Thanks!
"
t2_viq2xwv1,Looking for a place to stay,0,1,1.0,0,1743487778.0,False,t5_2qugx,Hello Delhites. I am looking to be a flatmate in a decent flat (in search for a place to stay) in Delhi alongside Blue metro line. Preferably between Rajiv Chowk and Mayur Vihar. But I am open to other options alongside blue line. I am 24 M and working engineer. I will eat non veg sometimes. 
t2_xp0831268,Went to deer park hauz khas last week,0,20,0.92,0,1743427444.0,False,t5_2qugx,Felt quite good. Went to the record room cafe and food was amazing. Good place for hangout
t2_1aek4n4pbg,Need a part time job,0,5,1.0,0,1743454519.0,False,t5_2qugx,"Hi, I am a 12th grader 17(M). I want a part time job to cover my expenses.Help me out "
t2_1bso4pn8ku,Dotor for back pain in delhi knear karol bagh,0,1,1.0,0,1743485793.0,False,t5_2qugx,Kindly suggest any doctor for lower back pain  near karol  bagh delhi. 
t2_1eqbsuvkqh,Just Dellhite things: Surviving office with Aam papad,0,27,0.97,0,1743421256.0,False,t5_2qugx,
t2_1c7lx3evy8,Delhi metro misconceptions?,0,8,0.84,0,1743444261.0,False,t5_2qugx,"I am a college student and have been travelling in delhi metro from 2 years everyday and i have never came across any weird person, never saw anyone fighting, never heard any memorable conversation. Even i have heard so many wholesome conversations between two strangers which may sound fake . So is it really exaggerated about delhi metro? Or am i just lucky?? (Or maybe i am just in the wrong line)"
t2_lv4uikega,Aaj peak hours mein sabko seat milegi,0,21,0.96,0,1743426118.0,False,t5_2qugx,Ft. Blue Line 
t2_9td3zmm4,Suggestiom on where I can get my Rayban Met Wayfair’s glasses changed to prescription glasses?,0,1,1.0,0,1743483629.0,False,t5_2qugx,"Could someone suggest me where should I get my Ai glasses changed to prescription lenses?

Darr lagta hai shop wale ne chura liya koi hardware ya kuch galti kardi to bohot expensive ho jayega."
t2_lhd2u5mu,Pookie Spotted Here !,0,6,1.0,0,1743448332.0,False,t5_2qugx,🌸🌸🫰🫰
t2_1mdt4jrgup,Someone below 35 with cancer?,0,1,1.0,0,1743482497.0,False,t5_2qugx,"Hello, I want to connect with brave some brave soul below 35 fighting cancer…."
t2_62sml1la,Eid Mubarak Dilliwalo,0,453,0.76,0,1743362168.0,False,t5_2qugx,"Happy Eid sareya nu! 

To bhaiyo baat ye hai ki aik month ki fasting ke baad kal hum Eid celebrate karne wale hai. 

Ramzan ke aik month ke roze aur apni kamai ka 2.5% donation dene ke baad aik donation every Muslim ko obligatory karna hota hai, wo hai Fitr ya fitra. 

Fitra har musalman ko (jo afford kar sake) dena mandatory hota hai, fitra meaning breaking of fasting.

To bhai hum muslman eid ki namaz se pahle kisi gareeb ko minimum 80rs (maximum ki koi limit nahi hai) khana khane ke liye daan dete hai, iske peeche reason ye hota hai ki hum to eid me pakwan bana ke kha le aur kahi koi bechara bhukha na rah jaye. 

So waise to maine apna aur apni mata ka fitra daan kar diya hai lekin fir bhi man thoda aur daan karne ki iccha baaki hai.

So here I am wishing to share this with my fellow redditors that ki kisi bhi bhai ko agar koi bhi khaane peene ki dikkat hai to main 100 each ke hisab se 10 logo ko de sakta hoon.

Isme koi dharam ya jaat paat ka kuch lena dena nahi hai, it could be anyone who can't afford his next meal.

 "
t2_i6sx85v3,I am visiting delhi can u guys recommend some places to visit?,0,1,1.0,0,1743481811.0,False,t5_2qugx,And pls recommend places with cafes and all not those monument and buildings. 
t2_1f7yn1knrz,Need Architect for my residential project in Noida,0,1,1.0,0,1743480724.0,False,t5_2qugx,Anyone ? Suggest if I need an architect ? Or the contractor is enough ? I will have some spare time to supervise. Architects please connect 🐱
t2_dduncsu99,Where can I find these kinda Kurtas in delhi,0,0,0.38,0,1743493817.0,False,t5_2qugx,"Any leads will do , prefer it if it's affordable "
t2_ud9lytr29,Harry potter wala Kinder Joy,0,1,1.0,0,1743479823.0,False,t5_2qugx,"Hello everyone good morning! Does anyone know from where I can get this Harry Potter Kinder Joy in Delhi, my niece is killing me asking everyday to buy her one set 😂. If anyone know a place plz help 🙏"
t2_qn21hl8c,I recieved a strange call.,0,6,0.81,0,1743441239.0,False,t5_2qugx,"I received a strange call from a woman who was speaking in an extremely low voice. She asked me who I was but I didn’t answer and instead pointed out that she was the one who had called me. She then said something I couldn’t understand. I asked her a couple of times who she was, but since I still couldn’t make sense of what she was saying, I just told her it was a wrong number and hung up.

Two minutes later she called again. I asked why she was calling me again and she responded with something like, ""Kaun hai yeh toh bol sakti hai na."" I told her to speak louder or hang up. She then said something along the lines of, ""Mera baba (or maa baap, I’m not sure) merko maar daalega."" At that point, I just ended the call and blocked the number.

When I checked Truecaller, it showed the number was from UP  but no one had reported it spam or anything. So I’m not sure if it was spam but what the hell was that?
Was it some kind of scam? Mai toh khud ladki hu mujhe kyu kar rahe call bhai. 
"
t2_gw0sicof,Anyone use Hindon airport recently?,0,1,1.0,0,1743478328.0,False,t5_2qugx,"Hi, has anyone used the Hindon airport for domestic travel lately? Does Digiyatra work there and does it have a lounge?"
t2_8sv9j6nz,"Travelling in Dharamshala, looking for recommendations/tips",0,22,1.0,0,1743416346.0,False,t5_2qugx,"Currently putting up in Dharamkot 

Would love to get any recommendations from you guys"
t2_3dggskpn,Stampede like rush at Kashmere Gate Metro station.,0,5,0.78,0,1743441169.0,False,t5_2qugx,"Went on a day out with a friend. Was coming back from the Yellow Line, and the rush at Kashmere Gate was horrible—even with Kashmere Gate standards. The metro came after at least 10-15 minutes. I could see the hooliganism; it was defining.

Even before the metro came, people (must have been 18-20, even older) started shouting “Chadho, chado.” I requested a few people around me not to push and shove, but when the gate opened everyone went crazy. They started pushing and shoving—I’m not a tank but can hold my own, yet believe me, even after giving my all, people in front of me fell, and no one seemed to bother stopping; they were on the ground, and people were jumping over them.
Worst part was that when afterwards i tried to tell them that was not okay, to them it seemed normal to jump over people and shove.
I love Delhi, born and brought up here—I’ve always loved the common people here, happy to chat and banter. But today, I saw something which made me question: is it worth living here?"
t2_92ax1gne,The weather in Delhi is going to be hotter next week,0,27,1.0,0,1743411071.0,False,t5_2qugx,"April in Delhi typically brings extremely high temperatures, often exceeding 39°C (102°F), and minimal rainfall. It's advisable to stay hydrated and take necessary precautions against the heat during this period."
t2_y4zfxqywc,Is it just me or is Uber Shuttle down? I tried it with different routes as well... Does anyone know what's the issue?...,0,9,1.0,0,1743432262.0,False,t5_2qugx,
t2_fs5w69kxs,Rate this poster || Made for a client site promo,0,4,0.84,0,1743441139.0,False,t5_2qugx,"https://preview.redd.it/8ksfii1i52se1.png?width=910&format=png&auto=webp&s=24183953ca7eebbd039780775397b12fd7a87969

"
t2_4gn4hpfo,serving crisp evenings,0,39,0.95,0,1743400485.0,False,t5_2qugx,"rare now, but beautiful evenings in delhi surrounded by history, art and stars"
t2_81wxpz0j,Egg Chowmein marked as Veg at Freshmenu,0,7,0.67,0,1743432180.0,False,t5_2qugx,"Looks like they took ""eggs are vegetarian"" seriously. "
t2_b3cojgy3,Air quality remains at moderate level,0,1,1.0,0,1743468197.0,False,t5_2qugx,
t2_b3cojgy3,5k ATMs to provide affordable drinking water across capital,0,1,1.0,0,1743467683.0,False,t5_2qugx,
t2_n6yj39wkt,"Need advice on losing belly, face fat while managing studies (efficiently!)",0,29,0.91,0,1743399671.0,False,t5_2qugx,"I’ve noticed I’m gaining weight, especially around my stomach and face , and I want to fix this without it taking too much time away from my studies. Are there any quick or effective strategies? For context:

* I live in an apartment (with 2 garden ).
* I walk about 1 km daily but don’t have much time for long workouts.

Any tips or shortcuts would be greatly appreciated!"
t2_bim85k2v,Need help For storage,0,2,1.0,0,1743452661.0,False,t5_2qugx,Long story short. My friend is arriving from canada and we planned to hangout but there is one issue. She have a lot of luggage and I want to safely store them somewhere in Delhi (Btw i am not from Delhi so i dont have much idea about that.). If there any way I can solve this problem. The only solution thats in currently in my mind is to book a hotel and store it there for a day. I am wondering if there is any other way like storage service. If anyone have any idea kindly tell me
t2_1g3hwgp2hj,These illiterate bikers in delhi,0,1,0.57,0,1743450665.0,False,t5_2qugx,"Was just going back to my home and  saw these illiterate bikers with like 6-7 bikes. They were over-speeding, tripling and none of them wore helmets. They were driving rash doing zig zag motion with the bike and were trying their hardest to intimidate everyone around them. 

I had my family with me so I wasn’t able to record or do anything as they were scared of these chapris. 

Then they say why reputation of bikers is bad. I hope they crash and kill themselves. Can’t even trust police cause law is a joke in this country.

I thought these thing happened in UP not delhi but I guess not.
Thanks for listening to my rant."
t2_9xwud7p69,Bigbasket fresho chicken,0,2,1.0,0,1743449252.0,False,t5_2qugx,Ive ordered bigbasket freshop chicken quite a few times and all those times i found the chicken to be quite stinky in a bad way. The chicken also didnt taste as great as local market chicken. Am i the only one who thought the bb chicken was stinky and made me feel pukish
t2_o67eneyb1,Bored anyone want to chat?,0,2,0.75,0,1743448874.0,False,t5_2qugx,Bore horhe hai guysss.
t2_1j26vn0d1h,How's the pollen season treating y'all? Any diy remedies for faster relief?,0,2,0.75,0,1743448859.0,False,t5_2qugx,"Bad cough, throat and sinus - how are you folks managing? What are some home remedies I can try to bring myself some quick relief "
t2_8qz51lgt,Eid mubarak to anyone celebrating,0,334,0.86,0,1743347312.0,False,t5_2qugx,
t2_15f2endoi3,The night of young!!,0,1,0.57,0,1743446242.0,False,t5_2qugx,
t2_7na54701,Bigbasket got the best deal on condoms,0,221,0.89,0,1743352996.0,False,t5_2qugx,"Built a cool tool to compare real time prices among blinkit, Instamart, zepto, and big basket.

Let’s face it, time is money. And in today’s fast-paced world, who has the time to open four different apps and compare prices manually? That’s where this tool comes in. It saves you time and potentially money, which is a win-win situation.  

This comparison tool is here to make your life easier and your wallet happier. Let me know if you wanna give it a try and see how much you can save on your next purchase.


"
t2_kw1c409g,What's your home remedy to beat this summer?,0,14,1.0,0,1743406506.0,False,t5_2qugx,What do you drink? How do you keep yourself cool and hydrated? I am addicted to Lahori Jeera knowing it's bad for health. Want to get rid of it. 
t2_1hxuvfkbjq,Looking for good neuro physio therapist/ neurologist for my mom's treatment,0,2,1.0,0,1743443861.0,False,t5_2qugx,"My mom had a mild facial paralysis on the right side about 15 years ago, which overtime recovered. But recently she had been feeling this tingling (jhunjhunahat) in her right hand to a extent that she wasn't able to pick up things. She went to a neuro doctor in my hometown and he gave her heavy sleeping tablets, which started affecting her as she is diabetic too. I am planning to bring her here for treatment. Need recommendations for good neuro physio therapist. If you could recommend, it would be great help. Thanks."
t2_umy86er1,Thoughts?? Crazy match imo.,0,2,0.75,0,1743443494.0,False,t5_2qugx,
t2_ztdnlks3x,Things to do near Chanakyapuri?,0,3,0.72,0,1743429166.0,False,t5_2qugx,"So I will be staying for one night/ two days at Ginger and looking forward for following, kindly suggest:

1. delicious lunch and dinner (veg, streetfood)…?
2. Iskcon temple which serves mahaprasad?
3. Sight seeing in the evening (as day time will be super hot)?
4. Liquor shop with walk in facility giving good discount on 6 bottle purchase?
5. Any other things to do?

Thanks in advance...🙏🙏"
t2_1icdoddnr6,shifting to a PG next week. what advice would you give to someone who has never lived alone in their life?,0,23,0.92,0,1743394687.0,False,t5_2qugx,"finally getting my own place in north campus and got a nice single seater room which lowkey looks like prison but it's okay. kinda terrified and anxious because I've never lived alone and my classmates' PG stories have been nothing short of scary (robbery, unhygienic roommates, bad food, infrastructure falling down on them etc)

what advice would you give someone who's just moving in to live alone? all sorts of advices are accepted!


edit: some points i thought I should add are
1. it's a single seater. I'll be living alone.
2. it's a northeastern PG. i don't know how to put this without it sounding bad but northeastern people tend to be a lot quieter than proper delhi people. they usually keep to themselves 
3. i have an attached bathroom all to myself.
4. the food menu looks fine, it has a lot of manipuri options as well"
t2_7s15679w,Custom made bed bench,0,1,0.67,0,1743455593.0,False,t5_2qugx,"Where can i get a smilar looking bed bench in Delhi/Gurugram? 
I couldnt find another seller for this. I do not want to spend 10k on amazon furniture. 
I wouldnt want something cheaper and if not woukd want to get good quality at similar price range.
"
t2_i7t591a0,What’s the most weirdest/interesting thing you overheard in the Metro.,0,7,0.88,0,1743423285.0,False,t5_2qugx,Let’s all agree we sometimes mistakenly overhear a word or too and the conversation catches upto our mind and we also get interested in that conversation. A week ago while travelling in the metro i mistakenly overheard a girl that came and sat beside me and then i was indulged in her storyline. Please share if you also had some interesting encounters. 
t2_1dcrgdhori,Is this something to flex about or be concerned about?,0,10,0.65,0,1743409346.0,False,t5_2qugx,Music enthusiasts assemble. 🤜🤛
t2_1fxgoa74k7,Guys does anybody know about a covered or air-conditioned type pool,0,1,1.0,0,1743454346.0,False,t5_2qugx,So I have been living in Delhi and I wanna learn swimming but in this scorching heat I don't wanna do it in direct sunlight so pls suggest some good pools 
t2_pfztju1p,Are the mosquito born from my blood my children?,0,137,0.95,0,1743356336.0,False,t5_2qugx,Guys m about to become father 🥹
t2_lqz93wnxo,Looking for Morning Running Buddies in Roshanara Park,0,2,1.0,0,1743438945.0,False,t5_2qugx,"Hey Delhi People! 👋

I'm looking to make my morning runs a bit more social and was hoping to find some fellow enthusiasts to join me in Roshanara park. I'm aiming to run a few times a week, ideally starting around 6:45 AM or 7:00 AM, for about 3-5 km or 30-45 minutes.

I'm a beginner getting back into it, someone who enjoys a moderate pace. My main goal is to stay consistent, enjoy the fresh morning air, and maybe have some good conversation along the way.
While all are welcome to express interest, I would particularly feel more comfortable running with female companions. This is purely a personal preference for safety and comfort during early morning hours.

If you're a woman in the nearby area who enjoys or is looking to get into morning runs at Roshanara park, please reach out! Let me know if this sounds like something you'd be interested in, what days/times work for you, and a little bit about your running experience.

We can coordinate our schedules and maybe meet up for our first run soon! Looking forward to hearing from you.

Thanks!"
t2_au99opyqo,Solar Panel Doubt '',0,2,1.0,0,1743438710.0,False,t5_2qugx,"Do we really become immune to powercuts when we install solar panels, have you or your known have lagwaya it? hows the feedback"
t2_57dbl0h1,Drop your sunset pictures,0,1094,0.99,0,1743315335.0,False,t5_2qugx,"Sunset'24

saw someone posting sunset pictures so thought I should do it too"
t2_j7y4uh2e,Where can i buy the ASICS shoes for a cheaper price ?  Majnu Ka Tila ? Monastery ?,0,16,0.83,0,1743398092.0,False,t5_2qugx,Please suggest as i don’t have 10-12k to spend on these shoes . Online suggestions are also welcome 
t2_1b1apb2q7g,SUGGEST GOVT DENTAL HOSPITAL,0,2,0.75,0,1743437398.0,False,t5_2qugx,"""🌸I'm in Delhi, studying at a  college, and I have braces. I need to get them activated every month, but I can't go home every time just for that. So, people in Delhi, please tell me where the government dental hospitals are, mainly in Delhi. Thanks!"" 🌸🤌"
t2_1k1guvpchg,Made this cute lil crochet heart,0,8,1.0,0,1743409720.0,False,t5_2qugx," Dilli Dilwalo Ki <3 

Ps: it's my first amigurumi project. "
t2_qoqw62v4x,How to verify if a Yonex racquet is legit,0,1,1.0,0,1743448463.0,False,t5_2qugx,"Today, I ordered a Yonex badminton racquet from Swiggy Instamart, and I want to check whether it's a real Yonex racquet or just a cheap counterfeit. How do I verify that?   
I read online that the code on the cone has the format DDMMYXAB where DDMMY refer to the date of manufacture. The date on the cover and the date on the code do not match. I have written them a mail regarding the same. Is there any alternate way to check this?  
"
t2_18lek85oo1,Luggage Startup - Gathering Insights,0,0,0.5,0,1743448080.0,False,t5_2qugx,"Ideating in the luggage space , it would be great if you could fill the survey 


https://tally.so/r/mOkpAR"
t2_11weoea7uy,Need information related to RML hospital online appointment.,0,1,1.0,0,1743445266.0,False,t5_2qugx,So i just book an online appointment and the reporting place is the doctor's cabin so should I go directly to the doctor or i need to go in the line of opd reciepts....and the reporting time is 7am so I have to reach before 7 or its okay if I go there after 7? 
t2_1lqctzm03x,The Lady's fluent English made him the victim of phone call scam,0,5,0.72,0,1743417966.0,False,t5_2qugx,"Scammers have found a new yet appealing way to befool mobile number users. They fabricate a story to trap people. Sometimes, even educated people also get trapped because of fraudulent calls.


The whole scenario is like that a person receives a phone call on his mobile number. Some random lady voice on IVR speaks to him and told that all sim cards registered under his name are presently going to block after 2 hours. 


Also, he got an option to press 9 to know more. He immediately pressed the desired key and then another lady, this time a real one, appeared on a phone call and told him that, due to mass reporting from many people, all numbers under his name would be blocked. The reason for this, as told by her, was the sim card number which was being used to harass people over text messages, which is illegal. 

She spoke out a random 10-digit number and told him that the number belonged to him, the victim of the story. Upon hearing, the person told her that he was not involved in this matter at all and the number which she had uttered didn't belong to him. Someone might have stolen his personal credentials and done all this sort of thing.

""I am forwarding your call to the Andheri police department"", muttered the lady.

She told him to tell them all this and get a clarification letter from them in order to prevent the immediate mobile number blocking. If they get convinced, they will send the clarification letter to the telecom regulatory authority. She further said, ""The number which is the real and personal mobile number of you won't be blocked and only the number which I had spoken out earlier will be blocked""

After the call got transferred, a male voice shouted out loud,"" Mumbai Police "".

The whole scenario was told by the victim to that random man and after a long talk over mobile phone call the victim then had a 44-minute video call with him, the man in formal attire. 

He was somehow made to share his personal details like aadhar card ,mobile number , family member details etc. The person told him not to share this incident with anybody. He asked about his financial inventory and further told him that his bank account number was in link with some malpractices which are illegal.

The man said ,""Tell me the amount in your bank and send me a screenshot of the same "".

Then the victim told him that he rarely uses bank for transactions. He uses cash to buy groceries.

But when the scammers didn't agree with him, the victim said,"" I only use Paytm and that very rarely"". He then sent him the screenshot of the account balance when the man demanded. The balance was not much. It was just 2 rupees.

Then the scammer seemed to be convinced by this and told him that he would receive a copy of the clarification letter at his address and dropped the video call.



After 1 hour, the victim hovered on YouTube and searched for ""Telecom regulatory Authority of India calls for blocking sim card in 2 hours "".

He was astonished and tongue-tied to see a bunch of videos informing him about the fake scam call in the name of the Telecom regulatory authority of India. Then he realized that he had been victimized, and it was too late for him to do anything, because personal details along with the 44 minute-interactive one side face video call session were smoothly recorded and stored at their end. Unfortunately, the victim didn't capture the recording of the video call. The victim didn't suffer from financial loss, but his personal details are still with scammers. His face was visible to scammers throughout the 44 minute-long video session.

Thankfully the audio recording was on.

I'VE uploaded the video on my yt channel named AAGE HAMESHA. (type on yt search bar and apply filters by channel). You may listen to this brief conversation between scammers and victim and safeguard yourself from such fraudulent calls"
t2_159vtsh934,"Moving to Delhi soon, need help with understanding a few things",0,1,0.67,0,1743444997.0,False,t5_2qugx,"Hi, 
I have visited and lived in Delhi for a month or two over the years previously. However I have never entirely moved their for work before this. I will be moving to the city in May 2025. I am looking forward to it but also at the same time I feel a bit clueless. 
I’d like to know how to survive the summers there, what are the basic things I must know to make this transition easier (please know I am a socially anxious person). 
I’d really appreciate if there’s anything that you’d like to share to a newcomer. 
"
t2_1inh5siu3b,My friend and his job,0,1,1.0,0,1743444248.0,False,t5_2qugx,"""My friend works for a consultancy firm and fractured his hand last month. He's been working from home for the past few weeks. With the project deadline approaching, he's been putting in long hours for the past few days. Frustrated from lack of sleep and no time for other activities, he lost his temper and told his manager that the deadlines are unrealistic and force them to overwork to appear efficient. He even went as far as to say it's a human rights violation. His manager responded by asking why he was being so aggressive, pointing out that he had taken time off to go out with his family but hadn't come into the office. My friend replied that when he's out with his family, they take care of everything and his hand is safe, but if he comes into the office, will they take responsibility for his hand's safety? Considering he's a fresher who joined the organization just a few months ago, is this ok at the Start of your career."
t2_1m52f1sar8,teaching English in tilak nagar west Delhi at lowest price possible yet valuable,0,1,0.67,0,1743444241.0,False,t5_2qugx,"so, homies, i've just started teaching English in tilak nagar, the reason is not to make money but to make a change, you may not know but here people in tilak nagar are awful when it comes to reading, writing and speaking in English, so basically i just want to help those guys to elevate their English skills either reading or speaking etc, and the great thing is that it's so much pocket friendly, other institutions asks for tens of thousands of money only teaching for 3 months, ill only ask 1500 for basic and 2500 per month for a 6 months course, and guarantee's that you'll be able to make it everything. please you'll consider talking about Xnexus which is here in tilak nagar, ill share the contact details to you just reply me down below."
t2_hv453htt7,Road Rage: Venting and Advice to avoid in future,0,1,0.66,0,1743442925.0,False,t5_2qugx,"
* It was a blind curve(actually blinded by a car coming from the opposite side) As soon as I moved my car a scooty came in front, no collision took place but the person got shocked and started waving his hand and abused me, he ran away post it.
When I got angry I moved my car towards him but my co passenger told me to stop and turn my car.
As soon as I did that I could see that same person standing at the end of the street and waving me to come towards him. He had a phone in his hand as well. Suddenly I saw some people with him start running towards me, I suddenly took the turn.
One of them was running too fast and blabbering something and hit my car from behind I heard a loud bang but I accelerated and moved ahead.
Since nothing was damaged( probably he hit the rear windshield ) I moved ahead. I think it was best to move from there as there were too many of them. Wanted to call the police then but by the time they would have arrived they might have damaged the car."
t2_1kjblctahn,In the era of AI art I'm refraining to human creativity,0,113,0.96,0,1743350296.0,False,t5_2qugx,
t2_1hao999c2n,Easyship.com is à scam,0,2,1.0,0,1743429112.0,False,t5_2qugx,"3 months ago, i use easyship for the first time and ups lost the printer it was à hell of à 3 months tryi g to get back my money as i was not the client of ups, bcz i use easyship as a third party

After those 3 mknths easyship finally refund me as a crédit of 550$ but i could only get 45$ back of the shipping cost

To get the 500 remianing they ask me to send them my bank info

Wich was the begginnig of hell cause right now i am i. Thailand and i send them my bank info wich is were i keep my all my saving 

They withdrawls all.my money and made over 20 shippment transaction with my acciunt via there website 

Wich is totally fraud cause i didnt approve any of that

Now i have no more money in another country wich is scrapping all.my 3 Last week of travel

And yes i have alreaxy contact my Banks and all so please dont tell me what to do and what i should have done ease its jsut a post to let you know this company is shady as fck there are straight scammers"
t2_m0cvn8ua,Why auto rickshaws are not allowed at Delhi Airport Terminal 3?,0,0,0.5,0,1743442658.0,False,t5_2qugx,"When I was at Delhi Airport 7 years ago (25th December 2018), I saw that not a single auto rickshaws present at T3 of the airport, what is the reason that auto rickshaws are not allowed at T3 of Delhi Airport?"
t2_7qpb1180,how do you guys deal with this feeling of bittersweet nostalgia mixed with regret?,0,1,1.0,0,1743442203.0,False,t5_2qugx,"I've been feeling this for past few days I really miss the old times and the kind of person I was and the people I had around me...now most of the days it's just me being a NEET I want to feel lively again but don't know how it feels like time has stopped for me and it hurts...every now and then I keep going back to these good old times and remembering them bittersweet memories...nowadays I am doing things just for the sake of doing I feel lifeless no less than a robot I regret not working hard enough in past....,how do I move on?"
t2_3dggskpn,Stampede like rush at Kashmere Gate Metro station.,0,0,0.5,0,1743441182.0,False,t5_2qugx,"Went on a day out with a friend. Was coming back from the Yellow Line, and the rush at Kashmere Gate was horrible—even with Kashmere Gate standards. The metro came after at least 10-15 minutes. I could see the hooliganism; it was defining.

Even before the metro came, people (must have been 18-20, even older) started shouting “Chadho, chado.” I requested a few people around me not to push and shove, but when the gate opened everyone went crazy. They started pushing and shoving—I’m not a tank but can hold my own, yet believe me, even after giving my all, people in front of me fell, and no one seemed to bother stopping; they were on the ground, and people were jumping over them.
Worst part was that when afterwards i tried to tell them that was not okay, to them it seemed normal to jump over people and shove.
I love Delhi, born and brought up here—I’ve always loved the common people here, happy to chat and banter. But today, I saw something which made me question: is it worth living here?"
t2_1byov692qp,Looking for a Healthcare Professional ASAP for Advice & Support on Our Emergency Care Startup!,0,1,1.0,0,1743440707.0,False,t5_2qugx,"We’re building a healthcare startup to improve emergency response with AI-powered solutions in India. If you're a doctor, healthcare professional, or industry expert, we’d love your advice and support.

Join us as a co-founder, advisor, or board member to help shape the future of healthcare."
t2_gqcwmr29,Baby Cat for Adoption,0,1,1.0,0,1743440548.0,False,t5_2qugx,"My friend rescued this beautiful kitten yesterday.  Finding a home for her , Please dm only if you're interested.  "
t2_3wnpdjic,Late Night Auto Ride,0,1,1.0,0,1743440284.0,False,t5_2qugx,feat. beautiful weather 
t2_1eo2lm0u3f,"Delhi real estate is beyond the reach of a middle-class salary person, salary wale toh bhul hi jao",0,1,1.0,0,1743439501.0,False,t5_2qugx,"Recently, my family asked me to look for a property in Delhi, as they are coming from the old mindset that Ghaziabad/Noida is bad, so I have to look for properties within Delhi. Here’s what I’ve found so far:

**East Delhi:**

* IP Extension, gated colony, 3 BHK flat: starts at 1.8 crore
* Krishna Nagar: 95 lakh - 1.8 crore for a 3 BHK
* Laxmi Nagar: No one wants to go there because of its bad reputation

**South Delhi:**

* CR Park: 4.5 crore for a 3 BHK (no jokes)
* During my research, I even found a 4 BHK flat worth 6.5 crore, but the property is definitely amazing

**North Delhi:**

* Model Town: 2.5 crore for a 3 BHK
* North/East Delhi: 1.9 - 2.5 lakh per sq. yard

I just want to get out of North-East Delhi, but buying a property is so hard now. My parents don’t want to sell our ancestral property, which is worth more than 2 crore (huge area) in North-East Delhi. It seems I’ll easily end up with a debt of 1 crore, even though my parents are depositing the initial amount. But I can’t make them pay the bills.

Moving from a whole house to a flat worth crores doesn’t seem fair to me, but kya hi kar sakte haan ab?"
t2_1e25jrht5m,Passive income suggestion,0,1,1.0,0,1743438672.0,False,t5_2qugx,"Hello friends,
I need a suggestion, if a person who is having 9-5 (5 days) starts to do rapido to generate a passive income. What amount of earning is possible per month. Is it a good idea or does it have drawbacks? "
t2_ko7mn21y,Is Meesho Pay Later safe?,0,2,1.0,0,1743424925.0,False,t5_2qugx,"I buy a lot of clothes and other things from Meesho. 

recently they have started at the Meesho Pay Later scheme whereby we can pay later and get good discounts on certain items. 

the catch is they want your pan name and number.

 Meesho is a large and legit company but I hesitate to give my PAN number.

 has anyone done it? is it safe to give them the PAN number?

 why would they want that? they offer very tempting discounts.    "
t2_lhd2u5mu,Noise Pollution In Metro,0,1,1.0,0,1743438229.0,False,t5_2qugx,"Today I was travelling from Kaushambi to Dwarka,  A group of students from kadkadooma station entered the metro , and they started talking and laughing in loud voices so much irritating .Please Guys i request you not to do these types of things in metro. Keep nuisance away from public transport. Try to maintain the decorum and metro is not your child park for laughing therapy. 
🚇🚇"
t2_sqtdjexn,A drawing keepsake book for children,0,1,1.0,0,1743438043.0,False,t5_2qugx,"I often see parents struggling with so many drawings of children, greeting cards etc which often end up in the bin. As a solution, I am planning to start a business where such drawings, artworks, cards etc are scanned and converted into a book. Wanted to know if someone here is interested??"
t2_1jvpdnjvr2,Is there anyone selling Activa scooty from delhi,0,1,1.0,0,1743437934.0,False,t5_2qugx,I wan to buy second hand activa scooty because of low budget if anyone from delhi willing to sell can msg me
t2_k831hoxfl,"Selling Ticket for Javed Ali Concert at Pacific Mall, Jasola",0,1,1.0,0,1743437494.0,False,t5_2qugx,at a negligible price since i got a wedding to attend at that date.
t2_fj0iffoq,whats this stuff about metro cards now?,0,12,1.0,0,1743389925.0,False,t5_2qugx,i had a metro card btu lost it and now when i asked at the counter they said the old one card is discontinued you can only get airtel or paytm transit cards but these charge convenience fees which i dont want to pay is there any other option? im looking for someone to give me an old metro card too i dont want these card i believe its a scam to pay 100 to get a balance of 92 idk how the government is promoting this in public transport
t2_12bo042qss,Where to get braids done in Delhi(male),0,2,1.0,0,1743423132.0,False,t5_2qugx,bas yehi hai
t2_qzcxcykht,Things Indians Need to Fix – ASAP,0,77,0.97,0,1743352238.0,False,t5_2qugx,"

These are my observations, and we need to change right now before things get worse.

(And yes, I know the people who actually need to follow this aren’t on Reddit—they’re too busy spitting gutka on the streets, harassing women, or stuffing their faces with oily chow mein. But here we go anyway.)

1. Social Media Detox

Stop scrolling like your life depends on it.

Too much negativity = anxiety, not awareness.

Touch some grass, read a book, live beyond your screen.


2. Women’s Safety

Respect isn’t optional.

Staring, catcalling, and creeping on women isn’t a personality trait.

Speak up—staying silent helps the wrong side.


3. Men’s Mental Health

Men struggle too—stop pretending they don’t.

Crying isn’t weakness, bottling up is.

Listen to men the way you expect them to listen to you.


4. Students Need Mentors

Career choices shouldn’t be made on vibes.

Schools teach math, not life. Find a mentor.

Research before locking in a future you’ll hate.


5. Take Care of Your Health

Junk food isn’t love, it’s slow poison.

Move your body—sedentary life kills faster than work.

Regular checkups > Ignoring problems until it’s too late.


6. Personal Hygiene Check

Did you shower? Brush? Change underwear? Do it.

Smell nice. Look clean. Basic survival, not luxury.


7. Follow Traffic Rules

Red light doesn’t mean “let’s test fate.”

Helmet and seatbelt save lives, not ruin hairstyles.

Let ambulances pass—someone’s life is more important than your shortcut.


8. Stop Treating Public Spaces Like Trash

Roads aren’t garbage dumps—use an actual dustbin.

Spitting gutka is NOT a personality trait.

Public toilets exist—use them, don’t create them.


9. Manage Anger & Anxiety

Many Indians have serious anger issues—calm down, you're not in a Bollywood fight scene.

Shouting at waiters, drivers, or customer service? Not a flex.

Anxiety isn’t ""overthinking too much""—mental health matters.

Therapy isn’t for the ""crazy""—it’s for those who want to heal.


10. Manage Stress, Not Meltdowns

Overthinking won’t fix your problems.

Sleep, breathe, take breaks—mental health matters.

Hustle culture isn’t worth burnout.


11. Stop Blasting Your Phone in Public

Public places aren’t your personal loudspeaker—use earphones.


12. Respect Personal Choices

Sugar daddy? Sugar mommy? Their life.

Casual, serious, hookup? None of your business.

Not everyone wants marriage or kids—let people live.

If you think a friend is making a mistake, advise, don’t control.

Someone married rich? Good for them. You married poor? Your call.


13. Relationships: Choose Mental Health Over Drama

Respect yourself enough to walk away when things turn toxic.

Let go when someone no longer adds value to your life.

Love shouldn’t come at the cost of your peace.


14. Be There for Those Who Helped You

Someone stood by you in bad times? Don’t forget them now.

People change, but loyalty means remembering who had your back.

Gratitude > Ego.


Final Truth?

Stop blaming “society.” You are society. Change starts with YOU.


"
t2_19pm9604dc,DELHI IS NOT SAFE EVEN IN BROAD DAYLIGHT!!!,0,385,0.96,0,1743319858.0,False,t5_2qugx,"Just had a really wierd experience today.

I am learning scooty lately, and i went to this ground, I was practicing scooty and there were few guys in there mid 20s maybe (i'm 17), i didn't notice first but they were recording me like so clearly, they didn't even tried to hide the phone AND IN BROAD DAYLIGHT LIKE BITCH IT WAS 11:30 something. When i came a bit near to them, i noticed they were laughing maybe or saying some shit, and i bet they captured my full face. i was scared as hell , i didn't say anything and went home. And that place is not so far from my house. i don't know what to do, i feel so bad bcz i usually go to that place to practice scooty but now i am scared as hell, i dont know what to do!!!!

  
edit: For those who are suggesting to take somebody w me, i get the concern but i was not alone, i was with my mother and she herself asked me to go home."
t2_1jausz71j5,What are the Best Smart Phones Under Budget..?? Need Suggestions,0,1,1.0,0,1743435916.0,False,t5_2qugx,"Hey Everyone,

I've Been Using Realme 9 SE 5G for more than 2 Years & Somehow Day Before Yesterday the Phone Suddenly Turned Off & Was Vibrating for Every 5-10 Seconds. The Guy at Repair Shop Said that Motherboard was Gone and Later Confirmed it was CPU Problem with 50% Chance of Recovery. Earlier my iPhone had the Same Issue with Motherboard & The Apple Store people Suggested me to Get a New Phone as Even after the Repair the Problem May Rise Again.

So, I'm Asking the People Over Here to Suggest me Some  

* Better, Simple, Smooth OS
* Minimum 128GB ROM, 6GB RAM 
* Not So Fancy Mobiles
* Budget (Around 10K - 20K). 
* My Phone Usage is Too Too Minimal, Just for Banking, OTP's, and WhatsApp, that's All.

Any Refurbished Mobiles are Also Ok For Me :)"
t2_1kefayuj64,How to make money online,0,6,0.81,0,1743397684.0,False,t5_2qugx,I want advice related to how can I make money online not too much but little amount and I have watched youtube videos related to this but all they are saying to make a Shopify but I don't want to do that is there any other way I can do it
t2_tcib4pfb,Fire somewhere near Patel nagar side,0,3,1.0,0,1743413912.0,False,t5_2qugx,
t2_1ki20wtxf8,"Delhites, need help regarding education and scholastics. DO buses of any school come to noida for pick up?",0,1,1.0,0,1743435289.0,False,t5_2qugx,"As the tite suggest, Im someone who lives in noida looking for some school with Delhi quota  for Cuet. Do you all know any such schools that pickup students from Noida? It wil be of great help if you could answer this. ThankYou."
t2_vsmop943,Am i having a mental health issue?,0,1,1.0,0,1743435214.0,False,t5_2qugx,"Hi I'm a jee aspirant who has been living in kota for past 1 year

I don't feel real.i don't remember things and could not concentrate on studies even if i sit for all day long. I didn't feel any emotions . I cannot plan for simple things and feel mentally exhausted all the time

I don't indulge in any dopamine activities such as porn, masturbation, ig reels,facebook,yt shorts.             I talk to people but i feel like I'm faking the talks."
t2_fxb7q30m,Movie recommendation,0,1,0.67,0,1743435210.0,False,t5_2qugx,"No rom com....horror... biographies etc

Good storyline, intense"
t2_1if3rzt2hj,M stuck at home on weekends as I have no one with whom I can spend time.,0,0,0.5,0,1743434093.0,False,t5_2qugx,"I have some friends bt all are busy in their schedule.
Now feeling office workdays are better than weekends atleast I have someone to talk in meetings(not having office colleagues here).
."
t2_r6nij7k22,Tired of Fat Shaming,0,1,1.0,0,1743433461.0,False,t5_2qugx,"I (34 M) am absolutely tired of all the fat shaming around me. It frustrates me to no end. My family, friends and all acquaintances have started it now. For the context, i weigh 90kg and am 165 cm tall. I wasn’t fat until last 15 years of my life.

I met an accident back then where i fractured my skull. I was on steroids and many different medication. Post recovery, I developed a cyst in my brain which was accompanied with a hemorrhage in the brain. The medicines made me gain 30 kgs in 4 months. 

It is not that I dont try to lose weight. I do. I have lost in past but it relapses. Before coivd, I came down to 75kg but now i am back.

At this point, i am just tired of all the fat shaming day and night. It is not something that can change over night. I am already seeking help of a nutritionist but why is it so hard for people to understand this. I am frustrated, exhausted and i feel helpless. All the stress makes me eat more and i am not able to escape the vicious cycle. "
t2_168143s18t,Suggestions on editing!!,0,7,0.89,0,1743397791.0,False,t5_2qugx,
t2_1ky68jabrh,'Move over IIT': Sanjeev Bikhchandani after SSCBS alumni win all 3 gold medals at IIM Ahmedabad,0,0,0.5,0,1743430460.0,False,t5_2qugx,
t2_178emjzrcc,Foreigner here! Question to all Delhi folks!,0,0,0.5,0,1743428195.0,False,t5_2qugx,"Hey! I am interested in visiting Delhi soon! I heard a lot of bad things about India and especially New Delhi. I don’t know how safe it is exactly for a female to visit the country. I have heard mixed things like- the south is safer than the north and that Delhi is the worst place to be as a woman in the world, and whenever I see random reels of a woman visiting India there are always comments like “don’t come” or “please stay safe” I don’t understand how some people can say that about their nation. Anyways, my question is: how safe is India or Delhi exactly and what are some underrated places I should definitely go to or what are some places I should avoid like the plague. "
t2_e0ix03tx,I'm thinking of shifting to freedom fighter enclave in saket. Is it a good area?,0,1,0.67,0,1743428029.0,False,t5_2qugx,"Hi guys, so i’m planning on shifting somewhere in south delhi. I’ve been looking around and i’ve found plenty of flats that are very cheap and have beautiful interior in freedom fightwr enclave. But the only problem is that i’ve heard v mixed reviews about the place. I don’t wanna live somewhere that is aise galiyo mai jake and is v cramped. Can anybody tell me what kinda area is freedom fighter enclave?"
t2_1atn3kc7cw,Anybody from India Disable person,0,0,0.5,0,1743427603.0,False,t5_2qugx,Anyone who is disable or family member of disable person join my community 
t2_146l6qsi16,Need someone to practice cricket,0,3,1.0,0,1743404822.0,False,t5_2qugx,"Hello guys..I live in Dwarka mor and looking for some guys to play and practice cricket matches. If someone is practicing near by dwarka on morning and weekends, I can join them."
t2_1ls7wzo5ib,How to train in public without feeling awkward?,0,2,0.67,0,1743412128.0,False,t5_2qugx,"I want to train for running + calisthenics, but I feel weird working out in public. I have a pull-up bar on my balcony but feel exposed using it, and I also have a parking lot for training. Anyone else deal with this? How do you get over feeling awkward while training in public spaces?"
t2_1budwuhyrz,Showcase yours. Beat me to it!,0,479,0.98,0,1743304751.0,False,t5_2qugx,These are some of the sketches I've done over the course of a few years. As evident I don't paint much or rather at all. Sab b/w zindagi ke tarah😭 Now give me some competition and showcase your work.
t2_183eammfxp,"Men dying, men crying, who is listening? Falsely invoking dowry laws should attract penalty, demand Indian men",0,309,0.78,0,1743313292.0,False,t5_2qugx,
t2_1mc5fkxmyg,Are Airbnbs in Delhi generally safe?,0,1,1.0,0,1743425035.0,False,t5_2qugx,"Like for privacy propose? 
"
t2_1m1wpvffcr,Saw something cute yesterday,0,1,1.0,0,1743424868.0,False,t5_2qugx,"I was coming home from some work yesterday afternoon and stopped to get some groceries on my way.

There was a bike repair shop near the grocery shop, there was a couple who had come to get their two wheeler repaired.

From the looks of it the guy was sweating a whole lot and the girl wiped off his sweat with her dupatta.

It was a sweet gesture of love which I encountered so thought of sharing here. "
t2_8l3k3tpn,"Don't know why but as I am growing up , I started drinking / enjoying alone .",0,50,0.93,0,1743348123.0,False,t5_2qugx,
t2_1jxz2upiq0,Thinking about whether to get lasik surgery or just new spectacles for now,0,4,0.84,0,1743397448.0,False,t5_2qugx,"Rightnow, I use spectacles for my nearsightedness and I will definitely get eye surgery in future. And I have no idea about the procedure or money etc etc. 

Can anyone who has underwent the process of lasik surgery answer my query about the money required, whole procedure, a good place and doctor to get this surgery, AND MOST IMPORTANTLY your own experience. 
That will be very helpful. "
t2_bugejcbw,Bugs found in yoghurt ordered through zepto,0,1,1.0,0,1743424443.0,False,t5_2qugx,"I ordered Epigamia yoghurt through zepto 
It has literal bugs in it, had some of it before finding about these bugs
Can’t trust zepto and epigamia anymore
Very disappointed with this experience 
"
t2_lf90im0y3,"'Farishtey Dilli Ke' scheme stopped despite saving lives, claims AAP; BJP says 'failed' initiative",0,1,1.0,0,1743421886.0,False,t5_2qugx,The 'Farishtey Dilli Ke' scheme provided free medical treatment to road accident victims in private hospitals.
t2_upsddxrj,Where to buy Cheap pillows in Delhi??,0,1,1.0,0,1743421595.0,False,t5_2qugx,"Guys from Rajasthan I am a student and trying to find cheap pillows, but everything i find is just expensive than Rajasthan fyi we get two recycled cotton stuffed pillow in 150 🤯 but here cotton is expensive and other cheap synthetic ones are 200 a peice suggest some pillows market or manufacturer who does retail guys hlp"
t2_19gn13cwui,Am I weird for doing this to a mosquito?,0,11,0.87,0,1743372763.0,False,t5_2qugx,Machhar ko haath se maarne ke baad use racket me daalta hu. Machhar ki suffering dekhkr satisfaction milti hai
t2_1mbxlwqrn8,Need help in releasing music.,0,1,1.0,0,1743421128.0,False,t5_2qugx,"Hello guys! I’m a singer songwriter and guitar player residing in Delhi. Do we know anyone here who can help me put out a few songs. I can’t pay anything since I’m jobless and broke, but I can assure I will help with studio work or anything as such. You only have to continue if you tend to like my work. I can share some samples. 

PS I’m 25 with 0 skills, no money but music. If I get something out of it, I promise to repay every single rupee I owe for the recording. We can also share the credits. 

Thank you "
t2_47javbxf,A Harrowing Encounter: When a Toddler Tried to Save His Mother,0,0,0.5,0,1743421114.0,False,t5_2qugx,"While riding YULU near Shivaji Stadium Metro Station, my friends and I witnessed a horrifying incident that left us deeply disturbed. A man was violently assaulting his wife in broad daylight. What made the scene even more gut-wrenching was that the woman was holding their toddler, barely 2 years old, in her arms. The little one clung to his mother, terrified and confused, his tiny hands reaching out to push his father away. His innocent attempts to stop the punches were heartbreaking, but the man’s rage was unrelenting. People around began to slow down and stare, but no one immediately stepped in. The helpless cries of the child pierced through the chaos, making it impossible for us to ignore. Without a second thought, we rushed in, physically pulling the man away from his wife.

As we restrained the husband, the woman, despite her tear-streaked face and trembling arms, desperately tried to shield him from further retaliation. We could see she was crying, clutching her child tighter, her eyes filled with fear and shame, and repeatedly pleading with the crowd not to hurt her husband. The man, clearly embarrassed by the growing crowd, quickly softened his tone and, along with his wife, insisted that it was their ""personal matter"" and a ""misunderstanding."" Both of them apologized profusely, claiming it was their mistake and that they had resolved the issue. It was a blatant attempt to deflect attention and downplay the abuse. Despite knowing better, the older crowd that had gathered urged everyone to let them go. One fine gentleman said, ""yeh sab ghar jake karo"", the amount of rage we all had during that time was immense.

The scene left us with a heavy sense of helplessness. While we were able to stop the violence in that moment, we couldn’t shake off the bitter reality—this was likely not the first or the last time the woman would suffer such abuse. It was painful to see her defend the very person who had just harmed her, a tragic but all-too-common reality in India. Many women, bound by societal pressure, financial dependence, or emotional attachment, choose to stay with their abusers, often for the sake of their children. Walking away, we knew we could have done more—like informing the police or child services—but the older crowd's intervention made it difficult. The couple was allowed to leave, their suffering swept under the rug of ""family matters."" The image of the toddler’s tiny hands trying to shield his mother still haunts me—a haunting reminder of how deeply rooted domestic violence is and how easily it is dismissed."
t2_1jb7dvjrsu,Carpooling required West Delhi to Gurgaon,0,1,1.0,0,1743420954.0,False,t5_2qugx,"Hi is anyone travelling from West Delhi to Gurgaon ? I need someone I can car pool with. 
Currently looking to travel with someone who has a car/ can also share can with them to split bills. 
Thank you"
t2_16d7gh,I should probably start smoking,0,45,0.99,0,1743346043.0,False,t5_2qugx,
t2_4u01ne3j1,Need 2BHK for rent urgently,0,3,0.8,0,1743397980.0,False,t5_2qugx,"Need 2bhk for married couple with max rent -32000/-
Requirements
1. Areas- East of Kailash, Amar Colony, near by DPS east of Kailash
2. Unfurnished 
3. A car parking or jugad of car parking
4. Need to shift asap
5. No gali wale ghr"
t2_76j5hyj3,Looking for 1:1 swimming classes in minimum 8ft deep pool in delhi (preferrably east delhi/noida),0,2,1.0,0,1743405487.0,False,t5_2qugx,"Hi,

I have searched a lot but couldn't locate a swimming pool that does have a good depth where I can learn swimming. Cult or Fitso are not options as they don't have swimming pools with more than 5 ft. I am 5'11 ft and I am looking for atleast 7-8ft deep pool to learn swimming properly and get comfortable with the fear of drowning. I am also looking for 1:1 personal training to learn it quickly this summer. Can someone please suggest me something here?"
t2_humlqitp,Need help and suggestions.,0,20,0.82,0,1743357826.0,False,t5_2qugx,(Idiotic rules are not letting me post for no specific reason so attaching a picture of the body text)
t2_1g1e02hu6n,Happy Navratri to all.,0,378,0.97,0,1743301758.0,False,t5_2qugx,
t2_1b0wu96tkc,Soul food according to you.,0,1,1.0,0,1743417602.0,False,t5_2qugx,"Delhiites, what is soul food according to you?"
t2_1aadzj2xc0,Looking for a good maternity hospital in South Delhi – Any recommendations?,0,1,0.66,0,1743417103.0,False,t5_2qugx,"Hey everyone,

I’m looking for recommendations for a **maternity hospital in South Delhi** that provides good care, experienced doctors, and a comfortable environment. My cousin is expecting, and we want to ensure she gets the best possible care.

We’ve heard about places like Fortis La Femme, Apollo Cradle, and Max Smart, but we’d love to hear personal experiences from those who have been through delivery or prenatal care in the area.

Also, has anyone had experience with **Neptune Hospital**? I came across it recently, and it seems like a decent option, but I’d love to hear real feedback from moms who have been there.

Any insights on doctor expertise, hospital facilities, staff behavior, and overall experience would be really helpful. Thanks in advance! 😊

please anyone suggest "
t2_uzpm8k6d,Planning to visit Rajasthan!,0,4,0.75,0,1743395145.0,False,t5_2qugx,Lovelies am planning to visit Rajasthan any suggestions to visit the best places there...? Have heard a lot about jodhpur and udaipur! 
t2_15hbo200gh,Just a 24 year old who know sabzi lena and can cook,0,0,0.45,0,1743451278.0,False,t5_2qugx,"Ghrelu ladka hu, khana bhe achha bana leta hu .kisi ko cook ki aavshakta hai toh turant sampark kre. OP can not work anymore in corporate 😫 "
t2_7rojkax3,Had an accident today in Delhi,0,40,0.96,0,1743343248.0,False,t5_2qugx,"So my car was moving at around 5km & a truck came from behind and clipped off my bumper of KIA Seltos.

The whole bumper came off from one side & got some scratches on bumper too. 

I took the truck driver to a mechanic and the mechanic said he can fix it all in ₹2500.

But why should I settle for a repaired bumper, 
the truck driver should pay for the whole new bumper.

Also should I inform my insurance? Since it's not my fault, Will they charge me for repairs?? And will they increase my premium? 

Also I didn't called Delhi police, because often times I've found them filling their own pockets, rather than helping civilians. 

What do you think I should have done? "
t2_9u2s6qpa,Fire near zakira bridge,0,1,1.0,0,1743415039.0,False,t5_2qugx,
t2_f3yoi8bb,Recent Sky Pics Trend,0,140,0.99,0,1743318092.0,False,t5_2qugx,Location: Raj ghat lake 
t2_1lvythgnp7,Which one do y'all like,0,0,0.33,0,1743434200.0,False,t5_2qugx,I like the peri peri one
t2_apsurgzv,Explored a bit of Shahjahanabad (Old Delhi) today.,0,41,0.85,0,1743339682.0,False,t5_2qugx,
t2_oj7gkxtmp,Anyone up for working out together?,0,0,0.4,0,1743411015.0,False,t5_2qugx,"It's high time I join a gym lol, been gaining weight. There's a gym in Kalkaji but I am kinda awkward about going there alone. If anyone's interested in accompanying me, HMU. 

"
t2_cdvlfddz,It was kind of fun taking a random solo visit to the zoo.,0,10,1.0,0,1743364772.0,False,t5_2qugx,
t2_ry24bc24,Stop Using AI to Fake Studio Ghibli Art – You're Ruining It for Everyone,0,1401,0.77,0,1743267597.0,False,t5_2qugx,"Enough is enough. People need to stop using AI to churn out cheap, soulless imitations of Studio Ghibli’s art. It’s not creative. It’s not a tribute. It’s lazy, and it’s disrespectful to the artists who actually put their blood, sweat, and tears into crafting those breathtaking worlds.

Ghibli’s art isn’t just about soft lines and dreamy colors—it’s about emotion, storytelling, and years of dedication. Every frame is hand-drawn with care, something AI will never understand. These AI-generated “Ghibli-style” images are nothing but hollow knockoffs, reducing true artistry to a mindless aesthetic filter.

And for what? A few likes? A quick dopamine hit? Meanwhile, real artists who’ve spent years perfecting their craft are being pushed aside by a machine spitting out soulless copies. If you actually love Studio Ghibli, you should be celebrating real creativity, not feeding this AI-generated garbage.

Stop disrespecting the work of real artists. Stop diluting what makes Ghibli special. If you want Ghibli-style art, pick up a damn pencil or support an artist who does. But for the love of everything sacred, quit letting AI cheapen something so beautiful."
t2_16z1wjzo7f,suggest some good hyderabadi biryani restaurants plz (telugu wallu evaraina),0,1,1.0,0,1743408220.0,False,t5_2qugx,suggest some good hyderabadi biryani restaurants plz (telugu wallu evaraina)
t2_7otbmhpl,EWS certificate required,0,1,1.0,0,1743407988.0,False,t5_2qugx,Hey guys i belong to ews category and want to make this certificate for clearing college cutoff from where can i make it? Can you tell me a place from where i can make?
t2_19sqnhsdhp,Any good Lebanese place in Delhi,0,0,0.33,0,1743407776.0,False,t5_2qugx,Sadly don’t see too many recommendations in Google/Zomato
t2_7jv75c0t,In dire need of a job. In delhi/gurgaon,0,1,0.57,0,1743394139.0,False,t5_2qugx,"

Hey everyone. Hope you'll are doing well.

Today I'm reaching out to here , in desperate hopes of finding a job...

I'm a college 3rd year student currently doing my bachelor's in computer applications.
Actually, My financial situation is not good at all.
(Not survivable for long) And i worked as a graphic designer for 3 months at a small local shop, and now here i am again looking for a new job , according to my skills , i think , I'll only be eligible for back office type jobs (which i am totally fine with)
so i just want your suggestions or reference or any guidance 

 Qualification: bca3rd year
Location: Delhi or gurgaon

I'm open to all suggestions,

-Will provide cv or anything that's required,if asked , in dms

-and please dont suggest bpo jobs , already done that and never again 🙏🏻

Edit:- dont suggest me apps like naukri and such , already trying on that, 
And i only made this post to get more exposure 🙏🏻"
t2_14xds0okzv,Will you open the box?,0,1,0.67,0,1743407244.0,False,t5_2qugx,"If someone offered you a box containing everything you ever lost, what would you look for first?"
t2_de2i51nwt,Janpath Market Today,0,2,1.0,0,1743393165.0,False,t5_2qugx,Is the janpath Market open today!? Like eid hai toh band toh nhi hoga? Also what time does it usually get open? 
t2_1i9n32cosf,What a sh!tshow literally...,0,0,0.5,0,1743406058.0,False,t5_2qugx,"I have heard about Paharganj a lot and lot of peeps here have recommended to go there for breakfast and I have a knack for naans and kulcha but I was extremely extremely disappointed. It was an abhorrent experience. I went to Paharganj from rk ashram Marg metro station and as I came out a filthy smell of dung and shit struck me , I was so done there only but ok as I moved further there was a temple and whole lot of garbage and shit was lying in front of it and people were eating food there very casually as I slowly slowly moved towards market, smell of urine was continuously present and watching people gobbling on kachori and pakode and I was like wtf. Shopkeepers cleaning their front of the shop and pushing the garbage to the middle or at side of the road not picking it up. Road broken , tourists were there and walking with hands on their mouth. Now come the chawla chur chur naan the inside one, food was decent but idk if there was sewer just at the side but there was a mind wrecking smell coming from the side and they were continuously spraying fresheners and all but no salvation indeed. I just thoos lia my food senselessly coz I had already ordered and it would be rude to walk away then there came a family of four, looked middle class but acting cheap af coz all they wanted to sit their ass someplace but not to order something but they did order 4 chai which wasnt available but owner was kind enough to get from side stall and 1 lassi. Then one lady from the group  ordered a platter but realized she had some food restrictions idk maybe not onion or maida or something so she started bickering with the cook coz he had already placed her order in the oven and he wasn't budging. Vibe was so tense I wanted nothing but to get the hell out of there. Few days back I went to worldmark in aerocity and had a very good time but real delhi is diametrically opposite. 
Bhai safai wagarth ka kuch kro , kab tak aise rehte rahoge. 
Bye,never going back there ever."
t2_14tfyvfght,Worst Birthday ever…,0,0,0.25,0,1743419473.0,False,t5_2qugx,Just have a death experience on my birthday…
t2_1j3e16ttl5,Lost amaron warranty card,0,0,0.5,0,1743405597.0,False,t5_2qugx,"I got a battery replaced in scooty last year from local shop which isn't working rn.. It was Amaron 

Now, to get it exchanged I need the warranty card given by Amaron. 

I'm not able to find the bill, card or even the box of that battery. So is there any other way out? 

I checked on their website my mobile number and email doesn't show any listed product on that "
t2_9xu1esy7,This feature will make things vv embarrassing for me someday!,0,64,0.94,0,1743324602.0,False,t5_2qugx,"Earlier we used to not even think when sharing memes, but now a 1-2 second pause will be better here! "
t2_dw89segr1,OP visited Amrit Udyan today :),0,22,0.9,0,1743343634.0,False,t5_2qugx,"Ab tak toh aap sab ko pata lagg gaya hi hoga spring season and flowers are my fave & make me so happy :D 

So presenting y'all sundar sundar phool I saw today udyam utsav 🌸 OP bohot khush hai aaj 😁"
t2_prsgab1j,So I was walking home from laxmi nagar and found this...,0,0,0.33,0,1743431957.0,False,t5_2qugx,"Apparently, this is done by a guy who is promoting  his music through this QR and tbh I see that as a win😂"
t2_8b9fm6wn,Where to get Sony Blu-Ray DVD player (2010 modoel) fixed?,0,1,1.0,0,1743403965.0,False,t5_2qugx,"The device turns on and stuff, but the disk tray isn't opening.
I tried the official sony service centre and they said it's too old for them. 
If anyone knows a reliable place where one can get the device fixed, it would be greatly appreciated!!
Thanks in advance! 😄"
t2_a184uoc5,Faridabad property related question,0,1,0.6,0,1743403718.0,False,t5_2qugx,"Anyone can tell which sector or area in Faridabad is best to live in? Budget is 30-40L, want near metro. Thank you."
t2_1iyp7rfg54,Beauty at it’s finest,0,13,0.93,0,1743352860.0,False,t5_2qugx,"Visited Sundar Nursery for the first time.

Beautiful, peaceful and full of stories. 
"
t2_1lif3qifsd,Calories don’t count during Sunday brunch with friends,0,18,0.85,0,1743345067.0,False,t5_2qugx,
t2_fj0iffoq,can we use debit cards in metro?,0,0,0.33,0,1743402231.0,False,t5_2qugx,"i saw somewhere you can use a debit card having orange and green sign is that true? and also noticed that fampay cards have that symbol can they be used in metro?

https://preview.redd.it/9mk05g9wxyre1.png?width=472&format=png&auto=webp&s=643544fbef85b2ed60cfdfce7d6a3d0217fa4e1c

  
"
t2_6773udcq,Lemme peek at your search page,0,13,0.76,0,1743351993.0,False,t5_2qugx,
t2_cfz9cy4m,Do these buses still run?,0,29,0.98,0,1743335506.0,False,t5_2qugx,"I was checking out RMTransit's youtube channel where he was ranking out the Top 10 Metro systems of the world. There he told that the best thing about the Mexico Metro system is their topological commuting feeder buses to the Metro stations which allowed to checkout the same for Delhi metro buses which indeed was there on the web but despite me being in the NCR for 6 months straight didnt saw any buses.

I dont know whether I am living under a rock or not but please do tell me do these buses commute in your area and if they do what is their routes and fares!"
t2_1mae6ja1rs,How do i make 10k in a month?,0,0,0.4,0,1743401707.0,False,t5_2qugx,I really don't have a source of income yet and don't have many skills to work with so if i had to make 10k in a month what is the best approach? 
t2_73mvyruc2,Am I true delhite or not,0,0,0.14,0,1743428201.0,False,t5_2qugx,I live in mayur vihar phase 3 which is just inside the delhi border and far corner of delhi and noida is just steps away from my home so am I a true delhite or not?
t2_t2b8e0ue,My friends and i want to visit this adventure park in Rohini,0,1,0.6,0,1743400442.0,False,t5_2qugx,"Is it worth it ?
It's her birthday in few days . Are rides working there? 
I read some concerning reviews thus wanted to ask."
t2_o74lp6me,Anyone having late night cravings? What r u guys having?,0,7,0.77,0,1743364086.0,False,t5_2qugx,"I cooked upma, tastes fantastic"
t2_kmebl3z,"Delhiites, especially the youth, are you listening to Hindi audiobooks?",0,4,1.0,0,1743370557.0,False,t5_2qugx,"If yes, what kind? Fiction, abridged, summaries or just the ones in your curriculum? 
"
t2_1ds1vwtdnc,Did I Just Encounter a Scam at IGI Airport Metro?,0,1,1.0,0,1743397421.0,False,t5_2qugx,"So, I was at IGI Airport metro station today when a guy randomly helped me out without me even asking. Seemed nice at first. But then, after a few minutes, he told me his phone was broken and asked if I could buy him a metro ticket to IFFCO Chowk.

Now, I’ve heard of scams where people pretend to need help to get money out of you, and this felt a bit off. I didn’t fall for it, but I’m curious—has anyone else come across a similar situation? Is this a known scam in Delhi Metro, or am I just overthinking it?

Would love to hear your thoughts!"
t2_12gr4kp6by,Anti Freedom during exams,0,0,0.2,0,1743417875.0,False,t5_2qugx,"Guys tell How many people got their phone locked in a 12 digit safe during exam and 1 month before exams by their parents? And how many people have device restrictions?

Isn’t that dictating us? No freedom of expression in home and also in private schools, industries and colleges?

We want JUSTICE or NOT????

ANSWER ME

HONESTLY ANSWER ME"
t2_s8vkn,"Made a Complaint to OLA for their rider overcharging, they are refunding the excess money paid.",0,10,0.92,0,1743350647.0,False,t5_2qugx,
t2_j5fol7yh,Need someone like minded to talk to?,0,4,0.83,0,1743368534.0,False,t5_2qugx,"I you feel like you would like to discuss something which is just an idea and probably can turn into a business or just need anyone to brain storm about any idea. I would like to do that with you.


I am just a regular guy, who gets in this situation, hence the post."
t2_udfw37nz5,"How’s is Jibhi , please",0,0,0.33,0,1743416470.0,False,t5_2qugx,"Hey people how’s Jibhi , have heard a lot about it and places to visit there?"
t2_fd61w1uk,Cheap (<1000INR) hotel/hostels for overnight stay near Delhi T3,0,2,0.75,0,1743381399.0,False,t5_2qugx,"I have an overnight layover in Delhi this week. Will prefer places not too far from Delhi T3 or easily reachable by metro. 

Reaching Zostel near New Delhi Railway station by metro is quite easy but I had last stayed there 3 years ago and it was a private room. Are the dorms there peaceful enough for a good nights sleep? Rest of the hotels in that area are all scammy. Apparently Mahipalpur is close to the Airport but the Google reviews for the hotels in that area are all quite bad or too good to be true just like Paharganj.


Please recommend some budget friendly options meeting all these criteria. Thanks."
t2_fj0iffoq,can we use debit cards in metro?,0,1,1.0,0,1743393271.0,False,t5_2qugx,"i saw somewhere you can use a debit card having orange and green sign is that true? and also noticed that fampay cards have that symbol can they be used in metro?

https://preview.redd.it/xsfonam37yre1.png?width=217&format=png&auto=webp&s=8c31f74a3ae778b80094b86eb1ae75b8e5e2a281

"
t2_a6002v88,People are so low key these days. What happening with people these days?,0,0,0.36,0,1743406698.0,False,t5_2qugx,"We all heard of the meerut case after this now internet is covered with cheating where people are getting cheated when they are far away. Their partners working hard, earning money for better future with their partners while their partners are cheating with some other guy. 

I also had a breakup last year where my ex cheated on me with her cousin brother (same blood really!). I was like WTF!. Even though it wasn't long distance. 

Really where's the values? Why people have so low standard? Do they now all need just s*x? 

My POV: Atleast they should compare their current partner standards with the new person they are cheating with. Then decide something. "
t2_f0ho3wz0r,Please help me find a good protein powder ( budget friendly and not chalky),0,1,1.0,0,1743392930.0,False,t5_2qugx,"Hii, please suggest me some good protein powders for beginners . I tried one before and i was very chalky so please help me out... Also it should be budget friendly... Thank you so much"
t2_16cfispq23,Anyone willing to rent or be the photographer for a shoot that requires film camera. Will be paid.,0,1,0.67,0,1743389003.0,False,t5_2qugx,"Looking for a film photographer for a quick resume portrait shoot ( park , cafe ) . Just a few shots—nothing elaborate, but must be on film. If you have a working film camera and interested please let me know. "
t2_ycyu54aq4,Guys help him he needs some relationship advice,0,0,0.43,0,1743388594.0,False,t5_2qugx,"https://preview.redd.it/d488e2fctxre1.png?width=1485&format=png&auto=webp&s=3b7ac24828c66367686666019bdcbf390da83d10

"
t2_1degt3zq71,Outing at Sanjay Van,0,46,0.97,0,1743312904.0,False,t5_2qugx,"Captured this yesterday, thought of sharing! "
t2_b3cojgy3,"Cleaner month than previous year, but nine poor days make it most for March in 3 years",0,1,1.0,0,1743386670.0,False,t5_2qugx,
t2_tixw5kff,Is buying an apartment a good investment?,0,2,1.0,0,1743372897.0,False,t5_2qugx,What is your take? Should one invest in eeal estate in ncr?
t2_b3cojgy3,City Records Hottest March In 3 Yrs As Rain Stays Away,0,1,1.0,0,1743386262.0,False,t5_2qugx,
t2_1go3884c4l,Drop your Top 3 Songs of all time..,0,4,0.75,0,1743354805.0,False,t5_2qugx,Lemme know your top 3 so I can discover some beautiful music.
t2_1mamt5r99a,All the stars are closer.,0,2,0.75,0,1743371455.0,False,t5_2qugx,In love w clear night sky nowadays 
t2_58a69tuu,laddakh bike trip? in june end - july,0,3,1.0,0,1743363495.0,False,t5_2qugx,"college student, want a group or tour team to go in the month of july. have my own bike. if anybody knows of any groups or organisers please let me know, thankyou !"
t2_fsn387sb,"Any still have these items, please let know with pics.",0,6,0.87,0,1743351036.0,False,t5_2qugx,
t2_113p5et45d,Why we are force to pay??,0,638,0.95,0,1743255907.0,False,t5_2qugx,
t2_hpsx4clj,Little things in Delhi make me feel hopeless as a woman,0,432,0.98,0,1743262610.0,False,t5_2qugx,"As a woman living in Delhi, there are just constant reminders that the system is there to just blame us, even when we are harassed. 

I (36F) live with my senior citizen parents. My neighbour (55M) had been constantly harassing us over parking space, even though it’s a DDA colony, so there is no personal parking spot. It went to the extent that he threatened to physically harm me. 

I filed a complaint online. The cops called me to the station. The first thing the SI tell me - Issue banane ko toh kisi bhi cheez ka issue ban sakta hai, peacefully miljul ke rehna ana chahiye. He tells me he has spoken to my neighbour, who has denied everything, so police can’t help me now. 

When I took the complaint to the ACP (57M), the first thing he asked me with a sarcastic tone - Ek 55 saal ka aadmi aapko kaise harm kardega, zara samjhao mujhe. 

When I retorted that I am shocked I am being asked such questions, he said - itni badtameez ladki ho, khud he bhadkaya hoga aur aadmi ka naam laga diya. 

I told him I have eye witnesses. But the ACP was just dismissive the entire time that I am just some hot-headed woman who took offence and doesn’t know how to respect her elders. 

He told my neighbour to treat the parking space as public space as such. But he added - bacchi gussa hojati hai toh baccha samajhke ignore karo. 


It’s pathetic that my safety was my primary concern here, except my own integrity got questioned and the matter was “resolved” by treating me like some stubborn woman who doesn’t know how to respect her elders. 

Makes me wonder where would I go if my neighbour ends up doing anything to me in the future. There is clearly no justice in a system like ours. If anything, I will get blamed for whatever happens to me. 
 "
t2_oz0goeh0,This was wholesome and cute,0,0,0.33,0,1743409784.0,False,t5_2qugx,"CHACHA-BHATIJA
This is me and my nephew 😭"
t2_3g07r2l6,The Awkward and Nervous Feeling,0,3,1.0,0,1743356722.0,False,t5_2qugx,"Kaafi time se ive been trying to get good in talking and being more social. Used to sit alone and now got some good friends after trying. But im still stuck with the nervous and awkward feeling when it comes to some people. I actually tried twice and was able to carry the convo the second time with this girl but yeah i didnt follow it up and the momentum broke after that. This feeling really hinders my skills and its so hard to even look up sometimes it gets so bad. I wanna talk to them, ask about things, even go say hi but this anxiety gets the better of me most times. How do i get rid of this anxiety i need help from some introverted people who went ambi or extro. "
t2_9uoatk08,I Got Scammed by a Well Spoken Woman at the Metro Station I Feel So Naive,0,236,0.96,0,1743270965.0,False,t5_2qugx,"I can't believe I fell for this. I just got scammed, and now that I think about it, I feel so incredibly naive.

It happened at Civil Lines metro station. A woman approached me she wasn’t old, maybe in her early 40s. She looked completely normal, well-dressed, and spoke fluent English. Nothing about her seemed suspicious. She told me she needed some cash, making it sound like a small, urgent request.

I don’t know what I was thinking, but I just handed her a ₹500 note along with ₹40 all the cash I had on me. She even said, ""You're like a daughter to me,"" which somehow made me trust her even more. She promised to return the money and even asked for my QR code, saying, ""Give me your QR, I’ll send it back by 11."" At that moment, I actually believed her.

Looking back, I feel so foolish. She had an iPhone 12 why would someone who can afford that need my money? But I didn’t question it at the time. I just wanted to help. And now, two hours later, it’s hit me I was scammed.

I don’t know if I’m just too trusting or if I lack basic street smarts, but I feel so stupid for falling for something like this. I guess I learned my lesson, but it cost me all the cash I had."
t2_4e7wgzze,Drop your best Delhi sunsets. I'll go first...,0,211,0.98,0,1743272905.0,False,t5_2qugx,Today at CP
t2_7d31e8ar,What food can I get from Delhi on a 2 hr flight.,0,8,0.9,0,1743336297.0,False,t5_2qugx,"Hey people. 

My friend’s coming from Delhi to Bangalore. He’s taking a flight. Any good food that I can ask him to get from Delhi. ( V and NV ) ( Snacks and Desserts)

Anything that is really worth trying and comes in good packaging. "
t2_1eku8wy9uj,Need rented 2bhk flat in South delhi.. which place in South delhi I can get rented flat with a budget of 15-20k fully furnished.,0,2,1.0,0,1743362310.0,False,t5_2qugx,Need rented 2bhk flat in South delhi.. which place in South delhi I can get rented flat with a budget of 15-20k fully furnished.
t2_1kx2eovri8,Plot owner said to leave flat,0,2,1.0,0,1743361382.0,False,t5_2qugx,"Plot owner said to go from flat because I reached flat at 10:00 pm 
I want to find flat at cheap price urgently. I was living in mohan garden "
t2_1crglycx1d,Is honesty only cherished in movies?,0,3,1.0,0,1743352738.0,False,t5_2qugx,"The more candid I am with people, the more hate I get from them. I knew that people like to be wrapped in an illusion, but I used to not follow this principle with people I had a good relationship with, but every time I am honest, I find myself in trouble. Are there any socially acceptable ways to tell the truth to people? How much sugar coating do you people do whilst spilling your heart out? Help a brother out 😭"
t2_u00usp3m,Just a finished soul roaming around,0,2,0.75,0,1743360383.0,False,t5_2qugx,"F. It's been years since I am just surviving. Joint family, but cousins are so pathetic ,single child, so no siblings, had many friends in school but father was so strict, had to always lie when going out n majorly had to cancel plans (forcefully).
But after Covid, khud se Bahar jane ka mann ni kia...started to enjoy my isolation.
Then joined language classes, made few friends but after some point they all literally gave me reasons to stay alone. One by one maintained distance from everyone n now here I am with literally 0 friend.
Tbh I don't even know why tf I am even writing this 🙃 "
t2_170280hnaj,Sore throat since a month,0,3,1.0,0,1743351336.0,False,t5_2qugx,"I've had on and off problems with sore throat, sinus issues, tonsils for the past 3 years these problems come back every summer and disrupt my life. Koi nuskha mat dena sabh try kar chuka hoon
I want to visit an ent specialist but I wanna seriously ask that can an ent specialist totally and permanently solve these issues"
t2_x4sei8sgw,accommodation near lodhi garden,0,6,1.0,0,1743341119.0,False,t5_2qugx,I'm urgently looking for a place to rent nearby lodhi garden delhi. if anyone knows how can i find the accommodation or contact brokers please let me know
t2_1jqgbzzob9,Delhi at 6:36pm today!,0,413,0.99,0,1743254635.0,False,t5_2qugx,
t2_1dvdzzceao,Two Women Arrested for Circulating Counterfeit Currency in Delhi’s Sarojini Nagar Market,0,2,1.0,0,1743357637.0,False,t5_2qugx,"
Delhi Police have arrested two women, Rani Jha (22) from Faridabad, Haryana, and Akaansha Desai (29) from Garacharama village in the Andaman and Nicobar Islands, for allegedly circulating counterfeit currency in Sarojini Nagar Market. The arrests were made on March 19, 2025, after a police team on foot patrol received a tip-off regarding the circulation of fake notes in the market.

The police apprehended the two suspects and recovered 33 fake Indian currency notes (FICN) of Rs 100 denomination from their possession. During questioning, both women admitted to using the counterfeit money for shopping. An FIR has been registered against them under relevant sections of the Bharatiya Nyaya Sanhita (BNS), and they are set to be produced before the court.

**Investigation & Legal Action:**  
Authorities have launched an investigation to determine the source of the fake currency and to identify any potential connections to a larger counterfeiting syndicate. The police are currently tracking whether the accused had any accomplices or if they were part of a broader network involved in distributing forged notes.

**Key Takeaways:**  
1. **Quick Police Action** – The arrests were made following a timely tip-off and swift action by the patrolling team.  
2. **Counterfeit Currency Threat** – The case highlights ongoing concerns regarding the circulation of fake currency in popular marketplaces.  
3. **Market-Specific Targeting** – Sarojini Nagar Market, known for high footfall and cash transactions, was likely targeted due to its bustling shopping activity.  
4. **Further Investigation Underway** – Authorities are probing whether the women were merely carriers or linked to a larger counterfeiting network.

**Sources:**  
- [The Statesman](https://www.thestatesman.com/india/two-women-caught-with-fake-currency-notes-at-sarojini-nagar-market-1503413870.html)  
- [The Print](https://theprint.in/india/two-women-arrested-for-circulating-counterfeit-currency-in-delhis-sarojini-nagar-market/2571472/)  
- [Times Now](https://www.timesnownews.com/delhi/delhi-sarojini-nagar-fake-notes-circulation-2-women-caught-with-forged-currency-with-fake-indian-currency-notes-article-151311610)
"
,The Modern Delhi Government Schools,0,2,1.0,0,1743357557.0,False,t5_2qugx,"Pic 1(For Grade 9 & 10) | Pic 2 (Grade 11 & 12)

So the delhi Government school I have studied from (RPVV) which btw was one of the top government schools in India has been converted into Schools Of Special Excellence since like 2021 (except mine, my vasant kunj RPVV has been shut down 😔).

The thing is, they do not follow the CBSE and is built on top of the latest National Education Policy (NEP). Their entire motto from start is to ""*Move education away from the culture of rote learning*""

They follow DBSE (Delhi board of secondary education) which has everything you would expect from a modern schooling systems.

The curriculum now involves a tonne of new modern subjects & a complete different approach to assesments. Now you have specialization like 

- Robotics & Automation
- Electromechanical Production
- Digital Media & Design
- Fashion Design & Aesthetics
- Finance and Accounting
- Coding

There's like a tonne of things to talk about in this new education policy, DBSE board and special excellence school but the post will get too long. I'll leave the link to official docs in the comments.

Finally so happy to see something good change happening for once in my India 🥹. God I wish I could be there to experiance this myself. They didn't even give me farewell and schooltrips in last years because our branch of RPVV was closing 😭"
t2_6a117kz4,Overspeeding Challan,0,2,1.0,0,1743357335.0,False,t5_2qugx,"I received a challan on my car for overspeeding for 2k. 
The car is registered in Haryana but I was fined in Delhi. 
So should I visit the Delhi lok Adalat or the haryana lok Adalat to settle it ?"
t2_1jq6gu95a3,Cafe/ Restaurant suggestions in Delhi? Affordable,0,1,1.0,0,1743370594.0,False,t5_2qugx,I need suggestions for cute or fun cafes/ restaurants or any date suggestions in Delhi?
t2_1jq6gu95a3,Date suggestions in Delhi,0,1,1.0,0,1743370324.0,False,t5_2qugx,My bf is visiting soon and I need some cafe/ restaurant suggestions or any date ideas to hang out with him
t2_6j1dv0mf,Is using metro safe tomorrow?,0,1,0.51,0,1743369865.0,False,t5_2qugx,"So,tomorrow's Eid and the Thing is that mei, my brother, my mom and few of her friends are going to a mandir since our area mei koi metro nahi hai  humko bus lekar ek Muslim area se metro lena padega rush hoga bahut zyada phir udhar se Rajiv Chowk se change karna padega to the destination. Aab hum logo ko toh koi bhi problem nahi hai par mere uncle bol rahe ki kaal bahar maat nikalna especially muslim area mei safety issues honge, there will be heavy rush wild crowd, hallabaazi karenge wo log and all that. Phele bhi kiye the wo log udhar on the last Eid.

Hum logo ko toh lagta hai everything will be normal but I still wanted to ask is it even safe to go outside meri mummy bol rahi hai ki hum bacche ghar pe rah le cos there's danger but mera jane ka maan hai. Papa bol rahe hai chale jao kuchh nahi hoga par chacha ne thoda darr baitha diya hai Maan mei. 

So, koi Delhiwala Eid pe metro use kiya ho toh share ur experience."
t2_qkaga6fxc,Share your best quotes please!,0,9,1.0,0,1743326457.0,False,t5_2qugx,"I like a guy and he loves to read and I love reading too and I am making a few bookmarks. We are both Super Introverts and are really shy to talk, even when talking to each other 🥹 so instead we exchange books, and try to read and understand what we think like by reading each other's recommended books.
 I wanted to make some bookmakers so that i can gift him and then it will remind him of me whenever he is reading something 🥹🥹

Can you guys suggest some real good quotes to put on the bookmarks...... something like slightly flirting but not actually flirting.... something cute......

We know eachother for like an year but haven't started holding hands yet 🥹 suggest me something! "
t2_1m1txt37dp,"Only Zomato Customers Can Hurt Them Most—500+ Fired, Stop Ordering NOW!""",0,251,0.89,0,1743261228.0,False,t5_2qugx,"Hey Reddit, listen up—Zomato’s turned into the bad guy we all hate. They just fired 500+ employees without a warning, like tossing out old food. No notice, no care, just “get out.” And guess what? They’re not even broke—they’ve got money to burn, opening District and Bistro while kicking their workers to the curb. Loyalty? To Zomato, it’s a joke they don’t get.

It gets worse. The jobs they cut? Already back up for grabs, like nothing happened. Promises to their team? Thrown away like stale bread. The government’s asleep, the law’s useless, and these fired folks are stuck. Who’s left to save the day? You, Zomato customers—you’re our only shot!
We’ve all snapped at the delivery guy for a late order, but he’s not the problem. Zomato’s the one stirring up this mess, serving greed on a platter. So, what do we do? Easy—stop ordering. Hit them where it hurts: their money. Every order you skip is a punch they can’t dodge.

Zomato thinks they’re untouchable, but we’ve got the real power. Delete the app, boycott their food, and let’s save ourselves from this mess. Who’s in? Let’s make Zomato feel the heat!

If you truly care about employees facing difficulties—then take a stand! Share, comment, and let your voice be heard.

Do comment #BoycottZomato and spread the word!""
"
t2_z72ltbmlc,Study Material Recommendation,0,1,1.0,0,1743368461.0,False,t5_2qugx,"I really want to come to Delhi this year, not like l'm
interested but more like escape. So l'm preparing for MSc. in biochem & Bioscience[for jamia Entrance] Syllabus is same for both. Please recommend book, youtube channel or any online series or whatever means I could use for preparation.

Also Eid Mubarak to everyone🎀

(I hope this is the right sub)
*Posting again due to no answers*"
t2_1eoiiacz17,Delhi Summers. Need recommendations for AC,0,3,1.0,0,1743346599.0,False,t5_2qugx,"Looking for AC recommendations. Long lasting. Power saver. Does it's job. 

Which brand shall I go for to not burn a hole in the pocket"
t2_1707cg53cd,My mom fell for pyramid scheme scam,0,3,1.0,0,1743346427.0,False,t5_2qugx,"It's about 2020 when my mom invested her 2k rs in this scam in starting I don't know what happened because payment was done through cash but she talked to me about this scam i clearly rejected her saying it's scam but it's too late she doesn't believe me and because some of her friend invested and she got invited by them she also invested in it.

In starting she believes it for one year website shown same amount but later website stop working i thought money is lost but the person who taken the through cash is still in contact and he said money will come and come and this continues till today now her friend who invested half lakh wants money back from that man and I also believe this whole scam revolve around that man, he is not willing to admit she given him money and say everything is given...

We have recording and proof but according to aunty who invested with her this case will not be taken by police??

Should violent actions be taken if police can't do it ? Like scaring? Or where should be reported who can make him give money back or investigate this whole scam? Website is now down and can't be open and according to that man he was in touch with those operator of website ( i guess he himself is) 

What should be done now? Any advice will be welcomed and sorry for my poor English 😅 and it's first time my posting so I don't understand much sorry😅"
t2_ctmbs8lu,Any authentic source to buy a preowned iphone?,0,1,0.66,0,1743367066.0,False,t5_2qugx,"I never used any preowned iphone so want to invite your opinions regarding getting an old iphone. 
I have to buy it in urgent and in a tight budget of around 50k and I’m into pro models.
So if yes then suggestion of an authentic store is appreciated."
t2_1em4m7r961,Hip Hop cypher/ Rapper meet up,0,1,1.0,0,1743364947.0,False,t5_2qugx,Can you suggest a place in Delhi for a hip-hop cypher or rapper meet-up?
t2_1eotlslnj9,Any weekend theatre class in delhi or in Ghaziabad ??,0,1,1.0,0,1743364361.0,False,t5_2qugx,Help me with this..
t2_dyoha1wei,Road accident. Please help,0,378,0.98,0,1743248165.0,False,t5_2qugx,Today in the morning i was on my way to the examination center i had my CUET PG today there was underpass i was crossing it while crossing the service lane a car came from the opposite side and hit my bike on. That car was on a speed of 90-100 kmph and it hit front wheel of my bike and i suddenly fall off the bike and she dragged my bike for some distance and tried escaping but some people caught her and then she came back and said sorry but i got injured and my bike is destroyed. I let her go at that time she was in a hurry she had her son with her. He had some importance work at the school that is why she was overspeeding and hit me after that i went to the examination center gave my exam. Now i want to report this incident what should be the course of action for me from now. Please help
t2_4ryip4fr,I am hearing chicken is baned from tomorrow.,0,159,0.8,0,1743263965.0,False,t5_2qugx,"Some of the mcd people came and says that anyone who sells chicken in navratri and buy will get fine, i like in pg and was in the gym. People were speaking and pg owner tolf me that is it really true? Is this how we will be ""viswa guru""."
t2_5f7zx5qv4,"Disgusting experience at COCOBA , SDA market.",0,4,0.83,0,1743340785.0,False,t5_2qugx,"We went to Cocoba in SDA Market expecting a nice meal, but what we got was straight out of a nightmare. There were actual rats running around,right there in the restaurant. It was so gross we felt like puking.

When we complained and asked for some kind of compensation, instead of apologizing or addressing the issue, the staff got aggressive, threw us out, and even banned us from coming back. Seriously?!

How is this even acceptable? A place serving food should at least be clean and know how to treat customers. If this is how they operate, I’d think twice before ever stepping in again."
t2_tay1mhu0b,"Find this Funny, Parking Issue.",0,921,0.97,0,1743227885.0,False,t5_2qugx,"Got this message in society group.

Parking is real issue."
t2_13ql3yo0tp,Need some cool hostel recommendations in Delhi,0,2,1.0,0,1743346597.0,False,t5_2qugx,"I’m in Delhi for tonight, would love to stay at some hostel and meet cool folks. Any recommendations? "
t2_1ef2l0ipo1,Had Sarvana's South Indian before navratri,0,7,0.82,0,1743320913.0,False,t5_2qugx,"(ignore my dosa as it became flat through Zomato, so I had to cut it in 2 halves to not mess the look or the picture)
To begin with today, Happy navratri to whoever reading this, I ordered this Sarvana bhavan's dosa, idli, medhu, sambhar along with chutneys last night. To be really honest, I would rate this 7/10. Didn't taste that great. Sambhar don't even have any veggies, except onions and Tomatoes (and also 1piece of beans). My maa can cook better sambhar as north Indian 🤪 
Now, no resturant or outside food for 9 days. 
PLEASE TELL ME WHERE CAN I GET THE BEST SAMBHAR IN DELHI???? VIBE, AMBIENCE, NOTHING MATTERS EXCEPT TASTE. "
t2_1if3rzt2hj,Need motivation for growth in career and to be fit.,0,1,0.55,0,1743358841.0,False,t5_2qugx,"25, Having an imperfect career + imperfect physique

Already doing gym from many years bt not consistent with my training nd diet.
Also I want to focus on my job preparation to get a good switch.

Weekdays I plan alot to do things on weekend. And on weekend I end up doing nothing. Not even enjoying or going out.  

Going to the gym 3-4 days a week bt I dnt hav a gym partner or someone to talk.

I go to office 3 days in a week bt I dnt hv colleagues there to talk on regular basis. It's nt like I am introvert, I like to talk to people bt rn I dnt hv anyone whom with I can go out and enjoy.

I have two friends, they usually meet on weekends(not regular as they are already busy in their life).

M more of stuck in my house. I don't have anyone rn whom with I can go out nd enjoy."
t2_13jwnb6azv,Is it safe to offer Eid namaz as a girl in Jama Masjid ?,0,5,0.57,0,1743326177.0,False,t5_2qugx,An
t2_3vz06rwow,Anyone from law background preparation for Civil Services?,0,1,1.0,0,1743357038.0,False,t5_2qugx,Any working professional planning to give this year UPSC? 
t2_tc5l2jaxt,"Got some poetry flowing within me this morning, after I saw this picture on IG",0,13,0.81,0,1743305690.0,False,t5_2qugx,"All those unsent letters tucked away in drawers, all those calls abandoned before the first ring, all those goodbyes swallowed mid-sentence… graves of words never spoken.

All those dreams left to fade in silence,
All those hugs that never found their place,
All those apologies buried in the ruins of pride
Echoes of a story lost but never told.

"
t2_1if3rzt2hj,Adolescence isn't good as expected series. Rating 1/10. Suggest some good webseries/movies over netflix.,0,0,0.4,0,1743368746.0,False,t5_2qugx,Genre:- Thriller
t2_fzq2fw2q,Places around 100km near delhi for bike Trip,0,1,1.0,0,1743353882.0,False,t5_2qugx,"I need some good spots from delhi around 100 kms for bike ride with friend, please suggest (like mountains, waterfalls etc) not typical temple spots
Also not gurgaon side too. "
t2_14nd9czhnz,"She was once a redditor, now my personal chef :)",0,162,0.79,0,1743253968.0,False,t5_2qugx,
t2_1gfn24kwmr,How Can I Work A Volunteer In Events Or Concert ?,0,1,1.0,0,1743353664.0,False,t5_2qugx,"I'm Ashish ( 18, Student ) , I recently Gave My Board Exam . I have Quite Free Time Right Now and I want To utilise it In Learning New Skill , Actually I want To Pursue My Carrer In Event Management and all and For Depth Knowledge I want Experience ! if Anyone Know How Can I Work As a Volunteer In concert Or Any Event From Where I Can learn Some things About Management And new Skills , If Anyone Can Help Me In This Then It Would Be A Great Pleasure For Me ! 

If You Know Anything About It Then Please Help Me 🙏 !!! 
"
t2_1lvg2pf5g7,Why do indians hate when a man or woman do things for their gf/bf and not their family?,0,160,0.86,0,1743254517.0,False,t5_2qugx,"I'm sick and tired of watching indians bash others for doing special things for their girlfriend/ boyfriend. Just now I saw a post on r/dehradun that a man buying presents for his girlfriend is 'WRONG' according to people because he isn't supposedly buying them for his mom or sister. I hate the mindset of Indians that they think family comes first or they think that if you are doing something for the girlfriend or wife that should also be done for mom and sister too. Why can't there be a disbalance? If someone loves their girlfriend or wife more why is considered so wrong? It's their choice. Maybe they are closer to their friends or spouse more. And what the fuck is wrong with that? Nothing. Nothing is wrong with it. And you don't freaking know their life's story. So shut up and keep your lousy opinions to yourself. You might ruin someone's perfectly beautiful day. And hope you are proud of that. 

That post : https://www.reddit.com/r/Dehradun/s/WFYno4ho32"
t2_5n8nwp16,Sky was beautiful today,0,35,0.98,0,1743281498.0,False,t5_2qugx,
t2_gu4ctpqe,Which protein powder do you use?,0,1,0.67,0,1743349503.0,False,t5_2qugx,"I’m trying to incorporate more protein into my diet, and I’ve realised I need to add a protein powder! Just chicken and eggs and paneer and stuff aren’t letting me meet my goals.

So here I am! Which protein powder do you use and are you happy with it? Any side effects?"
t2_z26n6qm31,Electric Vehicle (EV) Survey - Input Needed for Research on EV Adoption in India!,0,1,0.67,0,1743349388.0,False,t5_2qugx,"Hey!

I'm conducting research for my academic paper on the cost-benefit analysis of electric vehicle (EV) adoption in India, and I need your valuable input!

As EVs become increasingly relevant in the Indian automotive landscape, understanding consumer perspectives is crucial. This survey aims to gather data on:

Your interest in purchasing an EV.

Your concerns and considerations regarding EVs.

Your willingness to pay and the importance of government incentives.

Your thoughts on the factors influencing widespread EV adoption in India.

Your responses will directly contribute to my analysis of the economic and environmental impacts of EVs in our country.

It's a short survey, and your participation would be incredibly helpful. All responses will be kept confidential and used for academic purposes only.

https://docs.google.com/forms/d/11_QLOVP4FMNz6BX91HKZhV24lR-Y4n-IAL424sTC-NI

Thank you for your time and contribution! Let's discuss EVs in the comments"
t2_el8xxw15,Caste discrimination,0,0,0.5,0,1743349249.0,False,t5_2qugx,Delhi walo only for ( SC category) Kya tumne kabhi caste discrimination face Kara hai ? 
t2_ovhy3now,"Travel tips for Jibhi - Solo, Female",0,1,0.67,0,1743348997.0,False,t5_2qugx,"I plan to travel to Jibhi in the third week of April. This will be the first time I’m traveling solo. Any helpful leads/advice would be great, thank you!"
t2_jsbjfa7mp,Springs + Mornings + Deer Park= Best Sunday!,0,7,0.9,0,1743307461.0,False,t5_2qugx,
t2_dihy87rp,Bro did it again (the coupon),0,3415,0.92,0,1743189756.0,False,t5_2qugx,
t2_hgdvo95je,Cleanliness in Delhi,0,1,1.0,0,1743347687.0,False,t5_2qugx,"Hi Delhiites,

After 7-8 months..  I traveled from Gr Noida to Naraina and was pleasantly surprised by the cleanliness on MG Road... it was unlike anything I’ve seen before....  While the traffic was still there...  the usual dust and garbage along the roadside were completely missing. Also, the Yamuna near the DND seemed relatively free of trash. It honestly felt good... 

What has changed??.. opinions and thoughts are welcomed "
t2_17dwx6r50s,"How do you pay? UPI, Cards, or Cash?",0,0,0.5,0,1743346232.0,False,t5_2qugx,"Hey everyone! 👋🙏 I'm conducting a research project on UPI adoption and digital payments as part of my academic study. With UPI becoming the backbone of India's payment system, I'm exploring how people actually use it and whether it might replace cash and cards completely.

Would love to hear your thoughts! If you have 2 minutes, please fill out this short survey—it’s completely anonymous and helps my research a lot!

Also, what’s your take? Do you think India will ever go 100% digital? 
Let’s discuss in the comments!
"
t2_18ied3hm,Anyone wants to see this play,0,3,1.0,0,1743324667.0,False,t5_2qugx,"I got 2 tickets but something came up, I can sell my tickets to cheap rate.. anyone pls"
t2_1knd5z97gw,Did something happened in Delhi today??,0,20,0.86,0,1743286110.0,False,t5_2qugx,"saw 8 Ambulances total, never saw that many in a single day , i hope everything turns out good for whoever they were for 🙏."
t2_dq7ewgg4,From where to get Delhi Capitals IPL match tickets at good prices?,0,1,1.0,0,1743345447.0,False,t5_2qugx,From which online website can I buy the tickets also is there some black market from which I can get tickets if all the tickets get booked?
t2_8xtr3wge,Aadhar PVC hasn't come after 2 months. Looking for a template.,0,1,1.0,0,1743345004.0,False,t5_2qugx,"Does anyone know where I can  get the template of it? Because then i'll just put my info onto it and get it printed from a shop nearby. I don't care if it'll cost more money to do so, I want the new card."
t2_7cl1pxj6,Is old delhi expected to be extremely crowded tomorrow?,0,2,0.75,0,1743330829.0,False,t5_2qugx,"Planning to visit old delhi tomorrow for good non veg. Will it be too crowded? Is there any opening time for restaurants there, considering a lot of people might be offering Namaz?"
t2_dpqyz3bm,Why they streaming this and who's watching ?,0,64,0.94,0,1743262533.0,False,t5_2qugx,
t2_1kn3o23ot7,Need Job Reference for someone,0,2,1.0,0,1743328949.0,False,t5_2qugx,"Hi Delhi, I seriously need help, someone I know is going through depression because of job search... Please help me with a HR contact or anything for a fresher job."
t2_dw89segr1,Colours of the spring season:),0,51,0.97,0,1743264848.0,False,t5_2qugx,"Season of colour is hereeeee 😁🤌🏻 I was out for a walk and this just made me happy :) dekho dekho sundar sundar phool :D

OP is back in Delhi ab hogi badmoshi shuru 😎 "
t2_tcnb2x0k,Any good laptop repair shop in nehru place,0,2,1.0,0,1743327927.0,False,t5_2qugx,"Any good laptop repair shop in nehru place that is open on sundays 
Can someone pls hellpppppp 🙏🙏🙏🙏"
t2_16cqcz,Where are my Arsenal hommies at?,0,0,0.33,0,1743362664.0,False,t5_2qugx,"We have never been defeated by RM in Champions League history. Not to mention we defeated Galacticos including Ronaldo Real R9, Beckham, Zidane, Ramos, Raul etc..Paraphrasing what Tony Stark said ""We had Henry"" Where can I watch it in Delhi?"
t2_1m9r8l2oov,PG in Karol Bagh/Patel Nagar,0,1,1.0,0,1743340743.0,False,t5_2qugx,I want a single room(Girls) pg at Patel Nagar/Karol Bagh for me. My budget is 10k(including all other expenses). If anybody have contacts please share.
t2_ttca7h3y,Men - How do you comfort yourself especially when it is hard for you?,0,1,1.0,0,1743340653.0,False,t5_2qugx,Especially when you do not have any friends to share your struggles or thoughts. 
t2_ytcig,Good liver doctor anywhere in NCR?,0,1,1.0,0,1743340282.0,False,t5_2qugx,"Dear everyone here. I am from New Delhi and I have elevated liver enzymes. (ALT, AST, etc.) And was diagnosed with the Fatty Liver Disease.

I have been struggling with this for many months now with 0% success finding a good liver doctor. Most doctors simply give you prescription, don't tell you anything else and send you home. Basically the entire health industry is quantity over quality, and is a whole business. Nobody truly wants to help. But there are always those hidden doctors that someone might know of, someone who suffered the same disease as me and went to that doctor and actually healed.

If someone here is like that, i would be beyond grateful if you could share the contact details of the doctor so I can go visit 🙏🙏"
t2_1m9gti2utu,Feeling too low don't know what to do,0,1,1.0,0,1743335996.0,False,t5_2qugx,"I am student 19 year preparing for one exam called ipmat. dropper actually don't know about it last year, I am living in Delhi laxmi Nagar [bad decision but just searched on Google got pg called stanza living ] ,I live here alone no friends study going well good marks ,but I am too lonely suffering from it, I am not new to live alone, just few weeks ago I got panic attack ,but by good grace survived   
Also consulted to cyclologist but no fruitful idea I got,  I don't know what to do i am suffering too hard .no friends no gf ,just small talk people ,"
t2_1d7h8mhomz,Walking under this beautiful sky + the cool winds today,0,21,0.97,0,1743274840.0,False,t5_2qugx,Sk
t2_16hjmnmx4x,"First time in Delhi, the night is awesome no matter the pollution",0,229,0.98,0,1743225117.0,False,t5_2qugx,will visit again 
t2_un0tb39v,Scam of flipkart's courier service.,0,2,1.0,0,1743317531.0,False,t5_2qugx,"I placed order of some groceries items which included refined oil.


This item was missing from package and courier guy assured me that he'll give me that item afterwards. He also gave me a contact number his name was Rohit as he told. He's not answering my call and not any update from his side.

This type of behavior led to degrade the reputation of this platform and causes inconvenience to costumer. I know this few hundred rupees is not a big deal but scams like these has made me questioning the reliability of flipkart.

These types of scams has risen in recent day. We've to confront it to stop it further.
"
t2_3zbh3hbs,Saw these machines sprinkling water in Dwarka last night. Anyone know what’s their purpose?,0,258,0.94,0,1743222628.0,False,t5_2qugx,
t2_b3cojgy3,"Delhi Zoo's Summer Plan: ""Fruit Ice Cubes"", Sprinklers To Keep Animals Cool",0,3,0.81,0,1743301941.0,False,t5_2qugx,
t2_c76dc5r8,Sitar for mental peace Rishab Rikhiram,0,2,1.0,0,1743315352.0,False,t5_2qugx,I have 2 bronze tickets and can provide more tickets on 4th ( Silver gold platinum etc ) to sell 
t2_1lvbgc09yw,Did u said old Delhi ?,0,18,0.82,0,1743272205.0,False,t5_2qugx,
t2_jcjz7c,How many times do we have New Year in a year,0,0,0.31,0,1743359833.0,False,t5_2qugx,"Is everyone fucking regarded or something? 

First you wish me Happy New Year on 1st January. Then for Chaitra Navaratri. Then again for Baisakhi. Then for Diwali. People of other religions ka apna alag drama and they too wish me new year during their festivals and sometimes during mine. 

This is why my year is never prosperous and full of joy. Year shuru hota hai aur immediately sab log doosre calendar ke new year ke liye wish kar dete hain. 

Faaltu mein meri kismat ko confuse mat kiya karo ullu ke patthon.

I am not saying everyone should follow the same calendar. But each person should follow a single calendar and wish New year just once."
t2_b3cojgy3,DDA To Make Multi-Sports Complex In Rohini Sec 34,0,4,0.84,0,1743301043.0,False,t5_2qugx,"DDA To Make Multi-Sports Complex In Rohini Sec 34
 https://timesofindia.indiatimes.com/city/delhi/dda-to-make-multi-sports-complex-in-rohini-sec-34/articleshow/119730038.cms
"
t2_18ofra0oy4,Grab a copy before it's gone - Facebook is trying everything to stop publishing houses to not promote it . It's exposing meta's exploitation of Us & data peeping more insecurity and work culture and Sexual misconduct etc .,0,1,1.0,0,1743328082.0,True,t5_2qugx,
t2_hvx212ej,Suddenly started getting text messages from punjab govt? I never went to punjab and my number is 13+ years old,0,1,1.0,0,1743327784.0,False,t5_2qugx,"how did punjab gov find my number? these texts are about drugs(did chatgpt). I think AAP delhi has my number as I registered for some gov services back in their time and now they handed over my data to pb gov? what the heck -_-  

did anyone else from delhi experience the same? "
t2_zv9lkagx9,Selective devotion and convenience based beliefs?,0,0,0.5,0,1743327192.0,False,t5_2qugx,"My flatmate drank beer last night because aaj se navratre shuru hain and he won’t drink for 9 days. Doesn’t it sound a little, i don’t have the word for it but maybe scandalous or convenience based ??
I believe either you should practice faith and rituals whole year or you don’t, there is no in between lol. People who don’t practice at chicken on these occasions or Tuesday also fall in the same category. But, you do you! I don’t want to disrespect anyone’s beliefs, i just wanted to share mine.
Thoughts?"
t2_1dptq7cf3b,looking for job vacancies for the position of business analyst/product analyst,0,0,0.25,0,1743339901.0,False,t5_2qugx,Can anyone help me get a referral for my profile. I have experience of 3 years and worked in startup environment and in IT service and consultancy industry 
t2_1kmi37kh3h,"Delhi is Dying – We Need Your Help! Sign This Petition for a Cleaner, Healthier City",0,1,0.67,0,1743326081.0,False,t5_2qugx,"Hey r/Delhi,

We all love this city, but let’s be honest—Delhi is in crisis. **Toxic air, unbearable traffic, unhygienic food, garbage piles, and crumbling infrastructure** are making daily life harder by the day. If we don’t act now, things will only get worse.

I’m not from Delhi, but I’ve been closely following reports, videos, and discussions about these issues. It’s heartbreaking to see the capital of India struggling with:

❌ **Severe Air Pollution** – Cars, industries, and stubble burning choking the city.  
❌ **Traffic & Poor Urban Planning** – Endless congestion, no pedestrian safety.  
❌ **Unhygienic Fast Food & Street Food** – Reports of fake paneer, adulterated cheese, and lack of cleanliness.  
❌ **Garbage Crisis & Open Drains** – Overflowing waste, plastic pollution, and sewage problems.  
❌ **Public Spitting & Urination** – Walls, roads, and metro stations stained with gutka/paan.

**What We Demand:**   
✅ **Stronger pollution control & greener initiatives**  
✅ **Better urban planning & sustainable transport**  
✅ **Strict food safety enforcement**  
✅ **Waste management overhaul & clean public spaces**  
✅ **Fines for public urination & gutka spitting**

This is NOT just about Delhi—many cities in India face similar problems. But change starts somewhere! **Your voice can make a difference.**

**Sign the petition, share it, and let’s push for a cleaner, healthier Delhi!**  
[Sign the petition here](https://chng.it/yn5xzWsr9t)

Let’s reclaim our city before it’s too late. Who’s with me? "
t2_1ltvhczclp,Lovely scenes at terminal 1,0,69,0.94,0,1743242918.0,False,t5_2qugx,New indigo airstaff spoted
t2_v6h7szmj,This poster lowkey freaked me out.,0,1397,0.97,0,1743184516.0,False,t5_2qugx,Spotted this outside DLF saket. 
t2_e48a81h3,Life of a marathoner!!   Dad’s collection.,0,35,0.98,0,1743255844.0,False,t5_2qugx,"Post covid marathoner !! 
Done Pro slam ( delhi,mumbai,kolkata,bnglr) 
And various random location .

Currently focusing on world pro slam !!

Inspired numerous of people on his journey 
Still inspiring others.
Guide me how can i introduce Ted talks into his life or some other platform. 


"
t2_1dd5rf7nmg,What would be the most apt sub to post career related queries ?,0,1,1.0,0,1743325746.0,False,t5_2qugx,"Been searching but didn't come across anything nice or remotely apt that would fir the criteria, can anyone suggest any career related sub for indians and not the ones on global level. "
t2_tpr1byhjl,24 inch LG 2K monitor,0,1,0.6,0,1743325665.0,False,t5_2qugx,Anyone interested to buy this 2K monitor which is 1 year old. and left 2 years warranty.
t2_z86xm0o5q,Best dermat near to West Delhi,0,1,1.0,0,1743325624.0,False,t5_2qugx,"M24, undergoing 6 years long hairfall, any good dermatologists around West Delhi?"
t2_83m99e7f,how do you feel after getting to hear about 'Aukaat' from your parents?,0,15,0.8,0,1743272498.0,False,t5_2qugx,"My name is Mayank, and i am going to be very clear on this post i have made, because i am damn serious related to what i am going to ask you all here okay?

What does the word ""Aukaat"" mean to you? 

  
some of my backstory is that i come from a middle class with some desires, dreams, goals you can say which are never acknowledged by my family because they are worthless according to them and then comes the Manipulation that i face daily in my life, which at its best makes me want to Sacrifice myself for the happiness of my family or even K\*ll Myself for the happiness of my family, my family means everything to me but to them i don't mean anything at all, because they think of me that i am too (mehengi baat) type insaan, someone who just got into earning some money and now wants to accomplish all his goals but this thing hits my family alot like they are too against it, and even said things to me like once you get outside the world to work then you'll know about it, ( I WORK MY ASS ALL DAY MAKING VIDEO EDITS FOR SOME DAMN CRINGE ASS BRANDS OF SOCIAL MEDIA, DESPISING THE HELL OF IT BUT STILL GIVING MY 100% BEST THROUGH MY CREATIVITY AND LOVE FOR VIDEO EDITING) the kind of response i get, then leave this house then you will know how hard life is, then why am i working when i am earning working from home and now that my elder brother big piece of narcississt shit has to get married i need to relocate myself in the house in a room so i am getting the room which my parents were in first, i was happy that my parents are somewhat okay with me but then my dad said this should be given to my brother instead because its his marriage that's why and i somehow got little bit you know (annoyed) or (upset) that you guys can't even get me a room and gave me a room which is shitty designed which needs to be renovated because they want to save i always end up with the shitty option then they said if its a problem to me then go live in a rented apartment oh hell yeah i want to i was even looking for one earlier but now i really want to prove them wrong if they think i am somewhat of a obnoxious Son of a Bitch or whatever they think of, outside world treats me like how i deserved to get treated, they appreciate me for what i am doing in my life, they understand how painful editor's life is, to work through some dumbass changes after changes after changes after changes after changes, somehow i saved myself money to buy myself a PS5 they dont want me to buy it because its worthless in their eyes, all i ever wanted was for them to look me in the eyes the way a family looks at his Son (PROUDFUL EYES) but i never got to see it from their eyes because i am somewhat of a worthless creature in their life who should be good as dead for them



enough of my story please tell me about aukat according to you what it means"
t2_61v97ij0,Filmy aasmaan in Delhi,0,18,1.0,0,1743270030.0,False,t5_2qugx,"Feeling so lucky that we have this these days, just wish someone was there to sit by my side (had to say this). 5-7 is just the perfect time. "
t2_11bsaxjyup,Best season in Delhi - Spring! <Prove me wrong>,0,0,0.5,0,1743325172.0,False,t5_2qugx,"Just after the bitter cold and before the scorching summers - there's this window of 30-40 days, spanning throughout Feb-Mar. That's when Spring falls in Delhi - making it the best season ever! 

Tell me what's your pick? "
t2_8kzvrewf,Need to Sell LPG Cylinders,0,1,1.0,0,1743325074.0,False,t5_2qugx,"I got to know that it is illegal to sell LPG cylinders to any person, So just wanted to know where can i sell the cylinder with Government Approval Obviously."
t2_bzlt056k,Delhi Doubles Public Transport Budget  - Hope they do utilize it,0,178,0.99,0,1743223719.0,False,t5_2qugx,
t2_1m5f24ikxg,What to do with stubbornness?,0,1,1.0,0,1743323815.0,False,t5_2qugx,"I have this frnd who is such an asshole his stubbornness is at peak. Who feels sad evertym neither have any hobbies or passion nor like to spend tym with nature he just lies on bed in his room all day, even reason for his sadness not known but he lost himself somewhere. I suggest lot of things but he listens nothing just feel sad sad all the tym.. i don't know no how to help him out !? Any suggestions"
t2_17ozarf2a3,Anyone interested in playing Call of duty mobile together?,0,0,0.5,0,1743323478.0,False,t5_2qugx,Hit me up if you wanna play.
t2_j01twqiu,Sunday and finding friends!,0,2,0.75,0,1743309711.0,False,t5_2qugx,"Happy Sunday!
I recently shifted to South Delhi for an internship and don't have any connection or friend here. 
Anyone wanna hangout in a cafe for a coffee, 
let me know some good places and join me after the discussion in the comments."
t2_do98vx1de,Nigerian rapper Yung Sammy raps fluently in Hindi and Delhi slangs [Song name “Mr Rambo”],0,1,1.0,0,1743322232.0,False,t5_2qugx,
t2_b3cojgy3,Delhi civic body launches annual mosquito breeding prevention plan,0,1,1.0,0,1743322032.0,False,t5_2qugx,
t2_18kmj6vu3k,Food to try in Chandni Chowk?,0,0,0.5,0,1743321743.0,False,t5_2qugx,"It has been just a week in Delhi since I arrived. I've heard that Chandni Chowk has many good places for food. Please suggest me some places to try food there.
Thanks ;)"
t2_codk8f8a,Saw this American tank in Delhi today,0,8,0.75,0,1743278316.0,False,t5_2qugx,
t2_1m2nugmhlc,Films that truly embody the vibe of Delhi.,0,113,0.99,0,1743228342.0,False,t5_2qugx,"Movies that deeply reflect the culture of Delhi.
"
t2_1dvdzzceao,Karnataka Cyber Fraud Suicide: Could This Happen to Delhi's Elderly?,0,3,0.81,0,1743293137.0,False,t5_2qugx,"A heartbreaking case from Karnataka highlights the devastating impact of cyber fraud on senior citizens. **On March 28, 2025, an elderly couple from Belagavi, Karnataka, died by suicide** after losing over **₹50 lakh** to scammers impersonating government officials. The fraudsters used **fear tactics, fake legal threats, and digital extortion** to siphon off the couple’s savings, ultimately driving them to despair.  

**How They Were Targeted**  
- The scammers **video-called** the couple, pretending to be officials from a telecom company and the Crime Branch.  
- They accused the 82-year-old victim of being linked to a **SIM card misuse case** and demanded a **""settlement fee""** of ₹5 lakh.  
- Over time, the criminals extorted **₹50 lakh+**, forcing the victim to take **a gold loan and sell his wife’s jewelry** to meet their demands.  
- The couple left behind a **suicide note**, expressing their helplessness and requesting that their **bodies be donated for medical research**.  

**Why Delhi Should Be Concerned**  
Cybercrime is a growing menace in **Delhi**, with senior citizens being among the **most vulnerable targets**:  
- **In the first six months of 2024, cybercriminals stole ₹452 crore from Delhiites**—a **158% rise** compared to the same period in 2023.  
- Fraudsters are increasingly **laundering stolen money through multiple digital wallets and cryptocurrency**, making recovery difficult.  

**Cyber Fraud Targeting Delhi’s Elderly**  
Delhi Police recently arrested **Priyesh Giri**, a man who scammed elderly citizens by **posing as an insurance agent**.  
- He approached victims under the pretense of **renewing health insurance** and convinced them to transfer large sums of money.  
- A **74-year-old woman lost ₹95,000** before realizing she had been issued a **fake policy**.  
- Investigators found that he had **scammed multiple elderly victims** over the past year.  

**Other Ways Cybercriminals Operate**  
- **Digital Extortion & Fake Arrests**: Like in the Karnataka case, criminals pose as law enforcement to extort money.  
- **Banking Fraud & Investment Scams**: Cybercriminals **lure victims with fake investment opportunities**—nearly **63,000 investment scams** were reported in India in early 2024.  
- **Use of AI & Deepfakes**: Scammers impersonate **family members or officials using AI-generated voices** to manipulate victims.  
- **Misuse of Bank Accounts**: Fraudsters **bribe poor and illiterate individuals** to open bank accounts, later using them for money laundering.  

**Key Takeaways**  
1. **Elderly citizens are prime targets** for cyber fraud, with criminals exploiting their limited digital literacy and social isolation.  
2. **Cybercriminals use fear tactics** like ""digital arrests"" and fake legal threats to trap victims into making repeated payments.  
3. **Scam tactics are evolving rapidly**, with criminals using AI, cryptocurrency, and decentralized payment methods to avoid detection.  
4. **Prevention is crucial**:  
   - **Be cautious of unsolicited calls** claiming to be from banks, police, or government agencies.  
   - **Verify investment offers and insurance renewals** before making payments.  
   - **Report cyber fraud immediately** via the Cyber Crime Portal (1930) for potential recovery.  

**Sources**  
1. [India Today](https://www.indiatoday.in/india/story/elderly-karnataka-couple-dies-by-suicide-after-losing-lakh-to-cyber-fraud-2700939-2025-03-29)  
2. [Economic Times](https://m.economictimes.com/news/india/cyber-scams-soar-by-158-in-2024-rs-452-cr-stolen-from-accounts-delhi-police/articleshow/115930922.cms)  
3. [Business Standard](https://www.business-standard.com/india-news/delhi-police-arrest-health-insurance-fraud-priyesh-giri-gurmaith-kainth-125030500710_1.html)  
4. [Deccan Herald](https://www.deccanherald.com/india/cyber-fraud-cases-jumped-over-four-fold-in-india-in-fy2024-caused-rs-177-crore-losses-3441577)  "
t2_i9fqknd7,"This is what our political system looks like. Ashish Sood is Minister of home, power, urban development, education and training for Delhi.",0,0,0.46,0,1743319910.0,False,t5_2qugx,This is what you voted for!
t2_cvfay5zp,Last night saw many such procession in NCR - loud music and ladies and asking with lanterns in their hand … never seen this before - a new phenomenon is it !!,0,1,1.0,0,1743319713.0,False,t5_2qugx,OC shot by be around 2:00am 30th March 25 
t2_178w753sjx,Need guidance or path from your guys,0,3,0.71,0,1743298167.0,False,t5_2qugx,"I am going through a phase where I don’t have anyone. I have debt of twenty lakhs and I just landed a job or twenty five thousand.

I have spare time from 8pm to 7 am means I have the whole night, help me to find some gig work something 
I used to do a business so I have Knowledge of everything I hope Reddit will help me…."
t2_r5xm3r3r,The sky was so lovely today.,0,9,0.85,0,1743273900.0,False,t5_2qugx,"@Mandi House Metro Station, Triveni Kala Sangam ( Play Name : Chainpur Ki Dastaan)"
t2_76dam3gi6,How to deal with parents who are happy to maintain their relations with my molester?,0,16,0.91,0,1743262647.0,False,t5_2qugx,"I was molested as a child by my father's sister's son, it broke me to the core. And its so bad that I am very withdrawn and its very hard for me to trust anyone. But little did I know that the real struggle was to come in the years that followed. 
So, I was just a little girl who had no clue what was happening and I had no one to help me. No one to look out for me. I was on my own, I used to beg my parents, cry so much to not send him( molester) to pick me up from school because I felt unsafe and I would hide in school premises for hours, so that I didn't have to endure the trauma on my way home and my parents couldn't be bothered.
Honestly, my parents and my brother disgust me because they are on very good terms with the molester and his family. Infact my brother and my father are on better terms with the molester and his mother than they are with me. The mother of the molester knows what he did and she makes sure that no shade is thrown on her son. My parents visit them. They visit us. I feel so unsafe whenever than happens, I cry try to tell my parents how much it affects me but it's of no use.
They still visit them and hide it from me, this one time they visit them and those people gave them sweets and my parents told me that they had bought those sweets for me. So I ate them. While I am eating those sweets I see my mother has put up a WhatsApp status of my molester thanking them. She has never put up me on her status btw. I confronted them and they told me that yes they visited him. I cried so much, I felt shattered but I couldn't do much about it.
Now my brother is coming to India and I called him up to check where he was, so he told me that he was visiting my molester and I just froze. This never ends, so many times I've told these people and the thing is I shouldn't even telling these people that it's bad. I don't understand why am I stuck in this situation. This never ends. 
I am financially dependent on these people because my career is in shambles and my mental health is at an all time low. My depression was so bad last year, I have considered taking my life but I don't wanna end my life because of these stupid people.
But this never ends, I feel so helpless and so broken. "
t2_yw0woncq4,Looking for a flat in Lajpat Nagar or southEx (quite urgent),0,1,0.99,0,1743317734.0,False,t5_2qugx,"Have to leave the jail I’m living in I’m very depressed here. 

If anyone knows someone(female) who needs a female flatmate in Lajpat Nagar or southEx please let me know.  

I’m not able to join any flat and flatmates group in Facebook as I’ve deleted my Facebook account a long back and not able to sign in from my number. 

Help if possible I’m being suicidal here not able to do anything and everything going south since last 4 months and I can’t take anymore and can’t even share more. "
,Why there is existence?,0,7,0.82,0,1743282204.0,False,t5_2qugx,"Why there is existence? Why r we even living ? 
What's the point in living? 

Whoever created this universe? Why, that person created this !! 


It will be completely okay if there is no Universe, no existence. Nothing. Just emptiness or may be not even emptiness just nothing. 


What will happen when we will die ? Where will we go?

Where we were before birth?

What are ur thoughts?   "
