author_username,title,downs,ups,upvote_ratio,total_awards_recieved,created_utc,over_18,subreddit_id,selftext
No_Homework_7007,[IMP] CUET QUERIES,0,16,0.87,0,1742067385.0,False,t5_3ftqw,"With the upcoming **CUET-UG 2025** exam season, we've started noticing a rise in CUET-related queries on our subreddit—just like in previous years. While your first stop for your exam-specific questions should be the dedicated CUET subreddit, we understand that some discussions may be relevant to our community as well.

So, while we will be entertaining CUET-related posts here, they will come with certain regulations/implications as followed to keep discussions streamlined

1. Use appropriate post flair i.e, **CUET-UG**

2. Keep your post/query **concise and short** (refrain from posting long-ass paragraphs without spaces between them) 

3. No **DU vs XYZ** university comparison post will be entertained 

4. No This college vs That college post will be entertained 

5. Refrain from posting Course Comparison Posts

6. Before posting, search the subreddit using relevant keywords—your query may have already been asked and answered.

7. Do not spam by posting the same query repeatedly. If your post remains unanswered for 12+ hours, you may repost after deleting your previous post.

8. Assign yourself the ""Aspirant"" user flair.

- More Yapping in the pinned comment."
keyboardcrusader-,Tentative Date of June - July Examination,0,0,0.4,0,1742474146.0,False,t5_3ftqw,
AstronautEvening774,Placement cell,0,5,0.86,0,1743781261.0,False,t5_3ftqw,"Idk what's wrong with satyawati placement cell bhai 😭😭😭kya sochke harqate krte yeh 7th March ko job fair hain companies aayengi kuch aur kuch NGO College main or, eligibility sirf BBA MBA wale literallyyyy satyawati main BBA wala aaj tak nhi dekha maine and they're talking about MBA😭😭 for BA or BA program students job fair hain hi nahi yeh kya pagalpan hain "
Economy_Fortune5622,CGPA in Eco Honors after Sem 5,0,13,0.89,0,1743760684.0,False,t5_3ftqw,"Pretty much the title, I just want to know what's the average CGPA that Eco Honors students get."
No_Homework_7007,Delhi University fest turns fiasco: Brawl breaks out at Deshbandhu college campus in Kalkaji,0,3,1.0,0,1743789989.0,False,t5_3ftqw,
eshla0202,I'm so sick of my college,0,18,0.96,0,1743754509.0,False,t5_3ftqw,"I'm 19(f) in sixth sem last year need to fill the examination form but the dumb ass college didn't assign any ge subject to me even after writing shitass tons of application now that I have to fill the examination form for the sixth term I don't have any ge alloted me and I texted the admin staff to allot me but the fucker keeps on saying to come meet him in the office. I'm not in Delhi due to some family urgency it's impossible for me to attend the college till the deadline for examination form.
What should I do here should I fill up the form without adding my ge or not  fill up the examination form as I will not be giving my 6th term exam 
"
vaccumcleaner0,Is it worth participating in competitions outside your domain?,0,5,1.0,0,1743783073.0,False,t5_3ftqw,"A few days ago, my friend registered both of us for a competition that's not really in our area of interest, it's startup-related, and honestly, neither of us is particularly excited about it. She’s mainly doing it just to experience winning at least one competition, and at the time, I agreed because I didn’t have much going on and thought, “Why not?”

We cleared the first round, and now the second round’s submission deadline is approaching. But here’s the problem- I suddenly have a lot on my plate. I’ve got two important tests right after the submission deadline, plus a bunch of practical work piling up. And this competition (which, again, isn't even in my domain) is starting to stress me out more than I expected.

So I'm wondering—is it really worth it to continue investing time and energy into something outside your field, especially when it’s causing more anxiety than value? "
masalacola,BCOM HONS SEM 3,0,3,1.0,0,1743787808.0,False,t5_3ftqw,drop your gpa in the comments
conman_91,League of Legends 4th Year Research Study (mod approved),0,3,1.0,0,1743786998.0,False,t5_3ftqw,"Hello, my name is Connor Antosiak. I’m a 4th year kinesiology student at Trent University in Peterborough, Ontario, Canada I’m writing you today to ask for your assistance with some research I’m conducting. My colleagues and I are investigating how keyboard and mouse inputs of League of Legends players differ between players of various skill levels.

The survey will ask questions to characterize how you game, followed by instructions on how to download and install a program that will record your inputs during a single game of Summoner’s Rift. The data from this study will help future research better simulate gaming keyboard and mouse actions for the purpose of examining fatigue and injuries in gamers. This project has been approved by the Trent University Research Ethics Board REB # 29465

To be eligible for the survey, you must be 18 years of age or older and play League of Legends on a regular basis. That can mean both on and off throughout the month, as well as weekly or daily gaming.

I was hoping you’d be able to assist me in distributing this survey to a wider population. The link to my survey can be found here: [https://brock.ca1.qualtrics.com/jfe/form/SV\_57QTQ6PC6BU9exE](https://brock.ca1.qualtrics.com/jfe/form/SV_57QTQ6PC6BU9exE) . This link will direct you to the consent page along with full study details and instructions before beginning the survey. The survey takes about 10-15 minutes to complete, not including gameplay. About 1 hour total.

It is my goal to help improve the quality of life for gamers and reduce their pain and injuries. By completing this survey, you will be making a significant contribution to achieving that goal! If you have any questions, please let me know!! This post has been mod-approved.

Thank you for your time,

Connor Antosiak

[connorantosiak@trentu.ca](mailto:connorantosiak@trentu.ca)"
Careful-Buy-1674,Any UPSC aspirants??,0,4,1.0,0,1743777356.0,False,t5_3ftqw,"Would like to know how you’ll are preparing along with college, as I’m a total beginner I don’t know where to start or should I do coaching or not. Pls helpp…"
Present_Repair_7436,Help needed regarding refund,0,3,1.0,0,1743781874.0,False,t5_3ftqw,"It has been 7 months but still I haven’t received my refund.

I missed that whole google form thing in which you were required to submit your information if you didn’t receive the refund.

What to do now?
Whom to contact,kindly help."
masalacola,HELP,0,2,1.0,0,1743787965.0,False,t5_3ftqw,"I want to appear for corporate accounting improvement exam in sem 4 but not sure if I will be able to prepare well for it

What happens if you do not sit in the improvement exam or score less than before"
Emergency-Annual504,PLEASE HELP 🙏,0,4,1.0,0,1743776189.0,False,t5_3ftqw,I have a er in sem 3 eco hons mme that means i neither can sit in placements nor give cat this year what should i do im panicking most company come in the 5 sem only what should i do this year anyone can help please 
Kismat_mai_L,Looking for an intern!,0,1,1.0,0,1743793847.0,False,t5_3ftqw,"Hey everyone!
We’re building something in the pet space (yes, we had to go there) — a startup all about dogs and cats!

We’re currently on the lookout for a graphic design intern/freelancer to join our journey. If you:
	•	Have a fetching sense of design,
	•	Know your way around Canva/Adobe like a golden retriever knows its way home, and
	•	Love dogs (and ideally, cats too — we don’t discriminate),

Then let’s talk! And yess it's paid. 

Whether you’re looking to build your portfolio or just want an excuse to look at cute pet photos all day, shoot me a message!

Bone-us points if you send your past work too."
I_-AM-ARNAV,"If you've gotta give improvement for financial accounting, you gotta take the classes and all too?",0,2,1.0,0,1743777407.0,False,t5_3ftqw,"Like tally practical, and wo sab dena padega?"
Evil_Daoist,Anyone taken Mandarin classes at World Language Center (WLC) Pitampura?,0,2,1.0,0,1743772470.0,False,t5_3ftqw,.
Awkward-Flounder-987,Nhi Jana college fest me,0,38,0.98,0,1743702769.0,False,t5_3ftqw,"Am I weird for not wanting to go to my college ka fest😭😭😭merko ni maza aata yr , am I weird for this😭ya mere jaisa hai kya koi"
1_mizuke-,Late examination form submission,0,2,1.0,0,1743758686.0,False,t5_3ftqw,"Hi ! So I'm sem 4 student, majoring in psychology . In sem 2 i was absent in one of my dsc exam and hence was supposed to register for the same , which I did and paid for but now my sem 4 subjects are not showing up on the protal to register for examination. And I'm panicking so much . Because as I recall i wouldn't be able to sit in exam and all this is for nothing. So if anyone knows anything please help me 😭"
I_-AM-ARNAV,ME RIGHT NOW AS A FIRST SEM STUDENT OF BOCK HONS after seeing 3rd sem result declared,0,38,0.96,0,1743697707.0,False,t5_3ftqw,
keepatience,Help me understand this math,0,13,0.94,0,1743716743.0,False,t5_3ftqw,"B in GrL and B+ in GrT but netGr is C. HOW THE FUCK? both of them are DSCs

the one above with an inferior grade has a better net"
masalacola,Do extra marks for attendance really matter?,0,2,0.75,0,1743751620.0,False,t5_3ftqw,"I feel fed up with the role of 11 extra marks in internals, does it really matter😭 
I see myself struggle to attend classes for core subject and not miss any one of them just for good grades in internals but at the same time my friends who barely had 70% attendance are getting better GPA than me"
ImAMasterBayter,"""My friend brought this to class, coz why not?",0,53,0.96,0,1743678614.0,False,t5_3ftqw,What's the weirdest thing your friend has ever randomly brought to class?
DazzlingWraith,Case Competitions,0,0,0.5,0,1743753812.0,False,t5_3ftqw,if you’re looking to participate in a good case comp you can check out Arena 180 by 180DC SBSC on unstop. 
Live_Archer123,NEED HELP REGARDING ENGLISH,0,0,0.33,0,1743774819.0,False,t5_3ftqw,"Hey seniors,-

I'm soo cooked in english, i know the level of english is very easy but even I'm not upto that mark

So if there's someone who secured good marks in english(188-200), can you pleasee guide me what should I do??

😭😭"
Technical-Example357,FA improvement L,0,2,0.75,0,1743739424.0,False,t5_3ftqw,"bhai kya bakwass h yeh 😭 FA mein pehle theory mein F practical mein A and overall C aaye the toh improvement diya
ab theory mein C practical mein A and still overall C hai?? 😭 

yeh toh fair nahi hua yaar esa kyu kara hai inhone 😭😭 mere 2 point zyada toh aaye pichli baar se tab bhi same grade kyu hai?? 😭

is there any way to get this fixed by going to their office?
should i give for revaluation? ab yeh hi akela overall C bacha hai meri marksheet par 😢 (ek aur tha it got better with improvement exam)
"
Turbulent-Solid5856,A DU student is posting disgusting misinformation about village girls and DU. This should not be tolerated!,0,11,1.0,0,1743706027.0,False,t5_3ftqw,"Recently, I came across an Instagram account spreading disgusting and false narratives about DU students, specifically targeting village girls. This kind of content is not only misleading but also harmful. It damages the reputation of the university and promotes toxic behavior. I’ve reported the account, but I believe more of us should take action. Reporting it to Instagram is the first step, but DU authorities should also be informed. What do you guys think?"
Proper_Interview5094,Pls help 😭 got UFM in 3rd sem and got all paper canceled 😭😭,0,28,0.87,0,1743685320.0,False,t5_3ftqw,"Got caught with a small chit in my pocket purse in December sem 3 exams I didn’t think itna and socha sirf wahi paper cancel hoga but got mail recently that all 3rd sem papa got canceled so I have now total of 8ER idk whats the next step will u get a year back , how many Er one have to be to get an year back , pls help ur brh out warna bahut sutta peeyuiga ajj save me from cancer 😫"
allmanhaveainnerbich,Does college of art has a lot of rich kids??,0,15,0.94,0,1743700074.0,False,t5_3ftqw,Because usually only rich people venture into this field 
Enrique0927,Not Enough,0,8,0.84,0,1743709162.0,False,t5_3ftqw,"Will keep it short , Im in my second semester rn and planned to pursue Masters in economics . But seeing other people around me winning case comps , paper presentations or pursuing some professional course i find myself in an oblivion.

Though things that i planned i don’t know i couldn’t take a step forward . I tried indulging into societies n stuff but didn’t work out as i feel there is not much to learn ( only if you love cold calling n sending uncountable mails) . 

I get it i shouldn’t feel envious from other people success but i kinda doubt myself as to what should i really do ? Is it okay to not get enough case comps wins, okay to not have much certifications ? . Like it just makes me doubt myself . 

(Im looking for a study partner - from Economics background)
"
kavikur,a GENUINE question for all my partial dropper homies.,0,6,0.88,0,1743702976.0,False,t5_3ftqw,"ok so HOW TF ARE Y'ALL MANAGING ASSIGNMENTS, CLASS TESTS, CLASSES, PRACTICALS, WITH YOUR UG PREPARATION???? TEACH ME YOUR WAYSSSSSSSSSS. I've like genuinely given up on my internals and attendance atp😭😭😭😭

Also on a side note, can I, like, take a medical for a month or so for my preparation? Is it allowed? Do answer and keep me in your prayers. I'll keep you in mine. "
keepatience,Who tf set the micro paper?,0,13,0.85,0,1743684793.0,False,t5_3ftqw,"WHAT WERE THEY THINKING? WHO AM I? KEYNES?
 
istg. once, just once be fucking normal DU.
anyone who got at 8+, i am happy for you all. BUT FUCK YOU, THE ONE WHO SET THE PAPER"
bloodlinemoon,"to peeps in tier 1 colleges like srcc, hindu, venky, lsr, etc, how much highest cgpa goes for bcom hons?",0,12,0.87,0,1743688410.0,False,t5_3ftqw,someone told me bcom hons mei 9+ ni jaata zyada
Lieutenant_kumar17,How do I handle this!?,0,15,0.89,0,1743676941.0,False,t5_3ftqw,"I have no idea how this ER system works, I've got ER in maths Gr(T) and VAC Gr(P). Can someone please guide me on this thing!? 🙏🏻😭"
DankVoido,Got ER in Business mathematics Sem 3 Result,0,14,0.89,0,1743678291.0,False,t5_3ftqw,"Hey i got ER in My sem 3 business mathematics subject now what to do
How to clear this back and
Do i have to give my IA again for this subject?
So i can give this in Sem 5 right?"
Typical-Bowler784,Mar gya hu,0,9,0.81,0,1743682613.0,False,t5_3ftqw,"Result dekhke halat kharab hai. I just wanna know ki kya karu ki meri CGPA 8+ ho jayeee.. need advice from seniora. 

Degree Maths hons

1st sem - 6.23
2nd sem - 5.64
Third sem - 4.91 (ek me ER hai)

Help kardo guyss 😭...

I am thinking to give improvement exams in subjects which has 5 cgpa. In upcoming sematers. Is it a good strategy ???
Helpppppp"
need_help_404,letter of reference,0,10,0.92,0,1743675987.0,False,t5_3ftqw,"how many aura points did I lose when I asked my professor for a letter of reference for an internship, so he asked me about my extra curriculars and I had nothing to tell him about?

aisi sharam aaj tak kabhi nahi aayi but ab kya hi karu, ek society me thi, usme bhi itna toxic culture nikla ki mental health ke lag gaye"
Environmental-Dig523,CFA L1 Study partner,0,2,1.0,0,1743706305.0,False,t5_3ftqw,"Hey, I'm preparing for CFA L1 August attempt and looking for study partner to keep things consistent and productive. If anybody is interested, drop a dm!"
gotnoalt,Looking for case comp partner,0,3,1.0,0,1743705751.0,False,t5_3ftqw,Need 1 person for the SBSC Schbang case competition. I already have an experienced team of 2 other people
flirtypizza,how much does college cgpa matter?,0,5,1.0,0,1743686622.0,False,t5_3ftqw,How much does college cgpa weigh when applying for jobs in the Big 3 and Big 4? What is the minimum cgpa you should maintain in college? 
accha-insaan,How to score good in theory papers???????,0,5,0.86,0,1743690063.0,False,t5_3ftqw,"bro, these theory papers are the worst. i mean if it's a practical one, you know that okay, i'll study this, solve question and get marks.

but these theory papers are literal hell. i literally ignored a subject and wrote a shitty paper, got an a+ in that. another theory paper, studied it beforehand, wrote a looooooooong paper, attempted all the questions and got a fcking b in that. wtf?

i mean i know it depends on examiner but literally this much difference??

can someone tell how to score better in theory? or it's just luck based?

ps: bcom hons student here, if it makes any difference"
flo-yd,Are DU 2nd year sem 3 results out,0,5,1.0,0,1743681050.0,False,t5_3ftqw,.
rexxy28,People who have previously filled for revaluation/rechecking,0,3,1.0,0,1743690745.0,False,t5_3ftqw,"People who have previously filled for revaluation/rechecking, how much time does it take for the university to rectify the updated results? or they only get updated when the next sem's result is declared?"
Ecstatic-Anywhere409,Is it possible to score 9 GPA without attendance marks?,0,6,0.75,0,1743674516.0,False,t5_3ftqw,Title
Longjumping_Peak_840,Result gonna fk my birthday,0,3,1.0,0,1743684706.0,False,t5_3ftqw,Next week birthday hai aur sem 1 result bhi Anne wala hai
glittering-angel-444,revaluation,0,2,0.67,0,1743690905.0,False,t5_3ftqw,"i got 6/10 in VAC out of all papers 💀 and my gpa is in shambles solely because of vac. i'll give improvement next sem, def, but does anyone know the process for revaluation? sem 3, nov-dec 2024"
Unique_Strawberry978,I need to work more hard,0,2,0.62,0,1743704438.0,False,t5_3ftqw,Present results opened my eyes and this much sgpa is not good I have to work more hard and put more efforts I want to achieve 9.5 cgpa goal of mine 😔🚶‍♂️
StrangerGlad6744,I'm so confused about the trip! Is it really worth it?,0,2,1.0,0,1743686912.0,False,t5_3ftqw," Can anyone tell me going on a clg trip is really worth it or not for me 4and 5k really matters and I don't want to regret it late! 
Everyone is going my classmates and friend's soo fomo bhi ni hona 😭 
This is the package
Prices for our upcoming college trip!

*Package 1: Adventure Seeker*

- Trekking
- Bonfire DJ Night
- River Rafting(8-14km)
- Zipline

*Price:* ₹5499/- (per person)

*Package 2: Explorer*

- Trekking
- Bonfire DJ Night

*Price:* ₹4999/- (per person)

Both packages will include these thing

- Transportation
- Accommodation 
- Meals (breakfast, dinner)
- Sightseeing (Kullu, Manali, Rohtang Pass/Sissu)
- ⁠Trekking
- ⁠Bonfire DJ Night

*Here's our schedule:*

*Day 1:*

- 6:00 AM: Depart from [College/Starting Point]
- 12:00 PM: Travel break
- ⁠3:00PM: River Rafting
- 7:30 PM: Arrive in Manali
- Check-in to hotel, freshen up
- 8:20 PM: Dinner
- Evening: Mall Road and local market

*Day 2:*

- 9:00 AM: Breakfast
- 10:00 AM: Visit Hadimba Temple and other local attractions
- 1:00 PM: Trekking to Jogini Falls (4 km)
- 6:30 PM: Free time to explore Manali
- ⁠8:20PM: Dinner
- Evening: Bonfire DJ night

*Day 3:*

- 8:00 AM: Breakfast
- 9:00 AM: Depart for Rohtang Pass
- ⁠10:00 AM: Zipline
- 12:00 PM: Arrive at Rohtang Pass
- Enjoy snow activities (if applicable)
- 3:00 PM: Depart for Manali
- Evening: Explore Mall Road and local market!

*Trip Packages:*

We're offering TWO trip packages:

1. *Package 1:* Includes River Rafting and other activities.
2. *Package 2:* Does not include  activities.
"
Sammmy6969,F in practical paper,0,3,1.0,0,1743677119.0,False,t5_3ftqw,"So i got an f in my practical paper(digital marketing) acc to the result but the teacher said she didnt put an f  so what should i do ( have contacted the teacher) like ik the process for revaluation of theory papers but what to do for entirely practical ones
Please help asap"
Imaginary-Werewolf91,What dose G(L) in result stand for??,0,2,0.67,0,1743684917.0,False,t5_3ftqw,"So I know it means lecture but dose it contains purely the grades of theory written exam only or any other ia , ca , internal grades too ? "
professor_ayushh,English majors? Master's? Doctorate?,0,3,1.0,0,1743684485.0,False,t5_3ftqw,"Actually, I wanted some academic help. "
Expensive_Lock_6447,"Gargi seniors , I have a query pls dm",0,0,0.5,0,1743695429.0,False,t5_3ftqw,"Same as title (Especially 2024 ,2023 passout)"
Brilliant-Royal-488,NCC AITSC doubts here.....,0,2,1.0,0,1743694919.0,False,t5_3ftqw,"Jai hind

,I have certain doubts regarding procedures for AITSC as I have interest in MR,FS,JD.
Anyone who has done AITSC kindly dm me.
Thanks😄.SD here"
AdUpset8652,Got only 7 sgpa this sem also as a economics hons student,0,2,0.75,0,1743679340.0,False,t5_3ftqw,"Bhai am I cooked or what , bhai kitni bhi mehnat kar lo sgpa 8 se upar jati hi nahi hai , waise sem 3 ki paper mushkil the to kush hu ki atleast kisi me bhi ER nahi hai . Is this acceptable or really bad kyunki thodi bhot tension ho rahi hai "
Typical_Brain_7407,"A small survey on training and workshops :), would be helpful if yall could fill this form",0,2,1.0,0,1743690661.0,False,t5_3ftqw,"https://docs.google.com/forms/d/e/1FAIpQLSeR3NJkLkbFaWcAzIikg85ogJO_pIvDu5eNaR0ThykSeIeD_g/viewform?usp=header

Pls fill this form , would hardly take 2 mins
Thank you in advance :)"
CouldntFindAGoodNme,Can anyone suggest any study cafe near Rajouri Garden,0,1,1.0,0,1743686619.0,False,t5_3ftqw,What the title says. Also my college is Rajdhani College. 
cowabungaitisthen,Google form for college assignment,0,2,1.0,0,1743669787.0,False,t5_3ftqw,"Please fill this form for my college final year practical. it'll take 3-4 mins max. Im doing research between between social media and anxiety. Thank you for giving me your time

[https://forms.gle/79ESpXDZ6jGywzTa6](https://forms.gle/79ESpXDZ6jGywzTa6)"
keepatience,F1 enthusiasts in DU?,0,16,0.86,0,1743627334.0,False,t5_3ftqw,"Looking for f1 enthusiasts in Delhi University.

I am so into F1 yet I don’t find people to discuss it with. I am looking for people who are willing to converse about f1, learn and even meet up to watch the races or just hangout. MAN ITS SO ANNOYING SEEING OTHERS DISCUSS ABOUT OTHER SPORTS AND I CANT.

We can maybe make a discord server or a group too. Anything works. Also, anyone works. Even if you just started and wanna learn, it doesn’t matter."
meangirl2443,Does anyone has shivdas pfd,0,2,0.75,0,1743680443.0,False,t5_3ftqw,For b.com h sem 4
doge_mighty,NA in result,0,1,1.0,0,1743680349.0,False,t5_3ftqw,okay thing is i already had an ER in sem 1 in sem 3 i cleared it submitted all assignments and did everything as per the professor. Professor said your back will be cleared but what the fuck does this NA mean? will it get cleared by going to the admin or will i have to wait for sem 5 to end???
bloodlinemoon,result fuck ho gaya,0,0,0.47,0,1743678649.0,False,t5_3ftqw,i expected 8.5+ aur 8.18 aaya bas. cgpa mujhe 8.5+ karni hai by end of 6th sem. even sems aise hi kam classes attend hote. 5th sem mei cat ki tayyari. kill me.
u_can_trustme,Name something which you find in your friend's college bag!,0,2,0.75,0,1743677045.0,False,t5_3ftqw,"
Im taking a survey, u can repeat the answer in comment section.just give the answer of which u got first thought. "
Individual-Guava6880,Valuation case comp,0,2,1.0,0,1743662305.0,False,t5_3ftqw,"I am from SRCC. Our D street societ6os conduction valuation case comp...need someone who has knowledge and idea about it. I am first year btw. Plz dm fast. 
"
somewheresomehere,Survey for class project,0,2,1.0,0,1743671923.0,False,t5_3ftqw,"[https://forms.gle/7HCZaDsb9dctQUhD8](https://forms.gle/7HCZaDsb9dctQUhD8) . Hi guys, kindly fill this survey for a class project wont take more than 2 mins. Thanks!"
Professional_Pace963,"Bhai ramjas me bhot jhaatu bache hai and professors bhi,off campus chale jana but north Campus ke naam pe ramjas mat anaaa",0,114,0.94,0,1743577190.0,False,t5_3ftqw,"Bhai yaha ke bache specially b.com hons waale bahot jhaatu hai inhe lagta hai ye kisi iit me padh rahe hai aur inka placement google,amazon ya kisi badi compmany me hogi above 50lakh package jaise attitude rehtaa hai..supreiority complex alag hota hai inhe.Inko lagta hai mere jaisa koi hai hi nahi sabse brilliant bache yahi hai.Bc professors ka alag rude attitude rehta hai.Bhai bas ho gyaa mere college life jldi ye graduation complete ho inse dur jaungaa to life me ise better kar lungaa"
Jaig5970,Gamers In DU,0,2,1.0,0,1743664901.0,False,t5_3ftqw,"Are any of you into games like EU4,CK2,CK3 
If yes 
We can make a discord server and play multiplayer "
agretard,NEED MEDICAL IN NC,0,2,0.75,0,1743645178.0,False,t5_3ftqw,"I come from a DU college that does not support student internships AT ALL. I am from a slightly financially weaker background and need to work to cut out my expenses in delhi, for which i intern. Ive missed many college days and need a medical to avoid getting debarred. This will be for around 2 months. Where and who can offer me one, pls let me know. DMs are open, thanks!"
ordinarycelebrity,Should I go on the trip or not?,0,0,0.5,0,1743657912.0,False,t5_3ftqw,"My course department is taking us on a trip. I am in 1st year and none of my friends or any 1st years are going. I really want to go. The only people that are going are 2nd and 3rd years as of now. 

I want to go but I also don't wanna feel left out since these seniors are also society heads or something. 

I asked around my entire class and literally everyone's parents are saying no or someone has a competition or someone thinks that the trip is boring :( "
agretard,medical leave banwani hai,0,10,0.92,0,1743604706.0,False,t5_3ftqw,"I come from a DU college that does not support student internships AT ALL. I am from a slightly financially weaker background and need to work to cut out my expenses in delhi, for which i intern. Ive missed many college days and need a medical to avoid getting debarred. This will be for around 2 months. Where and who can offer me one, pls let me know. DMs are open, thanks!"
stiiiigm,GEC : Negotiating Intimate Relationships,0,1,0.67,0,1743646060.0,False,t5_3ftqw,hey guys. agar kisi ke pass iss psychology GEC (sem-4) ka koi material hai toh please share. it was introduced last year only and there is not much info available. please help 
YourSeksiBayBe,Query: Should I go for this internship,0,4,1.0,0,1743617479.0,False,t5_3ftqw,"Hello everyone,

I'm in a bit of a dilemma here. I recently came across an internship opportunity at one of the oldest and most known (literally everyone knows it) ed-tech firm. I applied, got shortlisted, gave the interview and they've offered me the position.

It's a 2m long internship, the role is also decent. Pay isn't the best but tbh I'm okay with it -- I'm rather in it for the brand.

The issue is, they mentioned that they'd want to fill up this position ASAP, and we'd probably have our exams in mid of may. Juggling the two would be an issue, not to mention my sport and other obligations.

But then again, a well known brand on the resume would be nice to have 😅
What do I do

PS: I'm not from DU (dropped out) - The only reason I posted it here is cuz this is the most relevant subreddit for Com/Arts UG students."
Exotic-Letterhead-23,Garys Economics : Telling people in poverty to be more entrepreneurial is sick,0,3,1.0,0,1743615138.0,False,t5_3ftqw,"Garys Economics is a channel in YouTube where Gary, millionaire, ex Citibank top trader, LSE alumni campaigns for higher taxes on the rich as thats the only way the economy can be fixed. Please check out and share his videos. 

More people need to be aware of how the economy really works. "
Naruto_XI,Year back criteria,0,4,0.76,0,1743600719.0,False,t5_3ftqw,"I'll most likely fail in all my main subjects of sem1, plus my vac cuz I didn't submit assignments and practicals.
Means I'm getting 4 backs for sure in sem1.
Now what should I do for sem2? 
What's the minimum number of subjects I should pass in sem2?
So that I don't end up with year back?
Ig I'm cooked cuz my attendance is Hella low as well "
Mean_Respond7097,How much Cgpa in each sem to have 8.5+ in ug,0,9,0.74,0,1743594614.0,False,t5_3ftqw,"I am in a 3 year duration course and have gotten 6.42 cgpa (469/700) in my 1st sem. I have few questions:
1. whats the lowest I can go if I want to have 8.5 or above cgpa overall in ug.
2. If a person has an overall 9+ cgpa, what could be their lowest cgpa in a sem.
3. Should I give a retest? If yes, then how much do I need to score to have a 8.5+ (preferably 9) in my ug degree.

"
rexxy28,Final year back,0,4,0.83,0,1743601931.0,False,t5_3ftqw,"The deal is, I got an ER on an improvement exam of my main dsc from the third semester in the recent held 5th sem examinations, I have applied for the revaluation process because it will most probably be an error because I am sure that I wrote decent enough content in the exam, let alone handing me an ER. 
But, I wanted to ask the sub, what would happen if the ER remains intact? Then ig, I will have to re-appear as an ex-student in the nov-dec examinations + (doubt)- When will I be eligible to apply for jobs? The admin had no clue about it as they told me that it is often the case that the degree is given a year later, if anybody has any knowledge or experience then pls help, it would mean tons!"
Awkward-Flounder-987,Messed up my 1st year,0,5,0.86,0,1743597553.0,False,t5_3ftqw,"Bhai ab mt bolna sem 2 ke exams baaki hai , even if I end up doing fine in them Mera saara internals bla bla sab bekaar hua hai sem 1 me bhi😞 will this affect my 2nd and 3rd year?"
Mysterious-Boss-3892,TIPS FOR BEGINNERS WHO ARE DOING THEIR FIRST MUN,0,8,1.0,0,1743588230.0,False,t5_3ftqw,"Hello everyone,
I want some tips and tricks for people who are beginners in MUN.
How does it operate?
What is the manner in which it is conducted?

And, how to start your research.
Some tips from people who have done this before will be very helpful.
Thank you 🙏"
Greedy-State700,Urgent! Please help!,0,4,0.75,0,1743604998.0,False,t5_3ftqw,"Today I got a mail that I have got  UFM clause B punishment means all 7 papers have been cancelled for my 3rd sem and I have have to give them again but according to 63% credit rule i atleast need to have 27 credit to promote to 3rd year, even if I clear 4th sem all papers will I get a year back??"
NoMastodon7168,Seniors please help,0,2,0.67,0,1743602891.0,False,t5_3ftqw,"Hi guys
I am a recent 12th grader and I was approached by my teacher to participate in this competition. If you could provide sample questions or just basic overview of the whole event for me, I'd be really thankful. "
Curious2104,Prem Dhillon in SGGSCC?,0,1,1.0,0,1743624232.0,False,t5_3ftqw,"Looking for Concert Buddies for Prem Dhillon at SGGSCC! 
 Prem Dhillon is performing at SGGSCC on 4 April, If you love Punjabi music and want to enjoy the concert with some company!

Drop a comment or DM if you’re interested! 🎤🔥

"
KhizarAliKhan_786,Intellectual rigor of courses at DU,0,1,0.67,0,1743614816.0,False,t5_3ftqw,"Heyo! I'm a class 12 prospecting graduate and had humanities with maths in my +2. I applied to some US universities in my senior year - largely because of the reputation of rigor of all of their courses, be it a natural or social science/humanities. Well I got redirected and naturally had DU as a back-up option, but as a high achieving student throughout K-12 I'm quite concerned if the courses taught at DU are intellectually stimulating enough. No, practicing math sums 8 hours per day is NOT what I deem to be intellectually demanding, that's called being a robot and I'd much rather stay a human. I'm one of those people who like doing independent research outside of textbooks just for the sake of it, so to all my seniors who can relate, what're your views about this? I do not want my potential to go undervalued :("
omsohum,Which north campus colleges have consulting clubs that do live projects for businesses in the Area?,0,2,1.0,0,1743598646.0,False,t5_3ftqw,Asking for a friend.
SaiAbitatha,🎬 Movie Marathon Madness! 🎬 In the heart of North Campus.,0,2,0.75,0,1743611531.0,False,t5_3ftqw,"🎬 Movie Marathon Madness! 🎬

Lights, popcorn, action! 🍿✨ Join us for a back-to-back cinematic ride at the Cluster Innovation Centre, DU, on April 4, 2025!

📽 Jab We Met | La La Land | Yeh Jawaani Hai Deewani – Pick your favorite or binge-watch them all!

🎟️ Just ₹59 per movie or bring your squad for ₹199 (4 tickets)!

🔥 Limited seats, unlimited fun! Register now:
👉 Jab We Met: https://forms.gle/ZU4zT4R1Jg7fv5cE6
👉 La La Land: https://forms.gle/WCNQuAb7w6b78ZkDA
👉 YJHD: https://forms.gle/6rHcQnbABLbHDH289

🎥 One day. Three blockbusters. Infinite memories. See you at the movies! 🍿💃"
Majestic_Practice119,Helppp pleaseee,0,2,1.0,0,1743594741.0,False,t5_3ftqw,"Yaar hamare ge litrelly merko 4 marks diye h 12 me I am so fucking saddd and mostly class ko etne mile h  please let me know what is passing marks for internals bhaiii I am in really saddd I am sem 2 student  , senior helppp"
Remarkable-Ad-5167,Need answers for risk and return questions urgently!,0,4,0.75,0,1743569724.0,False,t5_3ftqw,"I have an internal exam, the teacher has sent the questions but I haven't studied anything....please help!! "
Leading-Ranger4498,anyone from lsr or hindu please help,0,2,0.63,0,1743579757.0,False,t5_3ftqw,Need help regarding some subjects please help
mastinhiruknichaiye,Thought on ba psychology,0,1,1.0,0,1743590156.0,False,t5_3ftqw,I am a pcb student I don't want to get into medicine. I will try my best to maximize my cu et score and try getting good college like lsr for ba psychology.is it a good option to look at? i m very confused about everything and not sure about my interest so i could use my time there to actually figure out by trying to learn different things along with the degree.
awkward_frr,Is this possible or Am i overthinking?😭,0,1,0.67,0,1743589751.0,False,t5_3ftqw,"Alright alright le me start so, is this possible ki puri delhi main like delhi bada nope kaphi bada hai, bada bhi kya population kabhi hai like around 34.67 million ke aspaas.
Bhai yaha roj like roj tumhe new face dikhega ROJ!
So, how is this possible to see a similar guy three times? Like tf 3 barr woh bhi random day, random time and at random metro station EHHHHHH.

The first time I saw him when me and my roommates were coming from SRCC(lit fest)  ke baad, and while coming from there main ek stationary shop ke bahar ruki kyunki mujhe copies leni thi for my college.
While I was buying I saw that guy with woh jaat guy's ke moustache hote hai waisa tha uska lolll
Lekin fine looking guy tha tall and normal weight(LMFAOAOA TF IAM DESCRIBING) tha. But maine utna dhyan nhi Diya kyuki hume nikalna tha jaldi so, we directly went to vishwavidyalaya wala metro yellow line while we were waiting I saw that guy again and hamesa ye pehle kaise phoch jata hai bhai sab lekin main ek achi sanskaari lakdi ki tarah apne kaam se rakh ke ladko se dur reh ke hum apne zone main busy thae and uske baad hume Central Secretariat pe line change karna tha humne kiya and tf woh mujhe waha bhi dikh gya😭 mere se pehle and main jaha utri apne station pe ig with waha tak tha.
But jyda deemag nhi lagate huye maine utna jyda kuch nhi socha k mena obviously kya pata uska ghar yahi ho, pg yahi ho route yahi ho.
Toh main bhul gyi iss bar ko.

Second time when I(mere roommates bhi thae)was going to sarojini for some stuff and at my station were I had to boarded I SAW HIM AGAINNN HAHAH main apni roommate ko kohni marte huye ki ""arey dekho dekho woh wahi guy hai joh mujhe waha SRCC se dikha tha"" lekin usse pehle hamari metro aa gyi.
That was the second time huhh

Third time it happened recently, it was 30 march navratri ka pehla din me and my roommates we went to some area near our college to find another pg for 2nd year ke liye hume almost 7:10pm ho gye thae lekin hamare bade se deemag main kaphi khatarnak idea ata hai ki  ""kyu na hum india gate chale, raat main kaphi sahi lagta hai"" hamari obviously fatt rahi thi kyuki hum jyda bahar nikalne wale log nhi lekin hum aadha ghanta soch vichar karne ke baad chale gye😼 and  and yaha se hume Central Secretariat pe jana tha and guess whatt
There at the station I SAW HIM AGAINN and even i don't know ki itni jyda crowd main kyuki CS main waise bhi kaphi crowd hota hai main still usko recognised kar gyi like tf woh ek place pe khada tha and again maine apni roommate ko kohni maari ki ""bro bro dekho woh phir woh phir dikha mujhe woh SRCC wala"" lekin crowd kaphi tha so we'd go from there.
Pg aane ke baad hum discuss kar rahe thae ki ye kya ho raha hai, I mean sayad main jyda hi faltu ka deemag laga rhai hu kyuki yar possible hota hai( lekin 3 bar coincidence?)  kya pata woh yahi aaspas rehta ho. Lekin random day kabhi subah, kabhi raat random time pe kaise and upapr se itna crowd main mujhe dikh kaise jata hai and dikh bhi jata hai toh main Pehchan kaise jati hu.

Ahhh now you'll tell me ki mera apna deemag kuch jyda hi chala rahi hu ya possible hota hai aisa(hota hi hoga)."
Longjumping_Peak_840,How can I get good graphic designing internship,0,2,1.0,0,1743589349.0,False,t5_3ftqw,
marxcamus,Web Design Intern Needed,0,1,1.0,0,1743586969.0,False,t5_3ftqw,"hi everyone, i've been interning at a financial planning and wealth management firm near north campus and we need an intern to develop and handle our website. we majorly are looking for someone who is proficient in wix studio.

P.S: the crowd on linkedin and other outlet was so bad we had to turn to reddit. please dm me only if you are serious. it's a paid internship."
maxphobe,pls help a fellow female student out 😔,0,0,0.33,0,1743607384.0,False,t5_3ftqw,"if you are a DELHI based female college going student between the ages of 18-24, pls help a fellow gal out and fill this form for a research paper 🙏 all responses will be anonymous and this form won't take more than 5 minutes i promise 

https://forms.gle/jnkNKnhvJjPpZQ598

thanks in advance 🫶
"
My_mom_calls_me_dumb,Internships,0,26,0.94,0,1743515857.0,False,t5_3ftqw,"Today, I went to Shyamlal College for their internship fair. Firstly, Kudos to them gor conducting it. Ik my college will never but I can't help but rant here, about how colleges are still proudly inviting companies that are *clearly* scamming people.
I was surprised to find multiple companies using a very similar script for their interviews, similar job descriptions and structure for internship. Those companies that offer same roles-
Marketing 
Marketing+Hr
Marketing+Finance 
All these companies do is select every fucking person they interview, give them a 'daily report' they have to make otherwise your 'internship will be terminated'. The threat to terminate your internship is always reiterated. Then they take 1-2 weeks worth of lecture classes, where they give different assignments, which feel more like homework. Then at the very end of the 'training', they just tell you to sell their stupid fucking policy to your family. Like no shame, not even trying to hide it. Mind you all throughout they'll have said that 'no sales target' 'no pressure to sell'. Lies. They give a percentage of money invested, I mean at least they say they do. Idfk.

Like it's not hard to check their Glassdoor reviews to learn the truth in matter of seconds. 
Out of 6 interviews I gave today, 3 companies were of this kind."
depressed_beauty484,English ICL,0,1,1.0,0,1743575108.0,False,t5_3ftqw,Does anyone have any study material for english elective Indian Classical Literature??
PRIYANJAL20,"Open mic on 11th of April, if you are interested you can register through the QR code provided in the poster",0,2,1.0,0,1743568012.0,False,t5_3ftqw,"Hello everyone,

Me and my society are organizing open mic on 11th of April if you are interested you can register through the QR code provided in the poster , If you have any queries you can dm me"
Longjumping_Peak_840,Sem 1 result kab ayega,0,8,0.75,0,1743525765.0,False,t5_3ftqw,Any gupt sources 
artsypandaz,can someone send resources and readings for advanced spreadsheet tools sec?,0,0,0.5,0,1743565866.0,False,t5_3ftqw,"kal internal hai and idk where to study it from, please send reading and some youtube video link "
Efficient-Age-6472,3rd sem ka kb aayega??,0,10,1.0,0,1743520856.0,False,t5_3ftqw,"Result kb tk aajayega 
Ab to April bhi aagya 
Aur 5th sem ka aagya to aur tension ho rhi
Esliye nhi puch rhi ki mera bahut accha hai esliye puch rhi kyunki ek hafte se anxiety ho rhi aur kisi cheez pr focus nhi ho rha...
Bahut bure gye the paper.."
autistic-peanut,"Student login issue, please guide",0,4,1.0,0,1743517125.0,False,t5_3ftqw,"Doing a second degree from du-sol it's been a pain in the ass really. Their website quite literally sucks. No matter how many times i try, the student login will NOT OPEN. I accept I have been negligent too, (did not reach out to the support staff and whatever mostly because I was so occupied with my primary degree). Can anyone please guide me:
1. What is up with the results of sem 1?
2. Could not give a few exams of sem 1(they were clashing with my main exams),when can I reappear?
3. How do I keep a track of my progress as in which exams I have passed and stuff, (I am logged in in the pragyan portal)

Would mean a lot if anyone could help me"
sehajsin,Internship !?!,0,0,0.44,0,1743535027.0,False,t5_3ftqw,"So the matter is i did a internship in a mnc, but the role was not good and not of my stream(the course i'm pursuing) and one of my friend from my course and class only, did internship in the same company in my desired role, Now the internship is done and we both have our certificates in hand, so its a genuine question that can i edit my name on his certificate and add that role and certi in my CV, can it be done? i have full knowledge about that role and vertical. Is it safe to do that or will i face issues in CV vetting process. I've consulted some people and they've said as i've done internship in same company under different vertical, it should not be a problem to edit my name on someone else's certificate, so please tell, if you have any genuine info regarding this matter. Every helpful reply is appreciated. Thanks!"
Unfair-Specific-9926,Super Sundays Announcement - Valorant Tournament for DU students,0,1,1.0,0,1743534642.0,False,t5_3ftqw,
So_Yeah914,Study Material Needed,0,1,0.67,0,1743531466.0,False,t5_3ftqw,"If anyone has study material of Entrepreneurship and New Venture Planning - B.Com - Sem 4 - Please share
I have an internal tomorrow 😭😭"
Gullible_Invite6169,HELPPP PLEASEE,0,2,1.0,0,1743527224.0,False,t5_3ftqw,"if your from stats hons (sem 2) then please comment/dm, urgently need your help😭"
sinha_01,Need Guidance on Rejoining DU After Long Absence (Missed 1st Sem Exams & 2nd Sem So Far),0,1,0.67,0,1743525994.0,False,t5_3ftqw,"So, I joined DU last year and attended my college regularly from August 31 to the end of October. However, due to personal problems and my chronic anxiety and depression due to my personal problems, I stopped going after that. I also missed my 1st-semester exams, didn’t pay the exam fee, and haven’t attended college at all since the start of the 2nd semester in February.

Now, I want to rejoin my college in the same department(psychology). I’m open to either continuing from the 2nd semester or restarting from the 1st year, but I do not want to give ÇUET again this year (and I haven’t filled out the ÇUET form for this year either).

I know I'm cooked , but I’d really appreciate any guidance from seniors and experienced DU students on:

1. What are my best options for rejoining?


2. What technicalities or administrative hurdles I might face?


3. Who should I approach in my college to discuss this?


Any advice would mean a lot. Thank you!

TL;DR: Stopped attending DU after October due to personal issues, missed 1st-sem exams and haven’t attended 2nd sem. Want to rejoin without giving ÇUET again. What are my options?"
AdministrativeMap868,I'm doing an MA Political Science but I'm inclined towards finance more pls help,0,2,1.0,0,1743511747.0,False,t5_3ftqw,"As it turns out and the title proclaims, i'm out of love for the subject. I feel it's too repetitive. There aren't too many jobs except mere internships where the pay is peanut level-y. Has anyone felt the same, been in the same situation?

How did you make the shift to another subject? How good is law compared to the MA? Since I do not come from a family of lawyer, would it remain a standing challenge to establish myself well within the industry ofc in terms of finding opportunities, making good connects etc.

I'm very very interested in finance but have barely come across profiles that have made a shift from a BA politics to finance.

Any opinions?"
Routine_Ad_1352,Wrong appointment date given,0,3,1.0,0,1743495518.0,False,t5_3ftqw,Today(1apr) at 1.30pm I applied for study material appointment and got 1apr 9.30-12.30pm as my appointment ticket. I wanted to know can we go at any time and show this appointment for entry? Can you guys help me with the timings and which date should I go?
Temporary-Vast-698,Getting into CIC btech,0,1,1.0,0,1743508449.0,False,t5_3ftqw,"
So now that the exam pattern has changed and we need to attempt all questions ,how does this affect the cutoff? Like for CIC I saw that last year cutoff was 595.something out of 650 but now it's of 750 marks so am I looking at around 685 ?"
MachineRox_gaming,Need help from DU seniors,0,1,0.67,0,1743498797.0,False,t5_3ftqw,"Basically (posting this again) 
Should I leave my applied math in class 12? 
I am not a very studious guy who studies a lot therefore I would definitely have problem managing the two altogether (like if I wanna score really well) 
Therefore should I leave math or not??? 
Because my dad said that I can do eco hons but man I love politics. 
(The thing is I'm not very good in applied math too and just passed in 11th by a needle.) "
Emocucumber,I feel so unlucky and depressed,0,22,0.91,0,1743433007.0,False,t5_3ftqw,"5th sem result came out 

I got my lowest score in SEC out of all the subjects which decreased my sgpa significantly, keep in mind I had above 75% attendance in the subject, took classes attentively and gave my assignments on time. There are kids out there who don't even attend classes for SEC and still get 10???? 

Like imagine getting a 8/9 in core subjects but your sgpa doens't cross 8 due to flunking your SEC 

If that wasn't enough, i gave an improvement exam from 3rd sem and my marks DECREASED??? 

"
Longjumping_Peak_840,Which internship i should take confused,0,1,0.67,0,1743493952.0,False,t5_3ftqw,"I have an interview schedule for graphic design internship,WFH for 4k pm they didn't mentioned full time part time  or part time but seeing description it's much. Then i have opportunity to apply for internship through my college placement cell for about 10k what should I do "
Repulsive_Win_9945,Retest possible?,0,1,0.67,0,1743481649.0,False,t5_3ftqw,I have missed my DSC test(mid sem). Is retest possible?
Efficient-Age-6472,Anxiety ho rhi bahut bekar level ki,0,22,0.92,0,1743419385.0,False,t5_3ftqw,"Bhai jabse 5th sem ka result aaya hai..
Mera anxiety level extreme ho gya hai 
Mere paper bahut bekar gye the bhai extremely bekar 
Mujhe back nhi chahiye yrr
Us time pr mental health Etna bekar tha bhai kya batau 
Abhi bhi kisi cheez pr focus nhi ho rha 
Yrr  hmesha mere saath hi Etna bura bura kyu hota hai 
Na kisi society ki mai head bani jiske liye etni mehnat ki aur bhi kutch nhi hai mere paas 
I am an average student 
Mera career bnega bhi kbhi ki nhi 
Bhai marne ka Mann ho rha 
Exam ke time bhi ho rha tha "
MycologistHot207,Folks who gave improvement/pass exam in dec 2024- Have your results come out?,0,8,1.0,0,1743438685.0,False,t5_3ftqw,Mine still hasn't and I'm afraid that they messed up my answer sheets or something. I don't want to chakkar kato admin 
Anum3211230,Why is it so hard to win competitions,0,5,0.73,0,1743450285.0,False,t5_3ftqw,"I swear, the writing or the poetry competitions are so damn hard to win. I start to question my own ability.  I only did like 3 competitions but I didn't win any😭 Makes me feel like I'm not good."
Striking-Loss9132,About 4th year degree…..,0,4,0.83,0,1743448282.0,False,t5_3ftqw,ye degree pe likha kya hoga ? 😭 prog valo ko abtk simple BA ki degree milti thi but now with the introduction of 4th year ab kya milega? BA hons social sciences? BA hons in your major discipline? Ya sirf BA hons like i am having doubts ki ye hume degree bhi denge ya nhi 😭😭😭😭
Wide-Pop4415,Some youtube channels for MACRO ECO SEM2,0,4,0.75,0,1743445065.0,False,t5_3ftqw,Btado Vrna aajkl sb paise hi maang rhe h 
Designer-Tower-8626,Is du sol is good mujhe competitive exams ki prep Krna hain,0,2,0.75,0,1743453472.0,False,t5_3ftqw,Tho fin du sol kr lu koi bhi degree I know regular college main bhi placement nhin lgti logo ki 
TurtleonSkate,Pg near rajiv chowk or akshardham?,0,5,1.0,0,1743432886.0,False,t5_3ftqw,Anyone knows how is the quality and prices of pgs near rajiv chowk and akshardham?
IncognitoMode_0N,Tips to ace PPTs and Presentation in Case Competitions,0,4,1.0,0,1743431469.0,False,t5_3ftqw,"If there is anyone experienced with case presentations and ppts , could you please provide your guidance on how to make and present one 
Expecially finance related, 

Got no prior experience so please explain from zero "
Designer-Tower-8626,Any du so guy here,0,0,0.5,0,1743455694.0,False,t5_3ftqw,Koi du sol say hain iss sub pr 
_glitchwitch_,Looking for a Cinematographer,0,5,0.86,0,1743420182.0,False,t5_3ftqw,"Hey everyone!
I’m starting an Instagram page dedicated to poetry and storytelling, and I’m looking for a passionate cinematographer to collaborate with. The goal is to create visually engaging short films, reels, and creative storytelling videos that enhance the emotions behind each piece.

What I’m Looking For:

• Someone who can shoot and edit cinematic videos.

• Creativity in framing, lighting, and storytelling.

• Interest in poetry, spoken word, or narrative-driven content.


What’s in It for You?

• A chance to build a unique aesthetic and grow a creative project.

• Exposure and potential collaboration opportunities as the page grows.

• A great addition to your portfolio.


If you’re interested or know someone who might be, drop a comment or DM me! Let’s create something magical together.
"
classic_dawg99,Do you know people in DU who have dropped out of btech or any other reputed colleges?,0,1,1.0,0,1743451374.0,False,t5_3ftqw,"been in a dilemma from quite a long time, would be a great help to know."
ayeinnbaigan,Attendence help,0,1,0.67,0,1743449143.0,False,t5_3ftqw,Guys maine pichli baar bond sign kra tha but is baar bhi tohdi chud gyi attendence ki is baar real reason se family issue but if i go to college arpil and may mai as a Sem 2 student attendence hojayegi? Puri baaki end of feb bhi attend kri hai tohdi classes? Ho payega? 
AdministrativeMap868,Any library nerds here?,0,13,1.0,0,1743396620.0,False,t5_3ftqw,"No body. Just the question. 

Has anyone been to South campus library? The place is decently beautiful and a good temperament area for self-studying. I'm looking for people who have been to that library and are a usual go-er?

Dm?"
journeyofagod1,College fest games,0,1,0.56,0,1743443633.0,False,t5_3ftqw,"Hi guys, as the title suggests I have my college fest coming up and want to organise a crowd pulling game stall, so please suggest me ideas for the games that you think with low to medium investment, engaging participation can be ensured and a low cost ticket price can help make profit.
Any idea that you have made, or seen is appreciated. The fest is day after tomorrow. It'll be a huge help if you could help me. "
No-Promise4688,"Anything and everything you can do , speech , poem , song , dance act and take home exciting cash prizesssss!",0,3,0.81,0,1743411516.0,False,t5_3ftqw,"🎤 SPEED ADVOCACY CHALLENGE : PROMOTE A CAUSE🎤

The National Service Scheme (NSS) Of Shyama Prasad Mukherji College for Women, University of Delhi invites you to a zealous competition on as part of our
 Annual Cultural fest (SRIJAN'25)
We present to you the Speed Advocacy Challenge, where you can creatively advocate for a social cause through various art forms.

Event Details:
🗓️ Date: April 3, 2025
⏰ Time: 11:30 am - 2:00 pm
📍 Venue: Hall 2
🔗Registeration Link:

https://forms.gle/Vp7jAg3zyHtHTudY7

✏️Participation Guidelines✏️:

✨Act duration for Rap/Poetry/Stand-Up Comedy/Dance [Individual Participation]- (1.5 Minutes)

✨Act duration for Short Skit/Mime Act [Group Participation and a team of 2 participants is allowed]- 
(3 minutes)

✨Reporting time: 10:00 A.M Sharp

✨Exciting Cash Prizes and E-Certificates for all the participants 

📝Registration Policy and Guidelines📝:

✅Last date to register: 31st March 2025

✅To participate, bring your college identity card, Government ID proof, and bank details for disbursement of cash prizes.

✅ Male participants are required to bring NOC, signed by their institution's Principal

Wishing you all best of luck and see you at the college premises!👋🏻

Best Regards 
NSS~SPMC

📞For queries, reachout to:

Ms. Shreya Dubey
9625649197 
(Coordinator)

Ms. Nikita Tomar
9310157929
(Coordinator)
                    https://www.instagram.com/p/DHlh_gASZla/?igsh=MXM3ODJuOGduanI2eA==
"
_Dyaus,AIESEC ??,0,3,1.0,0,1743413506.0,False,t5_3ftqw,Anyone from DI or DU here ?? 
AdministrativeMap868,Case competitions and their relevance on your CVs,0,6,1.0,0,1743401292.0,False,t5_3ftqw,"Hi folks, 

I've not participated in as many case comps during my bachelors that ended last year but i'm interested in taking part now. How do you enrol as an independent (ofc i am pursuing masters)

If anyone here has a lot of knowledge about how case comps work and how to enroll, i'd like to converse. Pls pls DM."
Financial_Job_3147,Do all GAT sections hold equal weightage?,0,0,0.5,0,1743425766.0,False,t5_3ftqw,"I know GAT has quants, L& R, static and current affairs but I was wondering if all of these sections hold equal weight in the exam. I haven’t been able to find reliable pyqs so i can’t compare but can u guys share ur experience? Also I’ve done the CA’s of upto 6 months would that be enough? "
sehajsin,Exam form wrongly submitted,0,1,0.6,0,1743417308.0,False,t5_3ftqw,"I was filling my exam form and i’m currently in my sem 4, i had to fill one paper of sem 2 for improvement and i selected that first, i though the payment for improvement exam has to be done separately, so i selected that first and did payment for that (510/-). Now there no option is coming for selecting 4th sem subjects and fill them. Please tell what can be done, do i have to go to admin office? or something else?? Please tell have i filled the form wrong?"
DifficultHost2884,Getting 8+ CGPA in courses like B. Com. (Hons.) is now easier than ever.,0,42,0.84,0,1743342506.0,False,t5_3ftqw,"Caution: Relevant for people who are hustling hard outside college or those who want to maintain CG for MBA/Placements without compromising on college fun

Now, since the internal portion is 70 marks out of the total 160 (almost 44%), I believe that in courses like B. Com. (Hons.), it's easier than before to score 8+ CGPA consistently.

Just think—earlier, you had 25 marks for internals, 5 for attendance, and the rest for internal assessments.

The exam comprised 75% of the total marks, so if you messed up your exam, couldn't complete it, or missed 1-2 units/topics → you were done. You would end up with a 7 CGPA simply. (I know relative marking was there, but that system still exists. I confirmed this with multiple professors since it's the only way to pass those who are falling short.)

But now, with 40 marks for continuous assessment and 30 for internals, I think you can maximize your chances of scoring 8+ without much effort (or I would say, without much studying) and even without completing attendance.

**For IA (Internal Assessment)**:

* Attend 30-40% of classes just to know the teacher.
* Always ask questions or participate whenever you're there so that the teacher recognizes your name and face.
* Keep up with what's happening.
* Perform well in your internal exams (12 or 24 marks).
* Submit assignments on time (12 marks, if happens).

**For CA (Continuous Assessment):**

* There will be 1 or 2 internals in a week (and not for every subject). Attend these.
* Try to get at least 3 marks in attendance for CA.
* If you just attend these properly, scoring 33+ is very achievable.
* Overall, scoring 55+ is possible with 50% attendance.

Plan smartly—you don't have to be in college every day or stay until 6 PM.

One more thing—identify which subject will require more time to complete or skim through the syllabus. Each semester has that one difficult subject—like Corporate or Business Laws, Income Tax, GST, Business Maths. Find that subject and complete it before exams.

For the rest of the exams (mostly theory-based), be thorough with 2 units before exams. During the preparation leave, just skim through theory using ChatGPT or Google Lens.

Believe me, you'll write so much and so well that you'll easily score 8+.

Here, even if you score 60-65 marks, there's scope for getting an 8 CGPA (considering the difficulty is average).

If the paper is hard, you'll still get an 8, even with a slightly lower score because relative grading exists (they don't admit it under NEP, but it definitely works).

For practical/numerical exams, as I said, there will be only one in the entire semester—just prepare this one before the exams begin.

Believe me, you don't have to study much, and you don't even have to attend much.

**Additional Tip:** Don't attend SEC and VAC classes in the afternoon.

* You don't need to as there is no marks for attendance.
* All the subjects are just basic stuff (except technical ones).

Only take these classes when you've missed others in a day to maintain 50%+ attendance (to avoid getting detained from your college).

Scoring 10 in technical subjects is easy. You'll have practical exams + assignments.

* For basic theoretical ones, just score 28/30 in main exams.
* Submit all assignments.
* Participate in class activities if any.

These are CGPA booster subjects—don’t miss the chance to get a 10.

As for Hindi AEC, I have no idea. Just aim for an 8 CGPA—that’s enough. 😆"
Murky_Read645,Rajasthan diwas ❤️,0,18,1.0,0,1743347003.0,False,t5_3ftqw,"Happy rajasthan diwas to all the rajasthanis ....wese kaha se ho aap sab!!(District)
..me jodhpur se"
Far-Reception-2096,How to talk to proffesors,0,15,1.0,0,1743349742.0,False,t5_3ftqw,"Heyy everyone, I have always listened here and there that you should talk to your college proffesors, they will guide you about internships and all, if you need to build something they will help you.

But, most of the proffesors don’t give shit about us. They seem to be the most unapproachable people on planet.

Can someone help me on this"
No_Homework_7007,"Delhi's St Stephen's College imparts religious lessons, violates Supreme Court’s ruling in AMU case | Delhi News - The Times of India",0,13,0.84,0,1743350175.0,False,t5_3ftqw,
archi50,Environmental Survey,0,5,1.0,0,1743366057.0,False,t5_3ftqw,"Can you all please fill this form it's for my stupid AEC assignment?
Since I have no friends, I would really appreciate it if you all can fill out this form it's just 10 questions.
Hoping I get at least 20 responses 😭"
DowntownJunket4910,SOMEONE WHO GOT A 10LPA+ PLACEMENT AS A BCOM HONS GRADUATE,0,48,0.92,0,1743317161.0,False,t5_3ftqw,"How exactly does one excel in placements? Like what one person does differently than others that he gets a 10-12 lpa package while others barely make it to 4-5 lpa? 

If you have been placed with such offer, please let us know the skills needed or basically what you did that help you and what you did different than others? "
jdbro58,BRACES IN DU,0,5,0.73,0,1743354638.0,False,t5_3ftqw,Didi / bhaiya aap me se kiski agar braces lgen hain to ye btao delhi me koi dental hospital ki location pta hai har mahine jana pdta haina braces ke liye ab jha mera ghar hai vaha to jaa nahi skta delhi me hi ilaaj krwana hai koi govt dental hospital ki location btao yrr 
Accomplished-Teach-0,Improvement exam.,0,3,0.72,0,1743359193.0,False,t5_3ftqw,Guys do ia have to apper in practial if i am appearing for improvement exam this sem.
Old_Cress9578,SPONSORSHIPSSSSSSSS proposal template,0,4,0.83,0,1743356945.0,False,t5_3ftqw,"guys tum log mein se agar koi bhi has been in sponsorship team, kya tum mujhe sponsorship proposal ka ek template de sakte ho kya??? plese urgently needed, we need a reference."
MixIntrepid6851,Phd Psychology,0,1,1.0,0,1743363556.0,False,t5_3ftqw,"Hows the Ph.D in Psychology at DU? How are the supervisors and stuff? Also, any tips for the prep and entrance?"
Icy_Agency_5293,People from HP in DU?,0,4,0.83,0,1743341413.0,False,t5_3ftqw,I'm from Himachal too. Would you like to connect? I've not found a single Himachali in my college and the area around it. Hence I always feel a lack of familiarity around here when I compare with our Uttaranchali counterparts. Literally every 3rd or 4th person I meet is from Uttarakhand. Feel free to DM :)
prowler010,"Students who were once an ex student in du , can y'all pls connect.",0,14,0.94,0,1743310950.0,False,t5_3ftqw,Can y'all pls connect I've some doubts🙏🏻. 
ShubhamSus,Question regarding improvement exam,0,1,0.67,0,1743359113.0,False,t5_3ftqw,"Hi everyone, I am thinking to appear for management accounting improvement exam. If anybody has management accounting as their subject could you please share the course content so that I can confirm there is no new addition in the syllabus.

Also, let's say if I score worse in my improvement exam will my marks be reduced??"
Emocucumber,Has anyone given an improvement after getting a 7?,0,3,1.0,0,1743337112.0,False,t5_3ftqw,"I have a 7 in a subject and i really need a better grade overall, I feel it's the only subject where I can actually do better. Do y'all think it's worth it to give an improvement? Anyone here who has actually done it???"
Academic_Queries,Survey on Sustainable Marketing (can consider monetary compensation if you fill it),0,3,1.0,0,1743331605.0,False,t5_3ftqw,"Hello!

Would be of great help if you can fill out this form for research purposes. It will take less than 5 minutes to fill it.

[https://docs.google.com/forms/d/e/1FAIpQLSd1koPfQpVV9mIKJQc6RYPkcX-N-eBymSeQbMoiu\_6YGqYFIA/viewform?usp=sharing](https://docs.google.com/forms/d/e/1FAIpQLSd1koPfQpVV9mIKJQc6RYPkcX-N-eBymSeQbMoiu_6YGqYFIA/viewform?usp=sharing)

Thank you!"
Readsbooksindisguise,Ramjas (SA) Incident: UPDATE,0,55,0.95,0,1743273573.0,False,t5_3ftqw,"https://preview.redd.it/iv4afa2cbore1.png?width=842&format=png&auto=webp&s=fb2291bdc8ab54b878b497563d3c7d63359acfab

"
Individual-Guava6880,Case Partner,0,4,0.75,0,1743315083.0,False,t5_3ftqw,"Hello, I am from SRCC, so D street society of our campus is conducting an equity reserach competition. I know about equity research. I need one more person preferable someone who have knowledge about equity research. 
The top 3 teams will get interview opportunity with frost and Sullivan company. Plz dm me..."
aryan9696,Does doing ba economics from srcc makes sense if I want to break into quant finance,0,2,0.63,0,1743310328.0,False,t5_3ftqw,"So my plan is to get into ba economics in srcc and then gain 2 or 3 years of work experience do masters in maths/financial engineering/statistics and then break in quant finance ....
So should I opt for srcc if I get the chance?? "
Agreeable-Advisor408,1st sem ka result kab aaega????,0,2,0.75,0,1743316099.0,False,t5_3ftqw,Please batao yaar
Evil_Daoist,Has Anyone Learned Mandarin at Langma Institute (Delhi)?,0,2,1.0,0,1743314719.0,False,t5_3ftqw,"Hey everyone,

I'm planning to learn Mandarin in Delhi, and I've come across Langma school of languages. They seem to be the only HSK test center here, which is a plus, but I’ve seen mixed reviews online, especially about their management.

If you’ve studied Mandarin at Langma, could you share your experience?

How are the teachers? Are they good at explaining concepts?

Is the course well-structured and worth the price?

How is their management and scheduling? Any issues with cancellations?

If you took the HSK exam there, was the process smooth?

Would really appreciate any insights before I make a decision. Thanks in advance!"
blehblehwhocares,What's the paper revaluation process?,0,6,1.0,0,1743294038.0,False,t5_3ftqw,I got an unbelievably low score in my GE sem 5. I had good internals and a decent exam can't figure out what went wrong. So what's the paper revaluation process and has anyone had any success(basically increase in marks) with the process? 
kacchaaaam,Does sbsc verify the medical certificates?,0,8,1.0,0,1743282613.0,False,t5_3ftqw,"So i’m in bit of a situation and i need to apply a medical certificate to squeeze in some attendance. I just wanted to ask that will the admin call and verify from the doctor that is it a valid certificate or can i just edit any previous prescription to get the work done?

If any of you from other colleges have any experience in this matter feel free to drop in the advice."
Turbulent-Solid5856,I Made a Discord Server for This Subreddit! Join Us,0,1,0.56,0,1743316573.0,False,t5_3ftqw,"Hey everyone! I noticed this subreddit could use a dedicated Discord server, so I made one for all of us to connect, chat, and discuss

Join here: https://discord.gg/5DtR2Caben"
serialhuggers,My Den PG Shakti Nagar,0,7,1.0,0,1743267591.0,False,t5_3ftqw,"I wanted to know about the good and the bad of My Den, Shakti Nagar, if anyone's from there, please text me personally. 
Or if anyone's heard any stories about the pg, lemme know"
captainaryavart,This will only take 37 seconds,0,33,0.87,0,1743234911.0,False,t5_3ftqw,"Hey, my team and I are gathering data to get a clearer picture of higher education in India.

Please take a moment to fill out this form and help us gain valuable insights.

Also, do upvote so more people can contribute :)

[Google form](https://forms.gle/NtAW19DasxScSzMTA) 

"
Competitive-Shine865,Can someone tell me if this is legit?,0,6,0.88,0,1743267452.0,False,t5_3ftqw,
jeeeeezxy,Flatmate search,0,11,0.93,0,1743252284.0,False,t5_3ftqw,"Chat we are looking for a guy as a flatmate. Its a 2BHK in Nehru Nagar, not quite the best place yk but the rooms are really good. I mean its fair enought according to the price y'all. I will disclose the price if yall actually interested (dont wanna look broke yk) 

So, yeah if yall interested a DM 

Btw thats a picture of a DungBettlet they roll around balls of cowdung...they seem chill to me "
MysticWanderer04,Looking for casecomp teammates,0,9,0.91,0,1743255848.0,False,t5_3ftqw,"Hi! My friend is a student at SSCBS, looking for teammates for case competitions (preferably people with experience, who have participated and won other comps). He doesn't have high karma so he told me to post so helping my friend out.
Comment if you’re up for it, also mention your college.
Thenkuuuuu :)"
Competitive-Shine865,Urgent question (please jaldi answer krdo),0,2,1.0,0,1743266515.0,False,t5_3ftqw,"Meri friend ne semester 2 ki back semester 4 mei nahi diya dobara, and examination form mei vo semester 2 ka re exam nahi dikha rha hai what can she do?"
Emocucumber,Can you give an improvement exam after passing out?,0,3,0.81,0,1743250680.0,False,t5_3ftqw,"So yeah i recieved a bad grade only in 1 subject( 5th sem)which I hadn't studied for, I'm confident that next year I'll score better than this. 

So would I be able to give it's improvement exam next near, given that I've passed out and I don't have an ER "
Soggy_Refuse_2160,Confluence hansraj fest,0,1,0.6,0,1743275787.0,False,t5_3ftqw,Heard it's not good this time anyone going to day 3 ?
Average__Enjoyer4,Help needed,0,3,1.0,0,1743253378.0,False,t5_3ftqw,Does anyone commute from gurugram to their college daily (north or south campus?) I need some help 
Proper-Elderberry-58,Got scammed in Delhi Metro,0,209,0.95,0,1743167458.0,False,t5_3ftqw,"I was on Kashmere gate metro station. Then suddenly a lady (late 20s) came across me and told her wallet is lost and she needs ₹700 as she has to catch a cab from Rajiv chowk to manesar. I told her I don't have cash all I have is google pay. To this she told we can ask someone to convert it into cash. We got one guy who gave us ₹700 in turn I transferred the amount to that guy's bank account. I asked her that I need something to verify that it's not a scam. Like your number to this she said my husband is narrow minded person. Everything was so quick that I didn't get time to think. She looked so genuine she even had an iphone and even her attire looked expensive. She said that I am like his younger brother. I am kind of a person who always try to think critically rather than getting driven by emotions but she made me kind of emotional with that sentence. Please trust me I will return you the money on 4.30 p.m. just give me your scanner. I gave the money and my QR to her but as expected mera kt gya and I can't do anything. I am a huge Batman fan even values like helping others when they need is inherently in me. I couldn't help myself with it. I just love to help others, if I could. But today I got scammed. I don't care about money but what I care about is that my elder sister must be eating her pizza out of my pocket. 

Moral :- Never let your emotions decide "
hrishikeshew,SURVEY on airpollution in Delhi (university project).,0,2,1.0,0,1743256847.0,False,t5_3ftqw,Hello! A very short survey for a university project on Delhi's air pollution and potential products that will help fight against air pollution!!
hdiabdul,FEST,0,5,0.78,0,1743242204.0,False,t5_3ftqw,Is anyone going to fests? Let's go together? I didn't attend any yet.
Lemonade2250,Do you feel demotivated when you don't work on your life ?,0,12,0.88,0,1743214983.0,False,t5_3ftqw,"
I feel so demovating like I feel as if I'm just hurting my soul at this point when I'm not doing the things I know I should be. I waste my time so much in distractions that I've now forgotten that I need to work on myself. I'm treating myself like some third person instead of a priority. I don't exercise everyday. I tell myself I'm start eating healthy but majority of the time just stress binging.. I wake up and say okay today is the day, gotta work on those goals but I don't pay attention to that either. Instead I spend time on the phone doom scrolling. Feels like I have no self respect and accountability. I'm literally ignoring myself but I'm so good at giving others advice. I don't know why is this happening. Am I just not mentally capable, am I just lazy. Am I scared and ashamed. Don't I not believe in myself. "
dngrswalker,Volunteers for Astrology research,0,7,0.77,0,1743222415.0,False,t5_3ftqw,"I am a Senior Acharya of Astrology from a reputed college. I have been learning and practicing astrology for 3 years now. I am doing research on Medical Astrology and mental health problems along with remedies associated with this. 
I want some people who are interested in a research group with whom I can interact and solve out their problems or answer to their queries for good. 
Please feel to comment your DOB, time, place. And any specific question or problem they are facing any health issues. I will also get feedback from you guys and my astrology predictions can be more accurate overtime.
It is free and I won't charge anyone to participate in this.
Thanks in advance ☺️
Edit: Group is currently closed 🔒 Not accepting more members RN. "
National-Spring4543,"Reposting it, please someone advice me what should I do?",0,3,1.0,0,1743233117.0,False,t5_3ftqw,
himanshushah90,DU MCA Cutoffs,0,3,1.0,0,1743232790.0,False,t5_3ftqw,does anyone know about the DU MCA cutoff. i am not able to find it anywhere. I gave the exam on the 27th and wanted to know if i am cooked or not. 
Aamdanidaniels69,Piyush Mishra in my college!!!!!!!,0,18,0.74,0,1743181315.0,False,t5_3ftqw,"I am in hansraj and my society's event is taking place on 2 april and piyush mishra is comingggggg!!!

m so excitedddd!!!
also if you guys wanna come you can(its paid)

ps: far better than our shitty ass college annual fest."
Aamdanidaniels69,THE PIYUSH MISHRA in my college,0,12,0.73,0,1743182929.0,False,t5_3ftqw,"piyush mishra is coming in my college( Hansraj)
😭😭😭😭🥰🥰🥰🥰
you guys can also come(paid tix)
"
kaladambar69,Plesse help!,0,4,0.83,0,1743185805.0,False,t5_3ftqw,if I don't fill the examination form then my admission will be cancelled?? Because I am giving entrance exam this year.
Sufficient-Friend634,Please help 🙏,0,11,1.0,0,1743164244.0,False,t5_3ftqw,"Hello friends please help me yesterday my 5th sem result was out so when I checked it my 1st Sem 2 backs are not cleared till now and it was because I was absent in it in my 1st sem exams but till now I have given back exams of these 2 subjects 2 time in my 3rd semester exams and 5th semester exams but till now this stupid fucking asshole university didn’t rectify my result and I have given applications regarding these back result issue in my admin office but they only told me don’t worry your result will be autocorrected but till now I am losing my all hope and now only 1 semester is left in my degree and till now this problem is not solved please 🙏 can anyone give solutions regarding this problem it will be a big help from you all.

Should I talk to my principal regarding this matter as my parents are also worried."
Straight-Ride-4667,Have your marks ever changed after applying for revaluation?,0,11,1.0,0,1743157159.0,False,t5_3ftqw,"Just got my 5th sem results and I'm freaking out - ER in Advanced Mathematical Method of Economics despite improvement exam!

I just got my 5th semester results for Economic Honours, and I'm really worried. I had taken an improvement exam for my 3rd semester Advanced Mathematical Method of Economics paper, hoping to better my grades.

However, the exam was tough and i wasnt expecting much but i expected to get atleast C or B. But what's shocking is that despite my internal and lecture grades remaining the same (F and B), I've now got an Essential Repeat (ER) in Advanced Mathematical Method of Economics! Is this a technical mistake?

I'm panicking because I know I won't be able to get my degree without clearing this ER. Has anyone else faced a similar situation? What are my options now?

Any advice or guidance would be really appreciated!

TL;DR - Got ER in Advanced Mathematical Method of Economics despite improvement exam. Internal and lecture grades remain the same

"
Mysterious-Door-7482,Attempts allowed in ER examination.,0,6,1.0,0,1743166924.0,False,t5_3ftqw,"I have a query related to ER. My cousin is in DU currently, and has backlog in every semester, 9 Backlog Total till now. (Sem 5). He cleared only one backlog. Attempted Sem 1&3 ER this year and cleared only 1 put of 1/4. Now 3 still remain to clear. And got 1 ER in Sem 5. Can someone tell what to do? How many Backlog Attempts can one give? Or should i recommend him to leave college instead???"
kallu-kaaliya,sem 1 result sem 3 ke baad aayega? 🥸,0,13,0.81,0,1743150124.0,False,t5_3ftqw,idk bas thodi chul ho rahi hai marks jaan ne ki
Odd_Organization2085,AIIMS Delhi Anime Quiz - Solo Leveling - LitSoc,0,2,0.75,0,1743178516.0,False,t5_3ftqw,"https://preview.redd.it/jbsyd9yoggre1.jpg?width=1024&format=pjpg&auto=webp&s=06ec195c1118e78dda81ef9597c369b9ba9e486f

The Literary Society of AIIMS Delhi presents \*ARISE\*- \*The Largest Solo Levelling Quiz!!\*  
  
Join us as we conduct the largest online quiz. This will be based only on the 2 seasons that have aired in the anime, no manhwa.  
  
Exciting \*cash prizes upto 2000\* along with \*solo levelling merchandise\* and \*crunchyroll subscription\* would be provided to the winners  
  
How to play? It's simple!  
Just sign up, and be ready with your devices at home at 7PM sharp. The quiz will automatically end at 7:20PM!  
  
To sign up: [https://forms.gle/zRB4QxNtNtmiVpuP9](https://forms.gle/zRB4QxNtNtmiVpuP9)  
  
For queries, contact: 7569861891 (Bharat)"
piratica_seeker,Seeking Sponsorship for Our College Fest – Prime Space for Brand Stalls & Ads!,0,1,0.67,0,1743190978.0,False,t5_3ftqw,"
Hey everyone,

We're organizing a grand college fest at oir College, and we're offering a fantastic sponsorship opportunity!

We have prime on-campus space available for brands to set up their stalls or showcase their advertisements during the two-day festival. This is a great chance to engage with a large student audience while supporting an exciting college event.

If you're a brand or know someone who might be interested, feel free to DM or comment below! We’d love to discuss the possibilities.

Let's make this fest unforgettable together!

"
Worldly_Guest5792,Healthy food in DU,0,8,0.79,0,1743142866.0,False,t5_3ftqw,"Hi guys, can anyone suggest me places where i can have healthy and affordable food in and around arts faculty. I'm vegetarian and would ideally prefer a protein rich food."
Daredevil987,Accidentally Chose a Wrong GE in B.Com (Hons) Sem 2 – Am I Cooked?,0,7,1.0,0,1743145105.0,False,t5_3ftqw,"So, I’m in B.Com (Hons) and currently in my 2nd semester. When choosing my General Elective (GE), I went with one offered by the commerce department, not knowing that we aren’t allowed to pick a GE from our own department.
 
I just found out about this today, and now I’m panicking. Has anyone been in a similar situation? What should I do? Is there a way to change it now, or am I stuck? Any advice would be really helpful!"
OstrichAfraid628,Anyone up for quiz competition in Kirorimal College,0,2,1.0,0,1743163418.0,False,t5_3ftqw,There is a two-day quiz fest in KMC but I will be participating on 1st April only. The theme of competition is General and India quiz. Need one member.
ElectronicSummer3288,how to study for general test?,0,0,0.4,0,1743176555.0,False,t5_3ftqw,hey seniors please drop your strategies on hoe to study general test
SubjectBoat847,Are Outsiders allowed in the SGGSCC fest?,0,3,0.71,0,1743162842.0,False,t5_3ftqw,as the title says
pandaeyesdidntsleep,Exam result query pls help,0,3,0.72,0,1743148533.0,False,t5_3ftqw,"I checked my result yesterday for 5th sem and I have an ** F in the GR(L)of a core but my NTGR is C**

I have querries regarding the same : 

1) am I pass in the paper or do I need to repeat this paper ? 

2) if I need the F rectified what do i apply for : revaluation or rechecking ? And how do i do it?

3) silly ques : is this F going to affect any admission further in future?  

ALSO I AM FROM NEP BATCH ,AM I PASS IN THE PAPER QS I SAW ON GOGGLE.THAT I NEED TO PASS THEORY AND PRACTICAL SEPRATELY BUT I DONT HAVE ANY ER WRITTEN IN THE REMARKS COLUMN"
Prestigious-Box-698,NEED HELP (laude lag gaye😭),0,5,0.86,0,1743144092.0,False,t5_3ftqw,So I got an ER in one paper (I didn't give internals and now I'm regretting it) and I think I just need 2-3 marks more to pass. Is there any scope for rechecking/re-evaluation? I really don't want to come back next year to give it again.
anthonystark555,Got lower results than expected,0,8,0.9,0,1743130828.0,False,t5_3ftqw,"In subjects, where I thought did well and wrote perfect answers, I got a C/B+ and in which I thought I will get a C, I got a C/B+. Should I go for re-evaluation?"
Visible-Public2265,CASE COMP PARTNER AVSGSGGDH,0,0,0.33,0,1743171337.0,False,t5_3ftqw,"guys i like NEED a case comp partner atp, i've asked all my friends and they keep putting it off ki after this after that so hmu because i don't wanna put it off ab. 

p.s: 1st year bcom p student"
Lyntris,CANT FIND VAC IN PAPER SELECTION ON DU WEBSITE TO REGISTER FOR EXAMINATION (2ND SEM),0,2,1.0,0,1743154192.0,False,t5_3ftqw,Guys i had my current VAC in previous semester as well but now i cant find it in the paper selection someone help me please im super stressed how am i gonna fill the form up... I CANT FIND FINANCIAL LITERACY TO FILL MY VAC2 💔💔
Familiar_Internet,Anyone going to IGDTUW today?,0,3,1.0,0,1743144930.0,False,t5_3ftqw,"Basically me and my roommate decided to go together but I got the passes and he didn't, ab akele nahi jana, is anyone else going today?"
Delusional_Batman,I FUCKING HATE DU,0,39,1.0,0,1743094667.0,False,t5_3ftqw,
X-factor03,NEED HELP,0,5,1.0,0,1743138543.0,False,t5_3ftqw,"There is one subject in which I got the lowest grade, which I was expecting, specifically in GR(T). Now your's insight what should I do?"
Asleep-Teacher5760,DU’s Website Is Held Together by Hope and Prayers,0,59,1.0,0,1743083576.0,False,t5_3ftqw,"
Every time results are announced, the DU website crashes. Every. Single. Time. You’d think after years of this, they’d invest in better servers, but nope. It’s like they enjoy the chaos.

Edit: I got 7.27, this is the highest I've gotten. Eng hons me yehi lana bht mushkil hai😭"
IncognitoMode_0N,Vice Chancellor internship,0,5,1.0,0,1743133838.0,False,t5_3ftqw,Is there anyone who is currently doing / or has done this internship ? I have few queries to make 
anyonymouswannabe,Real hai kya,0,213,0.96,0,1743055763.0,False,t5_3ftqw,
omegapussyslayer,Gave improvement exams. Got lower marks than last sem. Can anything be done?,0,6,0.87,0,1743129060.0,False,t5_3ftqw,"Basically the title. So I gave an improvement exam because I had gotten '7' in the previous sem, but now I got 6 😭. Can anything be done to restore previous marks?"
jee_victim,Advice,0,2,1.0,0,1743145042.0,False,t5_3ftqw,Is there anyone who's from pcm background in north campus currently? What was your score and from where did you prepare? I want to do economics from hindu/hansraj (or any other) so need some advice 
RareAnything3034,Please help (Urgent),0,1,1.0,0,1743155248.0,False,t5_3ftqw,"Mere 4th sem mei back h or ab 6th sem mei uska paper dunga 

Uska paper bhot hard h or practical mei mjhe C mila tha or shyd internals mei kch nhi to 
Kya practical or internals deskta hu kisine kra h aise change hojate h grade kch khte h nhi hote purane wale lagte h koi khra h NEP mei deskte h firse practical and internals please koi btado 
Please help "
Fun-Story2448,Asian school of business noida,0,2,1.0,0,1743140601.0,False,t5_3ftqw,"Kaisa college hai? Kisi ke koi jan pechan ka gya ho tho. Review dedo
"
Calm_Tailor6958,How many marks for attendance in practical subjects?,0,1,1.0,0,1743153137.0,False,t5_3ftqw,I have only attended 2 classes of my vac( digital empowerment) assignment and presentation de deti hu but what about attendence marks. Since it's a practical subject does it have more marks for attendence? Should i start attending its classes (2 hr wait krna pdta😭 aur fir 2 hr jhelna pdta) she is taking presentations which is so damn boring. Class me net bhi nhi chlta🤡
ukekio,Last-Minute Course Enrollment Crisis: What to Do?,0,1,0.67,0,1743152004.0,False,t5_3ftqw,"I didn’t get enrolled in any of my additional courses, and it’s almost time for the end-of-semester exams. What should I do? I filled out the online form in January, but there was some error. Later, everyone with form errors was told to speak to the teacher about it. That was in February, but I got too lazy and didn’t follow up. Now it’s nearly the end of March, almost April, and I still haven’t been enrolled in any additional courses. What should I do?"
Different-Gene7250,not able to open my result,0,1,1.0,0,1743151677.0,False,t5_3ftqw,what do i do?
Puzzleheaded_Bet1538,Title: Just got my 5th sem results and I'm freaking out - ER in Micro Economics despite improvement exam!,0,31,1.0,0,1743081058.0,False,t5_3ftqw,"

Hey fellow students,

I just got my 5th semester results for Economic Honours, and I'm really worried. I had taken an improvement exam for my 3rd semester Micro Economics paper, hoping to better my grades.

However, the exam was tough, and I wasn't expecting much. But what's shocking is that despite my internal and lecture grades remaining the same (F and B), I've now got an Essential Repeat (ER) in Micro Economics!

I'm panicking because I know I won't be able to get my degree without clearing this ER. Has anyone else faced a similar situation? What are my options now?

Any advice or guidance would be really appreciated!

TL;DR - Got ER in Micro Economics despite improvement exam. Internal and lecture grades remain the same"
fakegymbro,"Du fucked me up, I'm in my last semester, advice needed",0,4,0.76,0,1743113912.0,False,t5_3ftqw,"They gave me an f in social media marketing? I'm panicking right now how will I apply for colleges, Universities, internships and placements now???"
RJ_treehouse,"Result aagya, aaj se padhai chalu 👍🏻",0,17,0.88,0,1743086003.0,False,t5_3ftqw, Academic glow-up ka time aagya hai
National-Spring4543,"DU has not refunded my fees yet, can anyone please tell me what action I should take",0,1,1.0,0,1743140089.0,False,t5_3ftqw,I have the admission cancellation payment receipt with me and also I have sent them 100 mails on uggrievance@admission.du.ac.in still no reply from their side 
No-Promise4688,Quiz enthusiasts where are you all!?,0,1,1.0,0,1743137580.0,False,t5_3ftqw,"📢🚨 *Shyama Prasad Mukherji College for Women (University of Delhi) – Department of Computer Science presents* 🚨📢  

🔥 *BRAIN BUZZER – The Ultimate Quiz Whiz Showdown!* 🔥  

Think you're the sharpest mind in the room? It’s time to prove it! 🧠⚡  

🔹 *Round 1: Prelims (Online)* 💻  
📅 Date: 31st March 2025  
⏰ Time: 11:00 AM  

A fun and challenging quiz to test your knowledge! The top teams will qualify for the grand finale.  

🔹 *Round 2: Mains (Offline)* 🎯  
📅 Date: 3rd April 2025  
⏰ Time: 2:00 PM  
📍 Venue: Hall 2, SPM College  

The ultimate face-off! Compete against the best and race against the buzzer for victory.  

👥 *Team Size:* 2 members per team  
🏆 *Certificates for winners*  

📌 *Registrations are OPEN! Limited Seats Available!*  

🔗 *Scan the QR Code on the poster to register now or click here:*  https://docs.google.com/forms/d/1AOxZYjhh8s81j9QtCs0OYoVdZSdltWnFLy-m6Xz7IIU/edit?chromeless=1#settings

*For queries, contact us at:* brainbuzzerspmc@gmail.com

Gather your quiz partner and get ready for an electrifying challenge! 🚀🎉"
Low_Analyst_9628,"Any ☕️ on my result after SEM 5, BTW Passed Income Tax without studying.",0,9,0.81,0,1743091651.0,False,t5_3ftqw,
wyliez,Help with re evaluation,0,8,0.91,0,1743097756.0,False,t5_3ftqw,"I just got my 5th semester result today and it is extremely bad!!! I have got really less marks in my internals and it has impacted the overall cgpa a lot! 
Is there any way I can go for revaluation or re do this internal now? I’m in my final semester now, please help me if you know if there’s any way I can re give my internals for a 5th semester paper!! "
Fisher_v5,IMPORTANT,0,2,0.75,0,1743121397.0,False,t5_3ftqw,"Guys, I somehow got ER in my SEC, but the thing is that I had given all the assignments and presentation required for it. It was 5th sem result, what can I do to resolve this cause I've already given my pg exam and if it doesn't get resolved then my one year is wasted."
glittering-angel-444,results ‼️,0,15,0.86,0,1743080056.0,False,t5_3ftqw,"yall (esp first years) pls just check [here](https://durslt.du.ac.in/AC_INTERNET_INDEX/Students/Combine_GradeCard.aspx?ExamSession=Nov-Dec+2024) for your course. AFAIK results ONLY FOR SEM 5 are out but if you're curious, you can check here without even logging in. it's that easy. please don't spam. ek baar aane do fir post karlena 🙏🏻"
Suspicious-Young-270,Pls help,0,6,0.88,0,1743089229.0,False,t5_3ftqw,"Can someone pls explain what does this NA mean it is in GR(T) column. 

If it's not applicable then how is it making my total grade D ? 
(I have appeared for all the internals and had scored decent marks)

Is this error on the university/college/teacher side ?"
Head_Ad_8104,I wish I knew this when I was about to join the University.,0,13,0.71,0,1743074262.0,False,t5_3ftqw,"
Listen listen
Most of us have enough time to sit and watch cartoons but none of us try to find out actual ways of earning money or atleast fund our education ourselves.

Have you ever heard of scholarships?

1. Let us tell you: Big companies like Google, Reliance, etc., MNCs ,charitable foundation they all provide financial support in form of scholarships to students those are good in studies or even average or unprivileged. You need not pay back the scholarship amount in the first place. 

2. Sometimes, they may award you as high as 50 thousands to support your education. Scholarship providers just ask for basic details like your class, year background etc. Generally, scholarships are awarded on the basis of merit and financial condition. It may vary case to case.

3. Many times, scholarship providers have their own dedicated portals through which you can fill up the scholarship application forms online which hardly takes 5 to 10 minutes.

4. Those who don't know, there is a term known as 'Corporate Social Responsibility' Policy under which big companies must have to spend a part of their profit for good causes like education, healthcare, environment etc. It's not that these opportunities are meant only for undergraduate studies. They can vary from nursery to PhD level, hear me out.

Tell m, are you really happy spending 10s of hours in downloading apps from here and there to earn commissions from referral & bonuses? If you answer is No.
Then, please stop wasting time playing colour gambling etc.

For public awarenessfor scholarships,
We have just started regularly uploading videos on youtube to spread information about such opportunities which are new and active and most importantly, known to lesser people. And everyone can apply and get selected. 

The yt channel name is AAGE HAMESHA scholarships. Alternatively, check profile of ours. If you're still unable to find, then dm. 

Give this post utmost priority- don't be negligent towards education.

(Upvote if it is helpful)


Remember that the real and valid scholarships are only those which have absolutely 0 registration fees.

I just wanted to share this because no one talks about it openly.

Please stop not posting this in relevant student WhatsApp groups and communities.


    

"
falodaicecream,First Division cutoff in NEP ?,0,2,1.0,0,1743107501.0,False,t5_3ftqw,Kya hoti hai guys same as title. Some say 6 some say 6.5????
GreenBasi,Bhai ye kya kar rhe hai du wale results ke sat kisi aur ke sath bhi aisa hua,0,3,1.0,0,1743098876.0,False,t5_3ftqw,"Bhai mtlb kuch bhi wtf man


Har semester ke subject same same repeat kar rakhe like wtf man


Ab kya karu bhai koi dikkat hogi kya "
OpportunityBig7181,Regarding creation of a new society.,0,4,0.84,0,1743092484.0,False,t5_3ftqw,I want to open a new society for my college. What’s the procedure to for it? Please help me out guys.
sleepylilberry,Result not showing on Samarth DU,0,5,1.0,0,1743091810.0,False,t5_3ftqw,As above. I just opened my Samarth portal but my result for sem 5 is not showing in Results tab. Did they take it back or something????? 
I_-AM-ARNAV,Results dekhlo,0,4,0.83,0,1743091339.0,False,t5_3ftqw,https://slc.uod.ac.in
DapperWorker4925,How much cgpa you can expect from bcom hons,0,6,1.0,0,1743079718.0,False,t5_3ftqw,Same as title I am so stressed about it however I attempted all questions in exams 
Unusual_Mongoose_408,How bad is 6.2 ( for masters) ???,0,1,0.67,0,1743110804.0,False,t5_3ftqw,"As mentioned above, also when highest is below 8"
Readsbooksindisguise,Why isn't the North Campus closed off to outsiders?,0,46,0.81,0,1743035181.0,False,t5_3ftqw,"https://preview.redd.it/ikds64ohl4re1.png?width=2878&format=png&auto=webp&s=e96924634428c1ad351fdefcd68b472a5145d094

Imagine if the black highlighted area is closed off to outsiders and their cars unless except to those with passes. Imagine how safe, quiet, peaceful and calm would it feel being inside the campus😢. 

P.S. I'm aware I've highlighted the black area which I did to demark the university campus has mistakes."
ConsiderationAny8001,Is 7.64 good for bcom prog?,0,2,1.0,0,1743095132.0,False,t5_3ftqw,Ik i am fucked as shit🥲🥲
Longjumping_Peak_840,Is Hansraj fest worth going,0,0,0.33,0,1743128517.0,False,t5_3ftqw,Heard it is bad because of principal 
Interesting_Froyo302,Do I have to give my internals again if i am appearing for improvement exam?,0,1,1.0,0,1743106025.0,False,t5_3ftqw,"I am in semester 6 and am planning to give an improvement exam of semester 4. It is not a subject that had any practical, just theory and internals. I have good internal grades and not good theory/written paper grades, therefore I only want to give my theory exam and not internals again. Do I have to attend classes and give my internals again in this case or do I just give my theory exam and the internal marks will be the same?"
Competitive-Shine865,"Bhai I am hearing 5th sem results out, Koi aur hai jiska",0,3,0.8,0,1743083373.0,False,t5_3ftqw,jiska meri tarah income tax ka paper bahut hi zyda vahiyaad gya tha ? Can they check if they passed? I am seriously scared af
Ok-Camera6193,Any of u guys going to the IGDTUW fest today?,0,1,0.67,0,1743104346.0,False,t5_3ftqw,Same as title
Sad-Comb1765,"Urgent help and advice 6th semester exam, clashing",0,3,0.81,0,1743071905.0,False,t5_3ftqw,"My my friend is in Sol ✨, sixth semester, and his CMA exam and one 6th semester exam is clashing, he can’t leave CMA inter exam , and  also has to start  PG ( master), 
he is in very tension and need serious advice. What can be done so that he can start his masters and also give Cma inter exam "
anjulbhatia,Any idea about C.U.E.T MCA and MSc OR cutoffs in DU.,0,4,1.0,0,1743071802.0,False,t5_3ftqw,Please share if any current student of these courses can tell they cutoffs in both these courses (UR)
d0rkacademia,how many du lit majors are gonna do the fourth year?,0,7,1.0,0,1743059846.0,False,t5_3ftqw,kinda scared bec there are little to no guidelines how things would go about in fourth year
kavvanot,DU result sem v,0,2,1.0,0,1743097717.0,False,t5_3ftqw,Is there anyone who got “NA” as a grade under practical in the result? I don’t even know what that means
jethiya31,Result aagya kya?,0,2,0.75,0,1743082997.0,False,t5_3ftqw,Guys site crash hori h sem 5 waalo result dekha kisi ne?
avocadro_kadavra,Fest stall,0,1,1.0,0,1743094985.0,False,t5_3ftqw,How much price you have to pay to put up a stall in college fests? Any approximate idea. 
Designer-Volume5826,From a third-year CBSite: Why You Should Consider Not Joining SSCBS,0,2,0.55,0,1743080882.0,False,t5_3ftqw,"Hello to everyone considering joining SSCBS! You’ve likely heard about the reasons to join SSCBS from various sources online, from friends, and even from some existing CBSites. However, I'd like to offer a contrarian perspective to help you make a more informed decision. Please take this as constructive criticism, not a negative rant.

1. **Lack of Originality:** In terms of case competitions, societies, internships, and academic scores, SSCBS offers limited opportunities. You'll find very few options for sports or research activities. Life here can become monotonous, and you may feel pressured to conform to activities that don’t genuinely interest you, which can hinder your ability to form independent opinions. For example, the data analytics society focuses more on case competitions than on actual data analytics events. Additionally, you might struggle to get time off for internships, and there's a strict 67% attendance requirement.
2. **Authoritarian Environment:** I won't say much here; just take a look at the college's LinkedIn page. It’s clear that only a handful of people (four or five at most) make key decisions at the college. If you identify as an anti-establishment person, you might want to consider other colleges.
3. **Inflated Placement Figures:** Many off-campus placements are included in the reported figures, which inflates the number of students who appear to be placed and the average salary package. Furthermore, the reported packages may not reflect actual take-home pay (you only receive basic pay plus any allowances and bonuses). This placement season, only about 60%-70% of students have secured placements with just a month left until the end of placements. There are also criteria for participating in placements, such as GPA, summer internship experience, attendance, and community service involvement. Additionally, not all of the ""big companies"" listed in the placement brochure may actually visit the campus in any given season.
4. **Toxic Society Culture:** Prominent societies on campus often portray themselves as part of an elitist ""top 5% club,"" despite many students from other societies or those who are less involved being just as intelligent and logical. Recently, some top societies have begun to recruit exclusively from higher social strata, which seems unjust and goes against the principle of inclusivity in college.
5. **Limited Recognition:** While IIM interviewers generally recognize and respect our institution, this is not true across the corporate world. I've encountered HR representatives who are unfamiliar with SSCBS, even though the campus is located in the Delhi NCR region.
6. **Issues for Minority Students:** There are instances of mockery directed towards Christian and Islamic folklore, and some professors hold notably right-leaning views. Additionally, events often feature the singing of 'Saraswati Vandana,' which may conflict with the fundamental beliefs of those who follow monotheistic faiths and adhere to non-idolization."
realassx,How to Integrate into a Group that I want to be a part of?,0,4,1.0,0,1743065475.0,False,t5_3ftqw,"I have asked this before and tried to implement some things but here we go again.

I am in college rn and likewise elsewhere there are groups in my class aswell. Now there is this one group that I genuinely want to be a part of and I am trying to do this from last 3 years but have not resulted in much success.   
I know these phrases that alone is the best and all but I have seen these people in a group achieve things which is very hard to achieve alone.

**Why I want to be a part of this group?**   
They are academically good and good in co curricular as well. I resound with them quite good and like their vibe. Now I am not talking about some cool kids who vape. These fellows are some of the good individuals who are good from heart aswell. In short, I really like them.

**What I have done till now and Why I think it isn't working?**  
I have spent time with them, I have invested some serious time. Like even on events I stay late till night.

I think it is not working as I am academically not that good.

**What I want to ask you people?**  
I am asking you guys for help how should I proceed and what shall I do?"
BedNo3573,admins you all suck,0,74,0.92,0,1743007976.0,False,t5_3ftqw,i see so many stupid and irrelevant posts but my post about something important gets deleted 😾😾👎🏻👎🏻
Ishaanosaurus,What skills helps getting into societies ?,0,2,0.76,0,1743076596.0,False,t5_3ftqw,"What key skills does societies typically look for , any courses that we should take before joining the college that might help getting into good societies . What skills did you come in with tgat you were like , Im glad i knew this . 
Please suggest ."
Available-Shirt-3820,igdtu,0,2,1.0,0,1743066593.0,False,t5_3ftqw,what’s the entry scene for igdtu? 
Rizzly_bear7,Attendance please help (miranda),0,33,0.89,0,1743006635.0,False,t5_3ftqw,What happens if it's not 67 percent??😭🌼
anyonymouswannabe,Igdtu fest,0,1,1.0,0,1743072367.0,False,t5_3ftqw,Boys allowed h kya?
Gulfam_Kali,How to select sem 2 ER papers when filling exam form for sem 4  ?,0,2,0.67,0,1743050442.0,False,t5_3ftqw,The options are only showing for sem 4. Plus it shows that if i select and go forward then I  cannot change 
Zealousideal_Owl8832,Looking to expand our competition team,0,2,1.0,0,1743052025.0,False,t5_3ftqw,"As the title says, me and my team are thinking of expanding and adding more members to our team for upcoming competitions, be it case comps, aptitude, economic simulations, quizzes, etc

We have participated in some competitions till now, won 2nd place in 2 competitions and 3rd place in 5 competitions, most of which were in competition of 1000+ teams.

Dm me if you are interested and your past history in competitions, we accept people from any background, course, gender, college!

Thankyou!

"
Aera229,Policy Case Comps,0,3,0.8,0,1743042543.0,False,t5_3ftqw,"Hie! My friend and I are gonna be participating in some policy case comps in the coming few weeks . We have registered for them but we have literally 0 experience . If people who have experience could give tips on how to go about with it, it would be very helpful! Thank youuuuuuuu:3"
adiraj2024,Flatmate required urgently!!!,0,2,1.0,0,1743045090.0,False,t5_3ftqw,"Anybody who is interested in living in a 2bhk AC flat with 2 other boys of Hindu College only
In kamla nagar just beside spark mall
Rent is 9k per month
Security 8.5k 
2 bathroom 1 kitchen
Fridge

Contact - 7015277150"
Wrong-Wolverine9197,Can you change sec after getting ER,0,1,0.67,0,1743057841.0,False,t5_3ftqw,"I chose Backend webdesign and development by mistake and our admin didn’t let me change it because of his ego eventually going on to becoming a subject where I received ER due to 0 attendance, now the question is can i change the subject this semester now that i have an ER in it?"
Willing_Art_6962,Do DU girls colleges offer masters at their campuses?,0,14,0.95,0,1743000702.0,False,t5_3ftqw,"I am a 3rd year student going to give my entrance for du soon and i have tried to look everywhere for the masters courses available in colleges be it LSR, miranda, gargi, lady irwin etc.. but i haven’t been able to find any relevant information about it. 
Do they offer masters courses? 
If yes are they worth it and is the faculty good? "
Murky_Read645,Want to start debating,0,14,0.94,0,1742997157.0,False,t5_3ftqw,"I want to start debating but I am not even part of my debating society since I was late to apply for that society,,, any suggestions where and how to start debating ( btw never did any debating prior)"
sanji_ismymine,Miranda house rant,0,71,0.88,0,1742964601.0,False,t5_3ftqw,"I m a 3rd year student in this stupid goddamned college where internal politics play a crucial role in every sphere, be it society or department, this college has always disappointed me. I literally applied for every fucking society since my first year only to get rejected by each one of them (the fucking interview round sucked the blood outta me tho i performed well, i couldnt see my name the list).. today our college magazine got published, i literally emailed 3 of my poems to editorial board, not even a single one got published. What has this college given me, nothing!
My grades habe been all time low here, my confidence got shattered due to rejection at every level, my friends are all snakes (i dont even have friends, just random bunch of cinge classmates who are toxic and jealous af). People are achieving a lot and then there is me who got bitten by my stupid luck every time... I dont even have any will to live (beacuse of the failure that i m)... "
iamOREOman,Suggestions for macro for sem 4 economics hons,0,1,1.0,0,1743047732.0,False,t5_3ftqw,"I’m looking to join classes for sem 4 intermediate macro-II, and am confused between Poonam Kumari, Divine classes, Dheeraj Suri, etc. if anyone who’s taken these classes can give me a feedback, it’d be a great help!"
kakashi_ackerman_,Help help help!!!!,0,4,0.84,0,1743012966.0,False,t5_3ftqw,"Mai boht bada chutiya hu, while choosing sec/vac subjects for sem 2 it was mentioned in my college website ki ""dont choose the subjects you have studied in first sem"" still i fucking chose financial literacy again for sem 2 even tho i studied it in first sem. Now that i have to register for end sem exams there is no fucking option of financial literacy in the list of mine, and worst of all college mai meri financial literacy ki hi attendance lgg rhi hai. Now what should i do???? Vac ki back ayegi??? Should i just fill some easy subject in rather than financial literacy??? Please help me out."
Lost_Status7382,Need advice from a senior,0,5,1.0,0,1742998367.0,False,t5_3ftqw,"Hey everyone,
I’m a first-year BCom (Hons) student at DU North Campus, and I need some career advice.
When I started college, I was really interested in finance—particularly core finance areas like valuation and corporate finance. However, I was never deeply into the stock market. Recently, I began learning financial modeling, but I find it extremely frustrating. The idea of doing this in a job makes me anxious. I understand that Excel is an essential skill, but the process of financial modeling feels frustrating idk why
Now, I’m starting to question whether core finance is the right path for me. The issue is that alternative career paths, like consulting or marketing, seem to lack concrete hard skills that I can actively build through effort. Consulting often requires an MBA or holding a leadership position in a top consulting society, while marketing appears to be heavily sales-oriented.
At this point, I feel stuck. I want to pursue a career in finance, but my experience with financial modeling is making me reconsider.
I’d really appreciate your insights on a few questions:
1.	Am I struggling with financial modeling simply because it’s challenging, or is this a sign that I’m genuinely not interested in it?
2.	Is it a mistake to commit to a specific career path too early? "
Calm_Tailor6958,How to give a good presentation(case comp),0,6,0.8,0,1742986855.0,False,t5_3ftqw,Have to go tomorrow for a case competition offline presentation round. How to give a good presentation to impress the judges?
anyonymouswannabe,Moving out,0,13,0.93,0,1742966504.0,False,t5_3ftqw,"Guys mujhe ek prestigious law school milrha hai t2 city mai ,
I am humesha se delhi mai rehna wala but now i am just afraid ki kaise kaam chlega kyuki mere hisab se sirf du ke bacho ki hu college life hoti hai





Although mai 4 mahine yehu rahunga 
Mtlb dar lgra hai yrr

"
Interesting_Spot_973,"TW: Sexual Assault, Ramjas College, DU",0,324,0.97,0,1742902064.0,False,t5_3ftqw,"*******  ******* is a sexual predator. It feels nice to finally say it out loud. He sexually assaulted me on 13th of May, 2024. I wasn't sure what I'm supposed to do or how to react to something like this. It took me a lot of courage to finally speak about it but I'm glad that I'm doing it now. I'm writing this just to make sure that another predator hiding in plain sight just doesn't get away with it. This is also not his first time doing something like this, he has a history of harassing girls where he has gotten away with it just by changing the narrative and manipulating what actually happened.

One day I went to his flat, it was just him and his other flatmates weren't there. He was the Vice President of FOCUS and he had recently left the society so while we were talking he kept disparaging about all his friends and people in FOCUS. The conversation started to get uncomfortable because he started talking about sex and all of his sexual encounters and even started asking me inappropriate questions. I never asked but he started boasting about his body count and how he has slept with 20 girls and noone knows about it and I'm the only person he's telling it to. I could feel him getting closer to me, at first I brushed it off as nothing serious but gradually he ended up keeping his head on my lap. I was uncomfortable but I thought maybe it was just something friendly. I tried pushing him away but nothing helped. I was clearly very uncomfortable so I got up and went to the washroom just to get out of that seating. When I came back it became worse, I sat and he started grabbing me inappropriately in the pretense of ""fighting"" with me, meanwhile he had also switched the lights off and later took off my glasses as well. He got on top of me and it was very hard for me to get out from there. I tried my best pushing him away but nothing worked, he kept grabbing my breast and started licking my neck. I pushed him away but nothing helped, then finally he got up and thats when he began his act.

He started to pretend that whatever happened was just because he was drunk and he got ""carried away"". I started feeling guilty about the whole situation but while he was defending himself, he said in between, ""no, you're good, your ass is amazing"" which made sure that what he did was not unintentional. I came back to my place and the whole situation kept haunting me. I had bruises on my thighs and on my hand from that day after what he did to me.

I confronted him after a month about this over text and he forced me to meet him in person. He tried every trick in the book to manipulate me. The first thing he did was to make sure if I'm recording or not. He asked me multiple times and forced to see my phone if I'm recording the conversation or not. I never even thought of doing that, it made me believe he has done this before and only a predator would think like that. I told him that I'll tell my friends about what he did and he started blackmailing me by saying ""If you talk about this and people get to know I wont be able to take it and I'll kill myself."" He then went on and told how his whole family is not doing well and this kind of news would affect them pretty badly and how they wont be able to take it. I clearly missed the point where that's supposed to be my problem but I still asked him politely to just confront about this to his girlfriend. I told him multiple times to talk to his girlfriend about this because i wanted her to know what he did and he refused saying after leaving Focus she's the ""only thing"" he has going on. The day he sexually assaulted me, he said he knows how things eventually will come to an end with his girlfriend and how its not supposed to last, after that he kept showing me a packet of condom and saying how i should try this brand of condom as well. After trying to manipulate me in every way possible he still did not stop, he forced me to accept his apology which just made me cry at that time because it had been 3 hours and I was shit scared of him. I told him how he's only apologising because hes scared, to that he smirked and said how hes not scared at all and even if i take this legally he won't face any issues because he has contacts in the supreme court. 

I never received a genuine apology from him.

Later, I even tried talking to his girlfriend just to let her know the truth but she was totally unwilling to even hear my side as she was already manipulated by him.

It took me several months to get over what happened and I still havent recovered completely. It took a lot on me to even draft this text and if you're reading this then I finally got the courage. I decided on posting this anonymously because talking about this is triggering for me and I want to look after my mental health as well. I know there is nothing I can do legally about it now and I dont know what repercussions I'll face by posting this publicly but I'll still do it for my own peace of mind. I don't want people to live in delusion of how good of a guy he is when in reality how horrifying he is."
Awkward-Flounder-987,Cooked and beyond,0,4,0.84,0,1742984046.0,False,t5_3ftqw,What should I doo?😭
glittering-angel-444,📢 About the recent sexual assault post ‼️,0,72,0.87,0,1742921778.0,False,t5_3ftqw,"Hello everyone, this is in reference to the recent [post](https://www.reddit.com/r/delhiuniversity/s/mv9lNjzUt3) by a student of Ramjas College about the sexual harrassment she faced.



First of all, we acknowledge the courage it took OP to speak out about the assault. Remember that this subReddit is a safe space for any such concerns you might want to raise. 



That being said, doxxing (which includes sharing names, photos, social media handles) is strictly against rule 11 of our community guidelines - no personal information or doxxing. You're free to share anything via private DMs and outside of the sub, but please, no doxxing here! We know the severity of the issue and advice everyone to engage in discourse without violating the rules. Our team is actively moderating posts and comments, and repeated violation of the rules can lead to a permanent ban.



If you have any questions or concerns, please feel free to reach out to the mod team directly."
EveningPoppy,QUESTION FOR THE PG STUDENTS,0,3,1.0,0,1742972023.0,False,t5_3ftqw,"Quick question! just wanna know that the pg students who get a seat into any of the off campus or south campus colleges, where do their classes take place?? Like In Arts Faculty/ Social Science's Faculty itself in the university premises along with the North Campus colleges students or elsewhere? "
Lemonade2250,If you just do it! Will your confidence and productivity increase?,0,6,1.0,0,1742953440.0,False,t5_3ftqw,"

I feel like I've been procrastinating and overthinking enough for now like it's been several years of repeat habits and routine. All I've been saying okay I'll do it but I don't do it. I think underlying cause really is fear of discomfort. Fear of failure. Fear of confusion and I don't know what else honestly. But I'm realizing .. I just need to start. I just need to do it. I don't know if this will result in increase of productivity and confidence "
Far-Reception-2096,Is maths compulsory for ba (eco + some subject),0,1,0.67,0,1742984705.0,False,t5_3ftqw,"Hi everyone my sister is in the process of taking college admission.

I want to know, is maths compulsory for a ba program course which offers eco as a major subject with any other xyz discipline.

In the DU notification it’s not mentioning anything related to it."
potato_7baked,2nd semester exams?,0,0,0.5,0,1742981851.0,False,t5_3ftqw,When will the 2nd semester exams for [B.Com](http://B.Com) Honours be held?
himanshushah90,Just how incompetent can a university be?,0,39,0.92,0,1742909298.0,False,t5_3ftqw,"it's been 2.5 months since the 5th semester exams ended, and the results are not out yet, and it's not looking that they will release in the next 15 days either. is it that difficult to release results?"
SalamanderMinute3349,About the freshers at lsr,0,0,0.5,0,1742973854.0,False,t5_3ftqw,Do we have unofficial freshers in lady shri ram if any what are someother unofficial event?
Witty-Employee,What does this even mean?h,0,53,0.93,0,1742883230.0,False,t5_3ftqw,"
"
No-Wrongdoer9348,6th Semester Datesheet(tentative) for SOL B.Com Hons and Programme,0,1,0.67,0,1742958096.0,False,t5_3ftqw,"Can someone help me with the datesheets for yth semester SOL B.Com Hons and B.Com Programme? My father has some trainees who are in the 3rd year of undergraduates from school of open learning and he wants to know the dates to plan accordingly but the trainees are not informing him about the exams or sharing the datesheet. Since I mentioned tentative datesheet is out (GE on 14th may is all I know because my subjects are missing from the DSC datesheet) but don't have the right ones or know exactly which ones are followed for this course or school, I need help. "
GuiltyExample3107,"Failed in accounts,DU related question. Very imp⁉️⬇️",0,2,0.63,0,1742934002.0,False,t5_3ftqw,"Can I get admission in bcom hons in top DU colleges if I have failed my accounts exam in class 12th,but overall I am passed in boards exam because I have 6 subjects in total. Amongst the options of maths or accounts in cuetI I have opt accounts.?"
Past_Bell144,Struggling in Case Competitions—Need a Winning Strategy,0,9,0.91,0,1742911852.0,False,t5_3ftqw,"I keep getting stuck in early rounds of case comps. My slides are basic (headings, pie charts, bar graphs), and my analysis lacks depth. I want to compete in all fields—finance, business, marketing, consulting—but don’t know how to learn effectively.

What makes a winning deck? How do you analyze better and stand out? Any go-to resources for frameworks and strategy? Need a roadmap—help me crack this! 🚀"
Elegant_Position_860,philosophy research opportunities for undergraduate,0,5,0.86,0,1742920833.0,False,t5_3ftqw,"wanted to know if there is a way I can get involved in research in the field of philosophy as an undergraduate in DU? any perticular programme? apart from writing a research paper yourself (which feels daunting approaching for the first time)

also has anyone worked with a professor on philosophical research? if so how did you get the opportunity and how was the experience"
throwRAcrimsonflower,Birthday,0,6,0.88,0,1742916917.0,False,t5_3ftqw,"Hey guys My birthday is around the corner and I want to know a cafe where I could celebrate it, I'll have around 10-13 friends and I have a budget of 3-4k, please help <3

Edit - Arey sab nahi ae kuch ghar chaley gae the out of station toh maine 6 in 1 pizza manga diya aur cake ahhaah sabka pet bhar gaya aur extra ghar le gai"
StrangerGlad6744,Can anyone suggest me the topic of research as my group ditched me last night!,0,11,0.92,0,1742905145.0,False,t5_3ftqw,"Last night my group ditched me and I've sent them my material and because of fight btw me and my friend toh woh badla niklne k liye unn doo logo ko bhadka rhi hai against me and they want ki sara kaam mai inko krke dedu! 
Soo we had a big fight and they threatened me ki""agar tum ni krogi toh you will face the consequences ""and "" We'll removed your name from the research and in class gaurds came and those three gandu chadh gye mujhpr  
Soo now I'm gonna do alone this research thing I mean I'll be really grateful if someone can help me with the topic we can choose any topic related to socio political, anything!! And mera dimag ni chlra hai soo much happened in that 15mins  
"
Striking_Desk_5841,RIGGED results in MDU,0,4,0.75,0,1742920797.0,False,t5_3ftqw,"I'm an Btech CSE student in a an institution which is affiliated to a college which is affiliated with MDU, Rohtak. Today I got my result for 3rd sem exams. There were 6 subjects and I was given backlogs in all of them. LITERALLY 00/70 in 4 subjects out of 6. I worked hard and studied good also wrote good in exams. This isn't the first time, our college has been doing this to our student for the past few semesters. It's just not possible for a student to get 0 out of 70 in 4 subjects. What should I do? I can't tell my parents about this they'll not understand. Is there a way to challenge the marks? Or court? I cannot proceed with this college if the situation didn't change. Also other students from my same institute but with different affiliated colleges are getting good results. Like the worst of the worst students have all pass results. This is just wrong and even the teachers gives the students chits in exams to other college students but not to us. What should I do? Anyone knows an independent media with good audience which can cover this whole situation? I don't care about expelled now I just want justice for my fellow students"
DOWNFALLGOINGON,Fumcked college life,0,13,0.74,0,1742888872.0,False,t5_3ftqw,"1st year (2nd sem) SBSEC student (scored 97% in 12th, idk why o said this anyways) ... I have my CA intermediate exams in September'25... I have been detained for 2 subjects in sem 1 and for other subjects i didn't give any CA/IA . currently attendance for 2nd sem is 41% ... And i usually stay in library from 12 pm to 7 pm than attending any classes... Moreover i have got no friend as i am a certified introvert, don't talk to anyone, just I'm in the library... (Although i have been rejected by 2 girls till now in the college).... I was in the consulting club but i couldn't continue much. I'm just done... moreover i have headache 24/7 , dk the reason behind it.... I'm just fumcked in my life.... Pure alone... I barely speak a word in college as i have no one to speak, had a girl but rejected :) ..... I can't survive more, people already have made their friends group, I'm just all alone "
SaiAbitatha,Quizzing Challenge at Delhi University!,0,2,0.75,0,1742909407.0,False,t5_3ftqw,Unleash the quizzer in you. Use your wisdom and show them that you are the best.
pseudo_sapien6,Cafe's,0,2,0.63,0,1742899699.0,False,t5_3ftqw,Was looking for good and inexpensive cafe's in and around DU and Kamala nagar to chill and hangout.
D_Ace69,What is happening in vijay nagar😭,0,366,0.99,0,1742803872.0,False,t5_3ftqw,"How are they even allowed to have a name like this, I understand they tryna copy seven eleven but this is craZy😭"
Honest_Hamster_4304,College life,0,13,0.79,0,1742861116.0,False,t5_3ftqw,"
I don’t have any real friends in college—everyone is toxic and only contacts me when they need work. In person, they act like they don’t even know me, but they have no problem texting when they need something.  

During lunch break, I talk to a girl a little, but I feel like a side character in her life. Maybe I’m just being too clingy. Plus, my college is off-campus, and I’ve seen people say that off-campus colleges aren’t good. I even read some comments saying it’s really hard to get an 8-9 CGPA in an off-campus college. Is that true?  If yes why so?

Also, people around me are extremely toxic. Recently, a girl asked for my SEC file, but I didn’t want to share it, so I lied and said I lost it. Now, I feel guilty, but at the same time, I didn’t want to give it away.  

I’ve been living in the online world for a very long time, and I really need real, offline friends. I just don’t know how to find people who genuinely care. Are off-campus colleges really that bad?"
EnvironmentalWay5910,W ppl I met in this sub,0,53,0.91,0,1742833013.0,False,t5_3ftqw,"About 1.5 month back someone posted that they need a group so that they can attend fests and have fun , I said sure why not it’s not like I’ve got friends who will go to diff diff universities with me , yesterday we all met for the first time in dtu and we had a blast , it was soooo fun 

Gotta love reddit sometimes "
YakAny0308,Survey,0,3,1.0,0,1742887019.0,False,t5_3ftqw,"hey guys 

this is a survey for our VAC Financial Literacy…would be super grateful and helpful if y’all could fill it up…"
Character-Giraffe347,just a rant about du case comps (gaali deni hai dedena),0,22,0.89,0,1742844122.0,False,t5_3ftqw,"Engineering student , this side , love participating in case comps for fun (ha nerd bolo) , but it honestly feels like you guys have too much nakhre yaar , compared to engieering colleges and buisness schools . specific format , specific naming , specific slide , specific template .  engineering and buisness schools are like ""yeah you have this many slides , do whatever the fuck you want""  , plus what's the thing with slides need to be pura ka pura filled compacted and not consultancy based type which requires just appropriate information . 

you guys still have the best case comps in delhi , but cmon . i didnt make this out of being salty of not winning du case comps , i have  , but it just feels weird pura ka pura slide bharo , can we just increase the number of slides instead pls ? "
ExcellentDiamond397,A random question,0,2,1.0,0,1742900926.0,False,t5_3ftqw,"Guys is there any college which offers MSc Finance or any other Masters degree in Finance or Management 
(Not MBA pls) 
If anyone is aware, please let me know! "
thwitter,Why do people create so much rukus as DTU/NSUT feats? Any theories?,0,3,0.8,0,1742879340.0,False,t5_3ftqw,
creativevalor,Aaj OP COA gya✨️ Art Exhibition🧚‍♂️,0,32,0.83,0,1742830073.0,False,t5_3ftqw,College of Art🎀
No-Joke4950,Football fans of DU,0,0,0.4,0,1742893913.0,False,t5_3ftqw,Any of you guys going to watch the legends clasico from here? 
ivysevil,Is NOC GIVEN IN LSR?,0,1,0.6,0,1742893772.0,False,t5_3ftqw,Please helpp
khushi_s310,Eco hons and bcom hons,0,0,0.44,0,1742888641.0,False,t5_3ftqw,"Many people keep Eco hons as a backup to bcom hons. Last year, many friends of mine took eco hons in their desired college just because they couldn’t get bcom hons. Just for the sake of a better college they chose eco hons. I don’t understand why because how can eco hons be a substitute to bcom hons, they are both quite different from each other. I asked them that why are you doing this - they replied with “ it doesn’t make much of a difference, it’s doable and a better course in a better college too.” What do you guys think about this? "
Express_Tip_9490,DU Male Students Are Getting Out of Hand,0,510,0.92,0,1742752783.0,False,t5_3ftqw,"

I was on my way from Kashmere Gate metro station to Delhi today, sitting in the 8th coach, and honestly, some guys are just out of control. There were 3-4 guys, clearly DU students from the way they were talking, and their whole vibe was just demeaning and obnoxious.

They called me ""fat"" and ""motty"" twice—I gave them a good stare, and they quieted down, but you could tell they thought they were the ""heroes"" of the coach. Apparently, insulting random people in public is their idea of being cool or impressing girls.

But the thing that really pushed me to change the coach was when a girl walked in to meet her friend—probably heading to a fest considering the time (since it's fest season in Delhi). The moment she stepped in, one of these guys shouted, ""Itni gandi shakl ko bhi chut milti hai kya?"" Like… seriously? In a public metro?

It was beyond uncomfortable. Public transport isn't your private playground—is basic civic sense too much to ask for? It’s honestly exhausting how these guys think they can just say whatever and get away with it.

Is it just me, or have you guys also noticed how entitled and gross some of these DU guys act in public spaces lately?"
H_R247,"My friends received a """"""Notice Regarding Monthly Attendance Submission"""""" from the college",0,14,1.0,0,1742821647.0,False,t5_3ftqw,
Swimming-Ad-400,A Group for Student Founders...,0,6,0.72,0,1742836672.0,False,t5_3ftqw,"Hi people of Delhi University. My name is \_\_\_\_ (let's keep it anonymous on reddit). I wanted to network during my three years with other student founders, however, I was not able to since there was no group for student founders as such.

I am making it now... AND WE ALREADY HAVE 15 PEOPLE WITH AMAZING IDEAS.

I would love you to be a part of the group. Drop in your two line pitch (of why you should be a part of the group) and I will add you to the WhatsApp Group. We'll help each other and work on building our startups together.

Only two conditions - (i) you must be building a startup OR have a startup in early stages. (ii) you must be below 27 years of age"
anyonymouswannabe,Fests,0,4,0.84,0,1742839264.0,False,t5_3ftqw,"Guys how much do these artists charge for fest
For ex sonu ,shreya ,sunidhi, sunanda, raftar "
ThikThaak,"E-rickshaw ruined my day, broke my laptop",0,10,0.92,0,1742826163.0,False,t5_3ftqw,"I was walking to the library in the morning when suddenly an e-rickshaw hit me from behind at high speed. I felt a severe force on my lower back, but thankfully, I didn’t sustain any injuries. However, my laptop, which I was carrying in my backpack, is completely damaged—the screen is broken, and the frame is slightly bent.

"
Evening-Ant-3201,DU Professors Salary!! 😯😯,0,414,0.96,0,1742748995.0,False,t5_3ftqw,"Bhai DU ke professors ki salary dekho failing every job , chill life , maje me hai sab .

I got this data through official RTI brochure of 2025 .
You may also find may be on college website or may write application to admin under RTI , you can ask for any legit info.

In hand salaries -(including DA, HRA and after deductions)

Professor - 2 lakh 75 thousand (after pf deduction (jo baad me inko hi milenge))

Associate professor - 2 lakh 50 thousand

And same niche laga lo bas 30 hazar approx kam kar lena.


{Bhai matlab konsi placement de rahi hai ye 🫠

"
yearnwithher,tired of living like a vampire – need a flat in vijay nagar!,0,10,0.87,0,1742818273.0,False,t5_3ftqw,"

hey du fam,

i’m a first-year currently trapped in a pg with NO window, NO balcony, NO soul.just four walls closing in on me. i cannot do this anymore. at this point, i don’t even feel human. i need sunlight, fresh air, and a space that doesn’t feel like a storage unit.

so, i’m looking for a flat (or a shared flat, but my own room) in vijay nagar because i deserve to live like a person, not a cave-dweller.

✨ must-haves:

ac, fridge, kitchen, wifi (just basic survival needs, not asking for a palace)

a window or balcony (non-negotiable, i need light like a plant before i photosynthesize into sadness)

a landlord who’s not a dictator and is cool with my boyfriend visiting & staying over for a day or two


since third-years are moving out, i know some good spots will open up. if you’ve lived in a flat here before, tell me how it was! and if you or someone you know is looking for a flatmate, hit me up.

help a girl move into a real home, and i’ll forever owe you (or at least buy you chai/coffee).

 "
need_help_404,psychology internships,0,4,0.84,0,1742831609.0,False,t5_3ftqw,"i'm an undergrad psych student. if somebody here has done internships in the field of psychology from a specific organisation that truly helped them develop certain skills, please please do let me know. recommendations for internships specifically in the field of forensic psychology would also help alot. i would prefer offline internships in delhi, but noida, gurgaon, etc. would work too. "
Wooden-Course-1480,du and lafda,0,2,0.75,0,1742841087.0,False,t5_3ftqw,
dojakichachi,Ge not showing in exam form,0,3,0.8,0,1742831247.0,False,t5_3ftqw,what's the solution?koi aur face karra hai ye?
BawseyMisa,i need everyone's 2 minutes,0,0,0.5,0,1742851499.0,False,t5_3ftqw,"hi guys pls help me by filling the form below, im conducting market research and need at least 1k responses so tysm bhar do 

its anonymous so be honest  

[https://docs.google.com/forms/d/e/1FAIpQLScYQmO68cVKePDYoiDnOJuWyq1KdpnDloKIzKHk8RZ6vCuqXw/viewform?usp=header](https://docs.google.com/forms/d/e/1FAIpQLScYQmO68cVKePDYoiDnOJuWyq1KdpnDloKIzKHk8RZ6vCuqXw/viewform?usp=header)"
Intelligent_File8271,Policy Case Comp,0,3,0.8,0,1742827917.0,False,t5_3ftqw,"“Policy is boring.”
That’s what they say — until they realise it’s the invisible hand behind every headline.

Who builds the rules you’re forced to follow?
Who decides what problems get solved — and what problems get ignored?

Answer: Policy.

And that’s exactly what we’re challenging you to rethink at Youth Economist Conclave — the flagship public policy case competition by EcoTech, The Economics Society, DTU, hosted on Unstop .
(An event I’m proud to be heading this year!)

This isn’t your typical strategy + slides case comp.

-It’s where intellect meets impact.

-Where you think like a policymaker, act like a problem-solver, and pitch like a changemaker.

So whether you love solving macro puzzles, reimagining public policy, or just want to go head-to-head with some of India’s sharpest young minds — this is your arena.

Apply here → https://lnkd.in/gtYD-Xen

And remember —
Some people wait for policy to change. Others write the next one.
Which one are you?
"
Longjumping_Peak_840,How can I land an graphic design internship (Remote),0,3,1.0,0,1742826321.0,False,t5_3ftqw,I'm just beginner with some knowledge of design. Hoping to start as a side hustle along side with college. How can I land an remote internship so that i could earn to manage my expenses.
Global_Guarantee_901,Planning a trip to mathura anyone interested can dm,0,2,1.0,0,1742833341.0,False,t5_3ftqw, 28th march 
Left_Award5822,Request,0,11,0.57,0,1742795472.0,False,t5_3ftqw,"Requesting everyone from DU to stay in their colleges when our colleges have their fest, you guys broke the barricades to get into vip you guys were attending our college ki fest like dekhi hi na ho apne college mein throwing bottles in the air??? Harassing girls taking advantage of the crowd????raho hum nahi aate tumhari fest mein tum mat aao humari mein, we are a tier1 eng college let us enjoy our fest. Next engi pe mat aana🙏🙏🙏"
_LilacPixie_,Addition of Subjects,0,0,0.5,0,1742833566.0,False,t5_3ftqw,Can anyone tell me if there would be an option to add more subjects when the Correction Window opens... URGENT !!!!
buttertaekoo,Can a BCom student who had science in HS do B.Ed in Maths/Science? URGENT,0,2,1.0,0,1742819497.0,False,t5_3ftqw,"Can a BCom student who had science in HS do B.Ed in Maths/Science? URGENT . my grad years were all lockdown so idk shit about commerce an ddont wanna be related to commerce again, can I do B.ed in Maths or Scie"
necessaaryevil,SEC - Reading the Archive,0,1,0.67,0,1742830923.0,False,t5_3ftqw,"hello guys, does anyone have any experience with this paper, if yes, can you please provide the reading material and also explain what happens in the practical.

any help is much appreciated thank you love you 

(im completely clueless, was auto allotted this paper and havent been to any of the classes)"
Awkward-Flounder-987,Should I pursue masters from abroad?,0,0,0.5,0,1742830551.0,False,t5_3ftqw,"I have all the privilege to go to abroad and study but I really don’t want to stay away from my parents , and I am not really interested but I feel going abroad would definitely shape my career and personality :)"
same-era_wastaken,HELPPPP ME OUTTTTTTT!!!!!,0,3,0.8,0,1742798670.0,False,t5_3ftqw,"Anyone who has done Bsc in Biochemistry and Biomedical Sciences, what was it like? If you could explain everything in detail, it'd be helpful.

Also does Biomedical Science include Human Anatomy and Physiology?

What about BA in psychology? How does landing a job work for you guys?????"
VolumeOld9685,Looking for people who know video editing,0,2,1.0,0,1742813160.0,False,t5_3ftqw,Hi I want to participate in an online marketing competition which would require the ability to edit a video pitch / create an advertisement. I am good with ideation and marketing but lack editing skills if anyone is interested please dm me 
anyonymouswannabe,Fest,0,0,0.38,0,1742812741.0,False,t5_3ftqw,Delhi mai ab konse konse fest bache hai
Existing_Entity01,Need case comp teammates,0,2,0.67,0,1742807304.0,False,t5_3ftqw,"I am a 2nd year student from SRCC and I'm trying out new teammates so if any of you are up for it, you can DM me!"
PossibleRub5441,Is this paper correct?,0,33,0.96,0,1742723862.0,False,t5_3ftqw,
DaGreatestShowman,Is my chosen area of research good enough?,0,5,0.86,0,1742757836.0,False,t5_3ftqw,"

So I'm an undergraduate and I need to do a research project in the discipline of philosophy under a professor. This is roughly what I plan on doing. In the end of the project I'm gonna have to publish a research paper.

Aim
The aim of the research would be the philosophical study and research of language as whole and highlight its implications on our psychology and consciousness. The concepts of linguistic semantics, knowledge and cognition shall be under philosophical scrutiny.

Scope
My research will primarily be focused upon the topics mentioned above and now I’ll elaborate on the exact topics and references I have in mind. It will build upon the works of philosophers like Ludwig Wittgenstein’s “Language Games” and Bertrand Russell’s “Logical Atomism”. The research will deal with the question “What does it mean to mean?” and explore language as a “medium of Consciousness”  i.e. , how we use language to “project” ourselves out in this world by interacting with other conscious beings. The idea of transfer of experience through language shall also be elaborated upon “To experience without actually experiencing”. It will be shown how this “transfer” is imperfect. Finally, I’ll touch upon the idea of synthesis of meaning and explore whether it’s possible to create meaning.

Outcomes
The outcome of the research would be to synergize the fields of philosophy, linguistics and psychology, with language as the key focus point. By synthesizing insights from these disciplines, my research aims to contribute to a deeper understanding of the philosophical foundations of meaning, the cognitive mechanisms underlying linguistic comprehension, and the psychological effects of language on human consciousness.
"
Wustache9,"Posting it again, Female flatmate at North campus",0,8,0.79,0,1742738138.0,False,t5_3ftqw,"Hi,   
this is a followup post,   
**Looking for a female flatmate in and around north campus**

Budget is 25-30k for 2bhk fully furnished

Have seen few flats, you can dm for photos

Looking to move in by april or may prefrebly 1st or 2nd year  
Bit about self(highly ambitious Former Paytm Intern, currently interning IIT Delhi, De-shaw finspire qualified  
open to case comps, okay with parties and would help for your placements aswell if we vibe)

Help a girl out

"
CeinyVock,SRCC Fake registrations on UnStop,0,40,0.94,0,1742705123.0,False,t5_3ftqw,"I take part in many competitions organised by SRCC and  honestly they're all really good but yesterday night, I got registered into a competition: Fiscal Phoenix. I did not sign up for this event nor did I ever interact with it on the site. And mind you this happened just 3 hrs before the registrations closed. The registrations to impressions ratio is also very high in this competition. Are they really using the student data from other challenges in order to drive the number of registrations higher? I discussed the matter with UnStop and they first tried tell me that I must've registered and forgotten but now they're saying that they'll investigate further ( I can attach screenshots ). But honestly I don't think they're gonna do anything about it. This is a misuse of user data imo."
Sure-Subject-9036,Youtube channel recs for corporate accounting sem 2,0,7,1.0,0,1742738586.0,False,t5_3ftqw,Title
jdbro58,Skincare in college,0,5,0.73,0,1742742180.0,False,t5_3ftqw,"Bhai yrr garmi aarhi hai aur dhool mitti bahut hoti hai college jateey samey kuch skincare btao btw youtube pe bi hai but aap sab btao , ? 😭😁"
realest-inth-escene,how to make friends?,0,17,0.95,0,1742716922.0,False,t5_3ftqw,"yesterday night i was just trying to sleep and had a thought that i should say ""hi"" to people in my classroom or people i meet in college... 

well I've never been very lucky with friendship and this might just work "
onyourownkiddo,Ba eco hons,0,6,0.81,0,1742722746.0,False,t5_3ftqw,"How difficult is maths in this course? Should i pursue it if i am average in maths… used to get 50-60/80 in 12th preboards 
I find economics interesting but i am not sure about maths and have seen many ppl saying that it becomes too difficult … otherwise I’ll go for bcom hons

In maths i don’t like integration much 😓"
Far-Reception-2096,Please Guide!!,0,2,0.75,0,1742736929.0,False,t5_3ftqw,"Heyy, so my team has been selected for presentation round of a Bplan competition and its first ever Bplan for all 3 of us. 

We are very nervous about how to present, what to do and what not to.

If you have any prior experience and can guide me then please leave some suggestions here."
sad-aadmi,Reality check.,0,149,0.99,0,1742651915.0,False,t5_3ftqw,Par abhi to sem shuru hua tha?!
Neither_Spinach_42,How did u guys survive the first day?,0,3,0.72,0,1742720003.0,False,t5_3ftqw, during your first day of college how did u start talking with others or managed your classes etc
Hocdthroawayy,What are the best coaching classes for economics hons,0,4,0.84,0,1742718771.0,False,t5_3ftqw,"So i am in sem 2 and i find it really difficult to study, i cant grasp the concepts literally nothing. Can someone recommend good coaching classes especially for stats"
slothing__around,Best DU clg for Bsc (PCB) with focus on research,0,5,1.0,0,1742708581.0,False,t5_3ftqw," I'm planning to pursue a BSc botany/zoology/biomedical sciences/biological sciences/microbiology/life sciences from Delhi University and want to focus on research in the future. Could you suggest the best colleges in DU for this? I’m looking for:

Strong faculty and research opportunities

Well-equipped labs and good infrastructure

Good placement/internship opportunities in research-oriented fields


"
myCloudIsJustDust,stuck in case comps :/,0,1,0.67,0,1742731637.0,False,t5_3ftqw,"Guys, I don’t have any idea where I am going wrong. I love case comps, but lately 5-6 competitions m bas I have been a finalist no wins at all. I feel stuck. 
I don’t understand where I am lacking. 
Maybe I have been changing my team combination way too many times like everytime including 1-2 new member or maybe the ideation hi is all wrong. 

Any type of suggestions are welcome! "
Interesting-Hat4958,Satyawati folks want to join one of the tomorrow tedtalk but....,0,0,0.5,0,1742731272.0,False,t5_3ftqw,"Want to join one creator's tedtalk tomorrow but......the registration is closed and now they are saying registration is full which they have announced 5 day ago and today I got to know this by creator instagram story

Can you guys help me to attend/sneak in ?? 🙏"
rd_13278,DU Grad Looking to Connect with Current Management Students!,0,0,0.5,0,1742727214.0,False,t5_3ftqw,"Hey everyone! 😊

I graduated a few years ago from DU and I’m looking to connect with current students, especially those pursuing management courses (MBA, BBA, or anything related). As a former DU student, I’m eager to meet people in similar fields, exchange ideas, and have some meaningful conversations about academics, life, and career paths.

A little about me: I’m currently working as a consultant and also run a parallel business. I’m passionate about discussing topics like personal growth, mental health, and professional development. If you’re a current management student at DU, it would be great to meet and chat about your experiences or even explore opportunities for collaboration and networking.

If you're interested in meeting up for a coffee or just having a deep conversation, feel free to reach out!

Looking forward to connecting with some awesome people! 😊

"
mehuldraw,"My paintings exhibited in annual exhibition of College of art, DU",0,1236,0.99,0,1742573958.0,False,t5_3ftqw,
SaiAbitatha,Beats Battle: Bollywood Edition – at DU's biggest Tech Fest!,0,0,0.5,0,1742710108.0,False,t5_3ftqw,"🎶  Beats Battle : Bollywood Edition 🎤🔥

“Can you name the song before the beat drops?”

Bollywood lovers, it’s time to test your music knowledge! Get ready for an electrifying challenge where every second counts, and every tune brings a wave of nostalgia. Can you guess the song before your opponents do? 🏆🎧

⏳ Think fast, guess faster!

📌 EVENT DETAILS
📍Venue: Cluster Innovation Centre, University of Delhi
🚇 Nearest Metro: Vishwavidyalaya (Yellow Line, 150m away)
📅 Date: 04th April, 2025
🕐 Time: 1:00 PM
👥 Team Size: 1-2 members

🎼 HOW IT WORKS:
✅ Listen to short Bollywood song clips.
✅ Guess the song title or singer as fast as you can.
✅ Compete in teams for the ultimate “Bollywood Tune Master” title!
✅ Top teams move on to the final rapid-fire buzzer round!

💡 Limited slots available – 
🔗 Register Now: https://docs.google.com/forms/d/e/1FAIpQLSeutjrl54cKy8GAYWXNRGcbRAYidkqV_SNJ8CsmVvbwqTDh8w/viewform?usp=header
🌐 Fest Website: https://convoke.in/

💬 Are you the ultimate Bollywood music buff? 🎶 Gather your team, bring your A-game, and let the battle of tunes begin! 🎵🔥

📅 04th April, 2025 | 📍 Cluster Innovation Centre, DU
#GuessTheTune #BollywoodEdition #CollegeFest #MusicChallenge #BollywoodVibes"
redditabhijeet21,Anyone up for engifest?,0,5,1.0,0,1742670494.0,False,t5_3ftqw,"Really want to attend Sonu Nigam's concert but don't have anyone to go with. If there's another fellow loner out there who'd like to join, let me know

"
Wustache9,Female Flatmate Required | North Campus,0,8,1.0,0,1742652318.0,False,t5_3ftqw,"Hi Girls

# Fully Furnished 2bhk

**April shifting.**

Would prefer a 1st or 2nd year girl  
Bit about self(highly ambitious Former Paytm Intern, currently interning IIT Delhi, De-shaw finspire qualified  
open to case comps, okay with parties and would help for your placements aswell if we vibe)

Looking for flatmate (Female). I am open to moving in a 3bhk or 2bhk, have seen a fully furnished 2bhk as of now, rent is 30k,

15k Per head

*Flat Details:* 

* Spacious Master Bedroom
* • No Brokerage: Rent directly from the owner
* About the Flat:
* • Fully furnished 2BHK
* Amenities Included:
* • Furnished with double bed, wardrobe, study table, chair and more.
* • Modular kitchen, Washing machine, fridge, water purifiers, Mixer, utensils, TV, Dining table, Sofa and other essentials.
* • 24x7 security and power backup in a gated community.

Please feel free to DM, we can discuss and all. Thanks"
Accomplished-Oven646,Eco hons Sem 2 MME,0,3,1.0,0,1742655603.0,False,t5_3ftqw,"I am going to purchase coaching for mme2, either from rightway classes(4500) or poonam kumari's (5k) , does anyone wants to contri and purchase it together?"
ElectronicSummer3288,cw quota koi kaam ki h?,0,7,0.89,0,1742634603.0,False,t5_3ftqw,"hey everyone.( 17 f)
i have cw quota 6th priority was just wandering cw quota m kitna kam hota h cutoffs for top du colleges like srcc,lsr,hindu, hansraj,etc (course:bcom hons)
pls seniors bata do certificate bhi banwana h "
Itsmahisha,Can pcm students go to srcc?,0,3,1.0,0,1742637578.0,False,t5_3ftqw,Is there any deduction for pcm students going to srcc?? 
Past_Demand1713,Result me itna delay kyu ho rha??,0,14,0.85,0,1742588177.0,False,t5_3ftqw,5th me itna late kar rhe hai 6th me delay kia to students ko dikkat ho sakti hai(eligibility)
Readsbooksindisguise,Why are people so anti-social nowadays🙄?,0,67,0.91,0,1742549672.0,False,t5_3ftqw,"I've been attending quite a lot of events in many DU colleges for a few months but most just seem unbothered to talk🤥??, I take the initiative to introduce myself and start an attempt at small talk for only them to give a dry af reply that would make any person run away fs from them😭. It's disheartening since it's not like I'm a social butterfly either but I feel sad seeing my efforts going to waste even after improving upon my social skills😞."
Aggressive_Look5497,Does 4th year with too much uncertainty makes sense??,0,10,1.0,0,1742586326.0,False,t5_3ftqw,"Asking for your opinion, 4th year sure was a big move under NEP but right now there are many uncertainty on how it will be conducted also there are several constraints like infrastructure and teaching staff. I am in B.Com (hons) and from a tier 1 DU college but I have no placement offers in my hand. I missed major opportunities as my CGPA was quite low than most of my peers. What you all think, should I proceed with 4th year and get my CGPA on track (at least above 8) or go back home and prepare for CAT?"
pavanputra108,LSR!! anyone up today?,0,0,0.33,0,1742632569.0,False,t5_3ftqw,Tarang 
AggressiveChemist624,Is Anyone doing the East Asian Studies Masters,0,1,1.0,0,1742614672.0,False,t5_3ftqw,I wanna ask them some questions! 
Empty-Reveal9717,NEED ADVICE !,0,4,0.83,0,1742572084.0,False,t5_3ftqw,"Hi everyone,

Just saw the tentative datesheet and my English Honours semester 2 exams start from June 9th. I'm determined not to end up in the same position as last semester.

I'm particularly struggling with the reading load. I have a stack of novels, plays, and critical texts that I need to get through, but I find myself getting stuck - either reading too slowly or not retaining important information. I'm not sure if I should be taking detailed notes on everything or focusing on broader themes. 

I'm looking for effective study strategies specifically for English literature and time management tips for the next few weeks. Any recommended resources beyond the syllabus would be helpful too. I'd love to hear about note-taking methods that worked well for you and advice on approaching different question types. Most importantly, I need to know how to tackle the massive reading load efficiently and develop techniques for better comprehension and retention.

I'd really appreciate genuine, practical advice (no jokes please). 

Thanks in advance!"
Dank-5709,Planning for masters in geography from DSE !,0,4,1.0,0,1742575416.0,False,t5_3ftqw,"Guys drop your suggestions or in general points regarding DSE and it's research work curriculum and other aspects of DSE .
Mention library and hostel facility (how one can get) !
And any other necessary stuff you want to add upon!!"
Illustrious_Aide_559,St Stephens certificate in german language,0,5,0.86,0,1742560105.0,False,t5_3ftqw,"hello DU people,  
I have been eyeing st stephens college to undertake a certificate course in German language.  
How do I take admission  in the course? Will there be a test? I dont have any experience with German.  
How is the academics? How is the college life? Is the course worth it?"
Wide-Pop4415,Life is going crazzzy nowadays...kya kro please tell,0,7,0.62,0,1742546291.0,False,t5_3ftqw,Im from one the clgs of du ... 1st yr btw .. we had a group..and I started liking someone from the group... I didn't want to get involved in these stuffs so I kept it secret....but slowly and steadily the girl who I liked started giving hints ... and started acting really possessive or something like that .... at that point of time tooo i did not wanted to start because I know....if something bad happens and if she leaves it's going to fk my mental health........ Andddddd guess what...I don't know why and how and idk ... Involved with a fight with her ..said something about her which I should not to defend one of friend ... And the argument went so heated that idk y but I said go now don't come back ... and she took that thing srsly... I went to her 3-4 times on her chat and said sorry but no she's ain't ready to comeback....the problem is I was so happy and attached that I'm unable to get over her .....mm koi kuch btao yrrrrrrrrrrrr 😭😭😭😭😭😭😭
jdbro58,Bhai yrr ye pg me jo kaam krte hai,0,13,0.93,0,1742532022.0,False,t5_3ftqw,Bhai pg me jo ye kaam krte hain kuch bi chiz room se bina pooche le jaate hai inse se ldna chye kya kbi koi khane ki chiz inse ldna chye ya fir ? 🪬🦁
Informal-World-1999,Need guidance for BCom,0,2,1.0,0,1742580246.0,False,t5_3ftqw,Which subjects should I choose for Delhi University? I want to pursue BCom.  
Expensive-Virus3473,Calling All College Students! Share Your Campus Placement Fair Details,0,2,1.0,0,1742559416.0,False,t5_3ftqw,"Hey everyone!

My company is actively hiring for Marketing, Content Writing, and Graphic Design roles, and we’d love to connect with potential candidates. If your college is hosting a placement fair, job fest, or any hiring event, drop the date and college name in the comments (or DM me if needed).

We’d love to explore opportunities to participate and recruit talented individuals from your campus. Let’s make it happen! 

Looking forward to your responses. 
(We are hiring interns only. But we do have full time opportunities too)"
Spiritual-Garden9643,"Need some experienced teammate for a B. Plan at KMC I need an experienced teammate for a B. Plan at KMC, if you are really interested and good with design do lemme know. Here's the link. https://unstop.com/competitions/entreprize-business-plan-competition-kirori-mal-college-kmc-du-delhi-1430614 I",0,0,0.5,0,1742572764.0,False,t5_3ftqw,"Need some experienced teammate for a B. Plan at KMC

I need an experienced teammate for a B. Plan at KMC, if you are really interested and good with design do lemme know.

Here's the link. https://unstop.com/competitions/entreprize-business-plan-competition-kirori-mal-college-kmc-du-delhi-1430614

If interested do DM me. 
"
Adorlilies,Is there any registeration for Confluence,0,1,0.6,0,1742564177.0,False,t5_3ftqw,I wanted to know whether our id cards will be enough or there are other formalities?
No-Promise4688,"To computer science seniors , help your junior out !!!!",0,1,0.6,0,1742559203.0,False,t5_3ftqw,"I am a first year student , scared about 1st sem result.  How is grading , like are they linient ? As an avg student with avg internals what can I expect? 

Is it really tough to achieve around 8CGPA ?"
Fun-Fix258,Provisional degree certificate,0,2,1.0,0,1742543470.0,False,t5_3ftqw,What's the process of getting provisional degree certificate? Graduated in 2024 from Dyal singh college ....urgent need of the certificate for post grad...
ughhh_as_if_,"Hansraj College RANT! Our Principal is a tyrant, makes me hate my decision to stay in hansraj",0,197,0.99,0,1742453361.0,False,t5_3ftqw,"today i was in the library peacefully utilising my time watching lectures cause internals are coming up she enters the library and asks everyone to shut their laptops, phones and other electronic devices(you can’t even listen to music) saying “ye laptop/phone se padhai hoti hai kya? padhna hai toh books se padho” and a lot of shit related to that she even pointed out a few students. I’ve been an avid user of library since my sem 1 and not untill this year there were any problems with the gadget usage, at first they introduced the rule of no electronics after 5pm in the lib which was fine at least we would get 9am-5pm slot to use electronics but now the no electronics policy is beyond my understanding like this is the digital era of AI and what not, her own college is famous for their digital marketing course,so tone deaf from her side. Everyone left the library and it was empty. there were times where they would even confiscate our phones from 5pm to 8pm if we want to use the library. It honestly makes zero sense like obv who wants to sit in the library after 5 till 8 if they don’t want to study 
.
.
********AND THERE’s MORE*:
so this is some insider info but fuck it idgaf anymore, hansraj’s annual fest is now coming up next week ig, and the last time i talked to my friends who are volunteers(like 3-4days ago) said our principal has said their shouldn’t be any artist, no stalls and the budget is literally yearly fees of a pvt college like amity. It’s going to be a shitshow, Hansraj has become a shitshow.
.
****the canteen is not working since 1st week of march, idk if it’s because of the student union or principal but yes. No affordable food for us.******
.
******our college was rented for shooting but the principal couldn’t(didn’t) allow social service society like- nss for their not for profit event in the college playground while all other college’s principal did.******
"
ahatamtar,help help help help advice needed,0,2,1.0,0,1742538221.0,False,t5_3ftqw,"I tried clickbaiting my way into someone helping me sooner but sorry about that 😭
Someone please advise me on whether mass communication is a decent degree to do in india atleast for UG like is there any actual scope after college? What's the course like? Is it worthy? What other course should I opt for if not mass comm
 I've heard positive and negative stuff about the degree mostly that it has no future or sm 
So advice please!! 🙏🏻🙏🏻 "
Alarmed-Fennel-337,Flatmate required (girl),0,2,0.58,0,1742551182.0,False,t5_3ftqw,"35K flat (price negotiable), 2BHK, extremely aesthetic flat.... Need one girl to share the accommodation with....I will be taking a single sharing room so another room is unoccupied.... I am a Miranda House student 
It will be 15-16K per person max"
Mammoth_Shoe3542,to all the girlies 💌,0,0,0.33,0,1742562347.0,False,t5_3ftqw,"Please help me out by filling the form for my internship work
Market Research for Beauty Products 
I want to know beauty( Skincare and Cosmetics) products you like 
Kindly help me by filling this form 
Your email id won't be recorded anywhere
Thank you 🫶
"
Individual_Club7944,Scared as f*** about Sem I results,0,16,0.86,0,1742490419.0,False,t5_3ftqw,Like I should have studied hard but damn I know I didn't give my best and grades are pretty important to me. Could BSc (H) Maths seniors tell me how generous professors are with grading and what the average GPA is in your class (especially what the average GPA is in sem 1)? Thank You!
Sad-Comb1765,"Tomorrow is cyber law and forensic paper, but I didn’t study anything now preparing for Block exam of mid sem 😭😭",0,11,1.0,0,1742495103.0,False,t5_3ftqw,
,Does any have Advanced Group theory notes ? Maths(H) Sem 6,0,0,0.5,0,1742537079.0,False,t5_3ftqw,FOR INTERNAL TEST.
realitycgecj,Life in a flat,0,1,0.66,0,1742535414.0,False,t5_3ftqw,"Starting living in flat (indra vihar) and knows nothing about the area, need help with some things like from where to get the water and furniture. I feel like they're scamming me just because I'm a 1st year student."
Automatic_Incident29,to all the lovely du people,0,1,0.67,0,1742531065.0,False,t5_3ftqw,"Please take a minute to fill out this survey.Your responses would mean a lot.
https://forms.gle/K5hy9hZYHMQJWWws8

 Thank you ✨"
anonymousabcg,Wanted to know about mcom from dse/north campus,0,6,1.0,0,1742494320.0,False,t5_3ftqw,"Currently in ipu doing bba (final year), I'm giving mcom exam this month, realised that ive a real interest in commerce subjects through my time in bba. what would be the cutoff for dse/north campus. "
kyunhumain,Are these DU colleges’ placement reports legit?,0,3,1.0,0,1742497764.0,False,t5_3ftqw,
NoRestaurant355,Anyone else confused between ma eco and mba?,0,10,0.73,0,1742469254.0,False,t5_3ftqw,"Eco hons students ,  what u guys are going for?
"
Pure_Hedgehog_2499,JMC ENGLISH FEST,0,2,0.67,0,1742491760.0,False,t5_3ftqw,"Hello! We have eng department fest on Monday and Tuesday. We have different competition lined up, pls do register. You will enjoy a lot. We have debate comp, film making, writing, open mic and more. Please pchat me for the link. "
jiminbuttholehair,Small business,0,5,1.0,0,1742485785.0,False,t5_3ftqw,"Hello, i have small business and thinking of putting up a stall on 25th and 26th march at ipcw,du. BUT i am looking to collab with someone(u will put up your stall and i will put up mu stall, basically stall will be shared. U will give half price and i will give half)  for one or two days because we jave opened up recently and can't afford to pay too much money. ANYONE WHO IS INTRESTED PLS DM here or on @aurixi.acs.

"
AstronomerFit5840,I've Created a Free Mock Test Portal for Everyone to Practice Unlimited Mocks!,0,29,0.88,0,1742439895.0,False,t5_3ftqw,"It provides an exam-like interface with unlimited practice tests for anyone preparing for competitive exams. No signup is required, you can  create your own mocks/tests in minutes using GPT and Notepad!

🔗 Check it out here: https://linktr.ee/freemocks

Pls upvote if u found this helpful and suggest improvements"
Mean_Respond7097,Apps/Websites for making mind maps,0,2,1.0,0,1742479769.0,False,t5_3ftqw,"Which free apps/websites do you normally use to make mind maps?

"
Aggravating_Cellist5,Brainwars Case Comp,0,1,0.67,0,1742489467.0,False,t5_3ftqw,"Hi guys. I am looking for teammates for BCN's Brainwars Case Comp from Hansraj College (batch of 2026). Please do HMU if you're interested as I have no one to participate with.
"
AreUScared,Survey on cheating during examination among Indian Students,0,2,1.0,0,1742474444.0,False,t5_3ftqw,"Hello Redditors, I am a research scholar conducting a study on cheating in exams among Indian students. The survey has just 8 simple, yes or no, questions and is completely anonymous. Your participation would be highly appreciated. 🙏🏻 
"
psych2801,Civic Sense Where?,0,47,0.98,0,1742407406.0,False,t5_3ftqw,"Due to my hostel being situated in north campus, I visit vishwvidyalay metro station frequently. The stalls near the metro station have so many dustbins but all I see os trash. It makes me so fkn furious. DU is considered as top University of India and still people studying here have no civic sense of throwing trash in the dustbin? There're literally dustbins at each corner and still students chose to litter. Multiple times I've notices people littering, ignoring the very existence of dustbins. Education does not instill civic sense neither studying in top University if basic civic sense is absent. "
mc_ride666,Can anyone explain NEP 4th year for program students?,0,5,0.73,0,1742443151.0,False,t5_3ftqw,What kind of degree program students will receive after completing 4th year? Is it only hons. degree or hons.+ Research? Also are they eligible for direct PhD?
Connect_Froyo4034,Research Analyst Exam NISM,0,2,0.75,0,1742459392.0,False,t5_3ftqw,"I am planning to give the exam in April, if anybody is preparing for the same kindly hmu. Also send invite if there is a whatsapp group for the same. 
Thanks! "
Rohan_Bhasin,Went back to studying for finals after watching this lol,0,2,1.0,0,1742452067.0,False,t5_3ftqw,
So_Yeah914,Tarang Day 1,0,0,0.5,0,1742463139.0,False,t5_3ftqw,"We are in LSR right now, getting bored, if anyone wants to hangout, please DM"
kallu-kaaliya,only placement mata sundri can provide,0,48,0.98,0,1742387683.0,False,t5_3ftqw,
bwabwab2406,student council ??,0,0,0.5,0,1742460738.0,False,t5_3ftqw,is being a part of student council really all that like i see a lot of people apply and i do need something to look good on my cv and such but it seems like a lot of work for very less recognition so pls help me out?? 
HomeworkSignificant6,Self attestation doubt,0,3,1.0,0,1742436716.0,False,t5_3ftqw,Do I need signature of parents or can I sign it myself ?
InfinitePumpkin6454,What's the usual cut off for st / sc / obc for top b.com H colleges?,0,2,0.62,0,1742457136.0,False,t5_3ftqw,.
,Missed test,0,2,0.75,0,1742443233.0,False,t5_3ftqw,"I missed two tests of different subjects, im in second sem , am i in big trouble?"
Cheap-Computer4364,Chemistry practicals,0,1,0.67,0,1742453065.0,False,t5_3ftqw,"Hi, i m in partial drop currently preparing for neet and only a month is left for it, hence till now I have attended only one practical of chemistry, and I am very scared to go attend anymore now because the teacher is very strict and doesn't give attendance without checking the files 🥲 i thought I would just give some medical to testify for my attendance but idk what should I do, I am so worried🥲🥲"
chefs_kiss_21,I hate AEC so much.,0,29,0.9,0,1742385547.0,False,t5_3ftqw,"I have Hindi B as my AEC for this semester and god, I barely know what the fuck the teacher is saying half the time (mostly cause I am a bit weak in Hindi and some of the words he uses are a bit too advanced for me). And today the teacher prolly noticed me getting lost in my own thoughts (cause is a combination of these classes being boring, me having awful attention span and as I said, I barely know half of what he says), and asked me what he was trying to tell us at that moment. I could barely say anything since I could hardly understand half of it and ended up being the butt of his joke due to my poor concentration (thankfully he isn’t strict, he happens to be a jokester). And I told myself that for this class and GE (I again chose Hindi B as my GE, and he’s my teacher there as well), I will make sure to sit in the corner to avoid being the butt of his jokes and being picked again for shit like this. And the thing is, I feel scared of telling him how I sometimes don’t understand what he says. He said that he’s open to suggestions and even asked a few times if we are find his language hard, though no one said yes, and I fear humiliation admitting it.

Like, I don’t even know what’s the point of AEC. Sir claims that “when you’ll become an IAS officer, it will come in handy”, like, not everyone wants to be an IAS officer. While I admit I’m an UPSC aspirant, I wish to aim for IFS, not IAS. And even if I were an IAS officer, I’d rather be honest and admit I know shit about formal Hindi (emphasis on formal, of course I know Hindi, but I struggle a lot in formal). I haven’t studied Hindi since 10th and was glad I won’t have to study it cause I admit that I’ve struggled with Hindi the most out of all my subjects. So having to study this again after almost 3 years is overwhelming for me. And with DU making this mandatory, I am starting to hate my own mother tongue. I can only wait for 3rd year in 2026 when I won’t have to study AEC.

**EDIT**: to clarify: my issue is mainly with the subject, not the teacher (he’s fine, not strict). Today’s incident just made me realize how overwhelming it can be as someone who’s struggled with Hindi during school days"
psychellnotcycle,I think I might get detained lmao,0,18,0.82,0,1742391804.0,False,t5_3ftqw,"Attendance toh ekdum zero k baraabar hi h lmaooo. Even if I start attending kal se, I don't think cover up ho payega.

Chudd gye guru🤪"
AggressiveChemist624,Can You do a double masters in DU?,0,4,1.0,0,1742405673.0,False,t5_3ftqw,"I want to do a double masters, What are the guidelines and limitations? Has anyone done it in the humanities? 

I want to do it in Modern Indian history and East Asian Studies! Do you know anyone in those? :)


Thank you"
Starry-Moonlight,Hey! A community for the ones (SERIOUS) for UPSC,0,0,0.5,0,1742430960.0,False,t5_3ftqw,"Hey! Created this community for like minded people, sources and help in the last 60 days! Let’s all come together and help each other find the best resources, books, lectures, groups etc.!

Link-

https://www.reddit.com/r/TheIASHub/s/WmFe5jRLQ6"
New_Paper_1069,Anyone looking for quiz partners?,0,1,0.6,0,1742415614.0,False,t5_3ftqw,21F. I want to participate in DU quizzes so if you’re looking for a quiz partner I am up for it :)
TemporaryAbalone1018,Anyone up to be fest partners for DTU on 23rd?,0,0,0.5,0,1742411753.0,False,t5_3ftqw,...
cookedvani,vent??,0,90,0.96,0,1742322734.0,False,t5_3ftqw,"a guy from this community just randomly sent me a DM saying ""aur batao"" and bhai idk if it's just a me thing but being in a girls college voh bhi off campus has made me very anti social (when it comes to taking to guys) so getting random dms makes me think twice. ANYWAYS long story short, the guy went on to discuss how he's ""bigger"" than me in height and age and once i stopped responding he called me the R word🤪 Chalo bus itna hi rona dhona tha, goodnight sabko 😪"
whats-a-km,How is DTU's BA Economics?,0,0,0.25,0,1742421334.0,False,t5_3ftqw,"just watched few videos, wondering is it any good?"
Posiedon3651,Anyone interning at Agile Capital Services (ACS) this summer?,0,2,1.0,0,1742393270.0,False,t5_3ftqw,"Hey everyone,  
I recently got an internship at ACS for HR/Marketing this summer, and I was wondering if anyone else from DU is joining too! Would be great to connect before we start.

Also, if anyone has interned there before, I’d love to hear about your experience. Any tips would be appreciated!

Looking forward to connecting with fellow DU folks. :)"
Mean_Respond7097,What job roles do B.Com (Hons) graduates from top DU colleges typically get placed in?,0,0,0.5,0,1742406265.0,False,t5_3ftqw,"Serious answers only

So, I want the actual roles that most companies come for in different sectors."
azad_hind_fauz,Badminton in Kamla Nagar?,0,0,0.5,0,1742397176.0,False,t5_3ftqw,"I wanna play badminton in Kamla Nagar, will someone join me?"
Simply_Param,"Hey SRCC, maybe stop using my unconsented, old data to drive your registration numbers for your shitty competitions",0,80,0.98,0,1742308509.0,False,t5_3ftqw,"I graduated a year ago, and I applied for one case competition because I had friends in those societies, and it was maybe 2023. I'm working somewhere now. Can you not take my data, clearly unconsented for, to drive your registration numbers? Just so you know, my firm hires from your college (and pays a shit ton too) and I can very easily ask the HR to blacklist you for this shit, stopping some of your current placements too. Else, I'll just drop an email to your principal and the DU management myself. No problem with that at all. Let me know what option suits you."
ConsciousSong2934,Any college with bsc eco?,0,0,0.33,0,1742402578.0,False,t5_3ftqw,"Hi it is an urgent query from one of my juniors. Are there any colleges under Du that offer Bsc eco (not ba)?  
Does DSE offer it ?

If it's a no for either of the questions, then does any college in Delhi Ncr offer it, if at all?"
SaiAbitatha,Stock Showdown: Paisa Aur Power – Challenge at Delhi University!,0,0,0.25,0,1742397175.0,False,t5_3ftqw,"Welcome to Convoke 7.0, next stop is Stock Showdown 🚇
📢 Stock Showdown: Paisa Aur Power 💰🔥

It’s time to put your financial instincts to the test at  *Stock Showdown: Paisa Aur Power*, an electrifying stock market simulation competition where strategy, risk-taking, and smart investments will lead you to victory! 🏆💵 📊💹

🧐 *What’s the challenge?*  
The competition is divided into *two thrilling rounds:*

1️⃣ *Preliminary Round: The Ultimate Quiz*  
   - Answer mind-bending questions on stock markets, finance, and investing.  
   - Only the sharpest minds will qualify for the next stage!  

2️⃣ *Final Round: The Trading Battle*
   - Experience a *live trading simulation* where you’ll invest in different companies, buy and sell stocks, and build your portfolio.  
   - Make smart decisions, strategize wisely, and see if you can dominate the market! 📈💰  

📍 *Where?* Cluster Innovation Centre, University of Delhi  
🚇 *Nearest Metro* Vishwavidyalaya Metro Station, Yellow Line
📅 *When?* 3rd April  
⏰ *Time?* 11 AM onwards  

💡 Whether you’re a seasoned stock enthusiast or a beginner eager to learn, this competition promises excitement, challenge, and a chance to prove your financial prowess!

🔥 *Why should you join?*
✅ Compete with the best minds  
✅ Sharpen your trading and investment skills  
✅ Win exciting rewards and recognition  
✅ Experience the thrill of real-time market strategy  

 *Don’t miss out!*
Gather your squad, register now, and get ready to make your mark in the world of stocks! 📢💵  

*Are you in?* Let’s trade, compete, and conquer! 🔥📈

*Register now on*
https://unstop.com/o/Rd3X4nr?lb=0A4iES9Q&utm_medium=Share&utm_source=WhatsApp"
dhruv1103,Paid Marketing Internship – Work with a Growing SaaS Startup!,0,2,1.0,0,1742367271.0,False,t5_3ftqw,"We’re looking for a **Marketing Intern** to help promote our SaaS product. If you are **fluent in English** and are comfortable using **laptops, Google Sheets, and social media**, this is a great opportunity to gain hands-on experience in **software marketing**.

🔹 **Salary:** ₹15,000 - ₹25,000/month + **10-20% commission on sales**  
🔹 **Perks:** Rapid growth, practical experience in B2B/B2C marketing, and exposure to the software industry.

No prior marketing experience is required—just a **willingness to learn and hustle**!

**Interested? Apply now by sending your resume to** [**apply@noclick.com**](mailto:apply@noclick.com) **along with a brief paragraph on how you would market a software product.**"
eponymous_survivor,TARANG '25,0,1,0.55,0,1742380238.0,False,t5_3ftqw,guyss humein sirf oc events mein register karne se entry mil jayega kya? i don't have a plus 1 😭
Eve_meh,NEED URGENT HELP WITH DOCS,0,1,0.6,0,1742368026.0,False,t5_3ftqw,"
So it's regarding the caste certificate. I have one and I'm planning to use it in the form, it's not just the updated one. So my question is that can I use this one now and later on, during the admission process use the updated one? Will that work??? I'M LITERALLY PANICKING AS IT'LL TAKE LONG TO UPDATE THAT AND IT'S NOT THAT I'VE NOT TRIED YET. I HAVE, THEY SAID IT'LL TAKE TIME. SO HERE I AM, ASKING IF IT'LL WORK OR MY FORM WILL GET REJECTED.. please help"
Longjumping_Peak_840,Is 1st sem result cumming very soon,0,37,0.95,0,1742294400.0,False,t5_3ftqw,
AssociationOk2246,"Speed, Thrill and Adrenaline Rush !! JOIN us for the Robo-Racing Event of the Year at DUCS",0,9,1.0,0,1742315644.0,False,t5_3ftqw,
entrepreneur_sagar,Serious reply only,0,7,0.89,0,1742309010.0,False,t5_3ftqw,"I was wondering if anyone here has experience setting up a stall or showcasing their startup on campus.If you’ve done this before, what was the process like.... Did you need to get permission from the principal or college administration

"
ramen_withbigbowl23,need help,0,3,1.0,0,1742322156.0,False,t5_3ftqw,"so i am diagnosed with tuberculosis ,and im not from delhi so im returning home , the doc said the first phase dosage will be of 2 months strict 
at home, so i just want to know what’s the procedure of getting a medical leave? like do i need a certificate?  or write a letter? or directly go to office "
_thinking_shi_05,Please fill out this Google Form,0,4,0.83,0,1742322078.0,False,t5_3ftqw,It's for my SEC class please fill kar do sabkoi 😭😭
Left_Foundation5117,"Hi, how is the scene of 3 year LLB in Faculty of Law, DU?",0,3,0.81,0,1742313748.0,False,t5_3ftqw,Is it really worth it given the name and hype and alumni? How is the academics? Opportunities? 
SaiAbitatha,A new Treasure Hunt challenge at Delhi University!,0,3,1.0,0,1742317175.0,False,t5_3ftqw,"🔎 The Maganlal Mystery – A Treasure Hunt Challenge! 🔎

""Detective thought. Bullet shot. Criminal caught.""

A high-stakes game of wits and deception awaits you! Cryptic puzzles conceal hidden truths, daring you to crack their codes. Laser grids block your path, guarding the truth beyond darkness. Suspects lurk in the shadows, hiding behind false identities—can you unmask them before it’s too late?

At the very end, the true mastermind stands before you. Will you be quick, clever, and agile enough to take him down before he vanishes into the night? Or will he escape, leaving you with only unanswered questions?

⏳ Tick-tock, detective... time is running out.

📌 EVENT DETAILS
📍 Venue: Cluster Innovation Centre, University of Delhi
🚇 Nearest Metro: Vishwavidyalaya (Yellow Line, 150m away)
📅 Date: 3rd April, 2025
⏰ Time: 9:30 AM
👥 Team Size: 1-4 members

🎭 RULES & REQUIREMENTS:
✅ Open to all college students (Inter-college teams allowed!)
✅ Solve puzzles in sequence—no shortcuts!
✅ Be mindful of the props—no tampering or breaking.

🔗 REGISTER NOW:
📅 Last Date of Registration: 2nd April, 2025
📝 Register Here:
👉 Google Form: https://docs.google.com/forms/d/e/1FAIpQLSdLZslDOEC-lddjF0SsaCSWGGZMh2of9UIndpwGJM8zQ26Sww/viewform
👉 Unstop Link: https://unstop.com/events/treasure-hunt-feludas-lost-clue-the-maganlal-mystery-convoke-cluster-innovation-centre-ducic-university-of-delhi--1426843?lb=3isu0ba&utm_medium=Share&utm_source=shortUrl
🌐 Fest Website: https://convoke.in

📢 Do you have what it takes to solve the Maganlal Mystery?
Gather your team, sharpen your detective skills, and embark on the most thrilling treasure hunt of the year!

🔍✨ #MaganlalMystery #TreasureHunt #CrackTheCase #DetectiveChallenge #UnmaskTheTruth"
Trash_Spirited,I don't know what to do 😞 so please tell me my senior and year mates,0,17,0.91,0,1742281854.0,False,t5_3ftqw,"I want to ask my seniors or my fellow year mates of my decision is it ok to do this or I am doing something wrong. 



So let's get started first of all I didn't want to go to college on regular basis but my parents forced me to attend a regular college and then I'd  go to the college for the first few weeks it was not a very enjoyable experience  so after a month and half of going to college regular I decided to go when my mood dictate it  and I stopped going to college. Going for a 2 days at most in a week .  Then first sem exam happened and it did not go well. 

The second semester started and I did not go for 1 month and now I really don't want to go to college as it's boring and sh*t its not a good college as well and I don't have any friend in the college because I'm an introvert and (vibe match nhi hoti😭)  I don't relate to this kids. There already group been made I don't feet in and I feel lonely. 

So I am started to think that I should migrate to sol as eng(hons) is not that great of a degree I think and it will not get me any jobs based on it self only. And also think it will safe my huge chunk of money and use it on another courses to put it on cv 

So I want to ask you all what do you all think is it the right choice or totally wrong and please tell. E is there any difference between regular degree and sol degree (please share your opinion 🙏🙏) "
Cautious_Pudding_150,Entryy chahiyeee,0,0,0.38,0,1742330589.0,False,t5_3ftqw,LSR ke fest me entry dila do koii 😔😔 
Mean_Respond7097,What job roles do BCom(hons.) students from DU typically secure during their placements in companies?,0,2,1.0,0,1742315631.0,False,t5_3ftqw,only serious answers are welcomed.
Naive_Astronaut_3019,IIT-JAM anyone ?,0,5,1.0,0,1742300463.0,False,t5_3ftqw,"Did anyone wrote iit jam paper especially Economics, how much did you score btw ??"
_glitchwitch_,Need Suggestions for a Better PG in North Campus,0,5,0.86,0,1742295726.0,False,t5_3ftqw,"Hey everyone,
I’m looking to change my PG (Currently I live in Kamla Nagar) and need some recommendations. The current one has been a bit of a hassle, mainly because of:

Weird curfew rules – They lock the main door from the outside at midnight since the warden doesn’t stay at night, which honestly feels unsafe.

Mess issues – My college timings are 9:30 AM - 6:00 PM, so I miss lunch and snacks, but I’m still paying a good amount.

Price vs. facilities – I feel like I’m overpaying considering the restrictions.

I did check out flats, but they seem unsafe based on reviews, even though they’re cheaper and have no curfew. So, I’m looking for a better PG in North Campus with flexible timings and decent facilities. If you know any good ones, please drop suggestions.
Would really appreciate any help!

"
Proper-Elderberry-58,Am I cooked ?,0,16,0.94,0,1742265521.0,False,t5_3ftqw,
idontknoww_hat,Bhailog junior ki madat kardo,0,2,0.67,0,1742294140.0,False,t5_3ftqw,"
Mai abhi english ke pyqs kar raha hu aur usme Mera score bas 170-180 ke range mai aarahe hai out off 250 .

The type of questions which I get wrong are mostly grammar related ( I have revised for some time ,just straight up ,solved the pyqs, and vocabulary(synonyms and antonyms)are the questions in which I get bowled "
felix_stark_2007,NEED THEATRE SOC PEOPLE( PREFFERABLY 2ND YEARS AND PLUS),0,1,1.0,0,1742314147.0,False,t5_3ftqw,hello...anyone in college theatre societies pls dm
Few-Capital-6857,DU UG Admission Webinar,0,1,1.0,0,1742309587.0,False,t5_3ftqw,
Kindly_Agent9759,"Looking to pursue BSc in Food Science & Nutrition, need to clear some doubts.",0,1,0.67,0,1742305435.0,False,t5_3ftqw,"I want to take admission in BSc in Food Science & Nutrition. I tried a lot to find which college offers this course but couldn't get the expected result. Therefore, I'm trying to find out the answer on related Reddit subs. I'm hoping someone can actually help me out with this."
dancingcardboard,"Can't find any info about Cluster Innovation Center, Delhi University.",0,4,0.83,0,1742282341.0,False,t5_3ftqw,"I have some questions about CIC.

1. Can somebody explain what exactly is the Cluster Innovation Center? Is it a research center?

2. It offers a BTech in IT and Mathematics degree, does this degree have the same value as CS/IT degrees of other colleges when it comes to jobs?

3. What is the cutoff for admission here? And what subjects do I need to choose in CUET for BTech?"
Shiv5m,Ma psychology cutoff,0,1,1.0,0,1742296117.0,False,t5_3ftqw,Can anyone tell me what are the cutoff of ma psychology in du ? 
Greedy_Bet_6475,Community/groupsfpr events,0,2,0.75,0,1742281220.0,False,t5_3ftqw,are there any groups or like communities to stay updated about opportunities and different like events happening like in like career related not fest or stuff like that but related to career like events quizzes online different internships or something like that community or group like this
HomeworkSignificant6,How long is obc certificate valid for ?,0,1,0.6,0,1742289826.0,False,t5_3ftqw,Title also what are the documents required to be submitted for offline verification in college
Swarnima1502,25F HELP: Universities under UGC are not following UGC's own Law.,0,17,0.88,0,1742231805.0,False,t5_3ftqw,"This is a request to the student associations of universities.

As per amended UGC Regulations 2022, UG students can pursue PhD without Masters, if they have min. 4 year UG degree + 75% marks. (See Regulation 3)

But still most institutes have not amended their PhD rules to align with UGC regulations. They are mandatorily asking for master's. Only some of the universities have amended their PhD admission 

I have mailed them and raised complaint but no dice.

I worked very hard to get JRF. But now I see the PhD vacancies and they ask for LLM, I am unable to enroll. 
Myquals: 5 year BALLB. And JRF qualified 

In such a situation I please request the association leader to please relay this message so the university administration updates their eligibility rules.

"
_demonqueen,ADVICE : CASE COMPETITION,0,7,0.9,0,1742247817.0,False,t5_3ftqw,"I’m a second year(currently 4th sem) student pursuing business economics…i didn’t involve myself much in college during my first three semesters but i’m looking forward to changing that.
really wanna participate in case comps but am really nervous cuz i’ve never been in one and i feel like i’m too dumb to even participate.
can anyone plsss advice me what exactly happens in case comps and how do you guys prepare for it?🥲"
Emocucumber,Placement Drive at Ram Lal Anand College 🍀,0,3,1.0,0,1742266703.0,False,t5_3ftqw,
sky___pi,why do I come back delhi?,0,51,0.98,0,1742204998.0,False,t5_3ftqw,"hey 
I'm home and the holiday break is over and I don't want to come back delhi and I don't know what to do of classes and shits. my college is shit and there is no one for me to past my time with. idk I don't want to....
my English is not good! "
brat-tf,students from ghaziabad!!!,0,15,0.81,0,1742219055.0,False,t5_3ftqw,"hie girls & guysss🎀

so i wanna hear your experiences (ppl studying here from gzb) like how are y'all managing it all w the regular up-down to the clg! plus, have you made any good friends there? rant about societies! and are you thinking of getting any pg in future or will just continue w metro mata! do share!!!!

\[others who are also travelling 1.5hr daily, y'all go ahead w the rant\]"
KATILBHRAMAN,Research Intern,0,2,0.76,0,1742237635.0,False,t5_3ftqw,"I am an engineering student , with a keen interest in finance.
Can anybody guide me what are the prerequisite required to get an intern under a DU professor.

It seems ridiculous but I just wanted to explore this field , particularly I am not sure what topic I have to get started with.
I just wanted to know the insights particularly."
EARTHISLIFENOMARS,Free entry no registration,0,6,1.0,0,1742213960.0,False,t5_3ftqw,
Greedy_Bet_6475,Best tools for college/work,0,3,0.81,0,1742223608.0,False,t5_3ftqw,"Is there any tech stack or tools for managing times or information or knowledge system for managing learning or kind of organised systems and is there one or two tools digital or ohuscak like software or hardware 
Which has been a life saverrrrrrr fr !!!!"
BedAdministrative584,A bloke who cares about attendance,0,13,1.0,0,1742191055.0,False,t5_3ftqw,How many classes can you usually miss to keep the attendance marks high and fine? Included tutorials and lectures.
AcanthaceaeFirst5982,"MBA from DSE , DBE /DFS",0,1,1.0,0,1742234666.0,False,t5_3ftqw,"Can anyone tell about these courses,real avg. packages..etc. ?"
asshitaspossible,Football?,0,2,1.0,0,1742218655.0,False,t5_3ftqw,"anybody knows anything about football during the evening near the North Campus area, I just want to play for fun."
Zux6792,Register for Murder Mystery,0,7,0.89,0,1742193734.0,False,t5_3ftqw,"https://2ly.link/25G3f

Anyone interested Please register for murder mystery at arsd college.Winners will get exciting prizes. 

DM me for registration other events like on the spot film making."
Such_Grocery,Good News!!!,0,17,0.9,0,1742172622.0,False,t5_3ftqw,"The valorant competition at SRCC has turned completely online!

You can now participate with your friends accross cities!!

[Unstop](https://unstop.com/o/BzxKu7M?lb=HMg8w5ux&utm_medium=Share&utm_source=shortUrl)"
Imnoton_reddit,Is there any way for students of DU to do an exchange program in Singapore?!,0,1,0.67,0,1742227092.0,False,t5_3ftqw,Same as title.
Warlockaditya,Need help for my situation.,0,2,0.67,0,1742201762.0,False,t5_3ftqw,"Hey everyone,   
So i am in a bit of a situation. I am a dropper, I took my drop because i got a job offered as soon as my boards were finished and the package was good so i choose my job for an year, now the things is its a very big company, and my pay is now in 7 digits as i am a mid-senior now. As I would be going to college how can i manage these, i thought that i would go to the college for the first class and mark my attendance and then sit in the library for the day. My office wfh 9 30 to 6 please help "
Training_Question661,LLB wala hai koi yaha par,0,4,0.7,0,1742165162.0,False,t5_3ftqw,"Iss sub par agar koi  LLB ka student ho toh , kya aap bta sakte hai ki DU mey LLB ki reality kya hai , aur Placements kaise hai , internship opportunities kaisi hai , kya placement cell aacha hai ya nhi etc . 
Aur most important attendance compulsory hoti hai kya . Plz help "
refreshing_twilight,PhD survey me help kar do,0,5,0.86,0,1742140485.0,False,t5_3ftqw,"Hi everyone!!
I am doing my PhD on Digital Interventions in Mental Health. As part of my research, I am exploring the use of digital technology in Mental Health (in short, DMHI, Digital Mental Health Intervention).

You are invited to participate in this study if you are:
* 19 years and above
* Residing in India
* Diagnosed with a mental health condition (like depression, anxiety, stress)

Your participation will involve completing an anonymous questionnaire that will take approximately 15-18 minutes. Just so that you know, no contact details will be collected.

Click here to participate: 

https://forms.gle/4y3tj3ajmDpdGVv36

Thank you in advance, and I am looking forward to your contribution!!
"
,do people go to oxbridge/ivys from DU for their Masters?,0,17,0.88,0,1742099358.0,False,t5_3ftqw,specifically for MFin and MiMs
Sad-Technician-3480,Maths hons 6th sem,0,1,0.6,0,1742153881.0,False,t5_3ftqw,Does anyone has notes of advance linear algebra 
sleepycowinafarm,Anyone who got in through single girl child quota?,0,4,0.83,0,1742114890.0,False,t5_3ftqw,ews seems like a nightmare right now so wondering if I should get sgc affidavit or will it be completely useless? 
taerin_yapper,Literature answer writing,0,2,1.0,0,1742113182.0,False,t5_3ftqw,"So currently in 2nd sem and after 1st sem am super scared of literature exams as the questions weigh so much and I just can't write that much , I know I need to work on that. Working on it, so please guide me other literature students how do you prep and write exams. "
Sufficient_Oil7268,any foreign students applying for psych honours this year?,0,2,0.75,0,1742104635.0,False,t5_3ftqw,"has any foreign students applied to du through fsr yet ?? specifically psychology hons or eco hons anything really. how much are you expecting for your finals if it hasn’t happened already and which colleges are you aiming for? 
"
psycho-men,Need some help filling up this survey,0,2,1.0,0,1742104540.0,False,t5_3ftqw,"📢 Need Your Help! Quick Survey for Hotel Management Research 🏨✨

Hey everyone! 👋

I’m conducting a study on hotel management graduates and their role in customer-oriented businesses, and I need 100 responses to complete my research. If you’ve studied or worked in hospitality, tourism, or customer service, your input would be super valuable!

🎯 It takes less than 5 minutes (no personal data collected), and your insights will help shape research on the future of hotel management.

👉 [https://docs.google.com/forms/d/e/1FAIpQLSdHSN0TNT_kJJ8V_dCmmhvWoCeBB1fRktODlNTGKISic0f5VQ/viewform?usp=header] 👈

I’d truly appreciate your support! Plus, if you need responses for your own survey, I’d be happy to return the favor. 💙

Thanks a ton! You rock! 🤩🔥"
Impossible-Mouse-647,New Criteria for getting a Minor Degree,0,20,1.0,0,1742030968.0,False,t5_3ftqw,"To get a minor you now have to study 7 GEs out which 3 have to be from the list of mandatory GEs.

This is specifically for Honours courses. Refer [UGCF Flowchart](https://www.du.ac.in/uploads/UGCF-Flowchart.pdf)

The Lists of mandatory GEs are as follows:

[Only for Mathematics](https://www.du.ac.in/uploads/11032025-nep-Maths_GE_mandatory.pdf) (Released on 11/3/25)

[List 1](https://www.du.ac.in/uploads/images/27022025_GEs.pdf) (Released on 27/2/25)

[List 2](https://www.du.ac.in/uploads/images/19122024-ugc-nep-Revised%20Notification_MERGE.pdf) (Released on 16/12/24)

If your subject is in 2 of these only refer to the latest one.

For programme courses you can refer to all the linked documents for the new criteria.

These changes should not have been made now that batch of 2022 is already in 6th semester. 

""A student pursuing four-year undergraduate programme in a specific discipline (Core course) may be awarded Minor in a discipline, on completion of VIII Semester, if he/she earns minimum 28 credits from seven GE courses of that discipline. For example, if a student pursuing B.A. (Honours) History chooses seven GE courses of Political Science out of a total of ten GE courses and writes dissertation, he/she shall be awarded on successful completion of VIII Semester Major in History and Minor in Political Science""

The above-mentioned paragraph is from this [document ](https://centenary.du.ac.in//userfiles/downloads/02032022_UGCF_compressed.pdf)which is called UNDERGRADUATE CURRICULUM FRAMEWORK (UGCF); it is the official document of DU's implementation of NEP at the undergraduate level.

The university has now changed this rule to:

""To develop minor in a discipline, students shall earn a minimum of 28 credits from the GE pool of that discipline by studying at least three mandatory GE courses identified for the same so as to maintain the academic standards""

[Source](https://www.du.ac.in/uploads/04012025-minutes-Appendix-66.pdf)


If you are planning on getting a minor degree, please see my other [post ](https://www.reddit.com/r/delhiuniversity/comments/1ja4uzl/policy_change_in_du/?utm_source=share&utm_medium=web3x&utm_name=web3xcss&utm_term=1&utm_content=share_button)on some changes that will benefit you.

  
"
Ill-State-2891,BBA (FIA) vs B.Com (Hons) vs Eco (Hons) vs BMS,0,3,0.67,0,1742053513.0,False,t5_3ftqw,"Hi, so I am in my final year in B.Tech., but my younger brother has taken commerce and right now his 12th boards are going on.

I wanted to know the difference between these courses (try to keep it simple, as I have next to 0 idea regarding anything), and please try to give a no BS review especially with respect to average package, like for which course, the average package is the highest. Also, difference in curriculum, the colleges that allow these courses, and what course should one take, given your experience.

Thank you so much!"
Due-Dinner-9153,How to Transition from an Associate Degree to a Bachelor's Degree Through Open University Programs?,0,2,0.76,0,1742054574.0,False,t5_3ftqw,"Hi everyone,  
I’ve completed an associate degree in Engineering in abroad and now I want to change it into a bachelor's degree program through an open university or distance learning option. However, I’m feeling a bit confused about the best way to go about it and where to gather the necessary information.

Could anyone share any resources, websites, or lead me to universities offering flexible bachelor’s programs that accept credits from associate degrees? Any advice on the process, timelines, or anything else related to this transition would be really helpful!"
vaccumcleaner0,need advice on careers and side hustles,0,5,0.86,0,1742035149.0,False,t5_3ftqw,"It’s been getting tough financially for my family, and I’m starting to feel the pressure of earning money as soon as I graduate, or even before that. I’m currently in my second year of college, pursuing a humanities degree (psychology), which isn’t known for being highly lucrative. Initially, I wanted to become a psychologist because our financial situation wasn’t as bad back then. But over the past year, things have worsened, and I’ve realized that becoming a psychologist requires extensive studying, significant financial investment, and still doesn’t guarantee a stable income.

Because of this, I’m seriously considering shifting my career path to the corporate sector, which seems more financially secure. I’d like to explore corporate fields that accept humanities graduates and are relatively easier to break into. Additionally, I want to learn about internships and side hustles that could help me start earning and supporting myself while I’m still in college. Any guidance on this would be really helpful.

"
QueenBeyondTheWall_2,Any competitions/fest upcoming in pgdav evening?,0,2,0.76,0,1742051522.0,False,t5_3ftqw,"Pls share
Thanks"
NewGeologist113,Help!!,0,2,0.75,0,1742043628.0,False,t5_3ftqw,"Any senior here, who could guide me on how to enter VC?"
Mean-Reality5888,Pregrad,0,0,0.5,0,1742052238.0,False,t5_3ftqw,"I recently registered for one of their courses...

Is it legit?"
Not_Momonga,How do u guys get PYQ? Is there a website.,0,1,0.6,0,1742044611.0,False,t5_3ftqw,If anyone has a website don't mind sharing it.
1_mizuke-,Improvement or Re-registration?,0,1,0.6,0,1742043486.0,False,t5_3ftqw,"Hi! I'm in my sem 4 of psychology honours and back in sem 2, i was absent in one of my core subject exam, so now I'm confused if it's just gonna be an improvement exam or do i have to re- register and repeat the whole thing from the start? I'm so confused. I have grade (A) in my GR(P) & (AB) in my GR(L) & NTGR , and 0 in GRPT & CRPT. If anyone knows anything. Would really appreciate your help 🥹"
anjulbhatia,"Students of IPCW, what happened to your college.",0,60,0.97,0,1741962457.0,False,t5_3ftqw,"Hi,
I am a 3rd student in the north campus and had been to fests and competitions to every college in the campus.

While IPCW is not in the main campus, it is still very close (and considered a part of the campus).

Still I have never heard of the college anywhere on Unstop or Instagram (DU communities). 

This made me curious and I searched society pages (in hope of any upcomming competition) and the pages are not updated since 2023.

And now it's a serious threat of what is happening there. I have been quite active on LinkedIn and also been a admission mentor for 2 years. I am surprised that I haven't seen much of an updates from the college despite it being one of the colleges with high cutoffs.

If anyone of you can tell about the scenario of the place.

Edit: I just saw that the principal was appointed in 2023. "
LetterheadKey3169,Wanna come to fest :⁠-⁠),0,32,0.93,0,1741965629.0,False,t5_3ftqw,I asked my friends if they wanna come in my college for fest..but they were not sure ...if any of u think who has a chill vibes and can hangout with a stranger most welcome btw I am inviting for tarang LSR fest.
,Notes,0,1,0.67,0,1742031819.0,False,t5_3ftqw,"Does anyone have Advanced Group Theory notes for Math(H) Semester 6?

"
pixieplease123,Looking for someone to take a flat with in Sem 3,0,4,1.0,0,1742004359.0,False,t5_3ftqw,"Want to take a flat in sem  3, looking for people interested in doing the same together.
Male, North Campus (preferably vijay/roop nagar)."
idontknoww_hat,Bhailog du mai tumhari college life kaise ja rahi hai,0,15,0.81,0,1741975353.0,False,t5_3ftqw,Yaar mai Maharashtra se hu aur it is my dream to study in du.thoda motivation dedo mujhe guys.
Consistent_Youth8639,Improvement paper,0,1,0.67,0,1742025141.0,False,t5_3ftqw,"Can I take the improvement paper in the next subsequent semester only for eg paper of sem 1 in sem 3 only and not sem 5?
And,
If I score less in improvement paper which marks would be considered? The previous or the new one?
Is giving improvement actually worth it?"
VegPullao,Flat mate required for a 2bhk flat.,0,9,0.85,0,1741980198.0,False,t5_3ftqw,"#FLATMATE_REQUIRED

March shifting. 
2 flatmates already present looking for 3rd.

Looking for flatmate (male) - for a *2BHK flat* -- Fully furnished -- in Model Town.
Close to Mukherjee Nagar. 3km
North_Campus 4.5 Km , Bus stop 10 Mins walk
Nearest Metro - Azadpur metro 

*Flat Details:*  
- 2 Bedrooms  
- 1 common washroom + 1 Indian style toilet.
- 1 Hall  
- Kitchen  
- Total Rent: *₹18,000* 
- per head *₹6,000*

Pictures are of shifting so flat looks abit untidy. 

"
Relative-Parfait-770,Has anyone fill improvement form along with this Sem paper?,0,1,0.6,0,1742019541.0,False,t5_3ftqw,Last time  bahut dikkat hui Thi .kisi ne registration form bhar dia Hai toh Bata do ..Kaise bhare ho. admin office  nhi Jana mujhe iss bar.
M1NU417,looking for people to talk to,0,3,0.71,0,1741995353.0,False,t5_3ftqw,"would love to find people from this subreddit to talk to, curious about what kind of people scroll r/delhiuniversity lmfao "
InvestmentFormer1970,HRM Project,0,1,1.0,0,1742016369.0,False,t5_3ftqw,"Hey 2nd years,Can you guys share your projects of HRM in DM if you still have them.It would be really really appreciated"
,OBC-NCL Certificate (Urgent for CU*T as deadline for filling form is near),0,1,0.67,0,1742012967.0,False,t5_3ftqw,"Writing on behalf of my brother. 
He has old OBC-NCL certificate (issued in 2013-14). 
DU asks for certificate issued after 31-03-2025 only. 
To fill OBC-NCL in CU*T form, Certificate is necessary.
Can he upload certificate issued in 2013-14 and once 31-03-2025 passes, get a new certificate issued after 31-03-2025 to meet the criteria of DU. 
A post in this sub earlier said that new Certificate needs to be uploaded even while filling CU*T form. But how is this possible? If I get new certificate made now, I'll have to apply again after 31-03-2025 to meet the FU Criteria."
equivocationalnymph,So the picture I uploaded in my form has a sky blue background and my ears are not visible. I did not take this into notice before as no such information was provided. Will it cause issues in my form being accepted?,0,4,0.83,0,1741978962.0,False,t5_3ftqw,I'm really nervous and am frantically worried about if my form will be rejected or smth.. please I would really look forward to some replies. Idk where to ask
Training_Question661,History hons 3rd year se hai koi,0,1,0.67,0,1742004809.0,False,t5_3ftqw,"Hello everyone, if you are from 3rd year history hons , can you provide me notes or resources of DSE GENDER IN INDIA HISTORY 1500-1950. Because my DSE professor is shit and not providing any resources . In exchange I can give you  my notes also so it is a win win situation."
Busy_Point8057,Share your thoughts on this,0,5,0.86,0,1741951099.0,False,t5_3ftqw,"I'm considering dropping out of my first year of BCom to pursue a BBA degree instead. Honestly, I haven't enjoyed my time studying commerce, mainly due to family pressures. Additionally, my current college is quite strict, which has added to my frustration. Now, I'm thinking of switching to a more lenient college for BBA, where I can also explore certification courses in marketing or related fields alongside my degree. Since I don't plan on pursuing further education after this, I want to make the most of my remaining college years. Afterward, I'll either join my family business or explore freelancing opportunities in marketing. I'd love to hear your thoughts on this decision. And also not serious about this course already failed in 2 subjects in first sem"
Cdcs21,Retrieving degree from digilocker,0,2,0.76,0,1741965671.0,False,t5_3ftqw,Hi. I want to know is there a way to download my degree without aadhar verification? Please help. Urgently required. 
Adichan2323,Holi,0,4,0.83,0,1741951659.0,False,t5_3ftqw,"Has anyone else gotten a lot of color on them during Holi and will go to college the next day looking all colorful?






"
Western_Net2617,From pcm,0,1,0.67,0,1741977027.0,False,t5_3ftqw,Is there anyone who is in north campus and belongs to pcm?  If yes then please dm me. I want some information 
,"Do any of you plan to become a quant analyst? I want to, but I lack a proper roadmap or guidance.",0,3,1.0,0,1741952909.0,False,t5_3ftqw,"Do any of you plan to become a quant analyst? I want to, but I lack a proper roadmap or guidance.

"
Beautiful-Food-5196,Regarding 4th year,0,2,0.67,0,1741955387.0,False,t5_3ftqw,"So i have a doubt, lets say i complete my Bsc. and opt for the 4th year, will i be considered a graduate after the 3 years or after 4 years? Like will i be eligible for govt. exams that require you to  be a graduate in my 4th year or would i have to complete my 4th year to be eligible for these exams??"
_glitchwitch_,Fests bhi dekh hi lete hain,0,0,0.5,0,1741967180.0,False,t5_3ftqw,DTU & NSUT mein entry kaise milegi?
_glitchwitch_,Mandatory holi wish,0,3,0.71,0,1741945705.0,False,t5_3ftqw,"Holi pike bhaang mat khelna guyss, Happy Christmas 
Chalo ab batao aapki deepawali kaisi rahi?"
jethiya31,Is it possible to do two masters degree?,0,3,0.81,0,1741936647.0,False,t5_3ftqw,Is it possible to pursue two masters degree as i will enroll in home science from du this year and want to pursue history as well that i want to do next year again i will prefer du. So is it possible?
Brave_Nectarine7656,Joining DU,0,2,0.75,0,1741932138.0,False,t5_3ftqw,Thinking of taking entrance exam for DU . I am a geography major. Is the entrance exam hard . My recent CGPA WAS 8.2. Got any tips
,"Are you guys planning to push through till the 4th year, or dropping out in the 3rd itself?",0,15,0.86,0,1741889945.0,False,t5_3ftqw,"
Are you guys planning to push through till the 4th year, or dropping out in the 3rd itself?

"
keyboardcrusader-,Last Date to fill froms for upcoming exam without late fee. Has been extended upto 31st march.,0,9,0.85,0,1741880939.0,False,t5_3ftqw,
Djayy177,Comments me btao,0,7,0.71,0,1741879974.0,False,t5_3ftqw,"Zindagi mein sirf pyaar kiya, kabhi wapas paya nahi,

Dhoondhne ka socha nahi, kyunki khud ko kisi ke pyar ke kaabil samjha nahi.

Ek din apne aap ko phir se paa liya pyaar mein,

Raatien hui lambi, bas uski yaad mein.

Kuch lamhe bitaye sath, muskurayi woh,

Aisa laga, kya main bhi kaabil hu kisi ke pyar ke?

Phir ek din gum hui vo jaise kabhi kuch ham the hi nahi.
Dhoondhna chaha bhi nahi- x2

kyunki kisi ke pyar ke kaabil kabhi tha hi nahi."
,No class today.,0,26,0.84,0,1741852995.0,False,t5_3ftqw,"Ye college ke professor bhi bina bataye strike par chale jate , inko batane mai kya jata ki kal class nahi hogi,subha subha jaldi uthkar college jao aur college khali, dusra teacher sochta hai ki bacche gadhe hai aaj college kyu agaye .aur uper se clases ke beech mai itna lamba gap ki insaan lamba ho jaye . ek class 9 am baje to dusri class 3 baje ,ek ghatiya se subject ki do kaudi ki attendace ke liye pura din bekar ho jata hai. 

Aur jab inse padhaye hi nahi jata to unit kam kar doo naa ,unit 3 ari hai complete 1 nahi karai jari inse.

end mai bol dete hai ki sab notes mai se hi ayega , notes hai kahaann !!!!"
Putrid-Seaweed-1956,I am confused,0,6,0.8,0,1741874038.0,False,t5_3ftqw,"I'm a first year student at laxmibai doing bsc maths. When i entered the college i was set to give c uet again next year but now i'm thinking not to give as i took this college because i had no idea what to do now also i have no idea what to do. I thought this one year of going to college and meeting new people would help me but it didnt so i'm really confused I also know i'll score really less in sem 1 or get backs but i am sure to cope up with in 2 year or 2nd sem i am really confused should i give c uet or not if i give my target would be stats in venky or any north but i feel like i would waste 1 year and i should utilize what i have got now. 
If you have read this much love you, and your help will be really appreciated "
GovernmentofWorld,4th year,0,9,0.85,0,1741863536.0,False,t5_3ftqw,"hey im a 1st year at sbsc planning to graduate w a 4 year bachelor in commerce + research.

now what i know is NEP has formalised this thing but i aint sure if DU has developed a well defined curriculum for 4th year or not.

please tell if you have any relevant info on this
"
Impossible-Mouse-647,Policy Change in DU,0,26,0.91,0,1741843487.0,False,t5_3ftqw,"This post is not for discussing the attendance criteria, that already gets way too much attention. I want to discuss some possible changes that might be beneficial to those of us who are interested in actually studying. And also what are the possible methods to implement such changes.

I am already in third year so most of these changes will not help me much but this is my request to all the juniors to see that at least some change happens so you won’t have to suffer as much as us.

Rollback of NEP doesn’t seem like a feasible goal to me given the current political scenario but some small changes might help a lot. Few of my suggestions are:

1. Option to study three 4 credit theory courses in 4th year instead of dissertation/entrepreneurship of 12 credits. There is already a provision in UGC guidelines and many other universities are implementing it. (See note on page 20 of this [document](https://www.ugc.gov.in/pdfnews/7193743_FYUGP.pdf))

It will help those who are doing 4th year for any other reason than research. For example to become eligible for MTech after BSc or if you just want to explore your field further by studying different electives. Even if you want to do research in the future you will be able to do it in 1 year PG (See this [post](https://www.reddit.com/r/delhiuniversity/comments/1it5wpo/pg_course_structure_has_been_changed/?utm_source=share&utm_medium=web3x&utm_name=web3xcss&utm_term=1&utm_content=share_button)). Studying more electives will be an opportunity to explore more options.

2.DU should release clear guidelines on how to do extra credit course. It will be extremely useful for students who want to fulfil the criteria of getting a minor in any field. 

There is a provision to study an extra 4 credit course in each semester. See number 16 on page 20 of [this document.](https://arsdcollege.ac.in/wp-content/uploads/UGCF-2022.pdf) The linked document is called UNDERGRADUATE CURRICULUM FRAMEWORK (UGCF), it is the official document of DU’s implementation of NEP at the undergraduate level.

I know that some students have done that because an additional datesheet is released for them every semester. [This](https://exam.du.ac.in/userfiles/downloads/datesheet/2024-dec/2024-12-26-date%20sheet%20Extra%20Credit%20Course.pdf) is the datesheet that was released for the last examination session. 
[This](https://exam.du.ac.in/userfiles/downloads/notifications/2024/2024-11-29-letter%20Extra%20Credit%20Course.pdf) is the exam form notification for that. (The link mentioned never worked and most college admins have no idea of registration)


Similarly guidelines for transferring credits from SWAYAM should be released. Then we can complete at least 1 out of the 7 subjects online.

3. [Competence Enhancement Scheme](https://ces.du.ac.in/assets/docs/Jan25_CES_24-25_Poster.pdf) is a very thoughtful initiative by the university. It gives anyone (not just DU students) the option to enrol in classes and exam of any course in any college. One can do maximum two 4 credit courses each semester this way. But there is serious issue in this scheme that is any credits you obtain cannot be transferred to your degree.(See Question 8 of [FAQ](https://illl.du.ac.in/pdf/FAQs%20-%20CES%202024-2025.pdf)) This single rule makes this CES useless. 

If credit transfer to your degree is allowed it would be immensely helpful.  I can make an entire post on benefits of just this single change. 

For example let’s say you are a doing BSc in Physics and are also interested in electronics but your college doesn’t have an electronics department. If credit transfer is allowed you can study GEs from the neighbouring colleges and get a minor in electronics. Keep in mind that there are evening colleges as well so even the classes won’t clash.

All 3 of the above are very reasonable and realistic suggestions in my opinion. If people are interested I might create a part 2 with more of these.

Now comes the question of implementation, I dont expect anything from elected DUSU members but if any of them is interested they are welcome to help out. 

Any type of change in DU’s academic policy is done by the Academic Council and has to be approved by Executive Council after that, both of these statutory bodies have professors from various colleges as elected members, I think we can ask them to convey our concerns and suggestions. 

Sadly my college doesn’t have any elected official. I am attaching a list of all the members, if you know any of them in your college please approach them regarding these suggestions. If you want help just send me a message.

[List of members of Academic Council](https://www.du.ac.in/uploads/new-web/20012025-AC-List.pdf)

[Elected Members of Academic Council](https://www.du.ac.in/uploads/new-web/10022025_AC-result.pdf) (Let me know if they teach you)

[List of members of Executive Council](https://www.du.ac.in/uploads/new-web/19022025-Executive%20Council%20Members%20as%20on%2015.02.2025.pdf)"
salluxoxo,WHAT THE ACTUAL FUCK,0,155,0.94,0,1741798627.0,False,t5_3ftqw,"Grown ass men threw a balloon at my ass.  And not just ""anywhere"",AT MY BUTT(I'm a girl).Give me one reason to not hate men more ughhhhh!!!!!! 
I live in Vijaynagar btw.
"
Little_cheemda,Do college societies affect placement chances?,0,0,0.5,0,1741895708.0,False,t5_3ftqw,"Seniors, how much did your participation in college societies affect your college placement chances?"
ArnavDham,Quantaculus BITS Pilani,0,2,1.0,0,1741878525.0,False,t5_3ftqw,"Sign up for a Quant based Competition from Pilani, India. The first round will be held online and the further rounds will be held on the BITS Pilani, Pilani Campus.

🚀 Quantaculus – The Ultimate Math & Coding Challenge! 🔥

Are you ready to put your problem-solving skills to the test? 🧠💻 Quantaculus isn’t just a competition—it’s an exhilarating experience that pushes the limits of logic, creativity, and precision!

🔢 Tackle challenging math problems 💡 Crack complex coding puzzles 🤝 Compete with the best minds at BITS 🏆 Win prizes worth ₹40,000!

This is your chance to dive into a world where equations meet algorithms, and every problem is a puzzle waiting to be solved!

📅 Round 1 (Online): 16th & 23rd March 👥 Form a team of 2 and take on the challenge ⏳ Deadline to register: 9 AM, 23rd March 🔗 Register now: https://unstop.com/p/quantaculus-apogee-25-revved-up-rhapsody-bits-1425737

Don’t miss out—assemble your team, take the leap, and prove your prowess! 🚀"
mayannnkk,Urgent query !,0,2,1.0,0,1741877685.0,False,t5_3ftqw,"Okay so I have a last year central OBC certificate can I fill the applicant receipt number of that and  when the DU wants one I'll make a new one after 31st March 
My question is DU gonna accept it due to the change in year of the certificate , if yk what I mean"
AstronomerFit5840,Created this on my own due to lack of funds to purchase test series.,0,14,0.89,0,1741835566.0,False,t5_3ftqw,"[quiz\/mock\/test portal](https://preview.redd.it/hvf1vfndjdoe1.png?width=2558&format=png&auto=webp&s=4381767195ace8a3d36d5584e6a5164913dcc1d8)

* **Simple to use** – Just copy and paste your questions, and you’re set.
* **Timer works** – The timer runs, and the test gets automatically submitted at the end.
* **All buttons functional** – Navigation, submission, ""Mark for Review,"" ""Next,"" and ""Clear Response"" buttons all work perfectly.
* **Real exam feel** – The color scheme matches that of real exam interfaces.
* **Instant results** – Get your marks and a summary of correct and wrong answers after completion.
* **Quick setup** – On average, it took just 3 minutes to create a 24-question test.
* Is there any way I can offer this to students or teachers and gather funds for my studies?"
maulikms,We only need 2 more teammate for Overdrive - Valorant competition,0,2,1.0,0,1741872040.0,False,t5_3ftqw,"just need 2 more player in 5 hours pls, join any rank works

I am just going to copy and paste the Eligibility and details of the match. Just make sure if you are interested, you can come for the offline match in round 2 if we happen to win round 1.

If you want to join my team, DM me. Or join via the link 
https://unstop.com/competitions/1411129/register?invitedId=UU1370GH
**Eligibility:**

Anyone interested in competing in the competition is allowed to participate freely, inter-college teams and teams from various schools are also promoted and encouraged to participate in the same as well.

18 Mar, 25

# Round 1 (Online Mode via Discord server)

Round 1 will consist of 2 sub-rounds. It will be conducted via virtual mode. Sub-round 1 will be of team deathmatch. Draws will be made and two teams will play against each other. The winning teams will proceed to sub-round 2 of Round 1. Sub-round 2 will be of swiftplay matches. Again, draws will be made and two teams will play against each other to secure their place in the final offline round 2.

Start: 18 Mar, 25, 10:00 AM IST End: 19 Mar 25, 10:00 PM IST 24 Mar, 25

# Round 2 (Offline at SRCC Campus)

Round 2 will be organized at SRCC campus (OFFLINE), where all the participants need to bring their own equipment. No equipment will be provided from The Organising Committee, i.e., CMS, SRCC. Please take care of all your belongings throughout the duration of the tournament. No discrepancy would be liable towards CMS, SRCC. If you wish you have the mettle to do so, come to SRCC and claim the CROWN!

Start: 24 Mar 25, 10:00 AM ISTEnd: 24 Mar 25, 03:00 PM IST

"
satiisavitri,is it too embarrassing to start college at 21?,0,67,0.9,0,1741795442.0,False,t5_3ftqw,"i passed out of school in 2022 and haven’t been able to pursue further studies because of a family crisis. i will be going to college this year, 3 years after 12th grade and im extremely stressed and nervous thinking about how im gonna get treated. i turned 21 a month ago and i already feel terrible about the fact that i am 3 years behind almost everyone and im scared that i won’t be able to get along with anyone in college due to my age and will be looked down upon. is it really that stigmatising? or are there other people with so many gap years who get by perfectly fine? i know i don’t have a choice because i have to get a degree but im so anxious thinking about how terrible college life is going to become for me."
Lost_marimo18,Subject not showing in Examination form,0,2,0.75,0,1741851804.0,False,t5_3ftqw,"So i have ""Marginalities in Indian Writing"" as my GE for this last semester and it is not showing in the course selection. Without that i can't fill my examination form.

Solutions bata do kuch guys!"
Parking_Pressure6991,Being gay shamed for no reason,0,102,0.89,0,1741774065.0,False,t5_3ftqw,I am 19m and I am not gay but still people are gay shaming me for some reason In this last month because it's fest season in du and I interacted with a lot of girls and  and some of my older friends introduce me to there female friends aswell and those girls called me gay behind my back ( my friends told me that ) idk what's wrong with my appreance even my mom called me gay time to time because of my looks ( I am just a skinny guy with medium long hair ( which is extremely short now ) and a avg clean shaved face ) is it my fault that I am like this or is this a general perception of girls and guys in india ??? 
GovernmentofWorld,bcom sem 2,0,1,1.0,0,1741861855.0,False,t5_3ftqw,"midsem break me padhne ki  zarurat hai ya ho jaega 1st sem ki tarah 10 din pehle????
"
Any_Bookkeeper_389,How to get sponsors for a college event?,0,0,0.5,0,1741861345.0,False,t5_3ftqw,"As the title says, how do I approach brands to sponsor our event. I have tried calling them they have either declined or cut the call.
Mailing and messaging brands on instagram or even whatsapp if the contact no. is available brings no response. 
I probably have a few more days left to bring in sponsors."
Longjumping_Peak_840,Is migration to hansraj possible in BSC Computer Science hons,0,0,0.5,0,1741858369.0,False,t5_3ftqw,Studying in a south campus college is it possible any how ?
Daddy_chill6006,Mcom coaching advice,0,1,0.67,0,1741853817.0,False,t5_3ftqw,"I’m taking coaching from Commerce Nation for the Mcom entrance, but it feels like some of the topics have been missed, is anyone aware if its actually good and I can trust it?

Ps- Dont make fun and say you dont need coaching for it, I do need so if you can help pls do!"
Litti_chokha_chor,DUSU President Ronak Khatri disrespecting senior professors of SRCC,0,1511,0.96,0,1741707458.0,False,t5_3ftqw,
Latter_Afternoon_925,Is going in fests actually that fun?,0,10,0.75,0,1741791639.0,False,t5_3ftqw,"Since it's fest season going on , evryone is planning which college's fests to go into. Is it just me who is not that interested in going into any😭 I hate croweded places and I'm very short too i can't see anything on stage while evryone is standing. Also I don't like to dance "
GovernmentofWorld,mid sem break!!,0,12,0.75,0,1741785668.0,False,t5_3ftqw,"how do you plan your day?
case competitions?
internships?
skills?
what do you guys do to utilise these days?
"
mehuldraw,"our college (college of art, DU) is organizing its annual art exhibition, anyone can come(free entry)",0,12,1.0,0,1741785499.0,False,t5_3ftqw,
Readsbooksindisguise,Is it okay to block people on linkedin?,0,14,0.85,0,1741778371.0,False,t5_3ftqw,"Some of my classmates and other connections are so cringe on linkedin that I feel like banging my head against a wall reading their posts, often their posts adds zero value to my life reading their cringe af posts and some just uses linkedin for farming engagement by using it similar to instagram."
OstrichAfraid628,Anyone up for quiz competition in Hindi College,0,0,0.25,0,1741840357.0,False,t5_3ftqw,It is on 27th March and registration fee is 100 for two team members. The theme is mainly polity and constitution. Need one member.
Mysterious_Singer811,Ronak khatri yelling at a professor,0,374,0.97,0,1741710284.0,False,t5_3ftqw,"Been seeing a lot of clips of this guy going to various colleges and talking to the faculty and staff. There's one particular vid of him yelling at a professor saying ""kya padhata hai"", ""gyaan mat de"", etc. What's the context of this? Because I'm hoping he has some fckin justification. I don't care if he thinks he is the queen of goddamn England, these goons from no name colleges think they can talk to anyone however they want. Look at that guys account it's all shitty edits of himself straight up bullying people. "
Vijaygarv,Who is Ronak Khatri and why is he all over this subReddit?,0,29,0.95,0,1741754722.0,False,t5_3ftqw,I don’t focus on college affairs as much. Heard they fought some teachers. Which college are they from. Why are they fighting?
anonymous_bitch098,Drop out from du,0,3,1.0,0,1741796488.0,False,t5_3ftqw,Im a dropper and du student and Im giving entrance exams again this year but maine partial drop le rakha hai cuz i hate my course. Mai du student hoon aur du mai hi wapis admission lena hai. Abhi 2nd sem ke exams aane wale hain ig may main and idk what i will do if entrance exam and du ke exams overlap…plus pls someone tell me whats the process of dropping out from the college. Like when should i drop out and how should i drop out? Will it give any complications for me to get admission into new college? Plssss help😭
ZGDX_Hua,upcoming ER paper. please help.,0,1,0.67,0,1741815300.0,False,t5_3ftqw,"i got ER in hindi-B in 4th sem (ik its dumb) so i filled out the exam form well and good for the reappear. but im confused as to whether there will be a separate datesheet for the ER paper or i will have to give it on the same day as 4th sem students? please help me out. 
(read somewhere that there will be different marksheet but couldn’t find one for regular NEP students)"
PerfectWrangler9084,[asking for my sister] Is changing field after doing bachelors good and doing second bachelors good ?,0,3,0.71,0,1741795592.0,False,t5_3ftqw,"My sister is pursing BBA from a tier 3 uni and got placed at an unknown firm with 3lpa in marketing role. She is 21. She wants to do her bachelors in maths so wants to fill entrance form . is it a good choice? if she gets BHU/DU ?

our father will retire when she turns 27"
Toxic_Vampy,venky walo help kardo,0,1,1.0,0,1741806970.0,False,t5_3ftqw,anyone from venky? need serious help 😭
Empty-Reveal9717,SUGGESTIONS NEEDED !,0,3,1.0,0,1741767060.0,False,t5_3ftqw,I want to know about more courses like ca and cs that I can probably complete in two years and that add value to my resume 
Longjumping_Sock_753,HELP 🥺,0,2,1.0,0,1741769717.0,False,t5_3ftqw,
champagne-sunshine,can someone confirm if i'm right? (subject combos),0,5,0.78,0,1741746100.0,False,t5_3ftqw,"i'm a commerce w math student giving my boards as of now, i have doubt regarding my subject combos (i want to keep my options open for all courses)

1) eng + math + bst+ accounts + gt
2) eng + math + bst+ economics + gt
 now these 2 subject combos are eligible for bcom hons, ba eco hons, bms and bbfia (sccbs) 

but bcom cutoffs go really high and i wont be able to crack that with math, so should i go all in for one choice?
 
3) eng + eco + bst+ accounts + gt (only bcom hons) idk this feels more safe as taking math would end up in a lower score and bcom h cutoffs go really high and math isnt my forte tbh, not the best at it if not average

should i go all in for sccbs? (considering exposure) or should i play safe as gt is also very tough to score high in. aiming for either top nc colleges or sscbs."
Far-Engineering-3961,INCLUSIVITY IN FASHION FORM,0,2,0.75,0,1741766718.0,False,t5_3ftqw,"https://docs.google.com/forms/d/e/1FAIpQLSfQk1EIAqZGw5nxf7qp59Y3PUMRXXjZXWuiVOHNVGA0HCDnWw/viewform?usp=dialog

please help fill this out!"
,Asap,0,1,1.0,0,1741773813.0,False,t5_3ftqw,Kisi ke pass Mathematical Finance(DSE)  ke notes available hai ? 
SaiAbitatha,"The ""Biggest"" ""Baddest"" and ""Brightest"" Tech Fest at University of Delhi!! Get ready for Convoke 7.0.",0,2,0.57,0,1741760277.0,False,t5_3ftqw,"https://preview.redd.it/kfpo1ya8b7oe1.png?width=653&format=png&auto=webp&s=daee3deaaeb1cbf2a66c902b099ecf2695b15824

Follow us on [Instagram](https://www.instagram.com/convoke_cic/) for all the information you need!"
Sexy_Constant,Kuchh like-minded dost mil jaate to badhiya hota...,0,17,0.91,0,1741702327.0,False,t5_3ftqw,"1st year physics student here. Research mein jana hai but mere jaisa koi milta hi nhi off-campus mein. Har koi kehta hai ki bas unhe physics course mil gayi thi isliye le liya. Koi hai bhi jisko physics research mein jana ho and wo DU mein ho? Yaha to mere dost sab bas maze karna chahte hai , padhai ki baat koi ni karta. Itna ganda downfall hua mera , uske baad comeback karna chahta hu lekin akela sa feel hota hai kyunki jin logo se ghira hua hu unse interests match ni karti..."
Tahvish,"Join us for HackS'US Edition IV - National Level Hackathon with Prize pool of Rs 1,00,000",0,1,1.0,0,1741755116.0,False,t5_3ftqw,"https://preview.redd.it/8dl1d1c3w6oe1.jpg?width=1080&format=pjpg&auto=webp&s=c08c9a4521d6da8253aace038c3290f30bbd0dc4

**💰 ₹1,00,000 at Stak**e! 💰

The prize pool for HackS’US Edition IV is set at a massive ₹1,00,000 - and it's yours to win 🔥

Build, innovate, and compete for your share of the glory.

Do you have what it takes? 👀

🗓️ March 14 - 16 (36 hours)

📍 RSET, Kochi, Kerala

You can join us in both Online & Offline mode.

🔗 Online Register now: [https://unstop.com/o/wHsDPgm?lb=oUtwR0J4](https://unstop.com/o/wHsDPgm?lb=oUtwR0J4)  
Offine Website: [https://hacksus.rsetiedc.in](https://hacksus.rsetiedc.in/)

PS: For college students only."
Comfortable-Elk-893,in my college there is any placement and internship fair as i am in 2nd sem should i participate in it ?,0,1,1.0,0,1741754837.0,False,t5_3ftqw,i dont have any skill 
itachiiiiiy,CUE.T Physical Education Syllabus Completely Different⁉️,0,7,1.0,0,1741706394.0,False,t5_3ftqw,"The CUE.T Physical education syllabus is completely different from what I've studied in class 12. 
Please suggest some sources for preparation"
Djayy177,Comments me btao kaisi hai,0,4,0.83,0,1741722659.0,False,t5_3ftqw,"Zindagi mein sirf pyaar kiya, kabhi wapas paya nahi
,
Dhoondhne ka socha nahi, kyunki khud ko kisi ke pyar ke kaabil samjha nahi.

Ek din apne aap ko phir se paa liya pyaar mein,

Raatien hui lambi, bas uski yaad mein.

Kuch lamhe bitaye sath, muskurayi woh,

Aisa laga, kya main bhi kaabil hu kisi ke pyar ke?

Phir ek din gum hui vo jaise kabhi kuch ham the hi nahi.

Dhoondhna chaha bhi nahi- x2

kyunki kisi ke pyar ke kaabil kabhi tha hi nahi."
FinalElk4032,Graph App Needed For Economics,0,5,1.0,0,1741693202.0,False,t5_3ftqw,Bhai mujhe graph app bta do jisme manually lines se graph bna saku or number input karke bhi [Graph image ](https://en.m.wikipedia.org/wiki/File:Supply-demand-right-shift-demand.svg)
Global_Guarantee_901,Someone near north campus need some help dm me please,0,2,0.75,0,1741707813.0,False,t5_3ftqw,…
maulikms,Anyone want to join my team for Overdrive - Valorant Tournament.,0,5,1.0,0,1741688175.0,False,t5_3ftqw,"I am just going to copy and paste the Eligibility and details of the match. Just make sure if you are interested, you can come for the offline match in round 2 if we happen to win round 1.

I am currently Daimond 1 and peak ascendant 1, and have won premier championship 1 time.

If you want to join my team, DM me.

**Eligibility:**

Anyone interested in competing in the competition is allowed to participate freely, inter-college teams and teams from various schools are also promoted and encouraged to participate in the same as well.

18 Mar, 25

# Round 1 (Online Mode via Discord server)

Round 1 will consist of 2 sub-rounds. It will be conducted via virtual mode. Sub-round 1 will be of team deathmatch. Draws will be made and two teams will play against each other. The winning teams will proceed to sub-round 2 of Round 1. Sub-round 2 will be of swiftplay matches. Again, draws will be made and two teams will play against each other to secure their place in the final offline round 2.

Start: 18 Mar, 25, 10:00 AM IST End: 19 Mar 25, 10:00 PM IST 24 Mar, 25

# Round 2 (Offline at SRCC Campus)

Round 2 will be organized at SRCC campus (OFFLINE), where all the participants need to bring their own equipment. No equipment will be provided from The Organising Committee, i.e., CMS, SRCC. Please take care of all your belongings throughout the duration of the tournament. No discrepancy would be liable towards CMS, SRCC. If you wish you have the mettle to do so, come to SRCC and claim the CROWN!

Start: 24 Mar 25, 10:00 AM ISTEnd: 24 Mar 25, 03:00 PM IST

"
VCardBGone,Delhi University Undergraduate Admission Bulletin Released,0,3,0.8,0,1741695862.0,False,t5_3ftqw,
Senior_Caregiver_449,Aec sanskrit B material share krdo,0,2,0.75,0,1741701781.0,False,t5_3ftqw,🐧🐧🐧 intermediate kautilya arthastatra 
No_Homework_7007,"DU prepares for first 4-yr batch under NEP 2020, student-teacher ratio, infra, timetable among key concerns",0,1,0.6,0,1741708284.0,False,t5_3ftqw,
ashusingh_,REGARDING DU CIC (seniors help plz),0,9,1.0,0,1741663156.0,False,t5_3ftqw,"I'm thinking about to try for DU CIC , but little worried becoz I heard that there's no placement cell & that's fine if off campus placements are nice, but also i heard that they dont have enviroment of placments most of the students are in startups or higher studies, so if someone want a placement in big firms of IT industry like google amazon microsoft & ready to give a maximum effort, then this college is good option or not?  
  
and also no college life at all, no fests I know, but can we attend the fests of the other main colleges of DU?  
  
and one more question, is college life is very hectic?  
like college is 9-5 but after that am I free to do my things like hobbies passion etc?for ex I have intrest in writing songs or poetry and also in comic so am i free to give time to my passion or try it in diffrent venues like open mics and allin exam season I know i dont have that much time to explore city and enjoy and to do my things but i'm asking in general  
"
Automatic-Sense2888,Gst ke liye channel bata do,0,1,0.6,0,1741700503.0,False,t5_3ftqw,Guys GST ka koi acha channel batado 
,Notes,0,1,0.67,0,1741696215.0,False,t5_3ftqw,"Kisi ke paas Mathematical Finance ke notes hai kya ?
Ya fir pata ho ki kaha se mil sakte hai ?
"
Figuring--Out,Updates on 4th Year ?,0,9,0.84,0,1741610425.0,False,t5_3ftqw,"Hiii guys,  
  
Do you have any official update by your colleges on 4th year continuation?  
  
How many of you are going to continue ?"
VCardBGone,Sharp hikes in DU fees for 2024-25 raise alarms among students and faculty,0,6,1.0,0,1741617597.0,False,t5_3ftqw,
Elegant_Position_860,Summer abroad or exchange programmes?,0,8,1.0,0,1741602661.0,False,t5_3ftqw,Does du offer du students any summer abroad or exchange opportunities? 
HindustanTimes,Delhi University to hike student fees? Varsity looks to boost revenue: Report,0,6,1.0,0,1741601638.0,False,t5_3ftqw,
,Du short term courses?,0,5,1.0,0,1741586741.0,False,t5_3ftqw,Anyone who has done em do lemme know are they good (academically) ? Like worth it?
NDA_Aspirants,Suggestion for best college for MCA??,0,2,0.75,0,1741604120.0,False,t5_3ftqw,Suggest top college for MCA in DU or other universities in Delhi
stormshadow6576,Pg available around North campus,0,4,1.0,0,1741589903.0,False,t5_3ftqw,"If any girl or boy wants pg around North campus let me know 

Don't worry guys now I am connected to pg firms in north campus 

Sasthe mai dilwa dunga !!"
barry_the_chopperr,Please help me out by filling this survey,0,1,0.67,0,1741610640.0,False,t5_3ftqw,"https://docs.google.com/forms/d/e/1FAIpQLSesrPa55PNRLcJWY4cx2NYjVaikDbGGBSD9SjvA5tivp0REyQ/viewform

Please help me out in my college project survey..
Would appreciate honest responses.
Thank you!!"
Kmaddys,How does the admission process work for MA (Economics)?,0,3,1.0,0,1741586507.0,False,t5_3ftqw,"I am completely clueless when it comes to the admission process for masters in DU. I have registered for the entrance exam but there was no option for university selection there. So how does this thing work? 

1. Do I have to apply separately to each colleges like SRCC, Hansraj, etc?   
2. Which are the top colleges for MA (Economics)?   
3. When will the admission process start for DU? How will it work?"
Awkward-Flounder-987,Best computer science college in du top10,0,0,0.33,0,1741602840.0,False,t5_3ftqw,As above.
idontknoww_hat,Do I need central caste certificate or state caste certificate.,0,7,0.77,0,1741543962.0,False,t5_3ftqw,"
I'm from Maharashtra,I'm targeting du for ba hons courses and I'm from a specific category and want to know whether I need central caste certificate or state "
Such_Grocery,Why is there a valorant competition at SRCC?,0,27,0.82,0,1741519161.0,False,t5_3ftqw,"I thought there are only nerds at SRCC, why is there a valorant competition going on?🤯🤯🤯
I heard that the team requirements are 5 people at least and currently there are less
No. of registrations for the event‼️
How cool it would be to discuss an esport pointer by SRCC in your CV for any interview😁

And surely this is not a marketing post - you can check out the event with this link given below

[Unstop](https://unstop.com/o/BzxKu7M?lb=oBAJmwk&utm_medium=Share&utm_source=WhatsApp)"
Desperate-Disk8834,Need help regarding possible centres for upcoming exam.,0,0,0.5,0,1741584254.0,False,t5_3ftqw,"Hello,


Hope you all are having a great day and good preparation ahead. Wanted to get guidance - I am partial dropper so I am not a Delhi native and wish to know possible centres in and around Delhi. Even in from Delhi has only one place and have to go with noida and Ghaziabad. So any experienced senior or Delhi natives kindly help. 


Regards"
Quirky_Painter1949,flat recs in north campus,0,7,1.0,0,1741540172.0,False,t5_3ftqw,"I need a flat that is proximate to sr as a female, does anyone have kisi broker ka number or any knowledge? i prefer vijaynagar or old gupta as the locality due to less travel time. Any leads would be appreciated "
Comfortable-Elk-893,is there any coding competition like thing exist in du,0,3,0.72,0,1741544319.0,False,t5_3ftqw,same as tittle 
Zestyclose-Algae1829,for final year seniors,0,7,0.77,0,1741523510.0,False,t5_3ftqw,"if you are someone living in 1rk/bhk and are going to vacate your place by the end of this academic year, please let me know. it would kill all the hassle of visiting countless brokers for me.
thank you "
Posiedon3651,Anyone up for quizzes/case-coms/treasure hunts?,0,2,1.0,0,1741541022.0,False,t5_3ftqw,"I'm looking for teammates to participate in different competitions across DU as my cv looks pretty bad and I would love to visit different colleges.
(Preferably south campus donnies)"
ExplanationExpert547,does anybody have pdf of Business Law by MC Kuchhal,0,2,1.0,0,1741538958.0,False,t5_3ftqw,i need it to study for my internals please help if u have the pdf 
Upper-Principle-6510,core finance societies,0,1,1.0,0,1741551423.0,False,t5_3ftqw,"if your college has more than one finance society on campus, can you please list them here? would really appreciate it! :)"
glittering-angel-444,Survey on Sleep Patterns and Academic Performance Among Students,0,7,0.77,0,1741505954.0,False,t5_3ftqw,"Hi! We're surveying sleep patterns and academic performance for our college project. We'd be super grateful if you could take 5-7 minutes to fill it out. Your responses are completely anonymous, and your input will help us gather valuable insights for our research. Feel free to ask any questions!

🔗 [https://docs.google.com/forms/d/e/1FAIpQLSe-yySqU313xpMR1PysqKOcygAGqaeqT34AJm-nyXPrIC-how/viewform](https://docs.google.com/forms/d/e/1FAIpQLSe-yySqU313xpMR1PysqKOcygAGqaeqT34AJm-nyXPrIC-how/viewform)"
Every-Chain-5260,want to change my GE SUBJECT?,0,1,0.67,0,1741543937.0,False,t5_3ftqw,"so as it is written I want to change my ge subject
I want to change from urdu to history or political 
can I change it?
like is it permissible or not

like I did had english and hindi in first sem so I know I can't take that
the others options r sanksrit and Punjab which I'm not confident in




any advice will be helpful
"
GlumEquipment969,Looking for a case competition partner,0,2,1.0,0,1741529777.0,False,t5_3ftqw,Need a partner for case competition 
No_Material_3161,DU BULLETIN 2025,0,5,1.0,0,1741511746.0,False,t5_3ftqw,any idea why du bulletin has no info regarding llb course?? 
Maleficent-Law-4352,"Yet to receive fees refund from DU, What should I do?",0,5,1.0,0,1741505211.0,False,t5_3ftqw,I withdrew my admission from DU on 27th October last year and got the Admission Cancellation Payment Receipt but even after 4 months I haven't received my fees refund
Chad_Jeet_,Placements and CTC expectation,0,3,1.0,0,1741506191.0,False,t5_3ftqw,"Next year I will be sitting for placements at DU. In my first year, I was Founder's Office Intern with an EdTech startup for 2 months. 

Currently, I am a Private Equity Intern at US Based Private Equity firm for 3 months. I have also cleared CA Foundation. I will be clearing both groups of CA Intermediate this year.

I was a campus ambassador at Internshala, but do not want to mention it in my resume as it was a sales and marketing role. 

What should be my CTC expectations? What companies should I target? MNCs or startups? "
Accomplished_Pie_248,Bsc computer science cut off,0,2,0.67,0,1741505841.0,False,t5_3ftqw,Can anybody tell me safe score to obtain seat in bsc computer science north campus? I'm unable to find it anywhere on net
Fit_Resident_6697,How to save😭,0,17,0.91,0,1741458832.0,False,t5_3ftqw,"Not sure if this is the right subreddit to ask this but please give me some suggestions on how to save money. Despite getting a decent amount of pocket money I am unable to save anything. I mostly spend money on delivery apps like zomato and blinkit, I tried the basic things like uninstalling the apps but I just end up installing them back. Any advice that worked for you guys?"
besharam_user,are colleges open during mid sem break?,0,13,0.88,0,1741461297.0,False,t5_3ftqw,i want to go to college😭 are libraries open during break? i remember the librarian telling me that the library is open even when there are no classes but idk if that includes breaks too
,DU fest experience (btw I'm from IPU),0,10,0.92,0,1741451958.0,False,t5_3ftqw,"Today was the last day of the ARSD fest, ""Tide"". My friend studies at ARSD and invited the whole gang. For me, it was the first fest of my life, and my god, it was absolutely lit!

Mohammed Irfan was the main artist, and he set the stage on fire. He started with light, sad romantic songs, creating the perfect mood. But the real energy kicked in when he switched to Punjabi tracks—we danced non-stop for an hour! By the end of it, we were on the verge of collapsing. The only thing that saved me was the water bottle my friend bought.

Overall, I’d rate the fest a solid 8.5/10. One mark deducted because people were throwing water bottles at each other, and half a mark for the delay in the program.

Still, it was an amazing experience, and I’d definitely love to attend more fests. If anyone wants to join me for the next one, DM me!

"
Lemonade2250,What things should you look when picking out a job or career ?,0,3,1.0,0,1741468929.0,False,t5_3ftqw,"


I always thought people that go in university mostly want to get a white collar job in corporate. And they get a degree and develop skills than move up the corporate ladder earning more money, better promotion. But they are generally more respected in society and high status. If someone goes on the trades, they have to work physical labor and sometimes earn more or less to a white collar. But their body takes the toll after sometimes. And most are unable to perform their jobs because of physical and mental health problems. And people even complain white collar jobs because they spend countless hours on a computer. Staring at the screen, clicking and typing barely any physical movement. Most just view work as clock in and clock out as if it's a school and live your life after job is done. And others view their job or career as their identity. "
Ok-Chef7577,"If someone is aiming for consulting, what would be the best course for it.",0,7,0.9,0,1741445312.0,False,t5_3ftqw,Title 
chaithriceaday,DU FEE,0,13,1.0,0,1741431712.0,False,t5_3ftqw,"what is the general fee of the top du colleges like
St Stephen's 
Hindu
Hansraj
Miranda
Lsr
Kmc

including the mess and accomodation fee.
Can someone please clarify "
lilnastygirl_,"Please help, what exactly is the discrepancy?",0,17,0.91,0,1741422430.0,False,t5_3ftqw,
,Exam Form Late Fee?,0,3,1.0,0,1741453484.0,False,t5_3ftqw,What is the late fee typically for exam form?
kabir_bateman,How's the mid sem break going?,0,4,0.67,0,1741441108.0,False,t5_3ftqw,"How's the mid sem break going guys? For me, it's like I've done with all the work I had and now I'm feeling bored. Anyone up for a conversation, is surely welcome 🥰"
ramen_withbigbowl23,thinking about giving the entrance test again,0,10,0.92,0,1741426901.0,False,t5_3ftqw,"so i have come far along to delhi and got admission into a off campus plus evening college i got bcom prog which i am happy but the college life and college is worse , the crowd is non active no vibey all got full of attitudes plus this gurjars are there trynna ruin every program they see
my batch is so worse the girls to boys ratio is off like offf, made no friends 

but the fact of regiving  the exam  has lot of consequences ig i have lived in delhi for 8 months the rent and all the other expenses, are they worth it for a drop? yaar its so frustrating "
realitycgecj,AEC Basic Nepali,0,2,1.0,0,1741456262.0,False,t5_3ftqw,"Hi, I’m taking AEC Basic Nepali Sem 2 and was wondering if anyone has notes or study materials they could share. Any pdfs, summaries, or recommendations for good resources would be really helpful.
"
Amazing_Map2220,Urgent!! How to get provisional degree,0,5,1.0,0,1741439463.0,False,t5_3ftqw,"Passed out in 2023 but somehow my degree isn’t available with the college.
Now i need degree for my further mba and provisional is the only option.
Anyone has any idea how provisional degree can be made? "
GreenBasi,Happy women's day girls,0,17,0.95,0,1741411055.0,False,t5_3ftqw,Now share your funny experiences from college 🔫
Maihuhinaiisduniyaki,Hiii,0,3,1.0,0,1741444951.0,False,t5_3ftqw,Is there any senior willing to guide me? I would really appreciate their help.
Brave_Agent9,What's this?,0,8,1.0,0,1741425538.0,False,t5_3ftqw,Yeh subke me aara hai ya  mere me kuch gadbadi hai?
et_astra,How much delhi costs?,0,3,0.67,0,1741446984.0,False,t5_3ftqw,"Thinking of joining Delhi uni , as I come from lower middle class family , how much does it costs for rent , food , travel and college other expenses. I don't want to be burden on my parents so , how much it costs roughly?"
Scared_Ad_8652,Subject combination,0,4,1.0,0,1741431426.0,False,t5_3ftqw,"So I'm thinking for opting for eng+acc+bst+phe for b.com (hons) in du or should I just take economics instead of phe. But phe is comparatively easier to score than in eco , so what should I take?? "
Intelligent_Grab_512,Ashray living,0,1,0.67,0,1741453089.0,False,t5_3ftqw,Guys how much is the rent in ashray living north campus it's not showing on their website and how is the experience there?
iiiaksh,Psychology vs Sociology,0,2,1.0,0,1741434468.0,False,t5_3ftqw,"I have been thinking about pursuing Ba in Socio Honours from DU as Geography, Pol Science or History does not fascinate me that much.
But I saw Applied Psychology in the list of courses offered, and I assume that too falls under my interests. 

Although to be on a safer side, I'll learn more cognitive and application skills that are required to crack internships and jobs.

Please share your opinions about its prospects and which one of these have better scope futuristically. 
I am open to try corporate jobs and give exams for departmental govt jobs, along with that once I'm financially earning a fixed amount, I would be happy to keep educating myself through masters and further degrees. 

Do share your opinions. "
CleanRelationship962,I am eligible to do bsc maths hons in du?,0,2,1.0,0,1741424305.0,False,t5_3ftqw,I’m from commerce background with math so i’m eligible to do maths hons in du ?
Sad-Comb1765,Looking for roommate,0,4,0.83,0,1741411380.0,False,t5_3ftqw,"At 3k to 4K rs 
I saw a 
🛌room of 2room 
(1st12*12 ( size in feet) and 2nd one 15*10( room size)) 
2 washroom, ( one western one Indian)
1 kitchen, 
all thing seems good but thinking to paint it, 
📍location Rohni sector 7; 
1-1.1km far from Rohini west metro station 
Owner asked 10k  with 8rs electric ⚡️ 
3 person can accommodate ( 2 in bigger and one small)
🛑Preferred : Student 🧑‍🎓  ( UG,PG)  without any drinking 🚬 smoking habit ( money will divided 3k,3k for sharing room, bigger one 4K for separate ( small room) )) 
Anyone interested please let me know 



"
chefs_kiss_21,The frustrations of living with loud people in my PG,0,11,1.0,0,1741378554.0,False,t5_3ftqw,"I really need to get this off my chest. I am a massive introvert who values quiet, alone time, and as a result, loud noises pisses me off. For context, I live in a single room, although the PG I’m staying at only offers double, triple and quadruple rooms. My previous PG, which offered single rooms (and double), got shut down due to a property dispute, because of which I transferred to my current PG and retained the single room status due to my contract (my current and previous PG are under the same franchise).

And my god, the people here are so damn LOUD, like, I hear them yap loudly from my room. Especially at night, like, I try to mind my business, relax and all that, and I swear, their loud yapping gets into my nerves at times. I usually distract myself with playing music through my earphones, but still, it occasionally gets unbearable (and I can’t and obviously don’t put on earphones all the time). This was especially horrible during my exams, when I was tryna study late-night (like at 2-3 am) and I still hear them chat out loud, so I was able to concentrate with great difficulty. 

I usually have that urge to just approach them and say, “listen up you fucking dumbass, for fuck’s sake, people are tryna mind their business, can you please, for the love of humanity, tone down on the yapping?”, except… 1. I hate confrontations and conflicts and I’m not the type to stir shit up, so it’ll be awkward for me. 2. Idek where the noises are coming from but I can tell it’s from the same floor as me (duh) and I can tell it’s the same people though I lowkey suck at identifying. And 3rd, related to the 1st point, but I tend to be socially awkward so trying to approach people intimidates me at times.

I do plan to shift to a PG (mostly for contract reasons and partially this) that offers single rooms (hopefully under the same franchise) by May since I have my exams on June, given my current contract expires on August and to be on the safer side, an early shift might guarantee high chances of single rooms if my intuition is correct. I just am getting through their loud bullshit by reminding myself I only need to tolerate this for 2 months (if I’m able to discuss this with my parents with ease cause I haven’t told them my plans to shift yet). Like at this point, I seriously miss my previous PG cause I swear it was so peaceful there."
tusharonly,SOL SEM 6th Sem (NEP) Exam kab se start honge... Koi idea?,0,1,0.67,0,1741425060.0,False,t5_3ftqw,.
Background_Blur,Studied wrong subject in 2 sems!!!,0,1,0.6,0,1741423334.0,False,t5_3ftqw,"In my first semester they allotted me Hindi A so I studied it and gave my exam but in second semester they allotted me Hindi B so I just studied it and and gave my exam but again in third sem they allotted Hindi A and in 4th Hindi B
I didn’t bother to change my subjects so is it okay or is it going to cause any problems in the future because I studied Hindi till 12"
Alarming_Fly2286,pehchaan street school internship review?,0,5,1.0,0,1741374832.0,False,t5_3ftqw,have any of you interned/volunteered with them before and what was the experience like genuinely?? they seem to be popular amongst du colleges so just wanted an honest idea on what the work ex is like
Tall-Motor8762,What course students are the most free or have not that much heavy syllabus,0,4,0.75,0,1741367890.0,False,t5_3ftqw,"Is it BA philosophy guyz or BA fine arts or even sociology wale? cuz Ill be joining college this year and wanna find a course where i can have more time (as I’ll be doing my business stuff) Also I’m from humanities background! (I’ll be doing some ba hons course only) 

I myself am gravitating towards taking up journalism or multi media (becoz of filmmaking reasons) or sociology or philosophy (cuz I like these subjects) 
I was thinking to take up ba fine arts but dropping the idea cuz it might take my more time as compared to studying etc yk"
Impossible-Mouse-647,Taking Research Methodology this semester is not compulsory,0,9,1.0,0,1741353289.0,False,t5_3ftqw,"This post might be a bit late, I thought everyone in DU (faculty and students both) already knew this. Wishful thinking I guess.

You have to mandatorily study the Research Methodology subject as a DSE once to obtain a 4-year degree. You can opt for it either right now, i.e. in 6th Semester, or in 7th semester.
Every college has to provide RM as an option in both semesters.

For 3 year degree you can study any DSE.
DSE stands for Domain Specific Elective

Sources:
1. Point 7 on page 19 of [UGCF 2022](https://www.dr.du.ac.in/UGCF-2022.pdf)
2. Blue box pointing to semester 6 & 7 in [UGCF flowchart](https://www.du.ac.in/uploads/UGCF-Flowchart.pdf)  

On another note I don’t think this subject is worth 4 credits it should be a mandatory SEC instead of DSE. What do you think?
"
Tall-Motor8762,Ba hons or ba program?,0,3,1.0,0,1741370877.0,False,t5_3ftqw,"I have heard that ba program is less heavy as a course is it true? 

What is the difference really? Like do you get less assignments etc or what in ba program? 

(Also is du strict with its attendance issue?)"
kaladambar69,Question for partial droppers,0,2,1.0,0,1741375758.0,False,t5_3ftqw,Are you going to fill the examination form for the second sem ?
Throwaway-22123,DDUC or ARSD,0,0,0.5,0,1741389213.0,False,t5_3ftqw,"Where are you guys going today?
Specify the reason too if possible "
4a2y,Ab lagegi placement/job 😎,0,2,0.75,0,1741374679.0,False,t5_3ftqw,
slayyytherin,Is it any better to participate alone in case Comps?,0,7,0.89,0,1741348942.0,False,t5_3ftqw,"Yeah because my team mates are not motivated ig?

And I feel like they participate in it just because I pester them😞

Never made it to the presentation round "
integrationsucksass,Is this mindset unhealthy?,0,22,0.89,0,1741325155.0,False,t5_3ftqw,"Since high school, I started to view my batch mates as competition.(maybe because of a  close friend behaving in the same way. It left a bad taste in my mouth ).Except for a few close friends, I've developed this perception that people from the same course aren't genuinely invested in OUR friendships. It's not a deep-seated issue, but it's still bothering me. This has worsened after coming to college. 

I've always been competitive, but lately, I feel like I'm struggling to form genuine connections with people. I've started to see them as distractions or competitors rather than friends. It's a weird feeling, and I'm not sure how to shake it off.
Is this weird? Its not like I don't feel happy when others succeed, it's just that whenever someone wants to be my friend I just feel like they truly don't want me to succeed academically. 

I'm just dead tired atp"
vibsgauti,Anybody going to fest,0,0,0.22,0,1741413937.0,False,t5_3ftqw,"Hey anyone going to arsd or deen dayal for fest today 
If anyone just let me know as I’m going alone maybe we can have fun "
kishsrin,MA and UPSC together?,0,2,0.67,0,1741359476.0,False,t5_3ftqw,"Dear Seniors of DU, 
Planning to apply FOR DU through this year, how heavy is the course work in DU for MA Political Science in DU. I've heard it is much lighter than JNU or Pondicherry University which makes it easier to deal with alongside other stuff like UPSC, what is your opinion? How many hours are lectures in a week? How many hours did you spend studying for masters in a week? Is research and assignments a lot? 
Thank you in advance :) "
rizzifull,"sgc quota availers, need help!",0,1,0.67,0,1741378042.0,False,t5_3ftqw,"so im applying this year and i cant see that quota anywhere on the application form but the du bulletin of info does mention the sgc quota. so people that availed it last year, in what step do i have to present the documents for it? is it after the scores are out, kindof really confused can someone clear this up for me please. also i got the affidavit in december 2024, do i need to get a more recent one?"
,Any psychology graduate ??????,0,2,1.0,0,1741363957.0,False,t5_3ftqw,……..
Empty-Reveal9717,MAJOR LIFE F UP !!!!,0,104,0.95,0,1741284389.0,False,t5_3ftqw,"Today, my family experienced a devastating financial loss – nearly all of our savings are gone. We were quite financially comfortable before, but now I'm overwhelmed with stress. My father is clearly heartbroken, though he's trying to maintain a brave face. I feel completely overwhelmed in every aspect of my life – college uncertainties, family conflicts, issues with friends – it's all piling up. My father is such a kindhearted person, which makes it even harder to see him so defeated. He constantly helps others, yet misfortune seems to find him anyway. My mother and I are deeply religious, which makes me question why God would allow such hardships to befall good people like us. I can't sleep through all of this , and there's this persistent sinking feeling in my stomach that won't go away"
Then-Amphibian3592,Would I Have Time for Intraday Trading If I Get Into DU?,0,3,0.71,0,1741358241.0,False,t5_3ftqw,"Hi 👋
I'm a dropper aiming for B.Com Hons at DU, and alongside that, I'm also an intraday trader. My question is: if I secure a seat in a good college (not being overconfident, just in case if odds are in my favour), will I have time from AT LEAST 9:15 AM to 12:30 PM (11:30 AM bhi chalega) from Monday to Friday every week?

I have always wanted to study in a good college, which is why I took a drop, but I can't leave trading because I am highly profitable at it, and I can't miss this opportunity. So, I just want to clarify how things will be if I get into a good college.

This post is not at all centered on trading or stock market, I just want to clear up this dilemma because if I cannot do intraday trading while being in college, I still have some time to reconsider my decision and think about this issue.

If this question sounds dumb then really very sorry for that.
This thought actually clicked to me very late."
keyboardcrusader-,CUET 2025 - DU Bulletin is Out Now !,0,1,0.55,0,1741370278.0,False,t5_3ftqw,https://admission.uod.ac.in/
mosthornybro,Why is there an auto strike today ??,0,7,0.77,0,1741326234.0,False,t5_3ftqw,i
Lemonade2250,How do you pick yourself again,0,6,0.8,0,1741323834.0,False,t5_3ftqw,Anyone ever felt like mentally emotionally they have hit rock bottom and started feeling as if something is wrong with you. Like I'm trying to stay away from certain music because that somehow creates mixed emotions anyways I feel like me not working on my fears has made me depressed I think. I just lack moral support and I'm so tired of living in the rut. 
Sethipawan,College placement fair,0,1,0.67,0,1741358622.0,False,t5_3ftqw,Does anyone which which college is organizing placement fair and allowing student from other du colleges too to attend it
Kitchen-Parsley7513,Does DU offer B.sc Forensic science,0,3,1.0,0,1741336199.0,False,t5_3ftqw,What are the colleges that offer forensic science and that I can get through with CUET?
upcop_ak47,Got invited as guest speaker to ECONCLAVE at Hindu College - my alma mater,0,86,0.97,0,1741251492.0,False,t5_3ftqw,"Was invited to ECONCLAVE at Hindu College as Guest Speaker. Gave a talk and had a great discussion on crimes against women and drug abuse among youth.

It was pleasant to see myself amongst achievers of Department of Economics, Hindu College ...  "
rizzifull,ipad or laptop for college?,0,12,0.81,0,1741281674.0,False,t5_3ftqw,"hi i wanted to invest into a device that will help me throughout the three years at college but im really torn between the choice of an ipad or a laptop. so i wanted to ask you guys what do you guys prefer? for bcom hons, what do you guys think would be more helpful and why?"
Vatler_7,Are 60% marks in maths in class 12 mandatory for bba/bms,0,5,1.0,0,1741284308.0,False,t5_3ftqw,Are at least 60/100 marks in maths  in class 12 mandatory to apply for bba and bms courses at sscbs ?
Extra_Attention_5506,I feel sorry for everyone who got groped today in the stampede!,0,760,0.96,0,1741180739.0,False,t5_3ftqw,"
Venky Javed Ali Fest. Very poor management. 

I was in the stampede. Some girls started crying, one was trying to get out by saying “I am dying, let me go”. I waited there for 55 mins , just outside the gate. (The gate was closed at 12:45PM)
Even I lost hope and chose to go home. 

There were 4 waves of pushes which fucked everyone in the rush.  There was no space to even look at the phone. 
Some group asked me “kya scene hai?”. I told them “stampede , some girls even started crying”. 

His response - 
“Fhir toh ladkiyon ke saath bheed mein mazza aaya hoga” and then his group left to be part of the stampede i guess? 
But you can see the intentions right away. 

We as a generation are doomed. 

Take care guys! "
Automatic_Incident29,are classes suspended ??,0,6,0.87,0,1741277968.0,False,t5_3ftqw,
thedickinyourassmf,My response to Venky's fest posts,0,155,0.9,0,1741207138.0,False,t5_3ftqw,"First of all you should be grateful that college invited whole du crowd to the fest for free. And those who are blaming the stampede like situation should know that Nexus' official page clearly stated that entry will close at 2 or anytime before as per the situation. I myself saw, around 1.20 guards did not even check the id cards and let the crowd go in because gates were closing. Our college students did so much hardwork and decoration and y'all destroyed it on day 2 itself. There was no info about any fight till day 2 and when whole du came to fest on day 3, there are coming several videos of fights. Being a student of this college I know that my college crowd could never fight like that. Even the college canteen was doing its level best to serve the students. Invited whole du for free and what did we get? Water bottles and cold drinks were thrown at us. People were harassed and assaulted. If you people don't have basic civics sense you don't even deserve to attend any college fest. I wish Venky's fest would have been open for Venky students only.

"
adornate,Kal chutti hai kya¿,0,6,0.81,0,1741267131.0,False,t5_3ftqw,
SubjectBoat847,It's High time when colleges organising fest must keep this in mind if they are inviting all DU students.,0,44,0.98,0,1741230505.0,False,t5_3ftqw,"It's necessary to ensure the safety for both outsiders, those who are from their own colleges, college's property by either restricting these fest to their students only or smtg else for that matter.

These fights are now symbolic to du fests. "
yapperxxx,Girl's college,0,31,0.88,0,1741233348.0,False,t5_3ftqw,"Guys how are you all surving the girl's college toxicity. Ik there are some very sweet girls too but the toxicity level here is quite higher. I hate going there and even my attendance is getting lower day by day .
I spend most of the days at home sleeping just tk avoid college.
Is it me who is facing this or there are more like me??"
Soggy_Refuse_2160,Is this legit ?,0,3,1.0,0,1741277597.0,False,t5_3ftqw,
one_n_onlyjassi,Madhur virli at srcc,0,4,0.75,0,1741265101.0,False,t5_3ftqw,8 march ko jo madhur aara h uske links honge???? Or entry for all hai ya only for srcc students
rizz_ik,Am I doing right,0,2,0.75,0,1741279241.0,False,t5_3ftqw,"So I'm pursuing Eco Hons from Hansraj (pls hear me out this is not a flexing post) and I am preparing for Govt Job Exams (SSC, DSSSB etc). Abhi 4th sem mein while studying Econometrics I feel like mere haath mein sone ka katora hai or Mai bheek maang rha hu.

Seniors and Alumnis I need your guidance. Does this subject just looks fancy or are there real life implications (good jobs) if one masters it about which people don't know much"
SandwichSmall5123,Thoughts on Aryabhatta college,0,2,0.75,0,1741268419.0,False,t5_3ftqw,"I want to apply for ba psychology and I am finding my options, one of which is aryabhatta 

Any student or alumni of who can tell about the environment and faculty there"
mehuldraw,"Me painting my college campus(college of art, DU)",0,191,0.99,0,1741178196.0,False,t5_3ftqw,
newphurr69,Dedication for venky fest,0,9,0.91,0,1741239354.0,False,t5_3ftqw,
Mission-Individual-5,Anybody from kirorimal college?,0,4,1.0,0,1741252735.0,False,t5_3ftqw,"Hey is there anybody on this reddit from kirorimal college,i need help! DMs are open"
,my experience at the fest today🥰,0,32,0.94,0,1741204790.0,False,t5_3ftqw,"so yes I am first yr student at venky. I entered college at around 12:30pm bina line m lage bas kuch ladkiyo k bich line m laggyi ekdum aage aur fir entry hogyi chupchap😭🥰sorry to thode jo line m lage the piche 

non venky friends ko college ghumaya, and photos khichaye kyuki 6hrs college k andar krte bhi kya? 

plus THE CROWD at venky itni bheed kabhi nai deki apni college m it felt as if pura DU aagya tha college mai. And honestly, I didn’t like it. It would have been better agar plus 1 vala system hota yaa only venky students ka hota toh, because I really hated the way these people treated our college, romeo lane k pure decor gande krdiye. Last m posters phad rhe the lanterns gira rhe the

And what was that pani fekna ?? concert k bad toh itna jyyda hogya it felt as if airbombing hori ho. I felt like mai pochinki yaa kisi terror attack k bichme hu😭😭

baki fir I saw police ki lathi charge bhi, logg tennis court k trfh se jump krke aarhe the and police unhe douda rhi thii. Gate 2 ko dhakka deke aagye and even hostel ke gate se bhi bohot students ghus k aagye. 

Yaar itna bhi kyya desperation hai logon m its just a concert😭. haa I mean javed ali was really good but at last thoda dignity rko khudke liye and youth k liye 

conclusion: 
experience was good, but would I wait again 6hrs bas 2hrs k gaano k liye? maybe not😭"
Leading-Inflation730,Cut-off Marks,0,3,1.0,0,1741242474.0,False,t5_3ftqw,"Can someone please tell me the required cut off marks for MSc in Environmental Science.

Thanks in advance!"
awkward_frr,Her's the video guyssss kakka,0,31,0.95,0,1741188925.0,False,t5_3ftqw,
awkward_frr,Venkyy festt yarrr(ladke hone ke fayde hai inke),0,24,0.94,0,1741187007.0,False,t5_3ftqw,"Bhaii yarr iss ladke pe joh main hassi hu pure 1 ghante 😭🤣
Ye bechara uppar chadh toh gaya lekin police aa gyi marne ko toh ab na woh neeche uttar pa raha tha na kahi aur ja pa Raha tha
Dekh dekh ke itni haasi aae rhi thi sabko 🤣
Maja aa gya bhaiai sabb!

Mere pass video bhi hai jime bache jump karke bhag rahe hai campus main ghuste aur police peeche bhag rahi thi marne ko😭ek police ne toh stick hi fark ke mariiii kakakakkakakka"
Prior-Deer7713,This guy Literally destroyed the car's roof which was stuck in venky's fest traffic...just to shine in front of some people...pathetic!!,0,54,0.97,0,1741170037.0,False,t5_3ftqw,
jholagangmyachis,Credit Transfer to DU,0,1,0.6,0,1741245528.0,False,t5_3ftqw,"Hello everyone, I’m currently in my 5th semester of BSc CS at Tribhuvan University, Nepal and considering a credit transfer to Delhi University in India. I have cleared all my backlogs, but I’m unsure about the process. Has anyone here done this before or knows how it works specifically for Delhi University? Any guidance would be really helpful!

"
Comprehensive-Bus156,Venky clg fest,0,21,0.92,0,1741181597.0,False,t5_3ftqw,Almost had a stampede like situation a couple of hours back while making an entrance inside the clg. The whole thing was so messed up people were getting on top of each other the entire road from the durgabai deshmukh south campus metro station till the main gate of the college was blocked. There was literally a bus stuck in the crowd. we were told the entry will begin at 2 pm despite reaching in time they did not open the gate. we were not even able to get out of the whole mess. somehow I made my way to the other side and got out of the fuckall as i live nearby. I think they made the entry available for student of all du clgs which led to a situation like this which should not have been the case if they allowed entry only for their own students.
awkward_frr,Metro Railing se concent 😋(Venky fest),0,24,0.96,0,1741173869.0,False,t5_3ftqw,"Itni bheed ke karan hume entry nhi mili kuch baki ache bacho ki tarah toh at the end main aur meri 3 dost aur sab metro ke railing pe aake baith ke
Kyuki yaha se bhi view aaa raha hai stage ka jaha concert will take place lmfaoaooa
And yaha bhi kaphi achi bheed hai KAKAKAKAKA railing peeeeeee

Hume toh bas concert sunne se Matlb hai ab woh campus se ho ya nhi (campus main jana tha bhai(⁠ ⁠ꈨຶ⁠ ⁠˙̫̮⁠ ⁠ꈨຶ⁠ ⁠)"
Emergency-Smile191,Sem 2 exam form,0,1,0.6,0,1741231568.0,False,t5_3ftqw,Has anyone filled it? 
Individual-Tiger4022,Need help,0,2,0.75,0,1741217938.0,False,t5_3ftqw,"Im a 12th student and very-very confused which college to choose.
Zakir Hussain or keshav mahavidyalaya?
I want to study psychology.
And i also want hostel facility for that college life(its necessary) and also wanna know which which college's fest, campus placement and faculty is best for psychology?

Please my future seniors help me.
"
VCardBGone,Mathematics mandatory for admission to BCom (H) at DU? Students’ woes multiply,0,3,1.0,0,1741207660.0,False,t5_3ftqw,"Mathematics mandatory for admission to BCom (H) at DU? Students’ woes multiply
 https://timesofindia.indiatimes.com/city/delhi/mathematics-mandatory-for-admission-to-bcom-h-at-du-students-woes-multiply/articleshow/118741303.cms
"
SadPudding531,Fuck venky,0,14,0.77,0,1741170007.0,False,t5_3ftqw,"Ìtna Ganda fest 2025 ka entry nahi di mid time entry band kardi or ab Bahar bhi nahi jaa rhe 
Itna Ganda management "
Aizen2430,Saw a reel of venky's fest entry !! Itni bheed 😮‍💨,0,14,0.85,0,1741167372.0,False,t5_3ftqw,"Kya mtlb sahi decision tha udhar naa jaane kaa 🥰 jo log gaye hai apna experience share kardo. 
"
Rezeun,"Can I migrate to a regular DU college for second year from DU SOL? I’m currently in first year and will be done with my sem 2 exams soon. If I give cueṭ , can I transfer directly to second year in a regular college, or do I have to start over from first year?",0,1,0.66,0,1741214063.0,False,t5_3ftqw,"if migrating to second year is possible, how tough is it? like, is there a ton of paperwork, deadlines, and all that stuff? or is it a straight up hassle? just wondering if it’s worth the effort or if I should just start fresh with a new degree in a regular college"
being_Hills,Need PDF of Readings Maths (hons.) Sem 2 Seniors please help,0,2,1.0,0,1741196417.0,False,t5_3ftqw,SAme as title
jdbro58,Bro TATKAL TICKET CONFIRM HOGI ? du se ghar jana hai yaar,0,4,0.83,0,1741177490.0,False,t5_3ftqw,"Btao yrr confirm hogi please,,😭🥲🫠"
ApprehensiveBuy3443,Venky’s fest,0,1,1.0,0,1741200708.0,False,t5_3ftqw,
Happy_Bid_8102,PLEASE HELP ! ( mods plz don't remove ),0,2,1.0,0,1741185571.0,False,t5_3ftqw,
_smiling_assassin_,DU & IGNOU Exam Clash – Need Advice!,0,1,1.0,0,1741198234.0,False,t5_3ftqw,"Hey everyone,

I’m in a bit of a stressful situation and need some advice. I’m currently doing a BA in Economics at Delhi University (DU) and also pursuing a BA Program (Political Science + Sociology) from IGNOU.

According to the DU academic calendar, my Semester 2 exams will start from **June 7**, and as per IGNOU’s tentative date sheet, my 2nd-year exams will begin from **June 5**. There’s a high chance that the exam dates will clash.

Has anyone faced a similar issue before? What are my options here? Can I request a date change in either university, or should I prioritize one over the other? Any guidance on how to handle this situation would be really helpful."
Accomplished_Step112,fee receipt,0,2,1.0,0,1741179473.0,False,t5_3ftqw,from where can one download the fee receipt paid at the time of admission now? 
throwRAcrimsonflower,This is for all who missed the venky fest,0,0,0.5,0,1741189280.0,False,t5_3ftqw,"Can those who attended the concert share the videos ? Although I was there I couldn't really capture a clear video and I am short haha so that explains it  😭
Edit- I also wanted others to get a glimpse of it so if you can please post here itself "
schleepydawg,Madad kar do pls,0,3,0.81,0,1741155601.0,False,t5_3ftqw,"Posting on behalf of a friend :



Hi everyone!!

I am doing my PhD on Digital Interventions in Mental Health. As part of my research, I am exploring the use of digital technology in Mental Health (in short, DMHI, Digital Mental Health Intervention).

You are invited to participate in this study if you are:

\* 19 years and above

\* Residing in India

\* Diagnosed with a mental health condition (like depression, anxiety, stress)

Your participation will involve completing an anonymous questionnaire that will take approximately 15-18 minutes. Just so that you know, no contact details will be collected.

Click here to participate: 



[https://forms.gle/4y3tj3ajmDpdGVv36](https://forms.gle/4y3tj3ajmDpdGVv36)



Thank you in advance, and I am looking forward to your contribution!!"
davidbyrnesutopia,Venky m post 3PM entry di?,0,2,0.75,0,1741168873.0,False,t5_3ftqw,Zyada bheed dekh ke 2:30 baje nikl gaya tha
vyelles,international relations,0,2,1.0,0,1741166481.0,False,t5_3ftqw,anyone pursuing international relations for their masters in here? what are yall’s current course and career prospects?
No_Neighborhood505,Delhi University and ICCR Scholarship,0,2,1.0,0,1741165546.0,False,t5_3ftqw,"**I'd like to apply to Delhi University through ICCR scholarship program. I'm interested in BA English or B Ed. Which colleges are good for those programs?** 

**As far as I know, Delhi University is a university with several colleges under its name. So, where is Delhi University located? Does the Delhi University exist itself? Is it just a virtual one with several colleges under its name? I am a little bit confused about it. Could somebody explain me?**"
turned18nowimjobless,Anyone willing to give away b. Com. P. Books?,0,1,1.0,0,1741164141.0,False,t5_3ftqw,"Is anyone willing to give away B. Com. Programme books of sem 4,5,6? "
No_Homework_7007,"Delhi University drops Manusmriti, Baburnama from history syllabus after faculty protests",0,13,0.89,0,1741106228.0,False,t5_3ftqw,
anyonymouswannabe,Can i ever,0,8,1.0,0,1741117473.0,False,t5_3ftqw,"I have a very like very big crush on a girl she's a good friend of mine i realy like her humour hair everything 
I want to confes so badly but will she ever be my balkan ki ma cos she has never showed romantic interest 
Tbh i am scared of her "
Fit-Tackle437,Guys kuch puchna tha,0,6,1.0,0,1741122298.0,False,t5_3ftqw,So I have heard ki the syllabus in DU (commerce ) colleges is outdated and boring . I am just a 12th one bhiya meet somewhere said this to me
dil_se_desi,general opinion on girls colleges in south campus,0,10,0.86,0,1741107319.0,False,t5_3ftqw,"i’m very curious to know a general idea of what du and/or non-du students think about gargi, kamala nehru, jmc, and maitreyi. i’ve heard that these respective colleges are good and are known for certain things but then janta kya kehti hai?

not that it matters, par itna north campus influx dekh le poochne ka mann kiya"
EndDizzy1226,ANYONE WHO'S INTERESTED IN CASE COMPETITIONS?!?!?,0,8,0.83,0,1741112954.0,False,t5_3ftqw,"I need people from 1st year who's genuinely like interested in participating in case comps. I'm tired of not finding people having interest in participating in competitions like this ,so reddit was my last option 😭🙏🏻 pls do dm/ comment if you're someone whos interested in it."
Firefigirl12,Need a psychiatrist,0,16,1.0,0,1741094568.0,False,t5_3ftqw,Hey I’m a cllg student in my late teens. For past one year I’ve been going through a lot in my life. I’ve decided to consult a psychiatrist now to handle my mental health. Plz suggest some good ones in Delhi. 
jdbro58,2 am INSOMNIA,0,6,1.0,0,1741120918.0,False,t5_3ftqw,"Hlo yaar I hope you're good , yaar please  mereko advice chye waise me bohot Kam likhta hun , so yaar nind nhi aarhi college ke semester 1 exam me gya tha doctor ke pass bola insomnia hogya MD tha doctor usme muje 40 din tak neend aane ki tablet (medicine) di mene 40 din khai 2 din pehle khatam hogyi dawai khane ke baad bi neend nhi aarhi yaar btao kya me dawai continue kru kya kru nind nhi aati 4 baj jaate hain 9 bje let jata hu bed pe na padhai hori , uski wajah se agla din bi kharab hojata hai please guys advice do yaar doctor ko bi dikhadiya ya fir dawai khake ki nind aayegi mereko poori life please give your opinion 😭"
Professional_Pace963,Any affordable pg under 6k-7k in north campus,0,9,0.91,0,1741099137.0,False,t5_3ftqw,Bhai koi affordable pg bta do gurmandi ya malka Ganj side under 6k-7k
Ok-Chef7577,Non Maths people doing bcom hons from a top du college ? Urgent,0,9,0.85,0,1741098196.0,False,t5_3ftqw,Is it really tough for you all to perform good in bcom hons without  taking maths in class 12 compared to your classmates who had maths during 12th
NotAPsycopath77,Internship fairs,0,5,0.86,0,1741109212.0,False,t5_3ftqw,"Any college having internship fairs that are open to all? Thanks 

Also how do people get an internship honestly like where do I look 😭"
Altruistic-Mouse-496,Are non du students allowed in nexus fest?,0,3,1.0,0,1741113772.0,False,t5_3ftqw,Same 
,Being a CR is very draining,0,7,0.77,0,1741099665.0,False,t5_3ftqw,"So, I wasn't really planning to be cr but before the elections the girls who were cr oh my god they have me such a headache hadd to take matter in my own hands. Actually everyone had the same problem won by majority. Now as time passes I can't wait for the year to end and me to resume normal student life. The students would call me at 8 of night would message me personally till 12. Even after clear instructions they wouldn't get what i sm talking about, it's like they can't read or don't wanna read. 

😭 I have to be cr in next sem as well as election will happen in November or December in my college hate that. 
Ho gaya bhai mera ab kuch bhala nhi karna kisika"
No-Butterfly9377,Anyone up for tomorrow (Nexus)fest,0,3,1.0,0,1741109736.0,False,t5_3ftqw,If anyone has registered for it and planing to come with me(a loner)
IssueNew6527,Du sol… can you give first semster er in fifth semester,0,7,1.0,0,1741093653.0,False,t5_3ftqw,"I couldn’t give them in my 3rd semester because of health issues, can I give them in fifth semester and if not what should I do? "
bonito_7,Cost accounting bcom h,0,2,1.0,0,1741111814.0,False,t5_3ftqw,Any good youtube channel for costing?
ladyshrekk,Accommodation in south campus,0,1,1.0,0,1741124433.0,False,t5_3ftqw,"Agar koi senior apna flat khali kar raha ho ya fir kisike paas koi contact ho toh please btado. Aise koi urgency nahi hai but still looking for a place to shift cause abhi vala landlord is such an asshole. 

June/july mein ya fir usse pehle if someone's planning to leave please hmu.
(Satya niketan ya fir uske aas paas kahi)"
,Seniors' Advice Needed: BA Journalism/BJMC at DU,0,3,1.0,0,1741099724.0,False,t5_3ftqw,"Posting on another person's behalf  
  
Hey  
I'm a humanities student considering applying for BA Journalism or BJMC. I'd love to hear from seniors who are currently pursuing or have completed these courses.  
Can you please share your honest opinions on :- The course worth ,What are the pros and cons, How's the faculty and curriculum, What are the job prospects like? Any advice for someone considering these courses?

Additionally, for those who got into BJMC, how did you prepare for the competitive exam? Any tips or resources you can share?

Thanks in advance for your valuable insights!

tldr: Info bout BA Journalism/BJMC"
Western_Net2617,Increase female friend circle,0,0,0.5,0,1741118066.0,False,t5_3ftqw,"Hello everyone, I'm from Hansraj College and I have zero female interaction there. Actually I'm introvert from beginning and I  hadn't any female in school also.

Can any girl be my friend in delhi? I'm not writing it in any wrong sense. Even if any girl can be my friend online then please dm me"
Itsmahisha,Can pcm student get into srcc?,0,1,1.0,0,1741114869.0,False,t5_3ftqw,"So I took pcm, and eng and physical education. Currently in 11th. want to get into srcc for bcom. Am I eligible?

I heard there's some disadvantage being pcm student? PLS explain"
Full-Industry4657,Bcom( hons)update dekhlo sb ....hopefully,0,5,0.78,0,1741082538.0,False,t5_3ftqw,
ChickenDependent5605,reputed DU courses,0,9,0.91,0,1741072347.0,False,t5_3ftqw,"Other than Bcom hons and Eco hons , what are the other courses that are really reputed and from which college?!"
BedNo3573,looking for case comp partners,0,2,1.0,0,1741099032.0,False,t5_3ftqw,hi so there’s a case comp happening in my college (gargi) and im looking for ppl who’d like to participate. i don’t have any experience with case competitions so i’d prefer ppl who have a little bit of experience. pls comment if you’re interested!
Techie-Talks,Answers to quiz,0,1,1.0,0,1741105252.0,False,t5_3ftqw,"Anyone having images / text the questions in this comp's quiz - https://unstop.com/competitions/case-180-crisis-consulting-edition-case-180-180-degrees-consulting-shri-ram-college-of-commerce-1387557


"
Nowa_Iscord,Urgent help needed for subject mapping for BSC IN CS,0,2,1.0,0,1741091560.0,False,t5_3ftqw,"For mods- please don't remove this post,I need immediate help.

Hey guys, I’m from the Jharkhand Board and preparing for ÇÙÈT to get into BSc (Hons.) CS at DU. I had ITS (information technology services) in 12th, but it's not listed in ÇÛET.

Does anyone know if ITS is equivalent to CS/IP(computer science/Information practices) for DU admissions? Can I choose CS/IP in çUET with this background? Shall I face any  problem for subject mapping in DU counciling portal? Any help would be appreciated!


I have tried mailing NTA and DU and none of them responded.


Subject selection:-
Maths,
English,
Physics,
ITS (cs/ip)


"
,Is a bachelor's in human resources or psychology from du worth it?,0,2,1.0,0,1741104309.0,False,t5_3ftqw,"I'm planning on pursuing my bachelor's in hrm or psych. Keeping in mind the fact that I'll pursue professional internationally recognised certificate, is it worth it and will I be having to invest a lot of times in my undergrad academics?"
Available-Shirt-3820,venky fest,0,2,1.0,0,1741089627.0,False,t5_3ftqw,"for north campus students, which of the two- dhaula kuan (airport line) or duragabai deshmukh be more convenient 
and how far is venky from dhaula kuan station "
Readsbooksindisguise,This the reason why maths is made compulsory for Bcom (Hons),0,2,1.0,0,1741090190.0,False,t5_3ftqw,
throwawaylaunda001,For the people who've dealt with sponsors,0,2,0.75,0,1741066305.0,False,t5_3ftqw,"Hi, if you have any experience with onboarding sponsors for events - from sourcing to conversations to conversion and execution, please either drop a comment or dm me. 

  
I wont take more than 5-10 minutes but it'd really help me boost some of my deliverables. 

  
Nothing doxx-able/ nothing that might potentially lead to any not so ideal consequences. Just had a few doubts. 

  
Looking forward 

Thanks :)"
who-dee22,Females who never dated,0,37,0.86,0,1741008194.0,False,t5_3ftqw,"Hi, any females who never dated and fall in the age range of 18-25, would you be willing to fill my psych research form?
It's about attachments, loneliness, coping and personality traits.
I'm attaching the link below, in case anyone is willing to fill.
Thankyou!
Also males (only committed for more than 3 months), pease consider filling this.

https://forms.gle/QfAkJyJbLG8uqXGJ9

P.s- thankyou for filling the form, I'll share the findings in this sub too!
Also, kitne single log hai yaar😭
Committed valo ki need pdgyi ab"
,How to get admission in DU,0,15,0.86,0,1741019447.0,False,t5_3ftqw,"Hi DUites

It has been a dream of mine to get into DU. I want to make this dream a reality. Can you please share tips & your stories of how you got in DU. What resources did you use, what was your timetable, how is DU in general

I am a Com-Maths student (2025-26) who wants to work in VC/Investment Banking/Asset Management. I also plan to do CIMA/Series 65 in the future and top it with an MBA.

CUET subject domains will be Maths, Acc, Eng, BS, Eco

Personally, I am an underdog. Family is not rich or upper middle class, and I am from a small town. I have big dreams thought. Please help me out with some advice.🥰🥰🥰"
Designer_Engineer569,I feel stuck after choosing B.Com(H),0,43,0.91,0,1740979693.0,False,t5_3ftqw,"I'm pursuing B.Com(H) from SRCC, I didn't put much thought into choosing my major I just knew I wanted to go to SRCC.

Now I feel stuck because SRCC is honestly retarded in terms of college life and my course is also fucking retarded, meaningless, outdated subjects that impart no actual or useful knowledge, sitting in classes is a torture.

Ab realise ho raha hai I'm more into quantitative stuff like stats, merese nahi hogi consulting.

I'm good with computers and mathematics, i have a good grasp on fundamentals of programming, computer science, linux and this stuff actually interests me.

Kya karu? genuinely need guidance, maybe i can tolerate 3 years of bcom then get a masters in stats, econ but i need a job after graduation, chud gaya hu"
Tall-Motor8762,Coed or women’s college?,0,13,0.84,0,1741002758.0,False,t5_3ftqw,Hello guys soo i want to come into du this year  (arts background) and I’m confused should I fill coed colleges or only women colleges. I come from a coed school so idk the vibe of only women’s college or school even. I have read mixed reviews of it like of Miranda and lsr etc. specially for some reason have heard girls are mean in lsr more? Idk 😭 soo what are y’all opinions on this?
StrangerGlad6744,Clg is so toxic,0,38,0.85,0,1740978887.0,False,t5_3ftqw,"Bhaiii kya jhatuuu clg life hai  
My friend is ignoring me idk kyuu kuki kuch ni hua 
Fest wale din she was with her friends obviously meri vibe match ni hoti toh mai kyu rhu puppet ki trh i cannnot follow her kuki mai akeli rhti hu aur uske pass itne sare dost... And mereko puppet feel hota hai uske aage piche jana pr fr bhi mai rahi pr fest wale din i was with my classmates even ek mera acha dost hai woh pure time mere sath ni thi joki thik hai uska personal space and aj class hai sath mai dono ki toh woh mere sath ni bethi aur she's ignoring me 
Now I'm roaming akele clg mai aur mereko bhot jda gussa aara hai itna ki ek thapad marne ka maan kr raha hai 
Mera uskepiche jane ka bhi maan ni Kuki bhai kuch hua hi ni hai khne ko toh mereko bhi bura lga
Gand marao yrr chi yrr bhot toxic haiii "
unwillinglawyer,Degree Collection - Not in Delhi - Please Help!,0,3,1.0,0,1741029327.0,False,t5_3ftqw,"Hi everyone, 

I passed out from Delhi University - Faculty of Law - in 2016. I applied for the online digital degree but haven’t been able to access it. 

I now urgently require my degree but can’t visit Delhi right now. Is there any way or is there anyone I can contact to get my degree without going to Delhi? I’ll be very grateful for any help or suggestions you may have. 

This is less important but I also require a certificate to prove the medium of instruction  at faculty of law was in English. Would anyone know if CLC or DU provides such a certificate? 

Once again, I’ll be very grateful for any direction or help! 

Thank you! "
Holiday-Ad-8921,LETS DISCUSS CASTE,0,7,0.56,0,1741005300.0,False,t5_3ftqw,"To the problems that reserved students have to deal with, related to discrimination, the solution imposed is of punishing the person who did it, but in my opinion it is very short term, for a better solution the problem identification is must, which I believe is the special treatment given to them i.e The SC/ST act and the reservation, having reservation based on financial condition with dissolving the special category will not only solve the problem of discrimination but also bring actual equity which everyone wants.
What do you think?"
Emotional-Theory-694,"Nov Dec 2024 Results? Are they out, for M.A?",0,3,0.72,0,1741013237.0,False,t5_3ftqw,"The same as the title, I've been checking the different sites, the uni one and the dept one but can't seem to find it except for some certificate diploma results. I've already completed my course but rewrote a paper for improving grade, I honestly don't remember if am checking the correct sites. I even logged into the Samarth portal, there also it's not showing. "
Otherwise_Permit_834,[serious] How to use a skateboard to commute to Delhi University?,0,8,0.7,0,1741002050.0,False,t5_3ftqw,Any tips? Anything?
ConsiderationAny8001,Is the rangrasiya holi fest free for du students?,0,3,0.71,0,1741026307.0,False,t5_3ftqw,Is the rangrasiya holi fest by hansraj college free for du students and do we have to register for it anywhere?
DeathEaterrr,Local Guardian?,0,5,1.0,0,1741006610.0,False,t5_3ftqw,"Hi all!

One of my friends got into DU, she's been asked to have a ""local guardian"" to stay, but she doesn't have any relative/friend in Delhi. Is this absolutely necessary or is there a workaround?

Thanks!"
GroundSad9811,Caste certificate,0,1,0.67,0,1741028305.0,False,t5_3ftqw,Bhai ye caste certificate hai mera ek dost hai to uska central ka nahi mill rha hia matlab bihar se hai to waha se nahi bann pa raha hia to isne Haryana se banaya hua caste central list me hia kya ye VALID HAI Admission Me kisi me agar haryana ka aasa caste certificate lagaya hai OBC ka sc st ka to batta dena comment me
Intelligent_File8271,Anyone with decent case comp experience,0,1,0.67,0,1741020040.0,False,t5_3ftqw,Need teammates for the upcoming case comp of SRCC by 180DC. 
DisastrousMix285,My college is making me want to kill myself,0,143,0.98,0,1740920556.0,False,t5_3ftqw,I’m in a fairly reputed girls college in du and honestly it is hell. I’m tired of the constant politics here. Everyone is nice to your face but most of these people are talking shit behind your back or excluding you on purpose from pretty much everything. I have my dream course but I still hate going to college because of how much I hate my classmates. And idk why people think girls colleges are chill and supportive. Just cause people aren’t bullying aggressively doesn’t mean they’re not bullies. I would rather be insulted and beaten up directly than deal with all the back bitching and gossip.
No_Homework_7007,"In new draft rules, UGC redefines ‘discrimination’; now ‘caste-based discrimination’ only if against SCs/STs",0,1,0.67,0,1741011839.0,False,t5_3ftqw,
SubjectBoat847,"I asked gpt, to roast enactus (wdym im in enactus)",0,101,0.99,0,1740921175.0,False,t5_3ftqw,
Longjumping_Peak_840,Anyone from venky,0,2,0.75,0,1740996505.0,False,t5_3ftqw,Planning to venky nexus fest by 1 pm Tommorow so there will be band perfomance? 
Afraid-Tour-2160,I need your advice seniors,0,2,1.0,0,1740988463.0,False,t5_3ftqw,"I will be in class 12th after one month ( commerce with maths) . How should I start preparing for c.uet Al ng with boards my subjects will be - maths , gt, english,, eco and bst .should be join any online coaching like pw or adda ( I'm from isc board) pls help 

Thanks "
Background-Car8402,Confused,0,3,1.0,0,1740980224.0,False,t5_3ftqw,"Hey, I am studying in Grade 12 right now and was thinking about giving the UG exam for Delhi university. I am confused about my course should I select Eco(hons) or Bcom(hons). Further I also have wanted to ask about the combination of subjects required for the course in the north campus. "
Ok-Charge4662,Maths hons sem 6,0,2,1.0,0,1740986851.0,False,t5_3ftqw,Please share youtube channels for all core subjects complex Analysis advanced group theory and advanced linear algebra or if anyone have notes please dm me its urgent!
ladis_wahsharoohm,Have you guys ever had an interesting/weird/wholesome interaction with a stranger in college?,0,18,1.0,0,1740944096.0,False,t5_3ftqw,I was attending my SEC class when a girl sitting next to me began ranting about her friends. They had gone off to attend some fest without informing her and she looked genuinely pissed off. She ended up sharing a lot of very private details about their lives that are too scandalous to share.🙄
very_dickstracted,Need a short documentary/film for a practical.,0,1,1.0,0,1740990790.0,False,t5_3ftqw,"Nothing too fancy, the more basic the better. Any topic works.
Dm if you can send it!

(It'll only be shown in my classroom for a presentation. Would not be uploaded anywhere at all.)"
amanverma806,help me to choose subject for b.a programe,0,1,1.0,0,1740989803.0,False,t5_3ftqw, i ahve math hindi english fine art pol science and geography in 12th and i am from arts stream i want to take admission in di help me choose subjects combo  ug 
vidhikaroy,"my painting class in college of art, DU",0,68,0.99,0,1740905779.0,False,t5_3ftqw,
accha-insaan,My college life is so dead and disinteresting,0,54,0.98,0,1740906524.0,False,t5_3ftqw,"Bro this is so frustrating. My siblings' college life was better.
Going to random places with friends, fests, society related things etc etc
But mine is just so dead I can't.

My friends are too lazy. They don't even come to college, leave having an outing.
Fest? No my college doesn't hold them. It's so fucking small, both area and budget lol
Other college fests? Again my friends
Society? No it's not for socially anxious people like me. Where there is interaction, I'm absent there.

I mean I don't have any reason to go college except for attendance. Can we convert to sol in 4th sem? Someone help meeeeee

Ok rant over 
"
HazelAudel,question for the ladies out there,0,8,0.83,0,1740943693.0,False,t5_3ftqw,"although i just got into a relationship with my gurl
but tell me do girls also have this one sided thing for a guy?
do they imagine scenarios with em?
very curious to know🫠"
LiOnEss_1327,College society leave?,0,10,1.0,0,1740929528.0,False,t5_3ftqw,"should we leave the society, as seniors just take credits of your work, and you are not even appreciated, its all politics, as a fresher I want to know the realities, should I just leave it and focus on something better that benifits me, as here I have given my all but not getting anything in return...."
slayyytherin,"Can the 1st years, who got interships share their cv please?",0,4,0.84,0,1740937304.0,False,t5_3ftqw,"Please 🥺 
And please mention the role and stipend if any?

(2nd and 3rd year bhi chalega mujhe)

(Please no metvy,  vo toh samne se msg karte h intership ke liye😭)

Edit- agar personal contacts se mili toh vo bhi mention kr dena"
jwvision,please please help me i am actually begging right now,0,8,0.91,0,1740923475.0,False,t5_3ftqw,"i know this sounds really bad but my goal is to not repeat the year as in i dont want to re register and repeat my entire first year and i am a partial dropper preparing for another entrance thats why its hard for me to go to class and attend internals. if i miss all of them but somehow pass in my end theory exams plus practical exams (i have 3 core papers of 6 credits each) will i be able to be promoted in the second year? because im not sure if my first semester result is that good too, i dont have a problem with ER's i will clear them in subsequent semesters but my main point of worry is not being promoted. i will try my best to clear my entrance exam and drop out from here but what if i dont...? then i will have to stay in du but i dont want to be repeating a whole fucking year for that. please i will really appreciate if someone can help.....LONG STORY SHORT just tell me what i have to do to NOT repeat this year "
Fluffy-Put-9288,I want to have friends and karma,0,16,0.73,0,1740898298.0,False,t5_3ftqw,I am introverted who doesn't have friends my majority of time goes in studying for my pg entrance but I want to have fun Convo and spend my time with good healthy peers so my friend suggest to go on reddit so yeah here i am 
Lonely_Grand8076,What will happen in TIDE (fest),0,1,1.0,0,1740937619.0,False,t5_3ftqw,Idk if I should go there as it will be my 1st fest if I go there as for past 2 years I have not gone to a single one 🤓☝️ 
InteractionCreative3,Help me by answering some questions regarding getting in DU [ Hindu College specifically].,0,1,1.0,0,1740935649.0,False,t5_3ftqw,"Okay, I'm currently in 11th now. Since I have so many questions to ask. I'll ask questions one by one. Help me by answering them.

1. What should I have to prepare for General Test ? Especially G.K., G.S., and Current Affairs.

2. How much I have to score for get into Hindu College B.A. ?

3. What  subjects I can took in B.A.  at Hindu College ?

4. Does they have compulsory subjects too ?"
throwRAcrimsonflower,Is this worth it?,0,2,1.0,0,1740916848.0,False,t5_3ftqw,Any good/bad experience? Is this worth it? Has anyone attended it or know someone who did? Needed feedbacks.
Plus-Resident-1288,Refreshment lelo guys,0,46,0.88,0,1740851271.0,False,t5_3ftqw,"This is what we get in our refreshment so yum so much gravy 🥳
The day before we were given one sukha bread pakoda each.

Refreshment fund is literally 5,00,000 and they’re so kind to us with these "
Sad-Comb1765,TEAMUP for startup and business hackathon,0,3,1.0,0,1740902277.0,False,t5_3ftqw,"Need 1-2 person having good background about how startup works, knowledge ,  there is hackathon with 3 round 2 round will be online 1 offline, interest person DM me , my background B.TECH CSE from National forensics sciences university, ( MHA) good hand in coding and startup incubation "
Honest_Hamster_4304,Result,0,0,0.5,0,1740919327.0,False,t5_3ftqw,Du ka result kab ayega? B.com(h) sem 1 ka?
felix_stark_2007,I have no idea what i should do,0,1,0.67,0,1740915925.0,False,t5_3ftqw,"so im in my college theatre society and im going insane....idk y im even there....like people are awesome and i do enjoy what i do, but dil na toh poora laga hua hai aur na chhodna chahta h society ko...on top of that, i think all society ppl know ki you miss classes full day especially during fests and attending classes becomes so hard....and im only in 2nd sem and the SHEER AMOUNT OF STRESS AND TERROR I FEEL ABOUT ACADEMICS MAKES ME WANT TO DIE....neither do i want to leave my soc nor do i wanna skip classes...just idk yaar...aadhe dost bol rhe h du ka yahi dastoor h aur last momnet padh lena sab karte h, other half of freinds are like ki 'hamari toh mothers bhi tere liye stressed h ki kaise padhegi tu'....ghar pe jo ye 8 am to 8pm schedule pe ladai ho rahi h woh alag....kya karun yaar dimaag mahabharat ho gya h......(im psych hons btw) Any guidance is appreciated thx :)....also if anyone is like ki ghar pe padhlo to cover up, bhai agar itne balanced hote toh reddit pe advice nhi le rhe hote...."
ramen_withbigbowl23,anyone up for venky fest?,0,2,0.75,0,1740899159.0,False,t5_3ftqw,"im looking for friends so that we could go to the fest
also we could go to ARSD , and DDUC

dm me guys chalte hai moj karenge would be funn🗣️💯💯🤭"
jiminbuttholehair,P named dram soc,0,13,0.93,0,1740860864.0,False,t5_3ftqw,"This soc is going downhill so bad istg. Vp and p and their favs don't treat their members like humans nd call themselves mature. A line by them ""maturity is rare, keep it safe"" BRUHHHHHH. Sabse immature to yhi h, zara sa kutch hota nhi h storiyan chaalu ho jaati h inki. Baat krne ki tameez nhi h 2 take ki. 2nd yrs se hi dhang se baat nhi krte dhang se 1st yr se kya hi krenge .. apne se kisi ki zyda achi personality dikh jaati h to insecure ho jaate h! Thank god left this soc along with my 5 frnds few days back. any dram soc member here mark my words if u see any soc with p name going downhill just know that it is because of p, vp nd their 2 favs"
Fast_Combination3056,I filled the improvement exams by mistake,0,1,0.6,0,1740898589.0,False,t5_3ftqw,I haven’t paid the fee yet. How do I edit my course selection?
,Anyone wanna join??👉👈,0,4,0.67,0,1740858997.0,False,t5_3ftqw,"So i am planning to go to the NIFT Delhi fest on the 6th of March, Butttt i have no one to join me so is there any other college student who wanna go there with me? I don't wanna go alone there, being surrounded by strangers scare the sh*t out of me 
"
ArnavJ213,Kind of a life saver for me,0,17,0.91,0,1740832447.0,False,t5_3ftqw,"Green Cafe at Faculty of Mathematical Sciences is one of the best places to eat at North Campus, considering the canteen in my college sucks and entry here is unrestricted unlike other colleges.

The food is good and pricing also reasonable, only problem is the lack of space and the place being a bit overcrowded.

Found this place a year ago and have coming here every now and then.

Lmk what you think of it."
keyboardcrusader-,For all the partial droppers or droppers. CUET 2025 Bulletin is out now.,0,10,0.92,0,1740838430.0,False,t5_3ftqw,https://cuet.nta.nic.in/information-bulletin/
Adorable_Ad2022,Need Help,0,4,0.83,0,1740855826.0,False,t5_3ftqw,"Hello Everyone,

I graduated in June 2024 in [B.com](http://B.com) , soon after that, I, joined an internship as a content writer and after that, I gave the CAT exam, eventually did not make it.  
  
Thereafter, faced some serious family problems and did not join any internship or job because of that. Right now, I'm so confused about what to do now and where to make a career.

I'm not an expert in content writing; mastering it would take time, and AI is making it obsolete now. Please drop some useful advice, yeah, I don't have a passion or hobby as of now.

"
,"Hey guys , need teammates",0,9,0.77,0,1740835033.0,False,t5_3ftqw,"Im a 1st year bcom hons student and ill start participating in case competitions, so I would like teammates if anyone’s interested, please DM and  I don’t have any prior experience 
My interests are finance "
Du_ramanujan_student,Books sem 2 B.Com(Hons),0,3,1.0,0,1740852749.0,False,t5_3ftqw,Anyone have pdf of HRM? (If yes please share it with me)
Nice_Veterinarian126,The Ultimate Creative Challenge @ ARSD,0,2,0.75,0,1740858767.0,False,t5_3ftqw,"🎬 **Get Ready for Drishya Run – Where Adventure Meets Creativity!** 🎭✨

Are you up for an electrifying **Treasure Hunt + Video Editing** showdown? 🏆💡 Join us at **Sanganak Vimarsh'25**, brought to you by **Tech-A-Thon**, for an experience like no other!

📅 **Date:** 4th March 2025  
⏰ **Time:** 10:00 AM  
📍 **Venue:** Atrium, ARSD College  
💸 **Entry Fee:** ₹30 per person  
🎁 **Prizes Worth ₹2000+ Gifts!**

🔥 **What’s in Store?**  
🔍 **Treasure Hunt:** Solve mind-bending clues, find hidden locations & compete in **adrenaline-pumping mini-games!**  
🎭 **On-Spot Theme Reveal:** The real challenge starts once the hunt ends! A surprise theme awaits you!  
🎞 **Video Editing Challenge:** Capture moments at the discovered locations & craft an epic reel!  
👥 **Team Size:** Max **5 members per team**

⚡ **Limited Slots Available!** Don't just watch the action – **be a part of it!** 🏃‍♀💨

👉 **Register Now:** [Google Form Link](https://docs.google.com/forms/d/e/1FAIpQLSe15ttNCEz2J2_azpWPUFHW4j8mMQCIybn1peBGzpQ2u1macA/viewform?usp=header)

Tag your squad & let’s make this legendary! 🎬🔥 #DrishyaRun #TechAThon #TreasureHunt #VideoEditing #ARSD"
Ok_Primary_8363,How do I become better at GDs and interviews?,0,16,0.91,0,1740814535.0,False,t5_3ftqw,"Since the time college started, I've realised that I kinda suck at giving interviews or convincing the other person to recruit me into a society or anything like an internship or smthn. Its like my brain goes for a toss when I'm giving an interview. I gave interviews for 2 3 societies and I didn't get selected. Unme se 2 ka I understand I was not much prepared for the interview but the 3rd one which was for placement cell still was better. Now I'm trying to apply for remote internships through linkedin so that kuch toh resume cv develop ho and honestly bohot zyada phat ti hai interviews se. I have an online interview today at 8 pm for HR internship at some NGO, mera abhi se mann nahi kar raha dene ka cuz I'm scared. I know I can't run away from these things if I wanna make a career given that GDs and interviews are the only way through which one gets placed in a company or gets into a bschool, its really important for me to become better at dealing with them. Ek toh pair pe kulhaadi maarne ke liye sec public speaking le liya in 2nd sem, there was a 10 marks extempore today. On the spot topic was given jispe bolna tha. I could barely speak for 2 mins, vo bhi itna coherently nahi like itne ideas dimaag me hi nahi aa rhe the all of a sudden."
maybehim_,Miranda House,0,1,0.67,0,1740860434.0,False,t5_3ftqw,"Hey, I’m going to Miranda House on 5th of March to watch a stage play by their dramatics society. Anyone want to join?

"
Lelouch-is-emperor,"Are the professors in DU ""bad""?",0,18,0.91,0,1740802290.0,False,t5_3ftqw,"Lurking in this sub, There's always post about how poor the faculty is and how professors usually teach to complete the syllabus? Is it really the ground reality of top DU colleges like Hindu, St stephens, Hansraj?

"
disco_strangler2,Shaheed Sukhdev,0,1,0.6,0,1740846156.0,False,t5_3ftqw,"I read somewhere that sscbs has 35% weightage for 12th boards for addmission, is it true ?"
Agreeable-Advisor408,SYMUNC'25 NOIDA,0,1,1.0,0,1740846065.0,False,t5_3ftqw,"Is anyone from Kamala Nehru College, University of Delhi going to the SYMUNC in Noida which is taking place on 4th & 5th April?
If yes, please DM me."
jai_kun_,BSC SCIENCE CUTOFF,0,1,1.0,0,1740842055.0,False,t5_3ftqw,
Raichi12,Struggle studying long study material? I have the solution for you,0,5,0.86,0,1740809187.0,False,t5_3ftqw,"This website - [https://pdf.defmogu.in/](https://pdf.defmogu.in/) can summarize any study material in an exam oriented manner such as to include all the major points while keeping it concise and sharp, it can also generate practice questions on the pdf you upload allowing you to evaluate yourself on how well you have understood the material. I would love to hear some feedback on it! Please do try it out



There is a free trial for 2 uses after which you can unlock unlimited uses just for a small amount of 100/- no monthly payment, no credit card info, just scan the QR and you have unlimited access!, its way cheaper than buying the chatgpt subscription"
GreenBasi,Dost ne bheja uske clg ka placement,0,2,1.0,0,1740832810.0,False,t5_3ftqw,
GreenBasi,What 🙀,0,42,1.0,0,1740755444.0,False,t5_3ftqw,Gargi aur rla ka linkedin admin kon hai bhai kya phookh raka hai😭🤣💀
mehuldraw,"An oil portrait I am currently painting in my college (College of Art, DU)",0,58,0.97,0,1740746530.0,False,t5_3ftqw,
Maihuhinaiisduniyaki,why are students of knc protesting???,0,26,1.0,0,1740752427.0,False,t5_3ftqw,I just saw reel where the girls of knc were shouting “knc haye haye”
TemporaryAbalone1018,Dealing with Stress!,0,4,1.0,0,1740777444.0,False,t5_3ftqw,"Guys,,, thoda life , schedule and dimag teeno fucked up hai.....🤧 How r u guys?"
Turbulent-Solid5856,South Indians are you getting taunted?,0,1194,0.95,0,1740665156.0,False,t5_3ftqw,"Yo guys, so I was coming back from the library in the metro when my mom called. Being a South Indian, I started speaking in my native language. Out of nowhere, this group of four guys starts taunting me

""100% literacy rate, sar! We are educated, sar!""  

Bhai sahab, I was like... kya ho raha hai yeh? What did I even do? Why were they mocking me? Like bro I was just talking to my mom.  

Has anyone else faced this after that india got laten  show clip or the meme got popular? Matlab ab apni language bhi nahi bol sakte kya?"
KovetLord,Agrasen Fest,0,0,0.5,0,1740801027.0,False,t5_3ftqw,Ajay Hooda aa raha hai aaj Maharaj Agrasen me to kisi ko entry kaa kya scene hai kuch idea hai??
Tall-Motor8762,Fomo,0,3,1.0,0,1740777508.0,False,t5_3ftqw,"Soo I’ll be preparing for other exams with regular college (this is my plan)

As I’m feeling bhott fomo by not doing regular college rn and lonely too. I wanna also join societies and make friends and attend fests etc 

I don’t want regrets ki yrr regular college kiya ni maine yk 

Soo which course should I be opting in du 
BA sociology or philosophy or psychology or English or journalism or social work (yes I’m from arts background) 

These are my options as I think these courses are a little on the easy and manageable side with my other exams. 
"
Disastrous-Logic8759,I got stalked by a guy in university campus ( posting on my friends behalf),0,102,0.96,0,1740695669.0,False,t5_3ftqw,"something horrific happened to me just now so I got late for my pg and gate was locked and I tried calling warden didn't work so I decided to spend my night in art faculty (central library)I was quite hungry so I ordered food online around 12:45 am and i was waiting near malkaganj chauk)a drunk boy came to me and started talking initially he seemed normal just drunk I tried to get away from him(ofc why'd I talk to a drunk boy at 1 am? And he was talking so weirdly i got creeped out) but he just kept following me after I took my order i headed to the faculty of art but he didn't stop and almost followed me for 1km 
persistently asking me to stop ""let's talk"" ""let's sit"" i was just trying to get away from him i even warned him to get away  he was like ""are you gay?"" ""You like men?"" I was terrified I asked for help from 3 boys and then he finally backed up   ( he kept staring at us from far) even boy ain't safe here in Delhi"
_glitchwitch_,What kind of content do you actually enjoy on social media?,0,4,0.75,0,1740752383.0,False,t5_3ftqw,"Hello guys,
I’ve been thinking about the kind of content that actually keeps people engaged on social media. Do you prefer funny, relatable memes? Thought-provoking discussions? Aesthetic visuals? Or do you enjoy more poetic and artistic content like short poems, deep quotes, or creative writing?

I feel like social media is flooded with fast, snappy content, but do people still take the time to appreciate poetic posts? If you come across a well-written short poem or something introspective, do you stop and engage, or just scroll past?

Would love to hear your thoughts! What kind of posts make you hit that like button or leave a comment?

"
GreenBasi,What 🙀,0,6,0.8,0,1740743692.0,False,t5_3ftqw,"Kon hai gargi aur rla ka linkedin login , bhai ye konsi nyi shikha de rhe hai bhai 🤣😭💀"
Ok-Illustrator8914,HELP! Am I Eligible for DU's B.Com (Programme) without Math or Commerce in 12th?,0,1,1.0,0,1740755585.0,False,t5_3ftqw,"
Hi everyone,

I’m a prospective student planning to apply for a B.Com at Delhi University. I didn’t take Math or Commerce in my Class 12, and from what I understand, the regular B.Com (Programme) might not require these subjects—unlike the B.Com (Honours) course.

Can anyone confirm if I’m eligible to apply for the B.Com (Programme) under these conditions? Also, I’d really appreciate it if you could share your experiences or suggest some of the top DU colleges that are known to accept students from non-Maths/Commerce streams.

Thanks a lot for your help

"
Calm_Tailor6958,Last date of examination form?,0,1,0.67,0,1740754714.0,False,t5_3ftqw,Kb hai
elysian_nn,Shivaji fest,0,2,1.0,0,1740740712.0,False,t5_3ftqw,Entry milti hai shivaji meh abhi? 28th show ke liy 
data_hoarder29,How to get DU transcript emailed for PhD application?,0,4,0.83,0,1740723999.0,False,t5_3ftqw,Hi! I am applying for PhDs and the university requires my DU Bachelor's Degree and Certificate to be sent to them via Email by the University. Does anyone have any idea how to navigate this?
legend_sp7,For SRCC GBO aspirants,0,1,0.66,0,1740748903.0,False,t5_3ftqw,"Hello everyone, 

I am a final year student at SRCC GBO. Me along with few of my batchmates are going to conduct free GDPI classes. We did conduct the same last year and 10+ people got selected and few others got selected in IIM's, JBIMS and many others. If you guys are interested then you can Dm or comment interested. I will send you the link to join the group.

This group is for serious aspirants only"
Techiesurdy,Paid Internships/Part Time roles,0,6,0.8,0,1740711115.0,False,t5_3ftqw,"Hi Everyone, 

I am building a D2C brand and looking to hire interns and freshers for the following roles 

1. Hype Squad - we do a lot of pop-ups at sporting events, cricket academies, climbing gyms etc for which we need people to manage the stall end to end. These pop-ups happen on weekends so perfect for people who want extra cash as they will be paid hourly + Incentives on achieving sales

We need people who are into fitness/sports and are comfortable in talking to athletes. 

2. Influencer Outreach - Managing the influencer marketing for our brand. Researching and reaching out to fitness/sports influencers, athletes etc, positioning our brand and getting the deliverables (Video/post) from them. 

3. Graphic Designers - To create social media posts on Canva 

4. video Content Creators - Strategize and create video content for Instagram and Youtube. 

All these opportunities will be paid. Except the Hype Squad, all other roles are remote. 

DM if interested. "
DazzlingCity513,Best DU Colleges for B.Com (Hons) + Private Alternatives?,0,1,0.6,0,1740742776.0,False,t5_3ftqw,"



Hey everyone,

I’ve been thinking about colleges for months now, and I’ve finally decided that Delhi University is my ultimate goal. I really want to pursue B.Com (Hons) from DU, but I need some help figuring out which colleges are the best based on factors like:

Exposure & networking opportunities

Education quality & faculty

Libraries & resources

Student crowd & campus life

Safety (especially for women)

Placements & career opportunities


I know no single college will be perfect in all these aspects, but if possible, can you rank DU colleges based on these factors?

Also, in case I don’t get into DU, what are some good private colleges I should consider that offer a similar balance of education, placements, and campus life? Any information on scholarships would be super helpful too!

Thanks in advance! "
oldskoolnormie69,"Padhne walo, kya motivation hai tumhari ?",0,34,0.92,0,1740669341.0,False,t5_3ftqw,"Bhai na padhai ho rahi, na social life hai, competitive exams ki preparation nahi ho rahi, na hi resume build ho rha hai, college academics ke Lage pade hai, na hi gf wagera bna paya. Ego to mar hi gya hai. Aur koi tumse kuch expect bhi nahi karta to you feel okay. Bus kabhi kabhi khayal aajata hai ki nahi padhunga to life chud jayegi. 12 th ke baad se life ka downfall aa gya hai aur improve karne ka motivation nahi aa rha. Mediocrity accept kar li hai mere mind ne ab to. 😭😭 Am I the only one ? "
RevolutionaryWin2663,Choosing Regular college was the worst mistake of my life 😭,0,128,0.98,0,1740637151.0,False,t5_3ftqw,"So I have aspergers (high functioning autism) and I am not able to connect with other students easily and make friends easily. And my  classmates think I am wierd but I try my best to connect with them . 
And although most of my classmates are kind and supportive some of them are toxic af and bordernline Psycho they make jokes which are very insensitive and get upset when I don't like them .  These 2.5 years have been absolutely hell for me and the group projects have made my life even worse !! 

So  in the recent group project no one choose me as their group member . I asked the person sitting beside me and he said STRAIGHT NO to my face for no reason even though I was on good terms with him  I asked him 3  times and he said that he does want to take me in his group . So now I have to do the project SOLO 😭 
And although I have some so called friends I have to always make the effort to talk to them . 
"
throwawaylaunda001,Now i understand why fests are famous,0,0,0.45,0,1740749155.0,False,t5_3ftqw,"Got all the students HEELING up

Until next time.

Edit - for those who don't get it, everyone's with heels in the fest. Even half of the guys lol. 

Heeling up - healing up. "
lokisbabygirl12,the du film circuit has gone to shit,0,19,0.88,0,1740661137.0,False,t5_3ftqw,"no recognition for actual skill and talent, unorganised competitions, and chutiya judges 
the du film circuit has genuinely gone to a shit and become an echo chamber where only mediocrity is appreciated 
"
PsychologicalPark540,Make the comment section look like search history of a DU student,0,31,0.88,0,1740646721.0,False,t5_3ftqw,"Let's go folks, do the honours "
GreenBasi,Help this bratha out,0,12,0.88,0,1740665326.0,False,t5_3ftqw,Help kardo aspirant hai
no_more_normie,Urgent need of à flatmate,0,6,0.88,0,1740657428.0,False,t5_3ftqw,"🚨Moving Announcement & Roommate Search!

Hey everyone! My flatmate is relocating and I need someone to take over her spot in our *2bhk flat with 1 room vacant in a fully furnished apartment. It's got everything: *a kitchen, living room, and a bathroom shared between the rooms.*

Total rent of *₹27,000 bringing the cost down to ₹13,500 per person.* It's a great deal given the space and amenities!

Mentioned below are few amenities which are already available in the flat and will be shared between the roommates-
- Washing machine
- ⁠Walk-in closet
- ⁠Balcony 
- ⁠2 ACs in each room
- ⁠Free water supply with electricity at govt price
- ⁠Premium flat in a gated colony
- ⁠Closest metro- kailash colony & Nehru place
- ⁠Wifi facilities available
- ⁠female flatmate

If you or someone you know is looking for a place, please let me know! 📩

*Location- East of Kailash*


Thanks a lot! "
RITESH59,Ask,0,6,0.72,0,1740654856.0,False,t5_3ftqw,Venky ke Day3 mai kaun se artist aa rhe h? Any leak?
itachiiiiiy,Finance v/s Management related UG after 12th⁉️ HELPP,0,3,1.0,0,1740666526.0,False,t5_3ftqw,"Myquals: 12th (pcm), Decided to do Commerce related UG and not Btech ( have 0 intrust in physics/chemistry). 
My question is should I opt for management/marketing related UG or Finance related one...?
I mean which field is more versatile, stable, and has better scope? 
I can do maths, so that's not an issue.
( I'm asking this because, I heard my cousin regretting doing BBA in marketing....)"
94-neednobrakes,MA eco from Delhi School of Economics !,0,2,1.0,0,1740672530.0,False,t5_3ftqw,"I am preparing for my entrance and looking forward to pursue ma eco. I have been an average student throughout and a lot of people say tumse na ho payega. I have already done ba eco from du. Thoda mushkil to tha but with a little bit of efforts ho hi gaya. 
 
But its not same for ma, they say. And its really tough or is it ? "
,Shivaji fest,0,3,0.8,0,1740661779.0,False,t5_3ftqw,Kya outsiders entry band ho gayi??? Kal 28th 
Greedy_Bet_6475,Malnourished due to hostel/pg food,0,1,1.0,0,1740673204.0,False,t5_3ftqw,How are you guys managing your nutrition in hostel/pg and give some tips !!
trashnotinthebin04,NEP 2020,0,0,0.5,0,1740673045.0,False,t5_3ftqw,Can somebody please explain me the details like can we still get an honors degree by doing 3 year course or do we have to do the 4 year course? And what are the other cons and pros of this policy.
Inevitable_Sky8272,Hindi or Sanskrit for aec,0,1,1.0,0,1740671988.0,False,t5_3ftqw,"So I literally can’t speak either of these two languages but I have no choice so which one should I settle on…helpppp
Also I’ve heard somewhere that u can answer Sanskrit papers in English or something apparently..?
Help guys, show me the way.🤧🤧🤧"
Emotional_Carpet_86,Am I missing out?,0,7,0.82,0,1740630325.0,False,t5_3ftqw,"I’m so done comparing myself to students in different societies, especially performing societies. I’m in the fine arts society but it’s not very active, and it frustrates me for not being more outspoken and expressive. I’ve always been sort of an introvert and I strayed away from anything that had to do with performance, and though I would like to be part of such societies a part of me thinks I won’t be able to manage it along my studies. My priorities are supposed to be my studies rn but I get so distracted and disappointed in myself by all the things my friends are doing. Do college societies even matter in the long run? "
percyps2401,Duration of a medical leave. PLS HELP.,0,2,1.0,0,1740656816.0,False,t5_3ftqw,Can we give a medical for more than a month in DU?
I_-AM-ARNAV,What are the books prescribed by SRCC in bcom hons sem 2?,0,1,1.0,0,1740666549.0,False,t5_3ftqw,"for HRM, corporate laws, company' accounts, principles of macro economics ge?
Don't wanna mess up this semester exams."
East-Hunter9999,Father is Dying! Help needed!,0,52,0.93,0,1740588119.0,False,t5_3ftqw,"Her Father Is Dying—She’s Desperate for Help—severe heart blockage, kidney failure—and she is out of money to keep him alive. Even a small donation or a share could save his life.



[https://www.ketto.org/fundraiser/i-need-your-urgent-support-for-my-complete-heart-block-treatment-988850?utm\_medium=nativeShare&utm\_content=8436925&shby=1&utm\_term=&utm\_source=external\_Ketto&utm\_campaign=i-need-your-urgent-support-for-my-complete-heart-block-treatment-988850](https://www.ketto.org/fundraiser/i-need-your-urgent-support-for-my-complete-heart-block-treatment-988850?utm_medium=nativeShare&utm_content=8436925&shby=1&utm_term=&utm_source=external_Ketto&utm_campaign=i-need-your-urgent-support-for-my-complete-heart-block-treatment-988850)"
sheishere666,I want to leave my friend,0,37,0.97,0,1740596079.0,False,t5_3ftqw,"First year in college and I met this girl that i became friends with out of desperation (cmon everyone does) and she's suffocating me. She's so egoistic and blabs a lot and is very very selfish. I'm sick of her and I want to leave her. Everytime I give her an indication that I do not enjoy her company, she starts pestering me more and doesn't leave me alone. It's not like she has no other friends, she has many, it's like she's friends with everyone but keeps me around like a pet. I hate spending time with her and everytime I sit with someone else and try to make more friends she forces the other person to leave or forces me to sit with her. I'm so exhausted. 

I don't want to completely break it off with her because deep down yeah she's been with me for so long but, i can't stand her company any longer"
elysian_nn,Knc fest,0,1,0.67,0,1740662538.0,False,t5_3ftqw,Agr kal koi girls knc fest ja rhi h to mujhe bhi sath le jana plssss.......
meow-meow-goyangi,Du Sol IV sem,0,1,1.0,0,1740659800.0,False,t5_3ftqw,"Please message me if you are from du Sol IV sem doing Ba pol sci hons . I need help .
And also please suggest some whatsapp group 🙏🏻🫂"
TemporaryAbalone1018,CAT aspirant?,0,2,1.0,0,1740639994.0,False,t5_3ftqw,Anyone who's preparing for CAT?
PowerfulPineapple647,How do I make my life interesting as someone who lives in pg?,0,59,0.94,0,1740557701.0,False,t5_3ftqw,"I'm truly fed up of my life rn. Nothing interesting, kuch karne ka mann nahi karta. Its just that loop of going to college for classes, coming back and scrolling on my phone or watching something or studying a bit, basically bedrotting. Roommate se bhi nahi banti, thodi ladai ho gyi thi and we don't talk anymore. Delhi is expensive so i can't go out to visit some place every other day. I feel quite empty. Mere college me fest szn bhi ho gya and everything is back to being normal and boring."
icantbeclosetoyou,What skills should I learn as a 2nd year student pursuing economics honours in order to get a good placement,0,18,0.96,0,1740579027.0,False,t5_3ftqw,"I am in some societies but they are not adding any value also the culture in the societies is very weird, there are some people who just stick to the union and they are the only ones technically getting benefitted from the societies 
I wanted to purchase some skill development courses but don't know which ones to go for "
GreenBasi,Kya bus pass bnane ke lie college ke pas wale depot me hi Jana padega ya kisi aur depot me bann sakta hai?,0,5,0.86,0,1740597012.0,False,t5_3ftqw,"Help kardo bhai😭😭

Student discount wala"
,Please fill this form (case comp ke liye hai 😭),0,16,0.84,0,1740558590.0,False,t5_3ftqw,"[https://docs.google.com/forms](https://docs.google.com/forms/d/e/1FAIpQLSfVciEvRyFWKcyHEgmedWi23bbZYhkK1YeUYCbtPXjelskrJg/viewform?usp=header)

I'm participating in a case comp and would like your help by filling out this form. This will be used for **primary research**.

**Note:** It's completely **anonymous**, and no personal information will be collected. 😎🫂

(EDIT : Survey fill karne wale ke sarey dukh khatam ho jaye, aur na bharne wale ki back aa jaye core subjects mein 😌😏)"
MurrkyWorldliness,What to do after bcom?,0,6,1.0,0,1740578069.0,False,t5_3ftqw,"Hi I'm currently pursuing bcom hons from DU and I'm thinking of giving CAT exam in my 3rd year. just wanna know what you guys are thinking after graduation. Papa ka business sambhalne walo please this post is not for u. And MBA walo suggestions and advices dedo.
Thanks!"
-NotNice,CASE COMP DESIGN HELP,0,4,0.75,0,1740555890.0,False,t5_3ftqw,"bhai how tf do I design decks, aaj tak I've just picked up slides from some winning decks and joined them together, khud se kaise design karu a decent looking deck? where tf do I get that creativity from"
besharam_user,neep help w a case comp,0,4,0.7,0,1740551865.0,False,t5_3ftqw,"i participated in a case comp for the first time, i’ve no idea what to do! my team qualified the first round and received a case problem. 

can sm1 pls guide me through it? like what all we are supposed to do/consider while making a ppt? we’re a team of rookies pls help 🧍‍♀️"
Secret_Box_8146,YE SOCIETIES *******,0,33,1.0,0,1740497994.0,False,t5_3ftqw,"Bhai suno 2 societies me hoon main , ab 2 societies me kaam krna matlab chaar dept. , 2 each society, dono ke ek ek me active hoon. Pareshan kar dia bhai inlogo ne inko koi serious leta bhi hai. Aur oopar se ye inke chamche bkl ese chipke rahenge inse . AREY KR TO RAHE HAIN KAAM AB KYA YE HII REH GYA HAI HAMAARE PAAS OR KUCH NAA KARU ME. IS SAAL TO HU AGLE SAAL NAHI RUKNA ISME 1 ME REHNA HAI BAS. Had ho gayi , also dono business se related society hn. PLEASE BTA DO YE SOCIETIES KA ESA KYA FAAYDA HAI JEEVAN ME. 
kuch dhang ka seekhate nahi , CALL KARO SPONSOR LAO AREEEEEE YE KYA AJEEB SA KAAM HAI OR ME KYON KARU DIN KE DHAISAU PHONE , aati hai muje call karna baat bhi karna karne me bhi koi issue nahi h, pr itna active kese hoga ab insaan , acads bhi hn, apna personal skills bhi seekhne hn usme fir YE SOCIETIES HADDDDDD HAIIIII."
Advanced_Television2,Bcom(hons) 2nd year,0,7,1.0,0,1740513830.0,False,t5_3ftqw,"I was just thinking about applying for some internships and stuff and realised that i have achieved nothing much of significance to build a good cv/linkedin profile. I’m pursuing my degree from a mid college, preparing for cfa level 1 and havent really done anything else, any other courses or stuff. So i was just wondering if like these finance and case study etc based competitions organised by different clgs in du and other universities as well, are these like linkedin profile or potentially cv worthy(given that i do well in the competition to win or at least reach the finals) or should i instead like complete different small courses from coursera etc and apply for an internship based on those? Any help/advice would be appreciated:)"
Longjumping_Peak_840,WTF is wrong with du staff,0,37,0.88,0,1740475664.0,False,t5_3ftqw,"During our free time ,we were playing cards in an empty classroom then suddenly one ground staff came and saw us and  angrily said "" idhar jua khelne ate ho "" acted that he is calling someone on phone we flew very fast. Please tell me safe place to play these things without any disturbance."
TemporaryAbalone1018,Any CAT/OMET aspirant?,0,1,1.0,0,1740542479.0,False,t5_3ftqw,"Plss hit me up , if there's any serious CAT aspirant. "
Nitrobright,How can I maximise my chances of getting in?,0,3,0.67,0,1740503856.0,False,t5_3ftqw,I'm about to start 12th grade. Any advice/tips for me to work on while I still have time?
Deadpanacea,"A teammate required for a DHH based quiz in Venky, South Campus.",0,7,0.82,0,1740490265.0,False,t5_3ftqw,"Note: My bad, It ain't a hip hop quiz. Y'all can skip the post. 

On March 4, from 1:00 PM onwards, there will be a quiz at Venky titled *'Kaun Talha?'* If any hip hop head is present here in this sub, kindly stay in touch. Moreover, the event is part of their cultural fest, *Nexus*."
zaurash108,Your mental health matters. Help us understand (survey inside),0,5,0.78,0,1740482915.0,False,t5_3ftqw,"Hey everyone! 
We’re students from Shyam Lal College Delhi University, researching Employee Mental Well-being with our faculty.

1.  Anonymous 
2. Open to all working professionals

https://docs.google.com/forms/d/e/1FAIpQLSfibJjXVw03hM7Qm4xkJsBP_fTl7qCWGoVTJG9X34EBb4sv9g/viewform?usp=header

Thanks for your time "
Anishriiv,anyone pursuing psycology?,0,3,1.0,0,1740483301.0,False,t5_3ftqw,hey please lmk if anyone is pursuing psycology in DU. I need some help
Greedy_Bet_6475,Sports(badminton or any other ),0,2,0.75,0,1740488614.0,False,t5_3ftqw,Arre there ways to connect and play sports in North campus or off campus or how to register for sports events like badminton or any other because it feels pathetic being a liner here 
Average__Enjoyer4,Am I cooked?,0,7,0.82,0,1740452837.0,False,t5_3ftqw,
besharam_user,any 1st years that are yet to receive their IDs?,0,0,0.5,0,1740487954.0,False,t5_3ftqw,"if yes, what college are u from? 

apni non du dost ko college fest m entry dilwaani hai, zara madad kro🫶"
hueehuehuee,Highest Placement in Delhi University,0,91,0.98,0,1740397664.0,False,t5_3ftqw,"We have all heard about the 49.9 LPA (CTC) package secured by a student from LSR, which is the highest on-campus placement. However, I personally know a few individuals who have managed to earn over 60 LPA (base salary) within just six months of graduation. They pursued off-campus opportunities, and all of them are working in tech. It makes me wonder how many young professionals are earning such significant amounts at this early stage in their careers, especially considering they spent less than 80,000 to complete their graduation. It's truly astounding."
Long_Improvement5458,Results,0,0,0.31,0,1740509986.0,False,t5_3ftqw,1st sem ke results aane waale kya? 😥😥😥😥
realassx,Classmates never give any credit for fest work 😞😕,0,12,0.84,0,1740420978.0,False,t5_3ftqw,"So I from a few years I have been constantly helping my classmates/college team members in fest work.   
Constantly I do whatever is needed, always present there and trying to put in whichever way I can.

However with utmost disappointment, I have never received any acknowledgement for any thing let alone any credit. They are with this attitude that ""Even if weren't there, things would've been done"" (never said this to me but their attitude towards me is like this only- unimportant). Last year I was literally running around here and there, staying late till night even doing more than those ""CORE"" people.

This year it has been a complete audacity where in they are asking me to get sponsorships and other management done. The audacity is that they have a website where they have listed team members and in that they not even mentioned my name! and have mentioned of their friends who have done nothing. 

I have now no interest of working with them, I just wanted to do it for the college.

If you have any suggestion on how I should proceed to this please let me know."
Latter_Afternoon_925,Bcom hons sem 2,0,9,1.0,0,1740414389.0,False,t5_3ftqw,"How are you all studying corporate accounting this semester 😭,  I don't understand anything in class and can't even understand from the book illustrations. There's not much good content on YouTube either. "
SubjectBoat847,Looking for a teammate to participate in a quiz competition,0,2,1.0,0,1740406387.0,False,t5_3ftqw,Im not a pro at quizzes or general knowledge but know decent abt the surroundings hence im not expecting you to know encyclopedia.
elysian_nn,Kamla nehru clg,0,0,0.38,0,1740449623.0,False,t5_3ftqw,Agr koi bhi Kamla Nehru ki gorl ho mujhe pls dm Krna. I registered myself in comp n idk knc ka rasta 🥲😭.
pilot_from_911,Roommate required,0,3,1.0,0,1740396036.0,False,t5_3ftqw,"Male Roommate required.
2 RK (1 separate room available). 
Unfurnished. 5 min walking distance to PGDAV College, Vinobapuri.
Rent: Total 11K rent + 11K security.
That means 5.5K per person and 5.5K security for the first month. ₹300 for water (₹150 per head).
Electricity: Government meter (200 units free)

In total: ₹11,150 for the first month. Then ₹5650 for following months.
"
itachiiiiiy,P.E or Physics? (UG)⁉️,0,2,1.0,0,1740414916.0,False,t5_3ftqw,"Can I give P.E insted of Physics and still be eligible for BMS/BBA/Bcom from DU and other colleges?
And if yes. Whats the difficulty level?
And From where should I study? "
Past_Bell144,Bhai kisiko anugoonj mai entry mili or kaisa li entry,0,1,0.67,0,1740414671.0,False,t5_3ftqw,Bhai kisiko anugoonj mai entry mili or kaisa li entry
equivocationalnymph,Can I take mini fridge to pg,0,1,0.57,0,1740398018.0,False,t5_3ftqw,can I take mini fridge to my pg?
naismjhaata,ACADEMIC FESTZ,0,4,0.83,0,1740388703.0,False,t5_3ftqw,"Any remaining academic fests in DU to be held?jismei registration open hai 
If anyyy PlsSS batado "
Calm_Tailor6958,My sleep schedule is fucked🥲,0,29,0.91,0,1740339845.0,False,t5_3ftqw,Bhai subah ke 5 bje neend aati hai.....classes generally late rhti like 10.30 to kaise bhi 9.30 10 bje jagke aadhi mari halat me clg jati. Kaise sudharu sleep schedule 3-4 bjje se pehle kabhi neend nhi aati. Kl mereko neend nhi aari thi to i decided to walk a bit. Pg ke corridor me mst adha ghnta walk kiya gana sunte hue and today people were talking ki raat me kisi ke chlne ki aawaz aati h bahar😭 and they were genuinely scared. And for some reason  ~I was enjoying their reaction~ didn't want to be called a weirdo who walks adhi raat me in corridor do i didn't clarify.
GreenBasi,"Suggest some good yt channels for solid state physics, bsc",0,5,1.0,0,1740371831.0,False,t5_3ftqw,Batado😭
Frosty_Past4990,Funny incident at DU litfest (north campus built different😭🛐),0,135,0.98,0,1740302786.0,False,t5_3ftqw,"When I was going to the metro station, do rickshaw wale lad rhe the. Mereko bhi metro station jana tha so I sat in one of those rickshaw aage waali seat me😭☠, their argument went like- ""sir aap iske saath mat jaao, ye fuk ke baeth ta hai"" then mere rickshaw wala kehta ""sir iski baato me mat aao rickshaw palta deta hai, aur corona hai saale ko"" 
There was another girl, sitting peeche she with her accent be like- ""gross kyu krre ho 'yaawr""'. And me being the dumbass I'm I laughed so hard, I tried to control, prr I just kept on laughing. Fir I realized THE AWKWARD SILENCE DAMNN😭, luckily tab tak metro station aagya tha, I handed over the money and just RAN- so yeah, it sure was something😭"
Heaven_Supremelord,Looking for Case Comp teammates.,0,1,0.67,0,1740381756.0,False,t5_3ftqw,Looking for case competition teammates ready to put in time ideating together rather than straight up AI. Don't need to be very experienced but decent at research and ppt. I have done like 4 case competitions and won 1(though not a major one). HMU if u are up for it.
patanjalicondom,Need to make a friend,0,0,0.31,0,1740405366.0,False,t5_3ftqw,"I need to make a friend from svc.No specific reason but they should only be from svc.If you are from 'SVC' ,kindly message.

edit-nvm guys pass mil gaya"
Lower-Cucumber-8426,"Odyssey passes out fill fast🎶 Odyssey’25 Day 2 – Amit Trivedi LIVE! 🎶 Get ready for a magical night as Amit Trivedi takes the stage! 🌟🎤 🎟 Day 2 Passes drop *TODAY*, 23rd Feb at 4 PM! Limited slots—grab yours before they’re gone! 🚀 https://forms.gle/hY9fhofp8j4NyqU86",0,4,1.0,0,1740344222.0,False,t5_3ftqw,
himmatputra,History of Kamla Nagar (North Campus),0,66,0.96,0,1740288782.0,False,t5_3ftqw,
Master-Young6708,Anyone From Deshbandu College,0,3,1.0,0,1740333073.0,False,t5_3ftqw,Anybody from deshbandu college who is part of air ncc please dm me.I want to ask something
Cool-Huckleberry-86,: I’m So Bored… Anyone Up to Share Their Deeds?,0,9,0.84,0,1740308060.0,False,t5_3ftqw,"Alright, I’ve hit peak boredom. Scrolled through everything, stared at the ceiling, and even considered reading the terms and conditions for fun.

So, what’s everyone up to? Any wild, weird, or ridiculously mundane deeds to share? Did you accidentally text your faculty instead of your crush? Try cooking and end up setting off the fire alarm? Or just binge-watch a show you swore you’d ""take slow""?"
mirclescanhappen,Looking for a study partner (Bcom hons 2nd SEM),0,5,0.86,0,1740319165.0,False,t5_3ftqw,"Y'all I’m super lazy and a bit of motivation would be absolutely necessary to keep me on track. If you’re also looking for someone to study with and we can push each other to actually get things done, please let me know! 

Would love to team up and make studying a little less painful."
AppropriatePumpkin49,MCA addmission ?,0,1,0.67,0,1740343764.0,False,t5_3ftqw,So i am looking to take addmission for MCA in DU is it worth it and which college would anyone recommend ?
Consistent-Jacket712,need some guidance,0,1,0.67,0,1740343118.0,False,t5_3ftqw,"so i finished my 12th last year and wanted to sit for the undergrad entrance exam last year itself but couldn't cause of some document errors and i looked for other colleges in my city but the quality of education is really bad (especially applicable for journalism since thats what im aiming for) and even tho i was selected i didnt get admitted and hence wasted a year. 


so my plan was to sit for du entrance this year but unfortunately my uncle passed away few days ago so considering the situation at home, i might not be able to move to delhi for college even tho thats what i always wanted. my query is regarding DU SOL, when should i be applying what are the main criteria and if im eligible or not and mostly if its worth it or not.

since i dont have much time left, can someone help me out but giving me some clarity, i did my part of researching but would appreciate some help from you guys."
ApprehensiveBuy3443,Sponsorship,0,3,1.0,0,1740319302.0,False,t5_3ftqw,Agar kisi ne aaj tak clg/society fest ke liye sponsorship laai hai to please bata do kaise?? Mujhse nhi ho raha 
SaiAbitatha,S. Jaishankar enters DU SRCC,0,164,0.87,0,1740236909.0,False,t5_3ftqw,Subrahmanyam Jaishankar at DU Literature Fest at SRCC.
Alternative_Set_1711,Anyone from IPCW?,0,1,0.67,0,1740334219.0,False,t5_3ftqw,"Please clarify my doubts pretty pretty seniors-

Regarding the Bmmmc course,  
How is the course and the college?  
Placement if any, then what is the average/median?  
I know the fees is quite hefty I dont mind it but only if its worth it and the ROI justifies the fees.  
How is the college/ campus life?  
What is the scene with socs of ipcw?"
mayannnkk,Kya DU se bsc krne ka koi fayda h?,0,5,0.65,0,1740298907.0,False,t5_3ftqw,"To be specific Science courses of bsc??
Is it worth it? Koi value h?"
Failure_20,How to apply for migration from regular to Sol?,0,3,0.8,0,1740327610.0,False,t5_3ftqw,Same as title...
Available_Jello5294,Does DU have better merit in foreign universities ? For masters applications.,0,3,0.72,0,1740293574.0,False,t5_3ftqw,"i was planning to go back to my hometown college (symbiosis pune) but heard that delhi university is much preferred by foreign universities, and sometime back even saw some guy telling someone that his brother got sellected into lse or lbs even though being from a low tier du college just because he had a du degree (bachelors went for masters abroad). can someone guide me for the same of how this works out?"
Striking_Desk_5841,what to do agar college me jaato se lafda ho jaye,0,69,0.93,0,1740237945.0,False,t5_3ftqw,"basic se college me hu, ek baar kuch jaat bando (3rd ya 4th year, aryan maan ke relatives, aur mai 1st year) ne gher liya aur dhamkhane lag gaye ki bahar mil, vo toh mam ne bacha liya uss din. unn bando ki political background strong hai aur easily koot denge kisi ko bhi, aur inse agar ladai karli aur jeet bhi gaya toh ye kisi dinn ghar jaate time gang up karlenge, aisi situation me fasa toh kya karna chahiye? please help, ek ladki bhi ghar jaati hai mere sath usko risk me nahi daalna chahta. Any genuine advice will be much appreciated 🙏"
winter_OwO,"Participants for a Research Study on Double Discrimination Faced by Dalit Women Students in UG Programmes (Indian, Female belonging to Dalit Community)",0,0,0.5,0,1740318403.0,False,t5_3ftqw,"**TL;DR:** We’re conducting a research study on the double discrimination faced by Dalit (SC/ST/OBC-Christian and Muslim Dalit) women in UG programmes across India. If you’re a female undergraduate student from these communities, please fill out this form: [https://forms.gle/JNfEjgTDFSwXYuYs5](https://forms.gle/JNfEjgTDFSwXYuYs5). **All responses are confidential.**

Hello everyone, I am a second year **psychology student at University of Delhi** conducting a research study titled **""Double Discrimination Faced by Dalit (SC/ST/OBC-Christian and Muslim Dalit) Women Students Enrolled in Under-Graduate (UG) Programmes Across India.""**

We are currently in the preliminary stage of data collection to understand the ground reality and identify potential participants for our study. Your support in circulating this message informally would be invaluable!

You are encouraged to fill out the form if you:

1. Belong to **SC, ST, OBC-Muslim, or Christian Dalit communities,** and
2. Are a **female** currently **pursuing undergraduate studies.**

🔗 **For**m Link: [https://forms.gle/JNfEjgTDFSwXYuYs5\](https://forms.gle/JNfEjgTDFSwXYuYs5](https://forms.gle/JNfEjgTDFSwXYuYs5)

**About the Study:** This research aims to explore the caste- and gender-based discrimination experienced by Dalit women students in undergraduate programmes across India. We understand the sensitivity of this topic and assure you that all information provided will be kept strictly confidential.

**Note:** This preliminary data collection is informal. Further stages of the study will be conducted under the guidance of our supervisors and through ethical and authorized channels.

Feel free to reach out if you have any questions or concerns. Thank you so much!"
orange-hair,Improvement exam june 2025,0,1,0.6,0,1740303199.0,False,t5_3ftqw,How do I apply for improvement exams for 2nd sem? I am in 4th sem.
futureventurecapital,Don't make it your personality plz!!!!,0,31,0.88,0,1740235736.0,False,t5_3ftqw,"Du ke log bhai....
 
everyone has read the same film, books, same essays, same blogs

sure these are good reads — but there’s NO need to build your personality around it lmao

also being cool enough will sell your consumer social product better than quoting PG brdr"
,Kya du se ba karne ka koi fyada h ?,0,0,0.47,0,1740300761.0,False,t5_3ftqw,What are the pros and cons of doin it specially Iin du? What are the scope after that?
Comfortable-Elk-893,is a introvert should attend college fest who does not know how to dance and not like social gatherings,0,1,1.0,0,1740293410.0,False,t5_3ftqw,same as title 
Basic_Citron_2735,Bhai ye convocation ceremony mai hme kyu nhi bulaya hai 🤡?,0,45,0.91,0,1740217568.0,False,t5_3ftqw,"3 saal Delhi m apni ghiste rahe, itni health kharab rhi, hairfall, weightloss bhi hua, aana jaana, or itni Grmio mai 3 bje beth ke paper dena. Upar se teacher ne to ghnta pdaya kuch or khud hi pda. Fir mushkil se first division bhi laaye, or future abhi bhi secure nhi h, abhi bhi anxiety h, or smj nhi aara aage kya kre. Or ab ek convocation bhi deserve nhi krte bhai Humm? Wahh. "
No_Dig_7413,Anybody going to Du lit fest today?,0,2,0.75,0,1740279245.0,False,t5_3ftqw,I am planning to visit today as well as take part in the open mic. So if anyone of you is interested in going together would love to.
divs10,Any one looking for a flat / flatmate near Gargi college,0,5,0.86,0,1740257411.0,False,t5_3ftqw,"Admin please approve this post as I don’t know where to turn now.

F here - I have been looking for a decent room -> flat in budget near Gargi collage ? Any one can tell me where should I look for ? NoBroker and other apps are no help at all. Please DM if  you have any leads "
,I don't know what to feel about this incident,0,40,0.84,0,1740208751.0,False,t5_3ftqw,"I mean I do get that he had the the transaction limit on his upi, but heyy it was still weird, why this discrimination just because she's a girl. Not a very big deal tho but still I don't know how to feel about this"
clueless_kid111,DU had it's convocation today??? Wtf,0,27,0.94,0,1740211972.0,False,t5_3ftqw,"I just got to know that DU organized it's convocation today for the batch of 2024 and they're livestreaming it on YouTube and it's in proper setup with the VC handing over the degrees and pictures getting clicked. Why don't they inform it over mail. Like I have not received any info about this from DU nor from my college. the people who are attending it, inko kaise pta chla? If anyone knows?"
SaiAbitatha,Techfest at DU,0,2,1.0,0,1740256750.0,False,t5_3ftqw,"Currently, am aware of two techfests.  
• Convoke by CIC   
• Sankalan by DUCS    

Are you aware of anything else?"
snayle7,My friend is unable to download their digital degree due to this error popping up. any solutions as to how to fix it?,0,7,0.89,0,1740221516.0,False,t5_3ftqw,Same as heading
charvaka24,Degree for 2024 Batch,0,8,0.84,0,1740211167.0,False,t5_3ftqw,Are we going to get only the online degree this time? I have downloaded it by paying 750 rupees.
DisastrousMix285,Haven’t attended a single sec class this semester? Can I get in trouble?,0,8,0.75,0,1740210725.0,False,t5_3ftqw,There have been three sec classes as of now and I haven’t gone to a single one. Now I’m low key scared cause my college is super strict with attendance. HELP
naismjhaata,DU LIT FEST quick question for one of the sessions,0,1,0.67,0,1740243346.0,False,t5_3ftqw,"Did anyone attend the european union session held today(22.02) at DU LITFEST?
if yes I’d love to know your views around what was discussed 
Also if anyone attended the jaishankar one plss let me know what all was discussed and your personal views as well!They didn’t let us in even though our bags were inside😭 but nvm"
SnowSpring7,Is it true about Du lit fest? No entry to Audi after 10?,0,0,0.5,0,1740235857.0,False,t5_3ftqw,"I heard some people today saying that they've been scammed kinda at srcc du lit fest.
That they weren't allowed to enter the audi after 10am and the ones inside were not allowed to exit till the event ends?

Is it actually true? Anyone experienced that today? Please do share any info."
Legitimate_Nail9310,PHD under the Supervision of Maternal Uncle,0,9,0.91,0,1740194841.0,False,t5_3ftqw,"There is a research scholar, she is doing PhD under the supervision of her maternal uncle (Mama ji). Is this anyway legal?.

Need some of the views"
Cold_Season8660,Is it okay to not attend any fest?,0,36,0.91,0,1740155526.0,False,t5_3ftqw,"I have always hated large gatherings with music being blasted everywhere and even after coming to DU , I tried attending fresher's party and other soc fests but I hated every single of them. I just don't find the vibe with it."
tutya_th,Why would anyone think it's a good idea to invite a terrorist group's spokesperson to speak at a literature festival,0,25,0.86,0,1740162523.0,False,t5_3ftqw,The post has been deleted after an uproar.
Proper-Ferret-2269,Best College for Bsc (H) Zoology,0,2,0.75,0,1740225128.0,False,t5_3ftqw,"Me (18,M) currently in off campus college and want to migrate to a better college which has more scope for Zoology(hons.) 
Can anyone tell me which college woulb be the best and if someone has everdone college migration in DU , can you please tell the process and your experience of how to do it ."
No-Wrongdoer9348,Went to the DuLitFest and...,0,21,0.89,0,1740163279.0,False,t5_3ftqw,"It was organised at SRCC and after a lot of contemplation I decided to wait for a session by a speaker who arrived after 30-40 minutes (the programme was running late by an hour and otherwise the sessions were short and sweet, it was just that I had to be somewhere else so im mentioning how long I waited for). He arrived, saw the half empty Auditorium, went and sat in the front waiting for a while after which him and all those who came with him (about 4-5) people left. I was sitting on an aisle seat so while coming in he had peaked at my diary where I wrote the title of his keynote speech and his name and then while exiting I heard him say to someone with him ""ab chalkar gaadi mai baithte hai"". He left apparently. The Organising team had been trying to tell him how students were waiting for his session, had classes and were in other events will join soon. I suppose he sat in his car and then left from what I overhead. Then, I too got up and left because I was already quite late. Here, I understand both parties. Just sharing "
SubjectBoat847,"Hii, Im going to the Du LitFest today (obv with no friends), so if youre going alone too, let's meet. Better than staying alone the entire day—hmu",0,3,0.64,0,1740191118.0,False,t5_3ftqw,as the title says
Readsbooksindisguise,What is the origin of the huge eco hons coaching industry?,0,5,0.73,0,1740167180.0,False,t5_3ftqw,Never seen/heard the equivalent of this kind in any top college nor engineering institutes. 
Embarrassed-Talk-320,Colleges Are Giving Way Too Much Importance to Instagram Influencers.,0,43,0.89,0,1740127467.0,False,t5_3ftqw,"Colleges Are Giving Way Too Much Importance to Instagram Influencers

Is it just me, or are colleges starting to prioritize Instagram influencers over actual merit? I’ve been noticing that many universities are giving special treatment to students with a big social media following—whether it’s admission perks, brand deals, or being featured in marketing campaigns.

It’s wild how some students with thousands of followers get invited to exclusive events, offered collaborations with the school, or even given scholarships and perks that regular students don’t have access to. Meanwhile, students who are excelling in academics, research, or extracurriculars barely get any recognition.

I get that social media is a huge marketing tool, and colleges want to attract more applicants by showing off their ""cool"" students. But shouldn’t the focus be on education and actual achievements rather than who has the best Instagram aesthetic?

What do you guys think? Have you seen this happening at your college.
"
waste-accoun,How difficult is it to get into DU psychology?,0,1,1.0,0,1740188583.0,False,t5_3ftqw,Do I still have time to prepare? And is it worth it? 
INFINIX007,it's good option to switch SOL TO REGULAR????,0,2,0.63,0,1740134491.0,False,t5_3ftqw,"Hey everyone

Hope you all are doing well

Last year is worst for me and my family I lost my father after it I enrolled myself to DU SOL but mera dimag kharab ho chuka hai kis bhi chiz mai mann nhi or toh or ab jeene ka bhi mann nhi bas apni life kharab kr rha hu my life is just a suffering for me "
Greedy_Bet_6475,PG near Karol bagh,0,2,0.75,0,1740139463.0,False,t5_3ftqw,Can you suggest some places like for pg or flats be as karol bagh seems very chaotic as student 
Background-Demand-32,DU fest,0,9,0.85,0,1740109476.0,False,t5_3ftqw,Itnei sarei fest ho rhe h colleges mei aur mera ek mei bhi jaanei ka maan ni kr rha h🥲🥲
gotnoalt,Case comp partner,0,2,0.75,0,1740150318.0,False,t5_3ftqw,"Any1 up for doing some case comps, hmu in dms?"
integrationsucksass,Question for fellow girlies,0,4,0.67,0,1740116303.0,False,t5_3ftqw,"

I'm totally clueless 😭
what's the dress code for fests? Should I go ethnic, Western, or keep it casual? 
 I'm so confused atp💀💀"
Additional_Habit_116,Exam form submission after ufm,0,2,1.0,0,1740121136.0,False,t5_3ftqw,I got ufm in 6th semester last year in one subject...this year while submitting the exam form all subject are showing regular/appearing...should I fill only the subject I ufm in or I will have to select all the other subjects too 
Latter_Afternoon_925,Does anyone has principles of macroeconomics 1 gec shivdas pdf?,0,2,0.75,0,1740117439.0,False,t5_3ftqw,Pls share if you have 
PoosiNegotiator,Tommorow is my department's annual fest.,0,16,1.0,0,1740074842.0,False,t5_3ftqw,"And I don't want to go kyuki I hate everything, everyone and myself "
therealworldexpose,Low attendance in Shri Aurobindo college evening,0,1,1.0,0,1740124979.0,False,t5_3ftqw,I want to know is there any problem if I do not attend college or fulfill attendance criteria. Because I want to do other things like YouTube and all so I want to get rid of this attendence issue can anyone help me with this. my college is evening 
alwaysoutlasted_,COMMERCE GUIDANCE,0,1,0.6,0,1740119598.0,False,t5_3ftqw,"Hi guys, 
We are forming a new Telegram community for providing guidance to Commerce students preparing for the Central University Entrance test - UG. 

For additional info, we are a group of students from SRCC. Two of us have appeared in the examination in 2023 and the third of us in 2024. 

For anyone who's looking to get real insights and tips for the examination, do join our community. 

https://t.me/+8XsHLOHlVPNjYTM9"
Resident_Resident154,SOL NOTES,0,2,0.75,0,1740103769.0,False,t5_3ftqw,I want sol notes of geography sem 2..if anyone have the link... please do share!!!
throwawaylaunda001,"To SOME profs and their CRs, please stop being sadists",0,73,0.96,0,1740027920.0,False,t5_3ftqw,"RANT AHEAD YOU DONT HAVE TO READ IT

I don't have anyone to talk to and I'm fucked in the head thanks to some behen ke laude

1. Don't inform about cancellation
2. Make everyone come to the class
3. Dismiss the class free
4. Take attendance in the middle of the time window
5. Mark only people who are in room and CR, not the people who are coming / 5 minutes away / came to the room before

BHAIYA THODE MADARJAAT HO KYA? "
Additional_Habit_116,Question for SEC,0,4,0.84,0,1740074131.0,False,t5_3ftqw,I took PERSONALITY DEVELOPMENT AND COMMUNICATION (PHYSICS DEPARTMENT) in 1st semester and now I am in 6th semester...I want to change my SEC now so I wanted to ask if PERSONALITY DEVELOPMENT (COMMERCE DEPARTMENT) will be considered different from PHYSICS DEPARTMENT 
Greedy_Bet_6475,Some tips to maintain diet in pG,0,7,1.0,0,1740063712.0,False,t5_3ftqw,Same as title and my pg gives below average food and no protein no healthy food and I need some genuine tips as I think I am getting frail day by day eating this shi*
Ok-Charge4662,Finally Anuv jain in delhi university,0,0,0.38,0,1740132105.0,False,t5_3ftqw,Yoo guyss finally anuv jain is coming in kamla nehru college 🥳🥳 Official announcement soon to be made🎉🎉Stay tuned
Positive-Mud-510,Kisi ke pass ye books hai kya ??? Or related to these exams,0,3,1.0,0,1740066881.0,False,t5_3ftqw,
HighwayOne3012,Looking for fest buddies,0,3,0.67,0,1740063229.0,False,t5_3ftqw,"Hi! I’m looking for people to go to fests with, especially the Moksha Fest at NSUT. I know it hasn’t been announced yet, but whenever it is, I really want to go and would love some company. Preferably looking for other girls to go with. If anyone’s interested, let’s connect.

"
kitretsu-0202,Need a single room/ 1bhk in North Campus,0,4,0.84,0,1740053716.0,False,t5_3ftqw,Hi I am a DU 3rd year student and I have to leave my current flat due to construction reasons so I need to shift to a new flat or any 1bhk till June before my 3rd year ends so I urgently need a place in north campus before February ends.
Positive-Mud-510,Book store in Delhi,0,1,0.67,0,1740076133.0,False,t5_3ftqw,"Guys, does anyone know a good bookstore in Delhi where I can find all competitive exam books?

(Bw i am in new to Delhi don’t have much idea)"
ivysevil,LSR SENIORS PLEASE HELPP,0,6,0.88,0,1740038995.0,False,t5_3ftqw,"Guys I'm in NSS and I'm really worried about my hours, is it actually possible that my hours won't be completed if so, then what ? Please help me out please "
naismjhaata,ANYONE PLEASE UPLOAD DU LITFEST SCHEDULE,0,10,0.86,0,1740030439.0,False,t5_3ftqw,"THE MAIN PAGE POSTED IT ON THEIR STORY AND MY DUMBASS DIDNT THINK TO SS IT NOW IM CONFUSED WHICH DAYS TO GO ON 
KISI PE SCHEDULE HAI 3EENO DINN KA TOH POST KRDO PLEASE"
9ormie,Finding people to attend fest with in shivaji college DU,0,1,1.0,0,1740072538.0,False,t5_3ftqw,"As an introvert it is tough to make friends and now it's fest season so I'm up for someone to catch up with for fest on 27, 28 feb 

Hope I can find someone 🦸🏾"
Artistic-State7,People doing research,0,4,0.75,0,1740041307.0,False,t5_3ftqw,"What are you researching? What's your major and year? Do you have a mentor/ are you working under a prof (if yes, how'd you get the role)? Do you have past published works?

Feel free to drop your Google scholar too if you'd like!"
Intelligent_File8271,Looking for a Graphic Designer,0,1,0.67,0,1740058199.0,False,t5_3ftqw,"Hey everyone,

I’m looking for a graphic designer with solid design skills and experience in video editing. The ideal candidate should be comfortable using tools like Canva, Adobe Suite (Photoshop, Illustrator, Premiere Pro, After Effects), or any other software they prefer.

Since I’m a freelancer, this would be a per-project paid opportunity. I often need help with designs for social media, branding, marketing materials, and sometimes video editing work. If you’re creative, detail-oriented, and can deliver quality work on time, I’d love to collaborate!

Drop your portfolio or DM me with your work samples if interested."
AdPuzzled8018,Low Attendence in kmv,0,4,1.0,0,1740024564.0,False,t5_3ftqw,"So i had really low attendance in first sem (38%) and i think i will have around 55% in sem 2.
Will i get detained or get any problem for my final exams, keshav mahavidhayala college"
GreenBasi,Rekha Gupta nominated as delhi 's new CM who also served as DUSU president and General secretary,0,35,0.95,0,1739977548.0,False,t5_3ftqw,Source: https://www.hindustantimes.com/india-news/who-is-rekha-gupta-delhi-s-new-chief-minister-101739969941277.html 
Readsbooksindisguise,Is living in a flat cheaper than living in a PG?,0,16,0.9,0,1739992952.0,False,t5_3ftqw,Assuming I would have roommates and the facilities of PG where the rent ranges from 14k - 19k.
sussybakabackup,Invigilator when we're giving exams with empty stomach,0,149,0.99,0,1739947745.0,False,t5_3ftqw,
GaurangGR7,COMPANY LAW SEM 2,0,1,0.67,0,1740038167.0,False,t5_3ftqw,i waa thinking of purchasing company law batch from shiksha dham cus the book our professor has suggested is literal dog shit. is it worth purchasing?
LongjumpingRun1918,"""Step into the Spotlight at Symaroh 2025 – Register Today!""",0,1,1.0,0,1740037438.0,False,t5_3ftqw,"Hey DU folks!
Are you ready to showcase your talent at one of the largest events of the year? 🎭✨  

We are excited to invite all schools, clubs, and colleges to participate in Symaroh 2025, the annual fest at Symbiosis Centre for Management Studies, NOIDA
 
Calling all dreamers, doers, and enthusiasts — the wait is over! 🌟  
We are thrilled to announce the grand return of Symaroh, the annual fest of Symbiosis Centre for Management Studies, NOIDA. Mark your calendars for 10th-11th April 2025, as we bring to you the much-awaited extravaganza — *Symaroh 2025*. 🤩🔮
Category of events - 
- Management 📊  
- Performing Arts (Fashion, Dance, Drama, Music) 💃🏻🎭  
- Fine Arts 🎨  
- E-Sports 🎮  
- Miscellaneous Events 📖  

*Registrations are NOW OPEN!*
This is your chance to shine! Explore the link below for all details: 👇  
https://linktr.ee/symaroh2025

You’ll find:
- Event Rulebook  
- Brochure  
- Registration Link  
- Social Media Handles  

So, what are you waiting for? Step into the spotlight and create memories that last a lifetime! 💡  


Note - For events like Table Tennis, FIFA and other non-prelim events, you will need to directly pay the registration fee.

How to Participate?
For prelim-round events, simply submit a video of your performance.
 If you qualify for Round 2, you’ll need to come to our SCMS campus, Don’t worry about travel—our campus is easily accessible via metro, so commuting is a breeze! 

For non-prelim events (e.g., Table Tennis, FIFA, etc.), you’ll need to directly pay the registration fee when signing up.  

Once you’ve registered, kindly DM me your name and team size for verification. We need to cross-check your details from the Excel list, so please make sure to share this after registering!  

Want to sign up? 
Message me to get the Registration Link and all the details you need. If you need help filling out the POC section (with my name), or if you have any questions, I’m here to guide you through every step!  

Hurry up, slots are filling fast! This is your chance to shine and create memories that last a lifetime!

For any further questions or to register, drop me a message!
Let me know if you need any further tweaks!"
VCardBGone,DU organises session for more clarity on 4-yr UG prog,0,2,1.0,0,1740021393.0,False,t5_3ftqw,
TheMonarch0101,Who all going to dulit,0,10,0.86,0,1739982752.0,False,t5_3ftqw,"Guys, koi jaa raha hai kya du lit fest srcc mein jo hai 21st se 23rd tak??
Please dm koi jaa ra hai toh, maine registration toh karli but I'm alone;-;"
Solenoidics,DU students on boundaries of dark comedy,0,66,0.93,0,1739942049.0,False,t5_3ftqw,
Mental_Sherbet8768,F**k February have only 28 days!,0,12,0.83,0,1739973241.0,False,t5_3ftqw,"I have to rush things up, I was surviving in fact that month end means 30, 31, There are a lot of deadlines and a lot of things coming up and there are so less days."
PlanePuzzleheaded913,Our college made us draw animals under an art therapy session 😭,0,31,1.0,0,1739952475.0,False,t5_3ftqw,
VCardBGone,"Miranda House, DU students outrage over Ziddi Girls trailer: We are reduced to 'porn watching', ‘man-chasing’ girls",0,36,0.92,0,1739944196.0,False,t5_3ftqw,
OutsideSerious5763,Canva pro chahiye,0,4,0.83,0,1739993260.0,False,t5_3ftqw,Add the link in commernts or dm please 
Beast_3838,(RANT) HELP ME OUT 😭,0,21,0.92,0,1739950497.0,False,t5_3ftqw,"what routine do you guys follow? like time manage kese karte ho   
  
BHAI KYA HAI YAAR YE   
pura din bas college mein nikal jata hai bc 5 baje tak pehele college mein raho phir 6 tak ghar pahucho PHIR AUR KAAM KARO JO SUBMIT KARNA HAI while being so dead   
i found myself sleeping in upright sitting position only 3-4 times this week only to wake up at 9 pm realizing i will have to go through this again tomorrow 

ABEE   
HELP   
"
OutsideSerious5763,SRCC freshers,0,2,0.63,0,1739993358.0,False,t5_3ftqw,"Finally srcc mai freshers ho gya after a long long time! Happy to be part of this batch.

If there's any gc for srites please let me know"
Impossible-Mouse-647,PG course structure has been changed,0,4,0.7,0,1739973004.0,False,t5_3ftqw,"DU is implementing NEP for PG programs as well starting this year. 

See this document for details [Postgraduate Curriculum Framework (PGCF 2024)](https://www.du.ac.in/uploads/new-web/17022025-ugcf-Final_scanned_Notification_3_pgcf.pdf)"
one_n_onlyjassi,SEC- communication in professional life,0,2,1.0,0,1739984507.0,False,t5_3ftqw,Bhaiiiii kal assignment hai sec me product beechna h😭...... recommend krdo kuch 🥲
vibingsidd,Ask me out on this!,0,12,0.93,0,1739947796.0,False,t5_3ftqw,"If any college's department are helding any game based event where cross-college students can participate, for example -Treasure Hunts ,Task based games like squid game or etc , ask me out as main to vella hu I wanna participate in them with my friends."
Dull_Concert4764,A Cry for Justice: My Ordeal as a Nepali Student in India,0,4,0.83,0,1739967085.0,False,t5_3ftqw,
Leading-Inflation730,Urgent PG Admission Guidance,0,3,0.8,0,1739952691.0,False,t5_3ftqw,"Hi! I have completed my Bachelor's in Environmental Science (Non-DU) and want to pursue MSc in Environmental Science at Delhi University.

I recently read the eligibility criteria for the same and got so confused. 

It doesn't mention Environmental Science as a prerequisite subject in UG from other universities, instead it mentions 6 subjects, i.e, physics, chemistry, biology, maths, economics and geography; out of which at least 2 should be studied in UG!

So my question is - Can I still apply for MSc in Environmental Science? Can it be a typo in the eligibility criteria?

Please Respond. Thanks in advance!"
Greedy_Bet_6475,Transfer to other Indian college or intl,0,1,0.67,0,1739965367.0,False,t5_3ftqw,Is it possible to transfer to other Indian college or university or intl transfer because I have seen few peeoole who have transferred internationally like what is process and anyone who can reply back ??? 
Training_Question661,That's for you,0,5,0.86,0,1739933150.0,False,t5_3ftqw,"Hello everyone , I saw multiple posts about loneliness on this sub . You must watch this video because after this video your persctive to your loneliness is changed . The people or peer that you are surrounded with is a mob actually. Watch it now . MOD please don't remove it , it will help someone . "
glittering-angel-444,KIIT incident context for the unaware,0,186,0.98,0,1739860957.0,False,t5_3ftqw,
Playful-Film-9373,so annoying,0,14,1.0,0,1739895281.0,False,t5_3ftqw,all the colleges are having fests be it society fests or the annual fests along with case comps and what not and here my college is doing NOTHING. its so frustrating to be in this environment and when i visit other colleges and see their fests i get so envious. 
,Stall at Matharena fest at jmc,0,19,1.0,0,1739891324.0,False,t5_3ftqw,"Hie guys,I'm putting up my 1st bakery stall on 25th and 27th at jmc college and I had few questions regarding the same. 
Like what is the response ,how many people show up and what are people willing to pay for bakery products like cheesecake jars and brownies.
Also lemme know if you guys pull up,I'll slide you some discount 💗"
Beginning-Risk19,Pls tell me,0,0,0.5,0,1739946270.0,False,t5_3ftqw,"I gave admin block an application on wanting to change SEC can someone tell me will it change or not
"
lionelwarner,Need help for Madras school of economics admission process,0,2,1.0,0,1739931627.0,False,t5_3ftqw,"Anyone from MSE or above to join MSE this year?myquals  Bcom looking for MA Fin eco from MSE and looking forward to write MSE entrance exam.Any advice on preparation to preapre the exam as I'm from different background?and what is the cutoff for MSE entrance?

Will there be any interview or only the entrance exam alone is enough?
Would love to know your thoughts!Thanks for sharing!"
accha-insaan,Dream of DU autowalas,0,43,0.98,0,1739868969.0,False,t5_3ftqw,
queenshagun,Pg problem help pls!!!,0,11,1.0,0,1739894615.0,False,t5_3ftqw,"So basically there are two rooms on our floor and I live in a single room. Next to my room live two girls and they are second years and I'm a first. They are besties and have a great bond. The problem is that our rooms are joined and the wall is too thin so whenever they talk it comes to my room. Usually I bear with it but when they are lound I can't. But that's also fine. The problem is when they talk on the phone outside the room. Or when they both walk outside the room and chat loudly (in the corridor) I can literally hear everything they say and it's loud and it's annoying. It's like someone is sitting in my room and talking loudly. And I'm a peace loving introvert. So it literally annoys tf out of me. And they talk for like 1 hour and then again after some time. 

Now I'm a person who has lived a pretty isolated life and I don't know much about social rules or norms and how to handle social situations smartly. I have social anxiety and I'm shy. The problem is I don't know whether I should speak to them and if yes what to say and how to say. Or whether I should bear with it and just accept it. Like I can't figure out, who's wrong in the situation. Is it just me who's a brat and can't adjust and is too much or is it them who don't have manners and are taking me for granted. I'm afraid I'm being a doormat in this situation but then again I wonder if the problem is me and it's pretty normal to be in this situation. What would other ppl do in this situation? I'm also afraid of being bullied and since I'm alone here and they are two I'm kinda scared. So what to do?"
Lower-Cucumber-8426,Odyssey at IIITD,0,4,0.75,0,1739903397.0,False,t5_3ftqw,
throw_12away,HOW to start doing MUNs and Debates?,0,6,0.88,0,1739894364.0,False,t5_3ftqw,I've been meaning to for a while just haven't found a starting point. Got rejected from the debsoc in final round. I'm under confident in public things be it speaking or performing. So any tips? What events to go to as a begginer? How to research? What to avoid? MUNs seem a bit intimidating.
prodigy200406,Which courses have placement in hindu college,0,10,0.82,0,1739882427.0,False,t5_3ftqw,Which courses have the highest no of placement in hindu college or north campus colleges 
,Women's college in bad light,0,8,0.84,0,1739882843.0,False,t5_3ftqw,
Educational_Net_354,What are the rules for changing vac subject in sem 2?,0,6,1.0,0,1739888768.0,False,t5_3ftqw,So my college is asking 1000rs. for changing the subject and I am forced to change it as I have got the same subject again in this sem . What are the rules for subject change in other colleges?
Positive-Mud-510,Is anyone here preparing for MSc zoology this year,0,3,1.0,0,1739890125.0,False,t5_3ftqw,"Is anyone here preparing for MSc zoology or life science /studies  this year I wanted help 
Wanted to from which source u r preparing and all stuff "
queenshagun,Anyone going to DTU fest from South delhi?,0,11,0.92,0,1739863336.0,False,t5_3ftqw,Title
gangstergemini,PLEASE HELP OUT!!!,0,3,1.0,0,1739886323.0,False,t5_3ftqw,"Need Cash Sponsorships urgently for my society!!! Please dm with leads, will be eternally grateful"
chaneer_pilli,"Doubt. Seniors who had faced the same, please help.",0,2,1.0,0,1739903653.0,False,t5_3ftqw,
Kurunobogyuu,I need your help for a Survey Assignment,0,3,1.0,0,1739868636.0,False,t5_3ftqw,"Guys we are conducting a survey on the Impact of Climate Change on Social Interactions. It would extremely helpful if you take 2 minutes of time to fill this Google form.
Please i need a lot of  responses by next week."
Vijaygarv,Need to establish alumni committee in my college,0,5,1.0,0,1739859881.0,False,t5_3ftqw,"I am graduating this summer and my college doesn’t have an alumcomm. If someone has an idea of what I could do it would be much appreciated. 

I am in the placement cell and the lack of Alumni Network or even support has hindered lots of stuff for us and no one is placed here. 

I would want to create impact here beyond my college and need help for the same.

Best
Vijaygarv"
Readsbooksindisguise,I will never trust any google review ever in my life from now onwards,0,1,0.6,0,1739876531.0,False,t5_3ftqw,Learnt a crucial life lesson after coming to DU. 🤡socs.
VCardBGone,HC asks DU and BCI to consider online classes for those pursuing law,0,3,1.0,0,1739854475.0,False,t5_3ftqw,
Mental_Sherbet8768,Why every body else have to worry about my future,0,18,0.85,0,1739807750.0,False,t5_3ftqw,"People keep saying, 'You're only focusing on college  🫣 Ki aage ka kuch socha hai? Time is slipping away; you should decide your maksad.’ They're just basically setting themselves up to say, in the end, 'Why aren't you preparing for some government exam? You're in Delhi—you have no other choice.

But you know what? I'm not even so focused on college that I’d lose track of time studying something else. I just want to sleep, okay? Stop worrying about me. I'm smart enough to figure out what to do next—once I finally starve. 

Good Night "
Mysterious_Singer811,Can we talk about roommate problems? 😖,0,21,0.96,0,1739805864.0,False,t5_3ftqw,"I have the most retarded, disgusting and fucking stupid individual I have ever been unfortunate enough to come across as my roommate. Lives dirty, is a nuisance 24/7, has zero civic sense, etc etc. How do y'all deal with your roommates. When do you compromise and where do you draw the line?

Edit, can't change roommates, not an option :/"
Artistic-State7,What internships have you guys bagged,0,22,0.87,0,1739797907.0,False,t5_3ftqw,"Mention your year and major too and ofc where you're interning. And if you're getting compensated 🤔

Edit: mention what you do in your role too if that's okay

Bored as hell"
Specialist-Mousse964,Any queer fellows who wanna connect?,0,13,0.61,0,1739807091.0,False,t5_3ftqw,I'm trying to find a community to join as I've been closeted for SO LONG 😭😭😭 I JUST WANNA BE OPEN ABOUT ME LIKING MEN WITHOUT BEING BULLIED BRO 💔💔
somberbottle,no gay people in DU ? ( guys hit me up),0,60,0.67,0,1739766770.0,False,t5_3ftqw,"let me tell you one thing... i thought Delhi was supposed to be thing big huge thing where people get together and find community . I HAVENT MET A SINGLE PEROSN WHO IS QUEER AND WHO IS THE SAME OR AROUND THE SAME AGE AS ME !!!!! , I feel really alone sometimes because these people who i'm with don't understand the things that i say and they just brush me off which feels really weird. ( anyways had to have a quick rant about this otherwise i would have unalived myself ) love you guyssssss , byeeeeeeee"
Techie-Talks,Looking for Case Comp Partners (FCFS),0,4,0.83,0,1739816984.0,False,t5_3ftqw,"Same as the title, could range from finance cases to management consulting ones. Don't expect you to be a pro but at least good at PPTs  / research (deep industry / brand research - not just chatgpt)

Interested ones DM   
Looking for first years (being one myself), irrespective of gender / course

P.S. The sooner the better, got some reg deadlines tomorrow "
HedgehogNo5676,What's the right time to join an internship in clg ? And how to start with it ?,0,4,0.7,0,1739819024.0,False,t5_3ftqw,I am in the first year.. finance student and most of the internship i found are about selling the cource or marketing the product. 
Lazy-Chart-9989,What's the procedure of starting your own society?,0,5,1.0,0,1739806753.0,False,t5_3ftqw,Um.. so a few days ago i went to a south campus clg. There was this society event which I really enjoyed and I want to do something similar in my clg. Queer cell if I'm being specific. But idk where to start or what I'm supposed to do 
Ordinary_Big_8726,Delhi and DU safety?,0,10,0.78,0,1739794911.0,False,t5_3ftqw,"I am planning on joining du llb, as a South Indian - we hear so much about the lack of safety in Delhi. My parents are actually against me going only because of safety for women. I visited sarojini market a few months ago, found some creepy people. Dear women who are not natives of delhi, how is the ground reality? Which women pg's are safe enough?"
dying-early-971,anybody felt the tremors,0,76,0.99,0,1739751039.0,False,t5_3ftqw,"my first time exp a earthquake, truly magnificient

ps: i was getting bored actually and thought, nothing interesting is gonna happen today too but by god's grace. i  felt ssmth memorable and now even my post valentine blues are also gone"
Important-Phone6005,"Where would you spend 1500-2000 rupees every month, if your other expenses are taken care of?",0,4,0.83,0,1739807648.0,False,t5_3ftqw,"I’m saving about 1500-2000 rupees every month.
Where should I spend them, if I have my travel, food, clothing etc. taken care of?
Can yall give me suggestions how would you have spent the money?"
tiny_ihana,Good opportunity for designers,0,3,1.0,0,1739804511.0,False,t5_3ftqw,
hueehuehuee,D.E. Shaw ( Financial research associate),0,13,0.93,0,1739775411.0,False,t5_3ftqw,"I haven't completed any internships, nor am I currently part of any society, but I plan to finish one internship by this summer. D.E. Shaw will be recruiting around December or January. Do you think that having just one internship is enough? My seniors mentioned that they usually shortlist everyone for the aptitude round, but many get rejected during either the aptitude or asynchronous test. Kisi ko kuch pata hai toh gyan ka pitara khole."
Forsaken_Finding3531,Lost my id card,0,3,1.0,0,1739799741.0,False,t5_3ftqw,"I’m a student at SGNDKC (DU) currently in my 2nd year. I have lost my college id card, what should i do now quite frightened about it😥"
BeautifulAd1807,IS SRCC CURRICULUM VERY OLD?,0,3,1.0,0,1739796015.0,False,t5_3ftqw,"Hello people, I am quite confused to go for any top du college or not as I am getting MESA sob rn and its curriculum is fascinating but again du comes with the brand name but old and theoretical curriculum. What do you guys say?"
Mental_Sherbet8768,Diary Entry of an Earthquake Survivor,0,22,0.83,0,1739754155.0,False,t5_3ftqw,"Dear Diary

5:36 AM, Monday

It was an uneventful morning—quiet—until I got hit by an earthquake. I’ve always been aware of earthquakes; I remember a couple of times in childhood when there was a fuss about them, but I had never actually felt one before.

I was watching a Futurama episode where Fry finds his old dog and tries to clone him back to life using some heavy machinery. My first reaction? I was so into the episode that I thought I was just feeling it. But then my bed started vibrating, and suddenly, it felt like dogs were running all over me. My door was closed—how could dogs have gotten inside? For a moment, I got scared, thinking it might be a ghost in my bed.

Then I tried to calm myself with rational thoughts. Is someone running on the floor above me? But the shaking grew louder and stronger, and that’s when it hit me—it's a f*ing earthquake!

My entire building was shaking. Everyone on my floor felt it. All the guys were coming out of their rooms, asking each other, Did you feel that too? When I looked out from the balcony, I saw all the uncles gathered outside on the street. Everyone passing by was talking about the earthquake, saying there could be another one. Even the dogs and cows were acting strangely—you could just tell something was wrong.

Then some guy asked me after a few minutes, Did you feel the earthquake? What did he think? That people were just gossiping at 5:36 in the morning for no reason?

You can’t predict an earthquake like this, and moments like these make you realize how fragile life is. Now, whenever I hear a loud noise, I get scared, thinking it might be another earthquake. Just a few minutes earlier, I was stressing about not finishing my assignment due today. But in that moment, it didn’t matter anymore.

This earthquake changed my perspective. I won’t cry over small things now. I’ll try to live life to the fullest—like I’ve been given a second chance. Some people, never get that.

Long Live and Prosperous 🖖🏼 


"
Intelligent_File8271,Please fill this Form,0,0,0.5,0,1739814627.0,False,t5_3ftqw,"Please fill this form which is related to a case comp. Wr are conducting a primary research on ODOP products.

One District One Product (ODOP)—a government initiative promoting unique, locally-made products across India.

Fill out the survey here!

https://forms.gle/9YPUmGAtFU9zKyqM7

Thanks for your time—every response helps! 🙌💙
"
Bitter-Bee2601,help with some ER,0,0,0.5,0,1739813356.0,False,t5_3ftqw,"hey guys can someone help me, i got this ER in my sem 1, i somehow missed my VAC internal examination and overall failed in the subject due to it even though i cleared the theory paper. anyways i couldn't appear for this same exam in the 3rd sem even though i filled it in my examination form.( i got too careless and missed it ). anyways pls help me and clear my doubt about if i can get this paper done in my 5th sem as that would be my last year, and what are the consequences if someone somehow  isnt able to clear their backlog in some particular subject.

also i somewhere heard that subjects like vac, sec dont really matter and the ER gets erased on its own. i don't trust these people and want genuine guidance, can someone please guide me, thank you....

ER refers to essential repeat or backlog
"
Eve_meh,Confusion!!!,0,0,0.5,0,1739811847.0,False,t5_3ftqw,So I was looking for colleges that offer psychology hons in du. Someone told me Miranda house does have this course but when I looked up and tried to find it on the website it wasn't there. So can someone tell me if they offer it or not???
legion_guy,Elemenatry linear algebra book,0,0,0.5,0,1739810316.0,False,t5_3ftqw,"Main sem 2 mein hoon aur North Campus mein kaunsa textbook ya author use hota hai, yeh pata karna hai – yeh detail book ke first page pe hi likha hua tha """" B.Sc.(P)/BA(P) (Maths non-major) Elementary Linear Algebra sem2 """" . Mere dost ne Hindu College se book li thi, lekin woh mere liye thoda door hai. Agar aapke paas title ya author ka naam hai, ya koi pdf copy available hai, toh please DM karein.

Shukriya!

  
EDIT - found the book after 40 min of search [https://www.pdfdrive.com/elementary-linear-algebra-2016pdf-e51956403.html](https://www.pdfdrive.com/elementary-linear-algebra-2016pdf-e51956403.html)"
studyhardfuckedup,"i have 0 in internal in all the subjects and i was not promoted to next year, how to give Internal again as college is denying that they don't conduct internals",0,2,0.76,0,1739792933.0,False,t5_3ftqw,same as above 
Forsaken_Finding3531,Lost my ID card,0,1,0.67,0,1739799852.0,False,t5_3ftqw,"I’m a student at SGNDKC (DU) currently in my 2nd year. I have lost my college id card, what should i do now quite frightened about it😥. "
jung-enthusiast,Safe score to get into Ramanujan?,0,1,0.67,0,1739792969.0,False,t5_3ftqw,There are a lot of sources on the internet which do not seem credible. The official site has cutoffs which are very old. If someone here can give me a range of safe score I'd really appreciate it. The course I'm looking to get into is B.A Applied Psych Hons
SportSpecific9451,Id card abhi tak nahi liya,0,3,0.67,0,1739779260.0,False,t5_3ftqw,Is it over?
Cautious_Pudding_150,Need Teammates,0,0,0.4,0,1739789460.0,False,t5_3ftqw,"Hello everyone, I am a final year economics hons student. I was wondering if some third year students could team up with me, probably for some case comps and other comps, discussing future career plans and opportunities and as we all would be graduating now so basically building some meaningful connections for the future. 

Do comment or DM if interested. 
Thanks!"
Anushka2004,"🚨 Romance Scams Targeting Students– Here’s How to Stay Safe!                                            📌 Online scammers are targeting students through Instagram, WhatsApp, and dating apps. Many victims fall for ‘love bombing’—where fraudsters quickly build trust, then steal money or blackmail.",0,1,1.0,0,1739787601.0,False,t5_3ftqw,
SaiAbitatha,Does DU have a Dean's list?,0,3,1.0,0,1739757373.0,False,t5_3ftqw,Title 
queenshagun,How to get info about competitions and fests?,0,1,0.67,0,1739778324.0,False,t5_3ftqw,Title
Sad-Comb1765,Short film making competition @NFSU Delhi,0,1,1.0,0,1739769327.0,False,t5_3ftqw,My college is conducting short film making competition with a prize money. If anyone interested can go through below.
Sad-Comb1765,"Need company , Gurgaon to delhi and Reture for college",0,0,0.5,0,1739759848.0,False,t5_3ftqw,"My college Is located at Pitampura, and I have to travel daily Gurgaon to delhi on daily , and found journey to boring nothing can be done as there always some crowd, so I thought this can be felt by many one, so what your thought to make a WhatsApp group of limited student who is daily travels Gurgaon to delhi? "
dying-early-971,Excursion to chauberji,0,4,1.0,0,1739726925.0,False,t5_3ftqw,
kaladambar69,Subha subha mood ki maa ch*d di,0,34,0.79,0,1739681815.0,False,t5_3ftqw,"Bhai subha washroom gya toh aur ek bhenkelund ne puri washroom gandi kar rkhe the , flush bhi nhi kiya or washroom ke seat pe moot rkha tha badwe ne,pura mood kharab hogya nasta bhi nhi ho rha."
Readsbooksindisguise,How is math hons at Stephens/Hindu?,0,6,0.8,0,1739711828.0,False,t5_3ftqw,One of my cousin is interested in studying math hons and I need an overview of the environment and exposure over there. 
throwawaylaunda001,Is the GD dresscode same as a PI dresscode?,0,4,0.83,0,1739719642.0,False,t5_3ftqw,"I have placement cell recruitment tomorrow, just wanted to confirm. Not sure if the gd and pi will happen on the same day or not. Do I wear the proper pi formals or normal smart casuals?

Seniors' opinions appreciated."
hueehuehuee,Dropout,0,34,0.95,0,1739678946.0,False,t5_3ftqw,"Mandatory attendance, nonsense assignment, Arrogant teachers, project and so called presentation. I am tired. I don't know but I don't want to go to college anymore."
Confident-Equal8190,Photography Comp,0,3,1.0,0,1739717493.0,False,t5_3ftqw,"I've registered for a photography competition which is next week. So, I want some tips as it is a on spot photography comp and my first time being in this type of comp. I am actually pretty good at shooting and editing videos and I occasionally do nature's photography through my phone. So like I want to know what object should I focus on? Or anything y'all want me to know, pls do let me know... I don't want to mess it up as a newbie.
"
Frozilino,"i didnt know where to go for advice so i came here, hope you guys help",0,9,0.91,0,1739694597.0,False,t5_3ftqw,"so the thing is my father had huge loses in business and currently no money is coming. it will be hard for him to earn back in the future too. i was planing to take science stream but it takes too much money to study in it and guarantee of a good or even a ok college is very low and college too take more fees like 14 lakh isnt possible and tuition for science also takes much money. so now i am planing to take commerce as i will manage for it thru youtube or something. pls help me and tell what to do and in commerce which is the best way too get a money-making job and which degree to choose.

TL:DR :- so i just wanted to ask for your knowledge on what to do in commerce stream and which degree is best to go after in which i can earn good money. also if you not able to offer advice then helpp by upvoting { i dont need karma}"
Waste_Long7786,when 3 rd year exam at DU is about to start,0,5,0.78,0,1739695952.0,False,t5_3ftqw,when 3rd year exam at DU college will start for graduating students
ArnavJ213,Shooting in SRCC,0,226,0.97,0,1739620500.0,False,t5_3ftqw,
Gentle-Wandererr,"Is anyone coming to DU Litfest? My friends aren't interested in attending this, so I would like to have company.",0,6,0.88,0,1739688457.0,False,t5_3ftqw,same as the title
Positive-Mud-510,Guyzzzzzz is anyone planning for any kind of bussiness or startup ??? I would love to be in ur team,0,1,0.67,0,1739714703.0,False,t5_3ftqw,🤝
,We thought we are the only knowing abt this offer,0,37,0.93,0,1739643153.0,False,t5_3ftqw,But yaha to lines thi 🤡
Firefigirl12,Need a good pg(F),0,3,1.0,0,1739690485.0,False,t5_3ftqw,I’m in search of a good pg in Lajpat Nagar/moolchand. If it’s in sharing with a good roommate that would be a bonus.
DefinitionFit2844,Help me fill this google form for my seminar paper.,0,2,1.0,0,1739689312.0,False,t5_3ftqw,
Any-Resource1069,Du results,0,77,0.96,0,1739617511.0,False,t5_3ftqw,"Why does du hate it's students so much. They need 67% attendance even when the curriculum, infra and even faculty most times isn't good enough for students to get job. Colleges don't help us with interships and even when a student finds an internship outside, they don't give NOC. Exams last for over a month and that too are conducted during extreme weather conditions and when most summer/winter interships are going on. And dude the results are declared around 1.5-2 months after the exams. What's wrong w these people"
mehuldraw,"me painting my college campus (college of art, DU)",0,1902,0.99,0,1739551529.0,False,t5_3ftqw,
Waste_Long7786,"India has so many coachings, wherea student should go and How a student can find best ias coaching in India?",0,0,0.38,0,1739695739.0,False,t5_3ftqw,
keepatience,Need a doctor,0,1,0.6,0,1739695090.0,False,t5_3ftqw,Do you guys know any good doctor near north campus? Been suffering from cold and cough for two weeks. Urgent.
Parking_Pressure6991,Hi . Just want to know about the philosophy that you guys believes in ( it can be about anything),0,6,0.75,0,1739655580.0,False,t5_3ftqw,
sekaiichiorora,"Created an ad for the Department of Commerce, DSE, DU competition 'Brand U' (Link to complete video in comments)",0,12,0.8,0,1739618936.0,False,t5_3ftqw,
NUBONINTERNET,Some B.COM(h) seniors I can talk to?,0,4,1.0,0,1739636398.0,False,t5_3ftqw,"Basically I don't have any seniors or friends I can talk to openly, I need some career guidance I see third years getting PPOs and Internships in the top firms whereas I applied to 50 internships and got a single call back

Can I talk over dm?"
elysian_nn,Fest season,0,6,0.8,0,1739625983.0,False,t5_3ftqw,As we all know ki fest season start ho gya but bhy mereko fest dekhne ni milre I mean adhe se zada me toh bs whi ke students  allow hai 🥲dusre college ke allowed hi ni hotey socha tha du jaungi toh fest dekhne milege but yha bilkul ulta!!!  Kisi ko malum hai kaise hota yeh fest ka system?
artsypandaz,good female pgs near north campus,0,16,0.95,0,1739601751.0,False,t5_3ftqw,"budget- under 25k (preferably)

double sharing

electricity included, with maid (so i dont have to do cleaning, bartan dhona etc etc myself), good wifi, very good food, hygienic , no rats/insects/lizards infestation problem. No curfew timings or late curfew timings. safe area. clean rooms with ac and not very congested. should smell good. not dingy or shady. kitchen available if we wanna cook our own food for meals.

some pgs also have rides and rikshaws available to go till college. if thats available then better. 

please recommend, ik too many demands but ik such pgs do exist


"
anonymous_111_1,Hey anyone up for going boho bazar with me..,0,0,0.27,0,1739685596.0,False,t5_3ftqw,Dm me
sw_the_explorer,Exams and internship,0,28,0.95,0,1739583412.0,False,t5_3ftqw,"Delhi University exam system has a problem. They conduct exams in May or June, which is exactly when most institutes release their internship programs. Most summer internships start around May 5th or May 15th, but DU schedules exams at the same time. So how the hell is a DU student supposed to participate in these internships?

And the worst part? DU doesn’t even give you a chance to take exams after.

Either you miss the internship or you screw up your exams.

Same issue in the winter session too.

This is so f**kinggg wrong.

"
uopeoplecs,Exam Mode in SOL,0,1,0.67,0,1739646317.0,False,t5_3ftqw,"Hi, I live in haryana and doing job, I haven't done any college education so I was thinking of studying for a degree from online college. Other online college are costly compared to SOL. So I was wondering how is SOL student life, is there any option to give online exams instead of visiting centre as I am a job person.
Also, other than exam do we also have to submit online assignments or some other things from time to time, and if yes then how frequently?"
Available-Shirt-3820,lit fest volunteer,0,2,0.75,0,1739627427.0,False,t5_3ftqw,is there any benefit to volunteer at the du lit fest? does it look good on cv?
akayone00111,I need a website made in 50-100 rupees.,0,2,0.6,0,1739625545.0,False,t5_3ftqw,For a digital marketing assignment due tomorrow. Dm for the order 
Alarmed-Fennel-337,Is an internship with NoQs digital worth it?,0,1,0.67,0,1739638790.0,False,t5_3ftqw,"Hiii so I am in my first year, Miranda house and got an internship with NoQs digital. Is it a good company? If anyone has any experience with the same please share ..... "
SubstantialAd5599,Found this cutie-irrel,0,27,1.0,0,1739566579.0,False,t5_3ftqw,
LongjumpingRun1918,Biggest Event in Delhi/NCR,0,1,0.55,0,1739613914.0,False,t5_3ftqw,"Hey DU folks!

If you're part of any club, society, or just someone who loves competing in individual events like FIFA, Table Tennis, or Performing Arts, this is for you! We’ve got 22+ competitions, celebrity appearances, and the largest footfall you don’t want to miss.

📅 Event Dates: 10th & 11th April
⚡ Slots are filling fast – Register NOW!

Whether you're into gaming, sports, dance, music, or any other talent—this is your chance to shine!

Drop me a message if you're interested, and I'll share all the details. Don’t miss out on one of the biggest events of the year!"
awesome_asshole04,"Design fest in DTU! Register for events- illustrathon, Designex and pixel war!!",0,2,1.0,0,1739599881.0,False,t5_3ftqw,"HEY DESIGNERS OF DELHI!

If you haven’t registered for DESIGNEX Designathon yet, WHAT ARE YOU WAITING FOR?!
REGISTER NOW and don’t let your friends miss out on this epic challenge! The mystery box awaits those who dare to design.

Round 1 Deadline: 17th Feb, 11:00 PM
Register here: tetrix.dtu on Instagram "
EcstaticHomework1861,How can I leave playing sports if I got admission through sports quota!?,0,15,0.94,0,1739557009.0,False,t5_3ftqw,"I'm a student in a women's college,and got admission through sports quota. While filling the undertaking,it was clearly mentioned that the individual is required to attend all the regular practices and tournaments required by the college in all years of the ug course,and while filling it I was so sure that I'll do academics and my sport side by side since I got college because of my sport.
But now,i no longer wish to continue my sport because it's too hectic and tbh i don't even feel like continuing playing my sport anymore,idk what got to me but i just can't do it anymore.Like the course I have is alone hectic enough and on top of that playing sports,thak gyi hu,na academics ho rhe na sport. It's  also that i don't have the same enthusiasm for my sport,idk ig the problem is me,but I just don't have the bond with people and my coach here, although they are very mature and welcoming and pretty chill,but bond nhi h,it feels like I'm missing smth or this place is missing smth,idk bs nhi lgta mn and ngl,while I was in school,I was pretty good in my sport and now? I'm literally the worse player in my team,maybe because yha or bahot ache ache log h,but sbse gndi performance meri hi h.
So my question is,by any chance,is there smth I can do to not play anymore even though the undertaking clearly mentioned that it's compulsory for me, without getting cancelled or my admission getting cancelled?!"
awesome_asshole04,"Design fest in DTU! Register for events- illustrathon, Designex and pixel wars!",0,1,1.0,0,1739598222.0,False,t5_3ftqw,"HEY DESIGNERS OF DELHI!

If you haven’t registered for DESIGNEX Designathon yet, WHAT ARE YOU WAITING FOR?!
Our latest reel says it loud and clear—REGISTER NOW and don’t let your friends miss out on this epic challenge! The mystery box awaits those who dare to design.
https://www.instagram.com/reel/DF3NB_czENf/?utm_source=ig_web_copy_link&igsh=MzRlODBiNWFlZA==
📅 Round 1 Deadline: 17th Feb, 11:00 PM
🔗 Register here: https://linktr.ee/tetrix.dtu"
minoxidildo_,Annoying landlady,0,36,0.95,0,1739524620.0,False,t5_3ftqw,"My landlady showed up to our flat without prior notice and barged into my room. She lost her temper because the room was not clean—it was a bit messy but still clean, just not up to her standards. She started shouting at me, which made me very angry.Who does she think she is to shout at me?
I don’t want to confront her because I feel it will escalate the situation, and I don’t want to worry my parents.
I have already given her security money which makes me helpless. What should I do? 
PS: Judging by her temper and personality I don't think I am ever getting my security back

"
Parking_Lead_9432,Writer required for Psychology GATE,0,8,1.0,0,1739547257.0,False,t5_3ftqw,"An acquaintance of mine needs a writer for tomorrow's GATE Psychology exam. 
I'm forwarding the message I've received from him.
AN URGENT REQUEST 

A visually impaired (blind) 
a person needs a scribe/writer in the GATE entrance test Exam coming up on 15th February 2025 . The person is blind from both of the eyes and is suffering from a specific intellectual learning disability and therefore needs a scribe/writer in the GATE entrance test Exam urgently. 

If any of you would like to volunteer and become the scribe/writer for the said Examination then  kindly contact the person immediately as soon as possible.
And if anyone of you who has completed bachelor's or master's or phd or postdoctoral fellowship programs in the field of psychology would also be a better fit to sit as a scribe for the said exam. Any person who has good knowledge and is intelligent enough in the field of psychology would also be eligible and permitted to sit as a scribe or writer for the GATE entrance test Exam.

Persons from BA psychology, MA psychology or PhD and postdoctoral fellowship program in psychology background would be appreciated to be the  writer for the said examination.
UGC NET JRFqualified students in the subject of psychology or any other subject would also be allowed to sit as writer in the exam. GATE qualified students in the subject of psychology would also be permitted and eligible to sit as a scribe for the GATE entrance test exam.

If any of you from psychology background would be highly appreciated to sit as a scribe for the examination. 
Please spread this message across everyone and every social media platform as much as possible .

Exam time- 2:30 to 6:30 p.m
Exam Date- 15 february 2025
Exam Centre- Pawan Ganga Education centre 2, Hiran Kudna near Ghevra Metro station
Contact Number : 8709115598"
VCardBGone,"DU’s First Batch Under NEP In Critical, Final Lap",0,16,1.0,0,1739531521.0,False,t5_3ftqw,
lumpyasparagus21,Results,0,7,1.0,0,1739540632.0,False,t5_3ftqw,"When will the december exams result be declared, any idea? "
queenshagun,Anyone from kashi?,0,2,1.0,0,1739557471.0,False,t5_3ftqw,Same
Alternative_Set_1711,Which colleges in NC SC and OC have a women's cricket team?,0,2,1.0,0,1739553001.0,False,t5_3ftqw,"Also can you rank the specific colleges on the basis of their campus, exposure, acads etc.  
Would highly appreciate  
Thankyou!  
"
Infamous_Shirt6185,gargi college fest entry?,0,2,0.75,0,1739552787.0,False,t5_3ftqw,"koi google links, any +1 jhamela jaise maitreyi mein tha?"
Charming-Review-5279,Help regarding 4th year eligibility,0,3,1.0,0,1739543906.0,False,t5_3ftqw,"Do we need 75% or more attendance in first 3 years combined to be eligible for 4th year , hons course "
zombies_away7386,Kaisi h Mitron?,0,67,0.97,0,1739473050.0,False,t5_3ftqw,
grandblasters,Paid ₹6000 for Corizo's Digital Marketing Course—Worth It or Scam?,0,1,0.6,0,1739549592.0,False,t5_3ftqw,"Hey folks,

I recently pre-registered for Corizo’s **2-month Digital Marketing course** by paying ₹1000. Now, they’re asking for another **₹5000 for full registration**. Before I go all in, I want to know—**is this course actually worth it, or is it just another scam?**

If anyone has taken this course before, **how was the content, mentors, and job opportunities after completion?** I’m looking for practical skills, not just basic Google-able stuff.

Would appreciate any honest feedback. If it’s a waste of money, I’d rather cut my losses now. **Did I screw up, or is this a good investment?**

🙏"
kavikur,Why don't we have a discord server for delhi uni?,0,18,0.95,0,1739469980.0,False,t5_3ftqw,"Same as the title (unless there already exists one); like an anonymous place where all du students can connect, other than this subreddit. It will come in handy for introvert peeps like me. Just a question that randomly popped in my head and felt like I should post. Share your thoughts, opinions or whatever 🎀"
blazingthunder_,This tiny paws just came and slept an hour in my lap.,0,1111,1.0,0,1739388760.0,False,t5_3ftqw,It was our GE class and one of the students brought it and everyone was playing with it but I was observing from a distance. And when our teacher came they put it down then it came to me made its way into my lap and slept for the whole lecture.
ApprehensiveBuy3443,Sponsors,0,6,1.0,0,1739477771.0,False,t5_3ftqw,Bhai can someone just tell ki how to bring sponsors for society fest or how to tap sponsors on LinkedIn kuch bhi bata doo 
Waste_Long7786,A subredutt for competitive exams like UPSC CSE and State PCS,0,0,0.4,0,1739510266.0,False,t5_3ftqw,[https://www.reddit.com/r/UPSCandPCSexams/](https://www.reddit.com/r/UPSCandPCSexams/) join our subreditt for competitive exams like UPSC CSE and State PCS
jiunisays,Sponsorships,0,6,0.88,0,1739471666.0,False,t5_3ftqw,"Arre yaar college society ke liye sponsorships chhaiye events ke liye, jisko call karo sab reject kari ja rahe, kisi ke pass koi ideas hai toh please bta do"
ApprehensiveBuy3443,Placement cell,0,23,1.0,0,1739448020.0,False,t5_3ftqw,"Bhai why are these HRs so rude on call, if even they are the right person they will tell us to contact someone else and kuch to placement cell ka naam sunte hi call kaat dete hai 🙂‍↕️"
PilotTop2655,Need political science books pdf urgently,0,4,1.0,0,1739470195.0,False,t5_3ftqw,"Hello everyone, I am an economics undergrad but I need political science books pdf. I don't wanna buy them as I only need them for a short period of time. I am sharing a list of the books I need. I already got the green highlights ones. Please help me get rest books. Pls pls pls it's so urgent.
"
boringindo,Flatmate needed,0,2,0.6,0,1739476520.0,False,t5_3ftqw,Area saket Or chirag delhi
,Genuinely Need a Friend This Valentine's Day...,0,0,0.21,0,1739525425.0,False,t5_3ftqw," I’m just looking for someone to talk to. I’ve never been in any kind of romantic relationship, not even once. And honestly, I’ve never had a female friend either, so I guess you could say I’m a little lost when it comes to social connections.

Valentine’s Day is coming up, and I feel especially lonely. It’s hard to put into words, but I’ve never had anyone to share things with in a meaningful way—whether it’s talking about life or just hanging out. I don’t want a romantic relationship, I’m just genuinely looking for a friend. Doesn’t matter if you’re a guy or girl, I’m open to anyone who’s willing to connect.

Please, mod, don’t delete this. I’m not looking for anything inappropriate, just some human connection. I know this might sound pathetic, but I’ve been craving genuine friendship for so long. If anyone has advice or just wants to chat, I’d really appreciate it. And hey, I’m open to any kind of criticism too—if you think I’m doing something wrong in my approach to life, let me know. I’m ready to hear it.

Thanks for reading this. I just needed to get it out.

TL;DR: Feeling really lonely this Valentine's Day, never been in a relationship or had a female friend. Not looking for romance, just need a friend to talk to. Open to anyone, open to suggestions, and ready for any criticism.

"
Readsbooksindisguise,"Do you manage academics, upskilling and social life well?",0,15,0.95,0,1739429897.0,False,t5_3ftqw,FYI - I don't 🫠🫠.
Parth_48121,2.5 Months prep for CUET from scratch??,0,3,0.67,0,1739455391.0,False,t5_3ftqw,"My Quals: 10th 92% 12th 84% (passed from ISC in 2023)
Currently a CA Inter student dropping CA, and persuing bcom frm a avg clg of Mumbai didn't get any good exposure here.
I am planning to attempt CUET 2025, got to know people with 1-2 year gap after 12th do exist in DU.
I plan to take Bcom Honours so ig it needs accounts,bst, economics, english and/or GT.
Assuming CUET is conducted in May end i get around 2.5 months for prep.. i wish to join DU if i get top good colleges otherwise I am thinking to join NMIMS MUMBAI/CHRIST/SYMBIOSIS for its BBA. 
I think accounts and english I can do easily i have a strong hold in it, doubtful about economics/bst.. 
Can I start everything from scratch now and get a good top clg in DU if I put 12-14 hours daily frm now.."
maabaapkanakarabeta,Help me regarding CUET,0,4,1.0,0,1739448673.0,False,t5_3ftqw,
MicrowavedOven4k,Tournaments for badminton and ping pong,0,2,0.67,0,1739460672.0,False,t5_3ftqw,"I need to participate in as many sports competitions as possible, especially badminton.

I played in the spasrdha 25 in Shaheed Rajguru on 13th Feb, i.e. today, tomorrow I got badminton.

Please, I'm F18, and if anyone's college is hosting such competitions for either tt or badminton or even volleyball, take me in.

💓💗💗💗💝"
Organic-Estimate4653,Hindi,0,6,0.8,0,1739438043.0,False,t5_3ftqw,Why is Hindi B so tough uggghhhhh😭
realassx,Any Valentine related happening in North Campus tomorrow?,0,1,0.53,0,1739466243.0,False,t5_3ftqw,"Wondering if there would be any event or any good stuff happening on 14th at North Campus.

Edit- Genuine and positive replies only!"
shawtych0ker,SATYA GANG HELP,0,2,0.75,0,1739443947.0,False,t5_3ftqw,"In need of contacts for 1bhks. Or 1rk sets, in and around Satya Niketan. Any leads would help. Or anyone looking for roommates. 
Individual room is must. 

Male."
nekochim,Saw Vasooli Bhai on campus,0,107,0.98,0,1739354432.0,False,t5_3ftqw,"Yes, he said *panvel nikalna hai* but unfortunately, didn't say *aankh dikhata hai*"
you0010,Pls tell about BSc Prog Life Science ,0,4,0.83,0,1721307264.0,False,t5_3ftqw,"One of my friends is thinking to go for BSc Prog Life Science,  but she doesn't know much about BSc courses and that is why she is thinking to opt for Life Science , she believes it will give her more diversification, and can choose any field for MSc, then she'll give UGC Net , but I've heard that generally not very good colleges Offer Life Science and many student don't prefer to take this course. Why ? What is the reason ? What is the career scope ? And if there is better option please guide.. which BSc course one should go for ?

Edit: She is scoring quite well in c_uet 450+/600 so I think she can easily get top north campus college"
