author_username,title,downs,ups,upvote_ratio,total_awards_recieved,created_utc,over_18,subreddit_id,selftext
AutoModerator,Ask India Thread,0,19,0.88,0,1740817844.0,False,t5_2qh1q,"Welcome to r/India's Ask India Thread. 

If you have any queries about life in India (or life as Indians), this is the thread for you. 

Please keep in mind the following rules:

* Top level comments are reserved for queries.
* No political posts.
* Relationship queries belong in /r/RelationshipIndia.
* Please try to search the internet before asking for help. Sometimes the answer is just an internet search away. :) 

[Older Threads](https://www.reddit.com/r/india/search?q=%22Ask+India+Thread%22+flair%3AScheduled&restrict_sr=on&include_over_18=on&sort=new&t=all)"
AutoModerator,Mental & Emotional Health Support Thread,0,10,1.0,0,1740817843.0,False,t5_2qh1q,"Welcome to /r/India's mental and emotional health support thread. 

If you are struggling and are looking for support, please use this thread to discuss your issues with other members of /r/India. 

Please keep in point the following rules:

* Be kind. Harsh language and rudeness will not be tolerated in these threads. The aim is to support and help, not demotivate and abuse. 
* Top level comments are reserved for those seeking advice. 

[Older Threads](https://www.reddit.com/r/india/search/?q=%22Mental+Health+Support%22+flair%3AScheduled&include_over_18=on&restrict_sr=on&t=all&sort=new)"
sundews_salt,"Plz Help me (20m)complete my education, father got hospitalized and got 12l bill",0,1824,0.94,0,1743751809.0,False,t5_2qh1q,"Reposting this but plz do not report as i am adding pictures this time and will add more details a basic video in some day time 

I am reaching out with a humble request for financial assistance to complete my [B.Tech](http://B.Tech) in Computer Science Engineering. Over the past two years, my family has faced severe financial difficulties due to my father’s critical health conditions. He suffered a brain hemorrhage, multiple strokes, and a coma, and now both of his kidneys function at only 10%. He also has diabetes and thyroid issues. During this time, he had to undergo multiple surgeries, which were physically and emotionally challenging for us. While we stayed strong and managed to overcome many challenges, the medical expenses amounted to nearly ₹12 lakh, which we covered through savings and borrowed funds. Family is asking me to return back and help in farming and are also not allowing for another loan as our home construction in Bilaspur, Chhattisgarh, is ongoing with a home loan, adding to our financial burden. Despite these hardships, I am determined to complete my education so that I can support my family in the future. However, due to our financial situation, I am struggling to pay for my remaining studies. I plan to use the funds raised to pay my semester fees, which will allow me to continue my education without interruptions.

I just want 1 year time to save enough money for 4 year fee but my college will not allow me to sit for mid term if I will not pay my fee

Any contribution, will make a significant difference in helping me achieve this goal. I will forever be grateful for your kindness and support.

[https://m-lp.co/ashutosh-122?utm\_medium=whatsapp\_status\_message&utm\_source=app](https://m-lp.co/ashutosh-122?utm_medium=whatsapp_status_message&utm_source=app)

I am open for any question and more details I have uploaded all details in my milaap page

answering general questions 

1) how was i earning before 

income one - i used to  solve question paper of any exam and then sell it so i sell those for 250 rs (generally nios papers )

income two \_my friend has a youtube channel we both used to run that but 2 month before AdSense account got freezed for violating some rule  

2) how will i pay next year fee in 4 year -  i have plans to teach home tution from  this sem so i hope i will save enough in one year 

3) why not loan \_ i have once told my father not to take tension as i will take loan if things go south but he said just no and said he will arrange money and i should only focus on studies 

i think because we have a home loan and we have to return some money bowered from friend and family he wants no more loan"
OkaTeluguAbbayi,"Clicked a picture of the flag today, it felt beautiful",0,324,0.91,0,1743781333.0,False,t5_2qh1q,
Indianopolice,"Husband withstands 45 FIRs, being beaten, suicide threat by wife and gets divorce in HC but only after Rs 63 lakh alimony",0,401,0.95,0,1743766521.0,False,t5_2qh1q,
Various-Wrongdoer461,"Found this dude with cool haircut in odhi malai, Tamilnadu(Lord skanda hill shrine)",0,156,0.99,0,1743783329.0,False,t5_2qh1q,
xperia3310,"Travel warnings issued for Green Card, H-1B and F-1 visa holders: ‘Think twice before leaving US’",0,439,0.97,0,1743761612.0,False,t5_2qh1q,
One_Neighborhood473,There were sparrows at the Bengluru airport!,0,1130,0.99,0,1743741617.0,False,t5_2qh1q,The terminal 2 of blr airport is one of the best!
Brownhops,Tech billionaire’s wife tells all after bitter international custody battle goes viral. Rippling cofounder Prasanna Sankar said his wife's affair broke their marriage. The true story is far more complicated.,0,132,0.85,0,1743776928.0,False,t5_2qh1q,
eichi10,Trip to Ayodhya,0,472,0.96,0,1743751072.0,False,t5_2qh1q,
kunals300,Accident on Allahabad Bypass road,0,543,0.95,0,1743746373.0,True,t5_2qh1q,"Upsetting scenes, a truck load of these Poor Buffaloes 🐃, who are breeded to serve and die for sake of labour, human greed, luxury & taste pallet crashed. 
Cranes were present to remove the dead ones, even some vip's & officials passed before us (due to slow traffic & privilege). But didn't find a single soul trying to help treat the wounded. 
They are probably waiting for the rest to die, the one's who could walk were kidnapped/looted whatever the term maybe by the villagers. 
A single truck carrying so many (around 40 by my estimates) buffaloes. We should really remember,
""A society/country can be judged by how they treat their Animals. ""
The wounded deserve treatment at least. Idk why no govt. Vet was asked to come. 
I hope to one day contribute towards providing a better place for our fellow living beings."
BUNTYROY08,"I Made a Freehand Drawing of Hanumanmind, Run it Up, I thought people here might like it..",0,591,0.98,0,1743744383.0,False,t5_2qh1q,"Pencil, 3.5 hrs, 7x5 inches "
bhodrolok,Tribal man who spent over three years in prison released after the wife he 'murdered' is found alive in Karnataka,0,184,0.98,0,1743764554.0,False,t5_2qh1q,
ProfessionalMovie759,"When BJP-led regime is ousted, will bring amendment to nullify Waqf Bill': Mamata Banerjee | India News - The Times of India",0,221,0.86,0,1743761539.0,False,t5_2qh1q,
Positive-Ferret2663,Linguistic Supremacy is Killing South Asia’s Diversity,0,75,0.83,0,1743780591.0,False,t5_2qh1q,"Note: I am a Rajasthani. And I apologise to every Marathi, Tamil, Telugu, Assamese, Malyalam, Bengali, Odia, Kannada speaking person on behalf of my fellow state people, who have settled in diverse lands and now harass the locals and behave as if they own the lands. This is quite an issue with the North Indians lately.

Note: This is not about INDIA or PAKISTAN or BOTH. It’s about Regions, States and Localities. Because same problems persist in both countries. 

Language is not just a tool of communication—it is identity, history, and culture. Yet, in South Asia, we are witnessing the systematic erasure of regional languages under the dominance of Hindi and Urdu. 

Why is it that if a Tamil, Odia, or Ahom person settles in Gangetic Plains, they are supposed to speak Hindi, as it’s the widely spoken language. But when people from Gangetic Plains move elsewhere, they refuse to learn the local language? Why is linguistic assimilation always a one-way street?

This isn’t just an accident—it’s a structured imposition, eerily similar to Russification. In just 70 years, entire languages have vanished. Rajasthan alone lost two languages Dingal and Pingal. While Dhundhari, Mewati and Meenaboli are on verge of death. Majority of shop signs, billboards, and advertisements are either in Hindi, Urdu, or English—local languages are nowhere to be seen. Here in State Capital of Rajasthan, I am ashamed to admit you won’t even find 100 billboards, advertisements and shop signs in Rajasthani languages. Why?

Now Delhi will decide whether the language I speak, the language my ancestors spoke for thousands of years, is a language or not. Today Delhi refuses to admit Mewari, Marwari, Dhundhari, Awadhi, Braj, Bhojpuri as language… tomorrow Delhi will refuse Marathi, Tamil, Assamese as a language. Where is the check? 
Even people from Gangetic plains must rethink. How Bhojpuri is being tarnished and is proactively being associated with vulgarity. If you will not speak up for your languages, Awadhi, Braj, Maithili, Bhojpuri… all will fade into obscurity. So, don’t think it’s just about South or North East. Even North is losing under this vile quest of colonising minds. Every person has right to his linguistic heritage and that heritage must be preserved. 

It’s time we rethink this. Everyone has the right to preserve their linguistic heritage. If one moves to a new state, they should have three choices:

1️⃣ Assimilate—Learn the language, respect the customs, and be part of the culture.
2️⃣ Stay Neutral—Use English and respect the local identity without imposing one’s own.
3️⃣ GET THE FUCK OUT!—If you can’t respect the region’s linguistic and cultural fabric, don’t dictate the terms there.

Hindi and Urdu are beautiful languages, I know them both, I love them both. Both are unique, and can be used to express a variety of emotions very effectively. But people! Understand! no language has the right to erase others. South Asia is diverse—we must ensure it stays that way. And this transcends borders… it’s equally true for Pakistan too…

If you’re in Sindh, speak Sindhi.
If you’re in Maharashtra, speak Marathi.
If you’re in Tamil Nadu, speak Tamil.
If you’re in Khayber, speak Pashtun.
If you’re in Karnataka, speak Kannada.
If you’re in Assam, speak Assamese.
But…
If you can’t, speak English.
And…
If you cannot do even that: STAY WHERE YOU BELONG.

And if you’re giving the logic oh no… you have a government job! Well, the same Tamil, Kannada, Bengali, Assamese people when get the same job as you and come to North… they learn Hindi. Again I’ll say, Why is linguistic assimilation always a one-way street?


And why English as connect language and not Hindi or Urdu across South Aisa? Cause English will always remain Alien. You will always take it as a connection not as part of your ethos.

Linguistic Divide should END. But NOT BY THE ERASURE OF DIVERSITY.

Unity Doesn’t Mean : RUSSIFICATION 

And NO! Demanding dignity of my language, demanding dignity of my culture, demanding respect to my customs, my history, my celebrations, my festivals… is NOT Anti-National, is NOT Separationism, is NOT divisionary politics. ITS MY RIGHT!   

So I stand in complete solidarity with every Kannada, Marathi, Tamil, Assamese person who’s struggling for the basic dignity of his language and culture in India. 

My request to all North Indians: Mates! Please, for the God’s sake (whichever you believe in) BE CIVIL. If you’re settling in some other state, learn the language, try a different culture. If you can’t don’t go there. It’s their place, their home. You can’t go in your neighbours house and act like a jerk. For once, You’re not India. You are part of India. And an equal part of it. As much as a Tamil, as much as a Maratha, as an Assamese. Please, learn some Civility.

Thankyou."
wealstarr,Why India Can’t Smile: 118th in the World Happiness Report 2025 Exposes Modi’s Circus,0,45,0.74,0,1743785175.0,False,t5_2qh1q,
xperia3310,"Indian scientists flew plane before Wright brothers, discovered gravity before Newton: Governor Bagde",0,231,0.88,0,1743747943.0,False,t5_2qh1q,
rishianand,Why Do Hindus Control the Mahabodhi Temple? ask Buddhist Monks in Bodh Gaya,0,182,0.87,0,1743750817.0,False,t5_2qh1q,
TheIndianRevolution2,"India’s subprime bubble grew 2,100%, now the bomb ticks as debt traps millions of families",0,162,0.92,0,1743752224.0,False,t5_2qh1q,
mumbaiblues,"ED searches premises of Empuraan producer Gokulam Gopalan in Chennai, Kochi over alleged foreign exchange violations | Kochi News",0,188,0.98,0,1743747023.0,False,t5_2qh1q,
_Moon_Presence_,"Wikipedia Responsible For Contents Posted On It, Can't Cite Intermediary Status: Delhi High Court In ANI Defamation Case",0,138,0.95,0,1743748412.0,False,t5_2qh1q,"Truly, one of the worst judgments of all time. Clearly politically motivated with the intention of controlling social media platforms."
Independent-Ship6318,"Zepto's sneaky pricing, hiding the gst details.",0,118,0.88,0,1743745765.0,False,t5_2qh1q,"I used to be a regular Zepto customer but took a break for a few weeks. Today, I went to order a bike cleaning spray—listed at ₹360. At checkout, it suddenly jumped to ₹410. A pop-up suggested buying through Zepto Supersaver to get it for ₹310. Sounded like a deal, so I added some nuts to hit the ₹500 min cart value and proceeded to pay.

But guess what? I still paid the same amount, just with some nuts I didn’t even want.

I get that businesses need to make money, but at least be transparent. Just show the final price upfront—including GST. These aren’t clever tactics; they just make customers feel dumb and it feels cheap.

I know amounts like these might not be a big deal but things like these matter. I wouldn't mind paying extra for a service but atleast show me what am I paying for.
"
nonstop-nonsense,Standup Comedian Kunal Kamra roasting Modi Bhakts & Arnab Goswami | Stand-up Comedy.,0,35,0.76,0,1743768245.0,False,t5_2qh1q,
bhodrolok,"Fancy brands by billionaires kids are not start ups, says minister Piyush Goyal",0,1267,0.99,0,1743696835.0,False,t5_2qh1q,
Hanginon,American arrested in India for visiting North Sentinel Island,0,426,0.99,0,1743716872.0,False,t5_2qh1q,
Jumpy-Patience6909,Collectible series of iconic monuments of India,0,29,0.85,0,1743767928.0,False,t5_2qh1q,
opinion_discarder,"Error, Not Terror: What Happens When Hindu Men Attack a Mosque?",0,64,0.75,0,1743753196.0,False,t5_2qh1q,"When the accused are Hindu and the place of worship attacked Muslim, bombs suddenly become ‘gelatin sticks’ and no properties linked to the accused are demolished."
dilip2882,Empuraan producer Gokulam Gopalan’s premises raided by ED in Chennai,0,25,1.0,0,1743769257.0,False,t5_2qh1q,
xperia3310,"As MNS ups ante over Marathi, bank staff write to CM seeking protection",0,50,0.97,0,1743750090.0,False,t5_2qh1q,
xperia3310,Indian student detained in US for allegedly opposing America's foreign policy towards Israel,0,955,0.93,0,1743690390.0,False,t5_2qh1q,
TheIndianRevolution2,How the Modi Government’s Policies Led to Economic Decline in India [OC],0,34,0.8,0,1743754434.0,False,t5_2qh1q,"# 1. Stagnant Income Growth & Rising Inequality

* **World Inequality Lab (2024):**
   * The top **1%** now controls **40% of India’s wealth**, while the bottom **50%** owns just **13%**.
   * Real wages for middle and lower-income groups have **stagnated or declined** in key sectors.
   * *Source:* [WID World Report](https://wid.world/www-site/uploads/2024/03/WorldInequalityLab_WP2024_09_Income-and-Wealth-Inequality-in-India-1922-2023_Final.pdf)
* **Oxfam India (2023):**
   * The bottom **50%** of Indians earn only **13% of national income**, while debt burdens surge due to inflation and low wage growth.
   * *Source:* [Oxfam Inequality Report](https://www.oxfam.org/en/india-extreme-inequality-numbers)

# 2. Demonetization & GST: Disrupting the Informal Economy

* **CEDA, Ashoka University (2021-22):**
   * Demonetization (**2016**) and GST rollout (**2017**) **crippled small businesses**, forcing many into debt or closure.
   * Informal sector employment **collapsed**, pushing workers into precarious gig jobs.
   * *Source:* [CEDA Publications](https://ceda.ashoka.edu.in/full-version-are-manufacturing-jobs-growing-or-declining-heres-what-the-data-shows/)
* **IMF Working Paper (2018):**
   * Demonetization caused a **liquidity shock**, forcing low-income households to rely on **predatory lenders**.
   * *Source:* [IMF Study](https://www.elibrary.imf.org/view/journals/002/2018/254/article-A002-en.xml)

# 3. Credit Boom Without Income Growth: A Debt Trap

* **RBI Reports (2023-24):**
   * Household debt has **doubled** in a decade, now exceeding **40% of GDP**, driven by unsecured loans (credit cards, personal loans).
   * *Source:* [RBI FSR Report](https://www.fidcindia.org.in/wp-content/uploads/2024/12/RBI-FINANCIAL-STABILITY-REPORT-30-12-24.pdf)
* **SBI Research (2025):**
   * Points out that sluggish wage growth can drag the economy.
   * *Source:* [SBI Research](https://timesofindia.indiatimes.com/business/india-business/sluggish-wage-growth-can-be-a-drag-on-economy/articleshow/117806524.cms)

# 4. Unemployment & Predatory Lending Crisis

* **CMIE (2024):**
   * Unemployment remains **8-10%**, with youth joblessness at **alarming levels**.
   * *Source:* [CMIE Data](https://www.cmie.com/kommon/bin/sr.php?kall=warticle&dt=20240701180501&msec=110)
* **The Print (2022):**
   * Discusses how low-income households rely on high-interest loans due to job losses post-COVID and weak income recovery.
   * *Source:* [The Print](https://theprint.in/economy/indias-digital-loan-sharks-face-rbi-crackdown-as-predatory-lending-complaints-mount/794610/)

# 5. Overstated GDP Growth & Data Manipulation

* **Economic Analysts:**
   * India’s **slowest GDP growth** in decades occurred under Modi’s second term (pre-COVID avg. **\~4.5%**).
   * *Source:* [Time Magazine](https://time.com/6969626/india-modi-economy-election/)
* **Fraud in Public Accounts:**
   * **Withheld Consumption Data (2018):**
      * Leaked **Household Consumption Survey** showed **3.7% decline** in real MPCE (2011-12 to 2017-18).
      * *Source:* [MSE Report](https://www.mse.ac.in/wp-content/uploads/2020/02/Ind-exp.-dec-13-Mind-the-statistics-gap.pdf)
   * **Manipulated MPCE Report (2023):**
      * Government **inflated data** by including freebies, making historical comparisons **misleading**.
      * *Source:* [The Wire](https://thewire.in/economy/modi-governments-record-on-data-is-marred-with-misestimations-and-delays)
   * **Actual Growth Just \~4%:**
      * Even after manipulation, **11-year MPCE growth** was **<3% p.a.**, implying **real GDP growth of only \~4%**.
      * *Source:* [PIB Release](https://pib.gov.in/newsite/PrintRelease.aspx?relid=98126)"
xan1ety_,Tashkent Medical Academy is a Total Nightmare—Don’t Come Here (Indian 1st Year Experience and rant),0,13,0.75,0,1743770701.0,False,t5_2qh1q,"I’m an Indian 1st-year student at Tashkent Medical Academy (TMA), Feb 2025 intake. I genuinely thought this was gonna be a solid uni—cheap fees, abroad MBBS, good vibes, right? Holy hell, was I wrong. The quality here is absolute garbage, especially for international students like us.

First off, the teachers barely speak English. I’m not kidding—half the time, it’s like they’re mumbling through a Google Translate script. How are we supposed to learn medicine when we can’t even understand them? They shove us into 4 HOURS of English classes—like, bro, I didn’t come here to learn ABCs and grammar—but anatomy? 1 hour 20 minutes, and even that’s a joke. They don’t teach anything. The profs show up, sure, but they just sit there, point at a textbook, and go, “Viva this topic, learn and come.” Sometimes classes get canceled last minute, though—they say “oh, it’ll be online,” but surprise, surprise, the online class never happens. We’re basically studying ourselves while they collect paychecks and ghost us when it suits them.

Then there’s the dean. This guy’s a total weirdo. Keeps harassing us about shaving our beards nonstop. I get it, “ministry rules” or whatever, but chill out, man—it’s not like my facial hair’s failing the exams. Speaking of the dean, he’s useless. Doesn’t solve any problems, just struts around like he’s some big shot while the hostel falls apart. Oh yeah, the hostel for Indian students? Disgusting. Bathrooms are cleaned maybe once a month if we’re lucky—mold everywhere, pipes leaking, the works. And get this: someone gets measles every other month, and their genius solution is to line us up for random vaccine shots like it’s a cattle farm. Hygiene’s a myth here.

The teaching’s so bad I don’t even know where to begin. When profs do bother showing up, it’s just reading slides or telling us to self-study. How are we supposed to become good doctors when they don’t teach us anything worth a damn? Exams are a whole other circus. They hand you a PDF with, like, 50 questions, tell you to memorize it, and then boom—computer-based test. Almost every question’s straight from the PDF. Just rote-learn it, vomit it out, and pass. Easiest exams ever, but what’s the point? I’m not here to play memory games—I want to actually learn medicine. No wonder this place churns out half-baked doctors. How is this clown show even recognized by NMC India? Someone’s gotta investigate this.

Oh, and the country itself? Uzbekistan’s safe, sure—super peaceful, nice people, no complaints there. But they call it an “Islamic country” as a namesake. At least in Tashkent, no one’s really practicing Islam properly. I’ve been to the mosque here, and yeah, people pray, but the imam should guide them properly—there’s no proper row fixes or anything, and it just feels off. Honestly, I feel like people in Europe and the US follow Islam better than here. If you care about your Imaan, don’t come here. This place will test your faith more than your brain.

I’m dying to transfer out after 1st year—Georgia, Malaysia, Russia, anywhere but here—but TMA doesn’t even have a proper transfer option. They trap you in this mess and laugh about it. It’s honestly insane how bad this uni is. The dean’s got 0 IQ, the faculty’s a disaster, and the whole system’s a scam. Skip this useless dump and save yourself the headache. Trust me, you’ll thank me later.

I’m 21, wasted time on NEET trying for free seats but didn’t hit the cutoff, and now I’m stuck here. My 1st year ends next year, February 2026, and I need out. My dad’s old, retired, and not working anymore, so I’ve got to figure out fees and finances too—I’m not some rich kid dropping 30-35 lakhs here like it’s nothing. If anyone knows how to transfer to a better uni—like, what steps do I take by then—please help me out. Scholarships that drastically cut fees would be a game-changer. I just want to finish my medicine, take care of my family, and help the world—not drown in this mess."
rishianand,"Kerala, Tamil Nadu, Bengal receive zero funds from Samagra Shiksha Scheme, UP gets Rs 4,487 crore: Govt data",0,444,0.94,0,1743699549.0,False,t5_2qh1q,
SorrowlessSamurai,"Food delivery apps turning unemployed youth into delivery agents for the rich, says minister Piyush Goyal",0,25,0.9,0,1743754209.0,False,t5_2qh1q,
Technical-Ear-4068,How Widespread is Nepotism in the Indian Judicial System? | DY Chandrachud | UPSC,0,3,1.0,0,1743790665.0,False,t5_2qh1q,Must watch if you want to see how bad we are doing for law in our country.
nonstop-nonsense,"Hyderabad Forest News | Meet Uday Krishna, The Petitioner Behind Saving Kancha Gachibowli Land",0,14,0.9,0,1743759580.0,False,t5_2qh1q,
xperia3310,Remittances to India from advanced economies surpass Gulf inflows: RBI,0,13,0.89,0,1743761007.0,False,t5_2qh1q,
Indianopolice,The Country Was Fake. But Its Land Grab in Bolivia Was Real.,0,492,0.95,0,1743683933.0,False,t5_2qh1q,
bloomberg,Indian Small-Cap Stocks Buck the Global Selloff After Trump’s Tariffs,0,35,0.91,0,1743735883.0,False,t5_2qh1q,
FlyingScript,"Parliament Passes Waqf Bill in Consecutive Overnight Sessions, 'Means to Grab Land', Says Opposition",0,16,0.77,0,1743748875.0,False,t5_2qh1q,
dilip2882,"Huge Protests In Kolkata, Chennai After Waqf Bill Clears Parliament",0,3,0.71,0,1743780162.0,False,t5_2qh1q,
ProfessionalMovie759,"Opposition slams Mamata Banerjee for the loss of 24,000 teachers’ jobs in Bengal",0,10,0.81,0,1743754624.0,False,t5_2qh1q,"This came as a reaction to the Supreme Court order to scrap the jobs of almost 24,000 people, including teaching and non-teaching staff by the West Bengal School Service Commission (WBSSC) in 2016. The Calcutta High Court in 2024 had determined the same. "
amolgigs,Ground report: Saline water in Maharashtra’s Akola leaves villagers battling kidney failure,0,10,1.0,0,1743753428.0,False,t5_2qh1q,
fasterwonder,"Waqf land: Waqf Boards owned 18 lakh acres in 100 years, added 21 lakh acres in last 12",0,275,0.9,0,1743688844.0,False,t5_2qh1q,"Waqf land: Waqf Boards owned 18 lakh acres in 100 years, added 21 lakh acres in last 12"
NoSeaworthiness7402,"Need Advice: Living with a Narcissistic, Schizophrenic Father – Feeling Trapped",0,11,0.92,0,1743749750.0,False,t5_2qh1q,"

I’m a 21-year-old student, and for the past few years, life at home has been extremely difficult.

My father (50s) shows strong signs of narcissism and schizophrenia. He constantly accuses my mother (40s) of cheating, stealing, or even physically harming him. He checks her phone, messages, call logs, and bank account (which has nothing in it, not even a single rupee.) and tries to control every part of her life. She isn’t allowed to go out.

I go through the same thing. He randomly wakes up at night and checks my phone, bank statements, and even my notebooks. He constantly picks fights and says disturbing things over the smallest of issues. It doesn’t feel like a home anymore—more like living under surveillance.

# The Financial Situation

We’ve lived in rented house our whole life. When my father retired last year, we thought we’d finally be able to buy a home. We booked a flat and paid significant amount of money in advance. But suddenly, he canceled it, claiming there was something illegal going on in the building (which was completely false). He wouldn’t listen to reason, and we lost all the money.

 he wants us to move to a small town where we know no one and even told me to leave college. He barely gives my mom any money. In fact, whatever little she had in her bank account, he transferred to his own.

Meanwhile, he spends most of his time watching porn. He expects us to stay home, follow his rules, and serve him—no questions asked.

# What We’ve Tried

* We took him to a doctor, but he refuses to take his medication.
* We contacted his relatives, but instead of helping, they blamed my mom (saying she is suspicious of him)
* Any attempt at a calm discussion ends in yelling and accusations.

# We’re Mentally Drained and Running Out of Options

There’s barely any money left, and the situation keeps getting worse. At this rate, we could be kicked out of our rented place anytime. My mom and I are mentally exhausted, and we don’t know what to do.

If anyone has been through something similar or has any advice—legal, financial, or even emotional—it would really help. We just want some peace and a stable place to call home.

"
I_am_myne,Great Nicobar: Tribal lands don’t show up on maps as Union govt pushes mega project,0,14,0.86,0,1743743022.0,False,t5_2qh1q,
Void_Luffy,What is even happening bro,0,0,0.5,0,1743794740.0,False,t5_2qh1q,
Miao_Yin8964,"Rahul slams government over 'China occupying land', U.S. tariff issue; BJP hits back",0,210,0.86,0,1743689752.0,False,t5_2qh1q,
OverratedDataScience,Parliament Passes Controversial Waqf Amendment Bill 2025 Amidst Heated Debate,0,55,0.79,0,1743716065.0,False,t5_2qh1q,
HindustanTimes,Who was flight lieutenant Siddharth Yadav? IAF pilot killed in Jaguar crash got engaged 10 days ago,0,9,0.91,0,1743750035.0,False,t5_2qh1q,
1DarkStarryNight,"Guns, mountains, and revenge: inside India’s secret pact with Armenia",0,3,0.67,0,1743763418.0,False,t5_2qh1q,
ankit_21j,Making cities clean - one run at a time,0,1,1.0,0,1743789250.0,False,t5_2qh1q,"So I see a lot posts of how European cities are clean. One of the things that I see is how the people contribute to it. People go on runs, or take their children for a walk, and on seeing some wrappers or litter, they themselves pick those up, or teach their kids to do the same. For sure, there are cities with areas as dirty as it can be, but that's most of it is clean.

Before anyone comes in and says, you can't change things on your own, or how people have previously failed, I just want to ask and know, what if you saw one person, pick litter up, when going on a run? 

Being a millennial, I feel we were never taught about keeping the streets or parks clean (and even if we were taught that, we didn't). But I do feel, this generation of ours, knowing what is happening in the world, from cleanliness to climate change, are more capable of changing things around them. 

Again, I'm not asking or saying someone should do this, but how would you feel if you saw someone going about cleaning stuff up? Would you help them out if you saw that? Would you join them for a run where they go about cleaning a small part of the place they all live in?

Sorry in advance if someone thinks this is super stupid, I will most probably take this post down, but just wanted to hear people's thoughts given how negative the country and the world has recently been. Thanks!"
BeautifulAd5884,My Experience for getting passport,0,1,1.0,0,1743785750.0,False,t5_2qh1q,"I live in Kolhapur, Maharashtra. I along with my parents and brother applied for new passport by ourselves. I uploaded aadhar card and 10th marksheet for dob and address proof. Appointment was scheduled after 46 days. 
At PSK KOLHAPUR 
The procedure was so easy. The employees were very very cooperative and i was feeling like i am dealing with some non govt good employees. They were hell lot of cooperative. The documents uploaded for my father’s application was having spelling mistake in his father’s name. So we thought that they will straight away send him and will ask to take new appointment. BUT, to our surprise, they asked him to arrange documents having no spelling mistake in next 1 hr so i went home and brought the docs. They then proceeded with all verification and everything went very very well.
POLICE VERIFICATION 
My brother applied for himself and dad, whereas i applied for mom and me. My brother by mistake submitted the police station far from home. After successfully submitting docs at PSK, next the ps called my dad and asked u have submitted the police station far from home and we are sending ur docs to the PS near to ur home. He said ok.
I was expecting there call in 4-5 days but they didn’t call for verification. I trained my parents that if they ask for bribes then straight away decline as only the applicant is allowed to go inside chamber. We didn’t got call from PS. So i thought to track application status and to my surprise our police verification was done without visit!!!
So all in all, very happy with PSK KOLHAPUR 
and RAJWADA PS KOLHAPUR. Will receive the passport in couple of days as it is under printing process 
"
bhodrolok,The waqf question: How Modi-led NDA is changing the law & why 2013 amendments are back in focus,0,1,0.57,0,1743785437.0,False,t5_2qh1q,
odesseyroamer,The Cost of Breathing in India,0,1,1.0,0,1743783794.0,False,t5_2qh1q,
limsus,Two Arrested for Shocking Gang Rape at KR Puram Railway Station | Bengaluru News - The Times of India,0,136,0.96,0,1743685613.0,False,t5_2qh1q,
dheerajdeekay,[OLD] How the Modi government used a legal loophole to escape environmental scrutiny of the 900-kilometre Char Dham Highway Project in Uttarakhand,0,9,0.68,0,1743741075.0,False,t5_2qh1q,
SorrowlessSamurai,"Wikipedia must remove India content deemed defamatory, rules Delhi High Court",0,1,1.0,0,1743778919.0,False,t5_2qh1q,
hodgkinthepirate,"Elon Musk: X is suing India, as Tesla and Starlink plan entry",0,307,0.96,0,1743664638.0,False,t5_2qh1q,
arjun_raf,US Man Arrested For Entering Restricted North Sentinel Island In Andamans: Cops,0,256,0.98,0,1743667934.0,False,t5_2qh1q,
shhhhhhhhhh,Kunal Kamra promises free vacation to Mumbai banker summoned by police over his show,0,500,0.96,0,1743653694.0,False,t5_2qh1q,
ScienceSure,Most fruits can’t compete with the water apple’s bold wardrobe of colors.,0,26,0.88,0,1743710528.0,False,t5_2qh1q,
xperia3310,US Intel Report Links India To Fentanyl Trafficking Amid Trump's Tariff Threats,0,254,0.94,0,1743661831.0,False,t5_2qh1q,
sus-_-exe,Need Advice: Is it okay to leave my current company without a relieving letter for a better opportunity?,0,3,1.0,0,1743746894.0,False,t5_2qh1q,"Hi everyone,
I'm a 22M who graduated last year in Computer Science Engineering. I actually started working during my 7th semester itself, as I got placed through college and joined an EdTech company in Bengaluru as a B2C sales associate with a stipend of 22k. Over time, I was promoted to a senior role and now earn 4.2 LPA.

Recently, I started applying for other jobs as I was looking for a change and got selected for a B2B SaaS sales role. I don’t have B2B experience, but they’re willing to give me a shot and have offered a package of 5.5 LPA (with additional bonuses, insurance, and cab pickup/drop). The new company seems much better in terms of profile, growth, and work culture.

Here’s the situation:

The new company wants me to join immediately.

I’m not currently serving a notice period.

My current company has a 10-hour shift, 6-day work week, and the work-life balance is quite unhealthy.

The new company is okay with me absconding as long as I provide my payslips and offer letter — they don’t need a relieving letter.


I’m leaning towards taking the new offer and moving on. But I’m worried about whether this will impact my future opportunities, especially since I won’t have a relieving letter or formal resignation history with my current employer.

Has anyone been in a similar situation? Will not having a relieving letter affect me later in my career?

Would really appreciate any advice on how to handle this professionally or whether it’s safe to go ahead.

TL;DR:
Started working during my 7th semester in an EdTech B2C sales job. Got promoted and now earn 4.2 LPA. Got a better B2B SaaS sales offer for 5.5 LPA (with additional bonuses, insurance, cab pickup/drop) with 5-day work week and fixed hours. New company is fine with me joining without a relieving letter. Is it okay to abscond? Will it affect my future?"
AlekhyaDas,Taj Mahal Top Earning Monument Via Ticket Sales From 2020 To 2024: Centre,0,17,0.79,0,1743711250.0,False,t5_2qh1q,
AbhimanyuKRed,"How Nithyananda’s ‘Kailasa’ members grabbed land of indigenous groups in Bolivia, report details",0,54,0.92,0,1743689014.0,False,t5_2qh1q,
mumbaiblues,"Pune Hospital Demands ₹20L Before Treatment, Pregnant Woman Loses Life",0,105,0.98,0,1743676218.0,False,t5_2qh1q,
xperia3310,No sign of India tariff relief as US trade mission ends,0,129,0.92,0,1743668034.0,False,t5_2qh1q,
Complex_Psychology56,What do you thinks about this language politics emerging lately?,0,1,0.54,0,1743762663.0,False,t5_2qh1q,"Latest being, some politicians have said that everyone in Mumbai should speak Marathi. Raj Thackeray, leader of the Maharashtra Navnirman Sena (MNS), warned that those who refuse might get slapped.  
  
 D-Mart employee was slapped and forced to apologize for not speaking Marathi.  [https://youtube.com/shorts/ZD1sO2BlCTU?feature=shared](https://youtube.com/shorts/ZD1sO2BlCTU?feature=shared)

[https://indianexpress.com/article/cities/mumbai/those-refusing-to-speak-marathi-will-get-a-slap-on-their-face-raj-thackeray-9915147/](https://indianexpress.com/article/cities/mumbai/those-refusing-to-speak-marathi-will-get-a-slap-on-their-face-raj-thackeray-9915147/)

Other than this, we have been seeing rise in language related politics in Karanataka and Tamil Nadu for a while now.

Owing to my father's transferable nature of job, I grew up living in different states/cities and loved learning about new cultures and languages(but i'd have never learned it if was forced to do so), however I had never faced such discrimination or hatred before on the basis of language.

Karanataka has less than 10% migrant population, which in no way can dilute their culture or language. It seems some politicians are using language issues to gain local support to gain support by appealing to regional pride, and diverts attention from matters like economic development, education,  healthcare etc"
wannasleepsomemore,Donald Trump announces 26% Tariff on India,0,833,0.97,0,1743629971.0,False,t5_2qh1q,
xperia3310,Half of India has less than ₹3.5 lakh': Financial expert warns India’s next crisis is personal,0,117,0.95,0,1743664509.0,False,t5_2qh1q,
ompossible,Hate Being Born in This Damn Country,0,2714,0.87,0,1743601414.0,False,t5_2qh1q,"Let’s be real. 

This place is a lost cause. Every single day is a fight against some new kind of stupidity. 

The roads are filthy, the system is broken, and the people? Even worse. No civic sense, no empathy, just caste, religion, and money wars 24/7.  

Look at other countries - clean streets, working laws, actual opportunities. Meanwhile, here? If you’re not rich or connected, you’re screwed. 

Corruption is the only rule that works. 

Justice? A joke. 

Education? A business. 

And don’t even get me started on the sexism, caste crap, and everyday racism.  



People say, ""Be the change you want to see."" 
One word - Bullshit. 

One person can’t fix generations of rot. The whole system is designed to keep you down unless you’re born into power. I didn’t choose to be born here. It was just pure bad luck. And now I’m stuck watching my life waste away in this mess while others get to live like actual humans.  

No fake hope. No lies. Just the truth - > some of us are born losers because of where we landed. And there’s no way out. 



Edit 1 - Some of you people are saying that-- this is an AI generated post & I'm just looking for karma points. Are you guys freaking serious? 

If you don't have good writing skills doesn't mean that others are lacking too. And let's leave that topic aside for a couple of minutes. 
Tell me one thing even if it was - Isn't this the actual reality? Every single thing in the post is 100% facts. You guys are just giving me another reason to hate.


Edit 2 - You know what's funny? The moment someone points out real issues in our country, people jump to ""love it or leave it"". 

And this ""go to another country"" nonsense? That's the laziest argument. I criticize because this is my home and I want it better. If your house has a leaking roof, do you move out or try to fix it?

Constant negativity helps no one. But neither does blind patriotism.

WAKE UP ! "
Svenska2023,Sale: Complete Calvin and Hobbes Hardcover – UNOPENED Box set,0,1,0.67,0,1743747607.0,False,t5_2qh1q,"# A pristine, unopened mint condition '[The Complete Calvin and Hobbes' hardcover box set](https://www.amazon.co.uk/Complete-Calvin-Hobbes-v/dp/0740748475/ref=sr_1_2?dib=eyJ2IjoiMSJ9.JTR50Q1VOKYcMiZBxPrBv_ZcB43eFDUjYVgBiOxTTTk0m-3nZWXLE0bjS2yDsSv5msxUmp-E-HJikIrH5ExJEZDly6Gr1amYHR2RpBA_w4-wkVUelZKcQoKUWaRCGmdmI-8KlypvwcYNHR5rMS4NuQYzFRNbi0qyZOqEClKBelHM46LekLRiS2gRpIX_ET1ufAXcmvIcwjp2sBWEsfHmDxYH85b26qaQsnDYMjuG8u0.mrz7s96TqHE-836NvaqU0S4p2k7OkOfLbKlIu2eQyOI&dib_tag=se&keywords=calvin+and+hobbes&qid=1743702463&sr=8-2)- exceptional collector's item. Perfect for collectors and fans alike.  Completely unopened and in flawless, mint condition. Bought from UK for 89.99 Pounds. Selling for Rs 9200.

Beautifully bound stunning hardcovers. This set is a treasure for any fan, a perfect gift, or a valuable addition to any bookshelf.

* **Condition:** Brand new, **still sealed in original packaging**. Mint condition.
* **Includes:** All 3 hardcover volumes of 'The Complete Calvin and Hobbes

**DM for contact details . Location Indore.**

[box set](https://preview.redd.it/gczbig4rgrse1.png?width=1186&format=png&auto=webp&s=ae563ddc44ac658902a79d5122fbca7649ed7f7f)

"
xperia3310,India’s pensions are just 3% of GDP': Retirement strategist says you’re on your own,0,26,0.83,0,1743678385.0,False,t5_2qh1q,
Deb_99,India almost trebles cell manufacturing capacity to 25GW in 12 months to March 2025,0,79,0.93,0,1743658489.0,False,t5_2qh1q,
AlekhyaDas,"In Kunal Kamra case, Navi Mumbai banker had to cut short trip after police served him notice: Report",0,684,0.96,0,1743615318.0,False,t5_2qh1q,
ihatepanipuri,"Pics Show What Clogged Air India Lavatories, Causing Flight To Return To US",0,8,0.8,0,1743699108.0,False,t5_2qh1q,
blade_runner1853,"How BSNL’s Failure To Bill Jio For 10 Years Cost Government ₹1,757 Crore | CAG Report Full Details",0,9,1.0,0,1743700269.0,False,t5_2qh1q,How is this not a scam? We are paying more taxes than these corporates and they are still not even paying the money that they supposed to pay. No discussion on this issue in the media. Think about the interest that will common people would have to pay for delaying the payment.
GL4389,"US slams India's local testing norms, standards for telecom and electronics",0,35,0.82,0,1743669180.0,False,t5_2qh1q,
Exploiter19,IITs: copy-paste kings and the great Indian tech disappointment,0,6,0.75,0,1743703050.0,False,t5_2qh1q,"IITs? Seriously, as a 16 year old I used to think they were like, the ultimate tech Gurus of India but honestly, it's kinda messed up. You grind your brains out, live with all these crazy smart people, and then what? Either you're making a copy of some US startup, or you're just dipping to the States to work for the original company. I thought they were supposed to be the change-makers, not just... copycats. Everyone's just chasing the big packages, same as anyone else.

And the startups? Don't even get me started, man. It's all just clones and recycled ideas. Like, another payment app? Seriously? Or those e-scooters that catch fire? It's like, all that talent, just wasted on this jugaad culture. They act like they're the kings of innovation, but it's just... sad. No wonder we can't build our own AI or anything original. It's like, everyone's either trying to snag an offshore gig, or they're obsessed with getting married on some IIT, IIM site, making their degrees their whole identity.

This country's messed up guys. The politicians, the old-school thinking, the whole 'it'll do' attitude... it's like, no one's actually trying to build anything new. It's all about quick money or getting out. It's just... disappointing."
HindustanTimes,More than 200 Indian flyers stuck in Turkey as Mumbai-bound flight makes emergency landing,0,23,0.93,0,1743674356.0,False,t5_2qh1q,
play3xxx1,"'Graduates working as delivery boys': Startup founder slams top firms for no innovation, says India will remain middle-income country",0,692,0.99,0,1743606952.0,False,t5_2qh1q,
Additional-Battle10,Lok Sabha passes Waqf Amendment Bill,0,232,0.95,0,1743626534.0,False,t5_2qh1q,
HindustanTimes,What is Waqf: Explained in 4 simple points,0,12,0.71,0,1743678821.0,False,t5_2qh1q,
kaisadusht,Wildlife and Ecosystem destroyed by Government of Telangana near University of Hyderabad campus,0,2328,0.99,0,1743578198.0,False,t5_2qh1q,"The ongoing protests at the University of Hyderabad (UoH) center around the Telangana government's decision to clear and auction 400 acres of land in Kancha Gachibowli, adjacent to the university, for the development of an IT park.

Reasons for the Protests:

Environmental Concerns: Students and environmental activists argue that the land is home to over 455 species of flora and fauna, including vulnerable wildlife such as the Indian Star Tortoise. They contend that clearing this area would lead to significant ecological damage.

Ownership Dispute: The university claims that this land was part of the 2,324 acres allotted to it in 1975. However, legal rulings, including a 2022 Telangana High Court judgment and a subsequent Supreme Court decision in 2024, have upheld the state government's ownership due to the absence of a formal deed of conveyance to the university.


Significance of the Land:

The contested 400-acre parcel is considered one of the last green spaces in Hyderabad's rapidly urbanizing landscape. It serves as a crucial ecological zone, supporting biodiversity and acting as a natural lung space for the city.

Current Political Context:

These events are unfolding under the administration of Chief Minister A. Revanth Reddy of the Indian National Congress, who assumed office in December 2024. The government's actions have faced criticism from opposition parties, including the Bharat Rashtra Samithi (BRS) and the Bharatiya Janata Party (BJP), who accuse the administration of environmental negligence.

Primary Beneficiaries:

The Telangana State Industrial Infrastructure Corporation (TGIIC) is overseeing the land's clearance and auction. The primary beneficiaries of this development are expected to be private players from the Information Technology sector, who would acquire the land to establish IT parks and related infrastructure, potentially boosting the state's economy and employment opportunities.

Sources:

https://indianexpress.com/article/cities/hyderabad/telangana-govt-forest-land-cleared-university-hyderabad-students-protest-9916438/

https://www.business-standard.com/india-news/telangana-400-acres-land-auction-hyderabad-central-university-controversy-125040200354_1.html

Video source is IG channel mentioned."
HindustanTimes,"Ratan Tata leaves ₹1 crore to cook, ₹10 lakh to secretary. Key details of his will revealed",0,1436,0.96,0,1743583712.0,False,t5_2qh1q,
indiewire,"One ‘White Lotus’ Scene Was Conspicuously Missing in India, and It’s Part of a Bigger Censorship Issue",0,237,0.95,0,1743614216.0,False,t5_2qh1q,
Low-Building3651,How to Apostille Provisional Degree and Transcript?,0,2,1.0,0,1743704385.0,False,t5_2qh1q,"Going to Europe for masters on a scholarship

Need apostilled degree & transcript by early September for masters university enrollment

Final sem result on 27 July

At best, I'll get the *provisional* degree and full 8 sems transcript by the end of first week of August

College is an NIT


Will I need to apply for degree verification at my university?

Will I need to get provisional degree and transcript notarized? 

Will the Regional Authentication Centre in my state authenticate documents from an NIT (being a central institute)?

Will the degree certificate being provisional cause any issues? 

Can I directly submit authenticated docs to the outsource agencies on the MEA website or is going through a vendor better? 

Lastly, how likely is it that I will get these docs apostilled within August? 

If anyone has had an experience with apostilling documents, please share about the process and the timeline even if it's not directly similar to my case

I'm very stressed as I am turning down a high package placement for this opportunity and will be spending a lot to book the flight tickets and pay the rent and deposit for my accomodation"
fasterwonder,Security guard thrashed by Raj Thackeray's party workers for not knowing Marathi,0,268,0.98,0,1743608314.0,False,t5_2qh1q,
telephonecompany,"2,900 Indians rescued from cyber scam centres in SE Asia, MEA tells Parl panel",0,13,0.83,0,1743657004.0,False,t5_2qh1q,
chilladipa,Goa tourist claims 'taxi mafia' charged him Rs 1600 for trip to restaurant. Netizens have a hard time believing him - The Economic Times,0,611,0.97,0,1743581553.0,False,t5_2qh1q,
traveller-17,Why do some Indian tourists behave so badly abroad causing trouble and giving a bad name to their country?,0,471,0.9,0,1743582855.0,False,t5_2qh1q,"This incident happened to my Thai girlfriend yesterday in Thailand. She went to a pub, and after a while, she noticed some Indian men continuously staring at her. No matter where she went inside the pub, they kept following her with their eyes. They were completely drunk.

She suddenly messaged me, saying, “I’ve never been prejudiced against Indians, usually. I can’t generalize, but I need to vent.” I was confused and asked her what had happened. She replied, “Some Indian guys are threatening me with their words and their eyes.”

She was wearing a dress that most girls typically wear to a pub, and she asked me if it was her fault for dressing that way. When she left the pub and walked onto the street, they continued following her. She was terrified. She was so scared that she didn’t want to cut the call and insisted on talking to me until she reached home safely.

But then, suddenly, those men came closer, hurled abuses at her, and even tried to grab her arm. Thankfully, someone nearby stepped in to help, and the guys left.

I felt deeply ashamed as an Indian after hearing all this. I couldn’t do anything to help her because I wasn’t there. I asked her to file a police report.

I have already faced racism when I was in Bangkok, and incidents like these only make things worse. Why do some Indians feel the need to tarnish their country’s reputation? Why don’t they remember that they are in a foreign land?"
Liberated_Wisemonk,"Government loses ₹1,757 crore as BSNL fails to bill Reliance Jio for sharing infra: CAG",0,57,0.93,0,1743621820.0,False,t5_2qh1q,
pranagrapher,"Meet the 8-year-old girl who ran with books during demolition in UP, caught Supreme Court’s attention",0,880,0.97,0,1743568720.0,False,t5_2qh1q,
Distinct_Inspector07,Should we start shaming shops and give them one star on Google Maps that dump their waste on road?,0,454,0.99,0,1743580215.0,False,t5_2qh1q,"These shops look all fancy, luxurious, and clean from the inside. But step outside, and you’ll see piles of waste dumped right on the road in front of their stores. It’s like they only bother keeping their own shop tidy and don’t care about the mess they leave outside for everyone else. I’ve clicked a few photos of this rubbish, and I’m seriously thinking of starting a mission – taking pics of such shops, posting them on their Google Maps, and giving them a one-star review. I’ feel conflicted about it, but I feel something needs to be done. What do you think – should I do it? Would you do it?

I see garbage collectors working and cleaning every few days. They come, sweep it all up, very good job. So I can’t even say the government or anyone higher didn’t do their part. But these shops? Next day, they bring the trash dump back like nothing happened! What’s the point of cleaning if they’re just going to dirty it again? The roads outside turn into garbage dumps and then they expect us to walk in and shop like it’s all okay. Hypocrisy level 100! If these shop owners won’t clean up their act, maybe shaming them with bad reviews will wake them up. Or at least make them think twice. What’s your take?"
IAlsoChooseHisWife,An Unceremonious End to Modi’s Smart Cities Mission,0,140,0.96,0,1743602568.0,False,t5_2qh1q,
dilip2882,"BYD denies Hyderabad EV plant plans, calls investment reports 'untrue'",0,70,0.96,0,1743612790.0,False,t5_2qh1q,
opinion_discarder,How the attacks on Kunal Kamra undermine the freedoms of all Indians,0,656,0.92,0,1743568586.0,False,t5_2qh1q,"Kamra’s shows in recent times have all reflected upon the uncertain status of comedy, and therefore speech, in India. What stands out in the new show is a marked shift in tone. At the end of the set Kamra pulls out a copy of the Constitution and stakes his right to speak upon it.

When the Shinde Sena ransacked the venue in which Kamra performed, the act of vandalism was a warning to others. Journalists and legal commentators use the phrase “chilling effect” as shorthand to describe this relationship between fear and speech.

The author Gautam Bhatia has defined it as “a practice of self-censorship that citizens engage in to avoid being penalised for illegal speech”. If we expand this notion to include the self-censorship people engage in to avoid extrajudicial mob violence, our picture of the suppressive effect of fear on speech is complete.

What does it mean for freedom, not just of speech, but freedom writ large that this chilling effect is now not the exception but the rule in India? Part of the problem lies in the selective application of state power. Minorities, Muslims in particular, are targeted. The average middle-class Hindu may assume that the most draconian laws are reserved for people more marginal than him. In his mind his freedom remains untouched.

"
lazystrugglinghacker,Need Help: Central Bank of India's Branch Manager Refusing to Consider Education Loan OTS Despite Financial Hardship,0,5,0.86,0,1743663857.0,False,t5_2qh1q,"Hi everyone,

I’m posting this to seek help and legal advice regarding my ongoing struggle with Central Bank of India over an education loan settlement.

 Background:

I took an education loan of ₹7.5 lakh from Central Bank of India.

Loan Account Number: 404452351-1

The co-borrower/guarantor is my mother (Mrs. Savita Choudhry).

I completed my graduation in 2023, but due to circumstances, I’m still unemployed and have no stable source of income.


 What I Did:

1. I sent multiple formal emails to the branch requesting a One-Time Settlement (OTS).


2. I explained my financial condition in detail and proposed to pay ₹2.5 lakh as a final settlement, which is the maximum I can arrange.


3. I also requested a No Objection Certificate (NOC) upon successful settlement.


What the Bank Did:

They ignored my OTS request completely.

Instead, they sent a generic response saying the account is overdue by ₹50,000 and is about to become NPA.

They stated the total payable is ₹7.27 lakh and insisted I pay immediately — no reference to OTS at all.

They mentioned reminders via calls and WhatsApp, which is true — but my intention is not to avoid repayment, I’m simply unable to pay the full amount.


Additional Concern:

My mother is the guarantor, and I’m extremely worried about how this will affect her credit, mental health, and financial reputation.

I have no property or assets, and this debt is hanging like a sword over our heads.


 What I’m Looking For:

Has anyone here successfully settled an education loan via OTS with Central Bank of India?

What legal or procedural steps should I take now?

Should I approach the RBI Ombudsman? Or send a legal notice?


This is my last honest attempt to resolve things peacefully. I am willing to pay the settled amount immediately if given a chance.

Any help, experience, or advice would mean a lot.

Thanks"
ghurye,"God’s own country is high on MDMA. Kerala school, college students flood rehabs",0,308,0.93,0,1743581104.0,False,t5_2qh1q,
AllIsEvanescent,Punitive or a gift? How five big economies see new Trump tariffs,0,1,0.67,0,1743692974.0,False,t5_2qh1q,
lordatlas,"Zomato sacks 500 employees ‘identified as faulty’ by AI, were told to leave with a smile",0,287,0.98,0,1743579581.0,False,t5_2qh1q,
Junior-Calendar-2914,"Govt loses Rs 1,757 cr as BSNL fails to bill Reliance Jio for sharing infra: CAG",0,941,0.99,0,1743554963.0,False,t5_2qh1q,
bhodrolok,"₹12,06,92,00,00,000— What Indian government owes on sovereign gold bonds",0,159,0.98,0,1743586955.0,False,t5_2qh1q,
bloomberg,India VIX Signals Calm Before Possible Storm Due to Trump's Reciprocal Tariffs,0,6,0.73,0,1743649896.0,False,t5_2qh1q,
sliceoflife_daisuki,"Bhubaneswar: KIIT Student Found Dead Under Mysterious Circumstances, Second Case In Two Months",0,167,0.99,0,1743581626.0,False,t5_2qh1q,
too_poor_to_emigrate,Bihar IAS Officer Sanjeev Hans Case: ED Seizes Over Rs 11 Crore in Raids Across Patna,0,53,0.98,0,1743602140.0,False,t5_2qh1q,
Ok-Air3917,(somewhat) Investigating into shady stuff with UPI apps,0,0,0.4,0,1743700346.0,False,t5_2qh1q,"Hi there folks, I'll try to keep this short:  
  
I use BHIM as my UPI app, which is linked to my bank account (i.e, SBI in my case). Things are pretty much smooth for most part, that is until when it comes to receiving payments. What I've noticed in the past 4 months is that whenever some people were trying to send me money via UPI, they got hit with a transaction limit of ₹2k per transaction. I've checked with them, and it's not some kind of payment limit(s) in their bank accounts and/or the UPI app, nor that they were hitting the ₹100k per day limit (which is set by NPCI), nor that it's an issue with my bank account (for it is a self-operated savings account and I've checked multiple times to ensure that there's nothing wrong in my end).

To the regular folks, I want to know if it's something that has happened with you, be it once or quite often.  
  
To anyone working in banking/fintech, I'm keen on knowing what makes the UPI apps impose what seems to be a shadow restriction with no transparency whatsoever.

My discoveries so far (I'll update this as I keep finding more info):  
  
\- This is not an issue with my bank  
\- This is not an issue with my UPI app either  
\- It could be an app specific issue for one or more apps. (More info on this, most of the time these limits are coming from PhonePe and GPay, although it's also that I receive payments from these very apps for amounts >₹2k, so it's happening at random)

P.S: Don't just reply saying ""Oh, it could be because they flagged your account for suspicious behaviour"", unless you \*really\* know about it in-depth and share insights into that."
No-Dependent-3923,"I think 'waqf' will be good for long term wealth creation but feel guilty, like we're stealing it from a minority group",0,0,0.17,0,1743703037.0,False,t5_2qh1q,"Reclassification of Historic Properties

With the elimination of ""waqf by user"" (recognition based on longstanding community use), many historic mosques, graveyards, and shrines lacking formal deeds—estimated at 50% of all waqf properties—could be declared ""disputed"" or ""government land"" by district collectors. For example:

A 200-year-old village mosque without a deed could be seized if a Hindu group claims it was built over a temple ruin.

Agricultural waqf land sustaining local Muslim farmers might be reclassified as state property for infrastructure projects.



Accelerated Encroachments

The bill’s shift of authority from Waqf Tribunals to district-level officers (often politically aligned IAS officers) enables:

Fast-tracked demolition of properties under the guise of ""urban development,"" mirroring recent JCB-led demolitions in BJP-ruled states.

Legal paralysis, as disputes move to overburdened civil courts instead of specialized tribunals.



Economic Exploitation

Non-Muslim businessmen could exploit ambiguities in the bill to:

Acquire prime commercial waqf properties (e.g., shops, markets) through collusion with local officials, citing ""public interest"".

Redirect income from waqf-owned rental properties to non-charitable ventures under revised management boards.



Cultural Erasure

Heritage sites like Delhi’s Fatehpuri Masjid or Hyderabad’s historic cemeteries could face ""revised ownership"" investigations, enabling state-backed redevelopment into hotels or malls.

Loss of community assets like madrasas and shelters, disproportionately affecting low-income Muslims reliant on these services.



Consequences

Financial Impact: ₹1.2 lakh crore ($14.4 billion) in waqf assets could gradually transfer to private developers or state entities, depriving Muslim communities of self-sustaining revenue streams.

Social Fragmentation: Protests against land seizures could escalate communal tensions, while legal battles drain community resources.

Precedent Setting: Similar amendments could later target Sikh gurdwaras or Christian trusts, normalizing state control over minority endowments.



This scenario aligns with documented patterns of state-enabled land grabs targeting marginalized groups, as seen in forest dweller evictions and recent bulldozer-driven demolitions of Muslim properties. The bill’s framing as ""transparency reform"" masks its potential to irreversibly alter India’s socio-religious landscape."
sidroy81,EXCLUSIVE: Complete list of 24 cuts imposed by CBFC in L2 Empuraan after controversy; 2002 reference removed; Baba Bajrangi’s name changed to Baldev,0,14,0.94,0,1743625598.0,False,t5_2qh1q,
CapableEquivalent892,Sign petition to halt deforestation in Telangana!,0,136,0.95,0,1743578112.0,False,t5_2qh1q,Pls everyone sign this petition to halt the mass deforestation taking place in Telangana.
APnews,Italy's biggest union joins prosecution of farm owner over death of Indian migrant worker,0,108,0.96,0,1743582192.0,False,t5_2qh1q,
bloombergopinion,Tariff Shocker Can Be India’s Chance at Trade Reform,0,3,0.6,0,1743643745.0,False,t5_2qh1q,
Chai_Lijiye,India Won the World Cup after 28 years on this day in 2011.,0,975,0.96,0,1743532801.0,False,t5_2qh1q,
-mouth4war-,"13.86 Lakh Registered Allopathic Doctors, 7.51 Lakh Practitioners In AYUSH System: Centre",0,6,0.73,0,1743628616.0,False,t5_2qh1q,51-lakh-i
sidroy81,Dolby set to launch Dolby Cinema in India with six new premium theatres,0,9,0.84,0,1743625985.0,False,t5_2qh1q,
harge_eqel,Worst behaviour by TTR in Chennai(Rant),0,11,0.76,0,1743617428.0,False,t5_2qh1q,"My girlfriend 24F was travelling alone from Chennai to Tirunelveli in Nellai express. As she is working in Accenture, they have weekly one day work from office policy. So she travels every week from home to Chennai and travel back to home town on the same day. We had a chat on the afternoon. She said she was overloaded with work so she was not able to talk to me properly. At the end of the day she was exhausted already. But still she has to travel to the station and catch the train. She went on time to the station in office bus. She boarded the train and she was scrolling through the phone. Suddenly the TTR appeared and asked her ""Are you studying?"" She said no. Then he asked ""Are you working then?"" She said yes. Then he asked ""What's your age?"" Yes he really asked this. She replied that she's 24. Then he went on saying ""Don't you know How to sit in a public place? Is this how you sit in your office? Tell me?(3 times) Do you know how many people travel in the train? You are sitting like you are in your house"" Yes he really said that.

Then she looked down and tried to find what's wrong with her posture or dress. But everything looks fine to her. She started crying. She called me and cried. She cried saying that her dress was not even misplaced or awkward. I replied Even if your dress is misplaced or awkward it's not her issue. It's in the eyes of whoever is seeing. There is no such thing as awkward.

As far as I know TTR's only job is to check if the passengers appear or not. I don't think this kind of so called social service and advice service is included in his paycheck.

Does he look at her wife and kids the same way everyday? Checking is there any gap in their dress and ask them disgusting questions like this?

Only I know how exhausted she was. He just got on the train. Gave her some boomer advice, ruined her mood and vanished. I have asked her to raise counter questions in such questions in future. And told her that she didn't do anything wrong."
Scaryjacker134,Lack of basic civic sense,0,18,0.85,0,1743603880.0,False,t5_2qh1q,"Location - Manikpur, DIST - Bongaigaon, Assam

These people have enough parking space to park their vehicle without delivering trouble to people but no they act like they own this street. Never bring a thought that did i park properly ? 

Plus they should be heavily fined. But i rarely see police patrolling in my locality. Lil bit of trash you can observe too , Panchayat doesn't give a damn about Bringing garbage pickup service. 

Image 1 : enough space for parking but bro has to park right there and went to ATM 

image 2 : where should a pedestrian walk ? A retarded has covered the whole footpath. Even though there's parking space 

Image 3: same issue as like image 2

Thank you , please correct me if im wrong somewhere here ! "
bssgopi,Kunal Kamra's recent post raises a deep concern about the state of affairs,0,4425,0.94,0,1743495657.0,False,t5_2qh1q,Source - https://x.com/kunalkamra88/status/1906981688837882046
VCardBGone,Overseas Indians send home record $129.4 billion in 2024; remittances cross $100 billion for 3rd consecutive year,0,172,0.96,0,1743555606.0,False,t5_2qh1q,"Overseas Indians send home record $129.4 billion in 2024; remittances cross $100 billion for 3rd consecutive year
 https://timesofindia.indiatimes.com/business/india-business/overseas-indians-send-home-record-129-4-billion-in-2024-remittances-cross-100-billion-for-3rd-consecutive-year/articleshow/119851568.cms
"
ShowOk417,Got a human nail out of kwality walls ice cream tub,0,8,1.0,0,1743615804.0,False,t5_2qh1q,"Hey guys, this happened just 10 mins ago. After dinner I had just opened a fresh new tub of Kwality Walls Ice Cream Mango flavour tub. Took 3 scoops of ice cream and began eating. Suddenly just after 2 bites I felt something in my mouth, my first thought was it must be pista? or something?? But thankfully I dont know how but I took it out and was shocked to see an outgrown full human nail, (the part that we cut off that grows, Hope you got it). I showed it to my father and immediately went to rinse my mouth, god knows what all germs that nail had. he threw it immediately and told me to throw the ice cream. 

I'm very pissed and honestly very shocked too. Is this the neatness that such huge big shot companies follows when it comes to preparing edible items. I keep on recalling the human finger, etc found in other products and its honestly infuriating. 

I legit want to sue them or something, idk what but it is just not done. Why am I buying 200 rs ice cream and not 10 rs when I am not getting any fucking Standard just a brand logo?????? Very fuckign upset man

"
HeadBusiness3601,"Siddaramaiah writes to Maharashtra CM Fadnavis, seeks 3 tmc ft of water for North Karnataka districts",0,9,0.92,0,1743610633.0,False,t5_2qh1q,
babubahadur,"BSNL Lost Rs1,757 Crore by Not Billing Reliance Jio for 10 Years: CAG",0,1,1.0,0,1743653744.0,False,t5_2qh1q,"So, BSNL just forgot to bill Reliance Jio ₹1,757 crore for 10 years? And we’re supposed to believe this was just a clerical error? No, this is yet another example of how crony capitalism is thriving in India while small businesses—the real job creators—are left to rot.

The government has systematically killed BSNL, an entity that could have been a strong public sector competitor, just to ensure private telecom giants (read: Reliance) thrive. Small businesses? MSMEs? Farmers? They get scraps, endless paperwork, and harassment from tax authorities. But when it’s Reliance, suddenly, there’s a decade-long ""oversight,"" and nobody blinks?

This is the same Reliance that throws ₹1,000 crore weddings for their kids while the middle class struggles with inflation and job insecurity. The same Reliance that gets every policy tweaked in its favor while the government pretends to be pro-business.

Make no mistake—this isn’t capitalism. It’s a rigged system where taxpayer money is funneled into billionaire pockets, all while the common man is fed dreams of a ""Viksit Bharat."" This country is turning into an oligarchy, and the worst part? We’re the ones paying for it.
"
one_brown_jedi,Waste tyre review after BBC reveals millions sent to Indian furnaces,0,11,0.93,0,1743606223.0,False,t5_2qh1q,
opinion_discarder,'Shock Our Conscience': What the Supreme Court Said Against Illegal Bulldozing of Houses in UP,0,39,0.94,0,1743582099.0,False,t5_2qh1q,"New Delhi: In a scathing judgement on April 1, the Supreme Court directed the Prayagraj Development Authority in Uttar Pradesh to pay Rs. 10 lakh to six people whose houses were illegally demolished.

The judgement comes at a time when the Uttar Pradesh government under chief minister Adityanath has been defending 'bulldozer justice' - the authorities' stance of demolishing the property of usually Muslim people accused of crimes.

The Wire had earlier reported on how one of the demolished houses belonged to a retired Urdu professor Ali Ahmed Fatmi. The harsh action hurt Fatmi financially and socially destabilised him, the report had said. ""I cannot even bear to look at it,"" he had told The Wire.


Prayagraj administration also demolished his daughter Naila Fatmi's house as well as adjoining properties of lawyer Zulfiquar Haider and two others."
dilip2882,"Pakistan army crosses Line of Control and fires at posts, India retaliates",0,36,0.95,0,1743580800.0,False,t5_2qh1q,
sherlock31,How disputed ‘forest’ patch has put Hyderabad university students on the warpath against Revanth govt,0,33,1.0,0,1743581114.0,False,t5_2qh1q,
ZenMasterZee,Man allegedly rapes 25-year-old German tourist on pretext of showing her around Hyderabad,0,875,0.96,0,1743511769.0,False,t5_2qh1q,
rishianand,"Five Years After Riots, Court Orders First FIR Against BJP's Kapil Mishra, Now Delhi's Law Minister",0,358,0.96,0,1743524560.0,False,t5_2qh1q,
AlekhyaDas,Police issue notices to audience members who attended Kunal Kamra’s show: Report,0,132,0.98,0,1743542923.0,False,t5_2qh1q,
NewMeNewWorld,"Exclusive: India backs EV tariff cuts for Trump trade deal, defying autos lobby, sources say",0,8,0.78,0,1743602042.0,False,t5_2qh1q,
freddledgruntbugly,Delhi High Court orders Wikipedia to takedown defamatory edits on ANI page,0,28,0.97,0,1743571667.0,False,t5_2qh1q,
His_Highness_Abdulla,Explosion inside mosque in Beed; 2 arrested; probe underway,0,178,0.92,0,1743534615.0,False,t5_2qh1q,
Live_Ostrich_6668,"Can someone explain why the lawsuit against Sci-Hub was filed in India, specifically?",0,48,0.97,0,1743556816.0,False,t5_2qh1q,"For those out of the loop, Sci-Hub is a website that provides free access to millions of research papers and articles that are usually locked behind paywalls. It was started in 2011 by Alexandra Elbakyan, a student from Kazakhstan, who now lives in Russia.

Now cut to December 2020, three big academic publishers—Elsevier, Wiley, and the American Chemical Society—sued Sci-Hub and LibGen in the Delhi High Court by filing a 'copyright infringement' lawsuit against them. The court then asked it to pause any new uploads, and the website has been inactive since then. There have been multiple hearings since then, but the case keeps on dragging with hopes dwindling for a verdict anytime soon.

Now the question is, was this exactly the kind of outcome that the publishers were trying to achieve? If yes, then why did they selected India? Why not any other country?

Lastly and most importantly, why did Alexandra even chose to comply? 

From Sci-Hub's wiki page:

>In order to have a *better chance of winning* a lawsuit presented against her and Sci-Hub by Elsevier in India, Elbakyan complied with a preliminary injunction issued by an Indian court, and suspended in 2021 upload of new publications, except for some batch releases of content.

https://en.m.wikipedia.org/wiki/Sci-Hub

So it seems like both the founder and the publishers thought they had a 'better chance of winning' in India, which is quite baffling and incomprehensible.

What are your thoughts on the whole issue, and what do you think is going to be most likely outcome in this battle?


"
apocalypse31a5,Director Sanoj Mishra Arrested: Delhi Police Arrest Director Sanoj Mishra for Assault Rape Causing Miscarriage | Sanoj Mishra Case,0,16,1.0,0,1743576434.0,False,t5_2qh1q,"> According to the police, on March 6, the complainant registered a First Information Report (FIR) at Nabi Karim police station in Central Delhi under sections of rape, assault, causing miscarriage, and threatening.

> The police said that, as per the complaint, the accused was in a live-in relationship with the complainant in Mumbai for the past four years. She alleged that she was forced to undergo abortion thrice."
Fun_Lettuce38,Pristyn Care wants to write a new story. But will it work?,0,2,1.0,0,1743613413.0,False,t5_2qh1q,
Repulsive_Actuary856,Banglore Biggest SCAM IS COLIVE,0,770,0.99,0,1743494372.0,False,t5_2qh1q,"We recently booked a Colive PG after being assured that we would be provided with the exact room we had seen during our visit. Everything seemed fine at first, and based on their promises, we proceeded with the booking. However, as soon as the payment was made, things took a turn for the worse.

When we arrived at the property, we were shocked to find that the room we were promised was not available. Instead, they tried to push us into a completely different room, which was nowhere near what we had agreed upon. Naturally, we reached out to the property manager, only to be met with complete indifference. His response? “It’s not my responsibility.”

Feeling frustrated, we tried contacting Colive’s customer service. And that’s where things got even worse. We’ve been on hold for over three hours, and not a single person is answering our calls. No follow-ups, no responses—just absolute silence from their end.

At this point, it’s clear that Colive is running a scam, making false promises to get people to book and then completely ghosting them when issues arise. Has anyone else faced this issue with them? If so, how did you manage to resolve it?

To anyone considering booking a Colive PG—think twice before trusting their words. You might end up in the same situation as us, dealing with a company that takes your money and then refuses to take responsibility."
puddi_tat,"Supreme Court Slams UP Govt Over ""Inhuman & Illegal"" Prayagraj Demolitions",0,268,0.95,0,1743513223.0,False,t5_2qh1q,
love_humanity,"First Indian to Circumnavigate Globe on Motorbike, Now Leads Largest Photography Expedition to Capture Million Portraits.",0,9,1.0,0,1743576492.0,False,t5_2qh1q,
margazi_perumal_20,Police issue notices to audience members who attended Kunal Kamra’s show: Report,0,823,0.97,0,1743487908.0,False,t5_2qh1q,
sukh345,Saur Mandal mein Tim Tim - DD Film from the 80's & 90's,0,5,1.0,0,1743587953.0,False,t5_2qh1q,"This what India Needs Nowadays. Back in the days National Tv was trying to make India a better place for every religion.
But
nowadays our media is trying to divide everything."
Shinichi20,Freelancer and gig workers help me out with this survey,0,0,0.5,0,1743614924.0,False,t5_2qh1q,"Hello!

We would be incredibly grateful if you could spare a few minutes to share your thoughts and experiences as a gig worker. Your insights are valuable in helping us understand the challenges and opportunities in the gig economy.

Would you kindly take our quick 5-minute survey: https://forms.gle/oSqTNR35K4EQ4PRd8
Your input will help us advocate for policies that support gig workers like you. We appreciate your time and consideration.

Thank you so much!

Best regards"
thefirstblacksheep,Survey on Men’s mental health,0,4,0.75,0,1743585396.0,False,t5_2qh1q,"Hey everyone!

We are group of 3 from National Institute of Design(NID) working on a project about Men’s Mental Health.  

Expectations, stigma, and responsibilities shape how men navigate life from childhood to old age. And let’s be honest, “just man up” isn’t always the answer.

Got thoughts or experiences? Share them with us! Your voice matters. 💙  
"
HindustanTimes,Chandigarh cop suspended after wife’s viral dance reel at Gurdwara Chowk,0,262,0.96,0,1743498830.0,False,t5_2qh1q,
sleepless-deadman,"Supreme Court slams Uttar Pradesh government over 'inhuman and illegal' demolition in Prayagraj, orders 10L compensation for each house",0,217,0.96,0,1743499294.0,False,t5_2qh1q,
Ok-Date-1711,"Why are monks protesting at Bodh Gaya, Buddhism's holiest site, in Bihar?",0,49,0.87,0,1743524769.0,False,t5_2qh1q,
xperia3310,India’s middle class is 'borrowing to survive': Marcellus' Saurabh Mukherjea sounds the alarm,0,1,0.56,0,1743600945.0,False,t5_2qh1q,
bhodrolok,50 acres of forest cleared off overnight”: HCU students as deforestation of 400-acre Kancha Gachibowli land begins,0,436,0.99,0,1743481369.0,False,t5_2qh1q,
Alarming-Class-4089,"Patiala: Auto driver rapes, impregnates 12-year-old; arrested",0,451,0.97,0,1743480607.0,False,t5_2qh1q,
HindustanTimes,"Nagpur woman hacks husband's WhatsApp after porn-like activity demands, finds shocking sex abuse history",0,179,0.95,0,1743498320.0,False,t5_2qh1q,
sundews_salt,"Plz Help me (20m)complete my education, father got hospitalized and got 12l bill",0,118,0.92,0,1743504788.0,False,t5_2qh1q,"
I am reaching out with a humble request for financial assistance to complete my B.Tech in Computer Science Engineering. Over the past two years, my family has faced severe financial difficulties due to my father’s critical health conditions. He suffered a brain hemorrhage, multiple strokes, and a coma, and now both of his kidneys function at only 10%. He also has diabetes and thyroid issues. During this time, he had to undergo multiple surgeries, which were physically and emotionally challenging for us.
While we stayed strong and managed to overcome many challenges, the medical expenses amounted to nearly ₹12 lakh, which we covered through savings and borrowed funds.
Family is asking me to return back and help in farming and are also not allowing for another loan as our home construction in Bilaspur, Chhattisgarh, is ongoing with a home loan, adding to our financial burden.
Despite these hardships, I am determined to complete my education so that I can support my family in the future. However, due to our financial situation, I am struggling to pay for my remaining studies. I plan to use the funds raised to pay my semester fees, which will allow me to continue my education without interruptions.

I just want 1 year time to save enough money for 4 year fee but my college will not allow me to sit for mid term if I will not pay my fee

Any contribution, will make a significant difference in helping me achieve this goal.
I will forever be grateful for your kindness and support.

https://m-lp.co/ashutosh-122?utm_medium=whatsapp_status_message&utm_source=app

I am open for any question and more details 
I have uploaded all details in my milaap page 

Thank you 
"
dheerajdeekay,Chennai Poromboke Paadal ft. TM Krishna,0,3,0.8,0,1743575526.0,False,t5_2qh1q,
True-Honeydew4439,I can't tell if my therapist is good or harmful,0,15,0.83,0,1743533670.0,True,t5_2qh1q,"TW: MENTIONS OF S3LF H@RM 

so l've never had any experience with therapy
and this was my first time contacting a
psychologist. it was an online session and she
took the payment before the session started

i started off with saying that I have concentration issues and that I have suicidal thoughts. she then proceeded to ask me about my childhood, my family, financial condition and some questions about what made me feel neglected and all. she asked me about my education and what I wanna do in the future and it led to me talking about how my father has been investing in my education. she started talking about how most fathers in India don't usually do this for their children and hence he apparently loves me very dearly.

Now what made me feel deeply judged and
kinda uneasy is that she kept telling me how
my dad loves me dearly even though most of
my issues are because of my dad himself. she
said it almost 4-5 times (note: I didn't mention
much or rather didn't get a chance to discuss
what he does that bothers me and ended up
just talking about his devotion towards my
education mostly).

she also told me how I have nothing much going on in my life to be ""this level of
depressed.""' She also proceeded to laugh after
I said that l've always wanted to dissapear
since my childhood but in a painless way (I also mentioned that now I became less scared of going through pain as i continued to grow). She then told me with a smile ""See if you sl!t your wrist, jump from a building or try any other way of k!ll!ng yourself, then it's bound to hurt and hence a stupid thought and a stupid act. More over if your attempt fails then you'll have to go through major embarassment and that's why it's all stupid to do something like that""

This kinda ticked me off because l've always
heard about not saying something as
dismissive as this to a suicidal person but
then again I'm not a doctor so who knows. I
also mentioned about me not being able to
concentrate and she didn't pay much attention
to that. she just talked mostly about my
childhood and my depression and suicidal
thoughts. She gave me few assignments to do
like walking regularly, physical excercise,
journaling and separating rice from daal
after mixing them together for helping me with concentration.

i just want to know if this is an okay thing for a
therapy session and whether or not i need to
change my doctor. Though this was our first session. She asked me to see her again after 10-15 days after I've done all the assignments she gave me. 
"
rishianand,"Waqf Amendment Bill: One Nation, Two Standards",0,0,0.4,0,1743642962.0,False,t5_2qh1q,"Yesterday, Lok Sabha passed the Waqf (Amendment) Bill, with the Government hailing it as “historic” and a legislation for the poor and the backward Muslims.

The Modi Government's sudden concern for the poor Muslims aside, the bill has some strange provisions, which seeks to create two systems of laws in India.

At the outset, it is important to note that Waqf is a form of charity in Islam, where people can donate property in the name of the God. These properties are used for schools, colleges, universities, hospitals, orphanages, apart from mosques and graveyards. These properties are managed by the Waqf board whose members are appointed by the Government. The Waqf board is not a single entity, there are 32 Waqf boards at the national and the state levels.

Waqf has been practiced in India for over 600 years. It was first codified into law in 1923 during British rule. Later it was superseded by the Waqf Act, 1954, which was amended in 1995.

According to the Government of India, India has 8.7 lakh registered Waqf properties. However, 7% of it is encroached, 2% are under litigation and the status of 50% is unknown.

Waqf has been a subject of intense political and media propaganda, to portray it as an all-powerful body which can seize anyone's land. The Waqf (Amendment) Bill, 2025 is built on these narratives.

**The Bill changes the composition of the Waqf Boards to include non-Muslim members.**

While the Waqf Act, 1995 had provisions to include non-Muslim members in the Waqf board, the 2024 act mandates it. 

While at the same time, It is important to note that non-Hindu members cannot become members of institutions government Hindu endowments.

**The Bill limits creation of waqf to only people professing Islam for at least five years.**

Earlier, any person could donate property to Waqf. 

However, the new amendment begs the question, if non-Muslims cannot donate to Waqf, why are they mandated to administer these properties?

**The Bill states that all the government property identified as waqf will cease to be waqf.**

The Sachar Committee had found that many waqf property had been encroached upon, some even by the Government.

The new amendment states that all these property would cease to be waqf, and its ownership will be determined by a state officer.

At the same time, it is important to note that there are thousands of temples built upon encroached land in India, many on the government property. 

Will the Government bring a law to free all these lands.

**The Bill changes the composition of the waqf tribunals**

While earlier the Waqf tribunal included a judge, a state officer, and an expert in Muslim law, the new amendment removed the third. Now, the tribunal will have no experts in Muslim personal law.

**The Bill curtails the powers of the tribunals**

While earlier, the decision of the tribunal was deemed final, it could be challenged in the court by the aggrieved party or through the court's cognizance.

The amendment removes the section 40 of the Waqf Act, making the decision of the tribunal as non-final.

While this amendment has been celebrated by the Government, it leaves the waqf tribunal as an anomaly. The tribunals decisions, formed under various laws, are supposed to be final.

The amendment has at the same time changed the composition of the tribunal and then made it pointless.

**While the Waqf (Amendment) Act creates a highly regulated and government appointed body (which will mandatorily include non-Muslims) to control Muslim endowments, on the other hand Hindu endowments will continue run exclusively by Hindus. Hindus are permitted to administer even Waqf, Buddhist temples, and other non-Hindu bodies. Hindu temples continue to encroach on private and public lands. The Waqf Act creates one nation, two standards, for different religions.**

Must watch, Ravish Kumar's report https://www.youtube.com/watch?v=_SFhPK4l9_8

Opposition leader's speech in the Parliament https://imginn.com/p/DH87JxtT4C_

Waqf Amendment Act https://prsindia.org/billtrack/the-waqf-amendment-bill-2024

Waqf Amendment Bill: A Bill Based On Fictions And Falsehoods
https://np.reddit.com/r/IndianSocialists/comments/1jpfhdg/waqf_amendment_bill_a_bill_based_on_fictions_and/

"
OkExperience9061,I am extremely su*Cid*l and don't know what to do. Please help.,0,323,0.89,0,1743472254.0,False,t5_2qh1q,"I am 21 M. My life has become a hell.

I was living my best life in my teenage years in Gujarat where my father worked as gold worker and was making enough.

But few years back, everything turned upside down.

My father quit the job and settled in our hometown to spend time here, but his employer after 3 months,filed a fake 420, and theft case against my father for 38 lacs rupees. He was arrested from our home town by Gujarat police.

We were not super rich, but still hired a lawyer by taking loans from banks and sharks. After 2 months, my father got bail and we have to pay bail bond worth 20k too.

Since the case was inter-state, we have to travel from our home town to Gujarat every month which drained half our income. We live in west bengal.

Currently, we are in 4.5 lacs in debt, and unable to pay. We are fighting with banks but loan sharks are harrassing us more.

Even our lawyer who was fighting our case, told us to pay more fees or he will drop the case. Now we paid all her fees but we don't have more money to hire another lawyer.

The lawyer told us that even warrants will be issued, as our lawyer didn't went to court last date as we were unable to pay, and since we stay 2500+ km away, we can't go too last moment.

My father now works as a copper jewellery manufacturer and I also work there. But our combined income is around 30k which is not getting us by. We are a family of 4, hardly able to stay afloat.

First we have so much debt, then we are going to get warrant means case is ruined too, and now sharks are demanding we pay 25k till tomorrow only and then they will give us other time. But if we will not, they will bring gundas.

We don't have any money left after buying food and paying EMIs. 

I don't know what I can do now? I am being s*icid*l now as I think my life is beyong repair. 

It is not possible for me to arrange 25k till tomorrow, in fact I am thinking to end it today.

Sorry. I was just writing my heart out here as I have no one to share my story with.
"
FlyingScript,"This Eid, BJP Has Perfected the Use of the State Apparatus to Restrict Muslims",0,174,0.8,0,1743483883.0,False,t5_2qh1q,
Acceptable-Prior-504,How Live-Streaming Apps (such as Tango) Manipulate Gullible Men,0,5,0.78,0,1743551679.0,False,t5_2qh1q,"TL;DR

Disillusioned with dating apps like Bumble, Hinge, and Tinder, many young men in India (and worldwide) are turning to live-streaming platforms like Tango. While some use these apps for entertainment, others hope to secure a date or a fling. However, most end up losing significant amounts of money without any real success.

These platforms manipulate users by fostering artificial competition, where high-spending “gifters”—who are often not real users—pressure others into spending more. Broadcasters engage just enough to keep users hooked but rarely deliver on their implied promises. The end result? Men spend tens of thousands (or more) chasing an illusion, only to realize too late that they’ve been played.

⸻

How Live-Streaming Apps Manipulate Gullible Men

Disappointed with traditional dating apps, many young men in India and beyond are turning to live-streaming platforms like Tango. Some are simply there for entertainment—watching paid performances by broadcasters—while others nurture hopes of forming a romantic connection or securing a fling. Unfortunately, in most cases, these men end up losing a significant amount of money without ever achieving their desired outcome.

Here’s how the cycle unfolds:

	1.	The Hook — 

You come across a woman on social media, develop a crush on her, and discover that she streams live on a platform like Tango. The possibility of interacting with her excites you, so you join her broadcast and start sending small virtual gifts. She acknowledges your presence and engages with you, making you feel special.

	2.	The Escalation — 

As she interacts more, she assesses your level of interest—whether it’s romantic or purely physical. She plays along accordingly, sometimes engaging in suggestive conversations. However, these exchanges typically move to private chats, as she must maintain her “good girl” image in public broadcasts. By this point, you’re hooked, enjoying the undivided attention you’re receiving.

	3.	The Competition —

Then, another user suddenly enters the scene, showering her with lavish gifts worth tens of thousands to even lakhs of rupees in a single stream. Naturally, her attention shifts toward him. You feel compelled to compete, increasing the value of your gifts in a desperate attempt to win back her attention. However, you soon realize that you can’t match this new contender’s spending power.

	4.	The Realization —

Even though she still occasionally acknowledges you, your hopes of meeting her or deepening the connection begin to fade. As a last attempt, you try to at least secure an intimate show from her, but she refuses outright. It is only then that you realize you’ve spent a small fortune and received nothing of real value in return.

	5.	The Hidden Truth —

What you might not know is that many of these “big spenders” aren’t real users at all. They are often part of the platform itself, using in-house currency that they never actually purchase. Their job? To make men like you feel inadequate and compel you to spend more in an attempt to compete. A telltale sign of such fake gifters is that they never seem to expect anything in return for their lavish spending.

The Takeaway

These platforms thrive by exploiting emotional and financial vulnerabilities. While some broadcasters are upfront about what they offer (such as paid performances), others deliberately keep interactions ambiguous, leading users on just enough to extract more money.

If a broadcaster is vague or leaves conversations open to interpretation, chances are they are only interested in your money—without offering anything substantial in return. The key to avoiding these traps is recognizing the game being played and understanding that real relationships, flings, or even explicit exchanges are rarely part of the equation.

In the end, these platforms are businesses, and their primary goal is to keep you spending—not to help you find love or companionship."
C_F_bhadwa_hai,"Tired Of Waiting, UP Villagers Building 108-Ft Bridge With Crowdfunding",0,51,0.96,0,1743504810.0,False,t5_2qh1q,
HauntedAlgorithm,"WTF, Why is Flying to Dubai Cheaper Than Flying to Assam?",0,1644,0.96,0,1743437541.0,False,t5_2qh1q,"No joke, it’s cheaper to fly from Delhi to Dubai than from Delhi to Guwahati. How does that even make sense? Because our government doesn’t just want taxes, they want taxes on taxes, cess on surcharges, and fees for existing.

Thanks, Adani. Remember when privatizing airports was supposed to make things better? LOL. Now, the winner isn’t the company that runs airports well, it’s the one that promises to squeeze the most money out of YOU, the passenger.  

Here’s all the bullshit you’re paying for:  
UDF – Because you should pay for the airport’s existence, obviously.  
ADF – Because UDF wasn’t enough robbery.  
GST – Because taxing a tax is innovation. 
Security Charge – Paying to get harassed at security.  
Convenience Fee – The convenience of getting scammed.  
Fuel Surcharge – Because global oil prices are your problem.  
Walking Tax – Okay, not official, but might as well be, since you pay for walking through a metal detector.

Meanwhile, in Reality Tourism? Dead. Who wants to visit India when half your trip cost is just taxes? Jobs? Lol. But hey, at least we’re busy fighting over Mughals instead of jobs. Happiness Index? We’re below Afghanistan. But sure, let’s keep arguing about temples and mosques.  
Inflation?  Every time you buy something, you’re doing mental math on how much the govt is stealing from you.  

Babur isn’t charging you UDF. Aurangzeb isn’t slapping GST on your chai. The real villain is today’s government, inventing new ways to suck money out of you while giving nothing in return, no jobs, no healthcare, just more taxes.  

We really need to ask why is flying so damn expensive? Where are the jobs? The hospitals Why are airports sold to whoever can scam passengers the most?  

Stop falling for communal nonsense. Your life isn’t hard because of history, it’s hard because of today’s tax terrorism. Either wake up and demand better, or keep getting robbed silently.  "
irajatmishra,Time Machine,0,13,0.76,0,1743531098.0,False,t5_2qh1q,
The-Red-Peril,"'Avoid Tier 2 and Tier 3 universities': Expert's reality check for study abroad aspirants, says can’t time the job market",0,11,0.83,0,1743532044.0,False,t5_2qh1q,
Nirbhik,India’s richest 1% owns 40% of wealth; inequality rising since 2000s: Study,0,719,0.97,0,1743451934.0,False,t5_2qh1q,
bloomberg,Easing Cash Crunch Likely to Cushion Indian Stock and Bond Markets,0,2,1.0,0,1743564251.0,False,t5_2qh1q,
imuptonog00d,What do you think would be the equivalent for India ?,0,13,0.71,0,1743526052.0,False,t5_2qh1q,
mumbaiblues,'India is going to drop tariffs substantially': Donald Trump ahead of 'Liberation Day' deadline - The Times of India,0,61,0.97,0,1743494034.0,False,t5_2qh1q,
AllIsEvanescent,Indian superstar's latest film faces right-wing backlash,0,526,0.87,0,1743450196.0,False,t5_2qh1q,
Realistic-Stuff-1776,"""100% Tariffs From India, 50% From EU"": What White House Said On Trump's Liberation Day Plans",0,47,0.92,0,1743496417.0,False,t5_2qh1q,
VCardBGone,"India braces for intense summer: Heatwave days to double in several states, says IMD",0,162,0.99,0,1743467210.0,False,t5_2qh1q,
mumbaiblues,Daily Wager Struggling To Make Ends Meet Gets IT Notice Of Over Rs 11 Crore,0,57,1.0,0,1743488410.0,False,t5_2qh1q,
frustated_citizen,Is this Eid Miracle or what?,0,3441,0.94,0,1743403930.0,False,t5_2qh1q,"Ordered 1 Vegetable Chopper (₹1500) from Instamart and they sent me 6 (₹9000), when I imformed them they told me to keep it. "
bhodrolok,"Smart Cities Mission set to end on March 31, but 7% projects likely to go on",0,62,0.93,0,1743478670.0,False,t5_2qh1q,
Indianopolice,View: Will Trump's tariffs lift the veil on India's drug safety problem?,0,10,0.86,0,1743516130.0,False,t5_2qh1q,
mumbaiblues,"'7 states of India are landlocked': Yunus says Bangladesh 'only guardian of ocean', invites China to make 'extension' - The Times of India",0,522,0.96,0,1743436252.0,False,t5_2qh1q,
Desperate-Bat2887,The tragic murder of Akhil and Rahul at IIIT ALLAHABAD,0,660,0.98,0,1743427076.0,False,t5_2qh1q,"The Tragic Murder of AKHIL and RAHUL

Tragic Negligence at IIIT Allahabad: The Cases of Akhil and Rahul

On March 29th, IIIT Allahabad witnessed two devastating losses—Akhil and Rahul Madala Chaithanya. One student lost his life due to medical negligence, while the other succumbed to academic and administrative negligence.

What Happened to Akhil?

Akhil was an outstanding sportsperson who recently participated in multiple events at an inter-IIIT sports competition. A few days after returning, on the morning of March 29th, he complained of severe body pain and an unusually high breathing rate. After having breakfast in the mess, he was taken to the college health center in the institute's ambulance.

Upon arrival, the health center merely suggested that he be taken to United Hospital—without providing even a basic painkiller. No medical assistant or caretaker accompanied him. Akhil, along with two friends, reached United Hospital around 11:30 AM. At this point, he only experienced leg pain and was not overly worried.

However, the hospital had no expert doctor available at that time. An orthopedic doctor was consulted, and when Akhil struggled to lift his legs, an MRI scan was recommended. But United Hospital lacked MRI facilities, meaning they had to go elsewhere. The college ambulance that had dropped him off was unavailable, forcing them to wait.

During this period, Akhil’s blood pressure and oxygen levels fluctuated, and he was moved to the emergency ward. Shockingly, the assigned doctor was more focused on delivering lectures to students than addressing Akhil’s deteriorating condition. His friend repeatedly asked the doctor about Akhil’s breathing issues, but he was ignored. No experienced doctor was present in the emergency ward.

Once the ambulance arrived, they proceeded to the diagnostic center for the MRI. Again, no ambulance was provided for the return trip. Moreover, Akhil’s medical insurance was not valid there, leaving his friends to pay a hefty sum out of pocket. Even the caretaker was unaware of this lack of insurance coverage.

Despite paying, the diagnostic center stated there was a four-hour wait for the scan—unacceptable given Akhil’s worsening condition. His friend brought him coconut water, but Akhil was too weak to sit up and drink it himself. Had a medical assistant been present, his life might have been saved.

After waiting 1 hour and 30 minutes, Akhil could no longer bear the pain, so they decided to return to United Hospital. It was only at this stage that the caretaker took the situation seriously. Upon arrival, doctors finally recognized the emergency and admitted Akhil to the ICU.

By this point, his blood pressure, pulse, and oxygen levels were dangerously low. His legs became paralyzed, followed by his brain functions. His speech slowed, and in his final moments, he could barely talk to his friend. The doctors attempted CPR twice, but it was too late—Akhil was gone.

Notably, when he first visited the college health center, no doctor was present. The health center also failed to verify whether United Hospital had an orthopedic specialist available. This series of reckless oversights—by both the institution and the hospital—cost Akhil his life.

What Happened to Rahul?

Rahul was a PWD (Person with Disabilities) candidate who was deaf and mute. He communicated through text messages and sign language. Unfortunately, he struggled academically, accumulating multiple backlogs and dropped subjects. After his first semester, he largely stopped attending classes. Due to the strict 75% attendance rule, he continued receiving academic penalties. This led to isolation, as he distanced himself from friends and remained confined to his room.

Over time, Rahul fell into deep depression. On the night of March 29th, he tragically took his own life by jumping from the hostel building.

IIIT Allahabad lacked any special arrangements for PWD students. Despite his repeated failures, no one in the administration checked on him. There was no mental health counselor on campus, and despite his complete absence from classes for an entire semester, not a single faculty member or administrator reached out. Instead, they simply dropped him from courses without inquiry.

When questioned about the lack of support, the administration shockingly admitted they were unaware of Rahul’s presence in the institute. This blatant disregard contributed to his tragic end.

A Wake-Up Call for Change

These two heartbreaking incidents serve as wake-up calls for all of us. We, the students, will not allow the administration to gamble with our lives.

On March 30th, we held a candlelight march in front of the administrative building, protesting against this institutional negligence. We demand proper Compensation for their families, a job for atleast one of the member in the family and complete health cover for all the members of both the families.
Further we demand accountability, immediate policy changes, and proper healthcare and academic support for all students—before another life is lost."
,Short list of price hikes since guarantee mania in Karnataka,0,4,0.59,0,1743522203.0,False,t5_2qh1q,"**Electricity Tariff:**

May 2023: Electricity tariffs were increased by ₹0.70 per unit.

In June 2023, the government raised the power tariff by ₹2.89 per unit. ​[The Times of India](https://timesofindia.indiatimes.com/city/bengaluru/congress-government-in-karnataka-milks-common-man-dry-to-fuel-its-guarantees/articleshow/111308834.cms?utm_source=chatgpt.com)

In April 2025, the government hiked fixed charges [Deccan herald](https://www.deccanherald.com/india/karnataka/hike-in-fixed-charge-to-raise-power-bill-in-karnataka-3466600)

Total increase:- ₹3.59pu

**Fuel Prices**

In June 2024, the Karnataka government increased the sales tax on fuel, resulting in a price hike of ₹3 per liter for petrol and approximately ₹3.02 per liter for diesel. [Business Today](https://www.businesstoday.in/india/story/price-shocker-petrol-diesel-gets-costlier-by-rs-3-in-karnataka-as-state-government-hikes-sales-tax-433443-2024-06-15?utm_source=chatgpt.com)

**Public transportation charges**

Effective January 5, 2025, the Karnataka government implemented a 15% increase in bus fares.

On February 9, 2025, Namma Metro implemented a fare hik;, the maximum fare rose from ₹60 to ₹90, representing a **50% increase**.

April 2025: An anticipated 3-5% increase in toll fees across Karnataka is scheduled.

**Registration Charges**

Affidavits: Stamp duty increased from ₹20 to up to ₹100.

Power of Attorney: Stamp duty raised from ₹100 to ₹500; for joint issuance by more than five but less than ten persons, the duty increased from ₹200 to ₹1,000.

In February 2025, the fees for issuing birth and **death certificates** were increased tenfold. The birth certificate fee rose from **₹5 to ₹50**, and the death certificate fee increased from ₹2 to ₹20. ​[India Today](https://www.indiatoday.in/india/karnataka/story/karnataka-government-hikes-birth-death-certificate-rates-tenfold-2675655-2025-02-06?utm_source=chatgpt.com)

Vehicle Registration Cess: In 2024, a cess was imposed on the registration of commercial transport vehicles. ​[ThePrin](https://theprint.in/india/governance/vehicle-registration-to-cost-more-in-karnataka-revenue-to-be-routed-to-transport-workers-fund/2410100/?utm_source=chatgpt.com)t

**Milk Prices:**

In August 2023, milk prices increased by ₹3 per liter. ​[India Today](https://www.indiatoday.in/india/karnataka/story/no-free-lunch-congress-govt-freebies-residents-pay-higher-cost-of-living-in-karnataka-2671878-2025-01-29?utm_source=chatgpt.com)

June 2024: KMF implemented another ₹2 per liter increase for Nandini milk, accompanied by an additional 50 ml per packet. [India Today](https://www.indiatoday.in/india/karnataka/story/karnataka-milk-prices-hiked-karnataka-milk-federation-revised-milk-price-2557715-2024-06-25?utm_source=chatgpt.com)

February 2025: KMF proposed a further ₹5 per liter hike, **reducing packet volume from 1,050 ml to 1,000 ml.**  
**Total increase=**₹**10**

**Water:**

June 2023: Increased water tariffs for industrial use by 100%, aiming to address water scarcity and promote conservation

**Garbage: (yes, garbage)** April 2025, Benglureans need to pay garbage tax [India Today](https://www.indiatoday.in/programme/india-s-agenda/video/garbage-tax-in-karnataka-bengaluru-residents-to-pay-for-waste-recycling-2702158-2025-04-01)

**Liquor:** The July 2023 state budget introduced a 20% hike in excise duty on Indian Made Foreign Liquor (IMFL) and a 10% increase on beer. ​[India Today](https://www.indiatoday.in/india/story/karnataka-budget-2023-siddaramaiah-congress-liquor-prices-hiked-moral-policing-5-guarantees-2403281-2023-07-07?utm_source=chatgpt.com)

**Legislator's Salaries:** The draft bill suggests that salaries for Members of the Legislative Assembly (MLAs) and Members of the Legislative Council (MLCs) would double from ₹40,000 to ₹80,000, marking a 100% increase. Similarly, the Chief Minister's salary is proposed to rise from ₹75,000 to ₹1.5 lakh, a 100% increase. Other positions, such as the Speaker and Chairman, would see their salaries increase from ₹75,000 to ₹1.25 lakh, a 66.7% hike. Additionally, various allowances, including house rent, constituency traveling, and medical allowances, are set for substantial increases. ​[India Today](https://www.indiatoday.in/india/karnataka/story/draft-bill-karnataka-mla-mlc-salary-hikes-proposal-exact-amount-increase-document-exclusive-access-2696428-2025-03-20?utm_source=chatgpt.com)

**Common Man's Salary:**  
**Hubballi-Dharwad Municipal Corporation**: Approximately 1,500 permanent staff members have not received their salaries for January and February 2025​ [Deccan Herald](https://www.deccanherald.com/india/karnataka/fund-crunch-compels-hdmc-to-delay-staff-salaries-3460721?utm_source=chatgpt.com)

**KSRTC** has faced ongoing financial challenges, leading to delays in salary disbursements for its employees. In November 2024, KSRTC unions announced a statewide strike scheduled for December 31, citing unpaid arrears amounting to ₹1,750 crore and delayed salary hikes. ​[India Today](https://www.indiatoday.in/india/karnataka/story/ksrtc-unions-announce-strike-on-december-31-over-dues-gratuity-salary-hike-2640266-2024-11-26?utm_source=chatgpt.com)

**But at least people are getting free money! Stop complaining**

The **Gruha Lakshmi** scheme, launched by the Karnataka government to provide ₹2,000 monthly financial assistance to eligible women, has experienced notable delays in fund disbursement since late 2024.  ​[The Economic Times](https://m.economictimes.com/news/india/wheres-money-karnatakas-flagship-schemes-face-setbacks/articleshow/118485774.cms?utm_source=chatgpt.com)

I know most of us are busy, too tired to be involved in all of this, even though we know we are being given the short end of the stick. A common man like me and hopefully you, wouldn't have the time to go and protest when we die 6 days a week in either overcrowded buses or unbearable traffic.

**Silent Protest**

So here's a silent protest that I would like to put forth: let us (those who are in Karnataka) all just turn off the lights on **April 16 from 8-8:30pm**. Or any other form of silent protest you guys can think of. I feel ashamed to have updated the list thrice last week, I do not understand how our leaders feel no shame in plunging us towards darkness. Bengaluru is about to get a lot more costly, and it's already one of the costliest places in the country. "
CandidInspector8530,Hindu Family Follows 50-Year-Old Tradition Of Taking Indore Qazi In Carriage For Eid Prayers,0,19,0.86,0,1743484965.0,False,t5_2qh1q,
Upstairs-Bit6897,"PhysicsWallah in talks to buy Vikas Divyakirti's Drishti IAS for Rs 2,500 crore: Report",0,268,0.98,0,1743433772.0,False,t5_2qh1q,
si_deepinder,Medical Emergency needed urgently help please,0,199,0.96,0,1743435861.0,False,t5_2qh1q,"My nani got burns after her saree caught fire in a temple she has heavy burns .she lives in bihar Dehri on sone she is admitted in narayana medical hospital jamuhar doctors are saying they can't do anything till 7 days we want to shift her to another hospital we checked with aiims patna they are saying they donot take case above 50% burn
Which and where hospital should we take her ?? What kind of treatment we should proceed"
Indianopolice,Why India's middle class wants their children in international schools,0,442,0.95,0,1743418954.0,False,t5_2qh1q,
Entire_Effect8622,"Swiggy vs zomato vs zomato deliver later (same order, same restaurant)",0,0,0.47,0,1743532099.0,False,t5_2qh1q,
InternetFreedomIn,"The Standing Committee on Communications & IT recommends expanding AI-driven misinformation tracking, a Unified Media Council, and tighter controls on digital platforms.",0,3,0.81,0,1743508754.0,False,t5_2qh1q,"With AI-powered tools like SAMVAD and new regulatory proposals, is this governance—or creeping censorship?

Read our blog here: [Parliamentary Standing Committee pushes for AI in Broadcasting and a Unified Media Regulation](https://internetfreedom.in/parliamentary-standing-committee-pushes-for-ai-in-broadcasting-and-a-unified-media-regulation/)

https://preview.redd.it/z86xcfmwdcse1.jpg?width=1200&format=pjpg&auto=webp&s=c4e48d0d8ea52c16311f38a13ae6612a44e2bdd8

https://preview.redd.it/dtfpwudydcse1.jpg?width=1200&format=pjpg&auto=webp&s=f80a1efa073618d0ff6d084faf3530bf8c0644ff

https://preview.redd.it/ev2gy9fydcse1.jpg?width=1200&format=pjpg&auto=webp&s=27eaa536e1d14968ec6c15ef9470898ff7bda534

https://preview.redd.it/krv2ttdydcse1.jpg?width=1200&format=pjpg&auto=webp&s=3d3881f211f9a2cfb30263e54c3cf95573ff9b7d

https://preview.redd.it/t23rbsj0ecse1.jpg?width=1200&format=pjpg&auto=webp&s=e83aecacceac1874042cd36d6ae3bcd79f81bf0d

https://preview.redd.it/z9q4ub92ecse1.jpg?width=1200&format=pjpg&auto=webp&s=7d7a8c0cae1901d11febf8ea3cc33126b236b851

https://preview.redd.it/5rb669p2ecse1.jpg?width=1200&format=pjpg&auto=webp&s=3c1c3cb9a1d4bbe9c70b1c25c8e2f56de16074ba

"
VastCryptographer980,"'RSS will pick PM Modi's successor,' claims Sanjay Raut; Fadnavis reacts | India News - The Times of India",0,40,0.88,0,1743453605.0,False,t5_2qh1q,What's going on??? 
Majestic-Landscape61,Relocating to India from US after 13 yrs,0,548,0.84,0,1743400138.0,False,t5_2qh1q,"Hi All, I am 39 old with wife and 3 kids (11 yrs, 2 yrs, 1 month) and contemplating on semi retiring in India after living in the US for 13 yrs. I gave too much to work for a long time now I feel like I need to slow down. Also, want to give my full attention to kids for next few years. I have a passive side hustle which will provides in enough income to live well in India so don't have to worry about work culture or commuting. I have a very high paying job right and it will be painful to let go that money but I am burning out fast.  
I have shortlisted Bangalore (but open to Hyd and Pune as well) but not sure which is the best area. My brother lives in Varthur and it will great to have his and my kids together.  
I am looking to rent self contained apartment in Varhur but open to nearby places. I am looking for 4BHK or bigger and willing to pay rent 1.5L- 3.5L per month but lesser the better. Parents will be staying with me so 5BHK will be ideal but can manage with 4bhk as well. Not looking to buy at the moment. Please suggest.  
Also, I am little concerned as my wife is white and kids look white as well, hence worried about bullying in the society or schools. Anyone with similar circumstances pls share ur experience.  
I would love to hear anyone with similar story, their challenges and overall experience in general."
opinion_discarder,'India’s pensions are just 3% of GDP': Retirement strategist says you’re on your own,0,243,0.98,0,1743414894.0,False,t5_2qh1q,"According to a report by DSP Pension Fund, India's retirement savings gap-the difference between what retirees need and what they have -is growing at 10% annually and could hit $96 trillion by 2050.

A retirement crisis is silently brewing in India. With pension assets accounting for only 3% of GDP, the country lags far behind developed nations like Japan (31%) and the US (98%). For most Indians, that means one thing: the state won't take care of you in old age-you'll have to do it yourself.

According to a report by DSP Pension Fund, India's retirement savings gap-the difference between what retirees need and what they have -is growing at 10% annually and could hit $96 trillion by 2050. In contrast to countries with robust pension coverage, Indian retirees face an uphill battle, often forced to depend on personal savings, family, or continued work.

The gaps are structural. ""India's pension market remains underdeveloped because most people either don't have access to formal pension schemes or are unaware of their importance,"" Deogaonkar notes. The Economic Survey echoes this, pointing out that only 12% of India's workforce is covered under any formal retirement savings plan."
blrfolk,Medibuddy Fraud Gold Membership Revoked,0,0,0.5,0,1743521764.0,False,t5_2qh1q,"Medibuddy sold their gold membership for 5 years in 2023 with only ₹1000 per year charge. They abruptly revoked it in 2024 citing policy violations. This has happened with multiple people. They are blocking people who are tagging them in twitter with the isssue. They didn't even refund the remaining years money. 

Here is one thread that summaries the issue.

https://x.com/KalCorona/status/1790819080553091499?s=19

Complained to consumer forum but got same reply that medibuddy provided on customer email. 

They even sold one coupon code that can be used with other phone number for same 5yr duration. They revoked that after one year. 

How these new age startups doing these kind of fraud daylight and getting rid of everything. 

Do we have something similar like RBI ombudsman to report these? 

Please allow this post. Lot many people got duped because of the medibuddy fraud.

Please help spread this. Please share and also retweet. "
mohitman1,Invoicing app recommendations,0,6,1.0,0,1743488640.0,False,t5_2qh1q,"Hi, I manage a small business in Hyderabad, that manufactures various PTFE components and I’m looking for app/software recommendations to create invoices, this has been a challenge to me forever, we do not have a set list of items that we manufacture, because all your items are tailor made for our client’s orders, so it’s not possible to for me to just use an app like Vyapar or Swipe etc to upload my catalogue of items and just add to the invoice.

Here’s what I’ve been doing, I get a PO from a client with a list of items, required quantities for them and price, I maintain an individual excel list of each of my customers and add the contents of that PO to that list, and when the item is done and delivered I mark it green and write my invoice number next to it.

When I make a bill for those items, I just add a column filter in excel for the items that are marked in green, copy them and paste them in another excel spreadsheet template I made for this particular customer.

So I was just wondering if there was a better and more efficient way for me to do this 
I want to
1. Upload the contents of an PO of a customer to the app ( including quantity, price, whether it is pending/done/cancelled, and an invoice number for when it is billed)
2. Keep track of all the pending bills for an individual customer and all my customers, and once they have paid for it to be indicated as paid, if it’s overdue, to be indicated as overdue 


Any help would be greatly appreciated, thank you."
Mountain_Love23,"“Sodexo claims to be a sustainability leader, yet it continues to source eggs from cruel battery cages in India while transitioning to cage-free eggs in the West.”",0,136,0.97,0,1743423800.0,False,t5_2qh1q,
MuttonJunckie,Why do Indians continue to blindly follow babas or religious gurus despite repeated warnings and past experiences?,0,122,0.88,0,1743419941.0,False,t5_2qh1q,"There have been numerous self-proclaimed gurus in the past, such as Asaram, Ram Rahim, Nithyananda, Nirmal Baba, Zakir Naik, etc. These persons have deceived countless people and continue to do so, whether from jail or while living abroad. It is understandable why politicians support and follow them. However, the bigger question is why even educated and well-known personalities fall into their trap and donate to them. For instance, Sachin Tendulkar followed a guru who was spitting gold from his mouth.

I personally know several ""educated"" individuals who are devot followers of such babas like Sadhguru and Sri Sri. Similar rape and murder charges are also pending against them. They tick the all boxes of a typical impostor indian babas, still people follow them. Every one are free to follow anything in this free country, but to the policy level, the judiciary must draw a line for how much donations these people can get. I am not hopeful at govt level that anything can be done. What solutions do you propose to tackle this issue?"
bhodrolok,"Govt asked X to take down Oppn posts on Amit Shah’s Ambedkar remark, ‘fabricated’ content on Jay Shah",0,535,0.97,0,1743388889.0,False,t5_2qh1q,
Confusedmind75,Being Indian in Europe: My Personal Experience with Stereotypes and Growing Hostility,0,1802,0.91,0,1743364901.0,False,t5_2qh1q,"Indian living in Germany. Whatever I mention here is solemnly based on my experience and observations. I may not be 100% right, but I would still like to share my experience because what I experienced is 100% true.

When I first moved to Europe, I didn’t think about racism or discrimination or being stereotyped. I thought I would move abroad and, like my immigrant friends, build my life here. Now there are many challenges I have faced, but the most difficult is being stereotyped and people assuming things mostly negative about how life in India is, how unhygienic we are. Never mind that, I recently sensed growing hostility towards Indians in Europe because of our huge immigration. We are really looked down upon and called low-paid job seekers. When I travelled to Greece for vacation, it was uncomfortable. I was looked at funny or spoken to rudely by foreigners. Firstly, Greece has a good Indian/ Pakistani population, and Greeks seemed to not like us because, according to them, we are taking away their jobs in an already crumbling economy. I was mocked when I asked where I came from while I was asked to show my residence title, and I assumed they wanted to know which country I currently reside in. When I said Germany, I was laughed at and asked where I came from again. I said India, and they continued something in Greek, laughing at what I said. There were other instances in Germany where people looked at me weirdly, though not always. 

I try to blend in as much as possible. 

Westerners just want to blame Indians, whether in America, Canada, Australia, or the UK, for mass immigration and taking their jobs. They criticise our way of life, and god it is spreading on the internet too. I come across posts where people talk about how filthy we are, how awful our country is. It does hurt seeing all this hatred. I understand that some Indians don’t even try to integrate into a new country with their habits, such as speaking loudly on phones, playing music on speakers in public transport, or cutting lines, but then not everyone does it. But we are generalised as one. 

This does make me feel that if we all could collectively do better and be seen as a progressive society rather than low-paid workers eating and smelling like curry. 



Post update: https://www.reddit.com/u/Confusedmind75/s/sMgsK2l0f9"
bloomberg,Trump Tariffs This Week May Drive up Emerging-Market Volatility,0,7,1.0,0,1743479106.0,False,t5_2qh1q,
HeadBusiness3601,"Above-normal temperatures, more heatwave days this summer: IMD",0,5,1.0,0,1743476961.0,False,t5_2qh1q,
Professional-Spare43,ED raid in Bihar bungalow leaves officers counting cash non-stop for 8 hours using 4 machines - CNBC TV18,0,316,1.0,0,1743395037.0,False,t5_2qh1q,
FlyingScript,"Blockbuster to go under the knife over hurt Hindu Right sentiments, a look at the Empuraan controversy",0,202,0.88,0,1743403601.0,False,t5_2qh1q,
Aggravating_Thing666,Flipkart sold me a 'new' HP laptop with warranty already active for 6 months!,0,13,0.93,0,1743455417.0,False,t5_2qh1q,"Bought a ""new"" HP laptop from Flipkart, received it on March 28. Like any cautious buyer, I checked everything the same day—and guess what? The warranty had already been active for 6 months!

This raises a big question:

Did Flipkart sell me a used/refurbished laptop while claiming it was new?

Or is HP activating warranties long before the product is sold?


Either way, this isn’t just a mistake—it’s misleading and possibly fraudulent. I reached out to Flipkart, and while they are responding, there’s no concrete promise of a return or replacement yet. Just a bunch of back-and-forth with no resolution.

Now, imagine if I hadn’t checked the warranty status—I would’ve been stuck with a laptop that had less warranty than expected, without even knowing! How many other people are unknowingly facing this?

This is not just an issue of bad service; it’s a serious consumer rights violation. Flipkart is turning into a risky platform for big purchases. Has anyone else faced something like this? What legal actions can be taken in such cases?"
FlyingScript,Dalit Boy’s Nerve Damaged After Alleged Beating by Teacher in TN,0,153,0.92,0,1743403683.0,False,t5_2qh1q,
AlekhyaDas,Zomato lets go of 600 employees from its customer support team as food delivery slows,0,1,1.0,0,1743501887.0,False,t5_2qh1q,
VCardBGone,'Half of India has less than ₹3.5 lakh': Financial expert warns India’s next crisis is personal,0,356,0.92,0,1743387071.0,False,t5_2qh1q,
AlekhyaDas,Supreme Court refuses to release YouTuber Ranveer Allahbadia's passport; probe to be completed in 2 weeks,0,1,1.0,0,1743500920.0,False,t5_2qh1q,
always_online27,"Hi this is me Kartik Arrryan...ok ok ok ok 🙄...it's me Alia Bha...it's me Gulshan Devaiah—Welcome to my AMA, Ask Me Anything!",0,1,1.0,0,1743498443.0,False,t5_2qh1q,
opinion_discarder,"Study finds alarming trend of Islamophobia, disregard for due process, rise in extrajudicial measures among police",0,199,0.76,0,1743394542.0,False,t5_2qh1q,"The report highlights a significant disregard for the rule of law among a notable section of the police. Nearly one-third (28%) of police personnel believe the criminal justice system is too weak and slow, with a preference for extrajudicial measures over due process. Alarmingly, almost two out of five (38%) feel that for minor offences, police should give minor punishment instead of following legal trials.

The study also reveals a disturbing acceptance of violence. Twenty-two percent of police personnel fully agree that it is alright for the police to be violent towards suspects of serious offences for the greater good of society, with an additional 41 percent somewhat agreeing. Furthermore, 30 percent of police personnel justify the use of third-degree methods against accused individuals in serious criminal cases. This justification often stems from a belief in dispensing “justice” directly and a perception of the public expecting aggressive law enforcement.

The report uncovers significant discrepancies and underreporting in official data concerning custodial deaths. In 2020 alone, the National Crime Records Bureau (NCRB) reported 76 custodial deaths, while the National Human Rights Commission (NHRC) recorded 90, and the National Campaign Against Torture (NCAT), a civil society organization, documented 111 cases. Notably, while NCAT data suggests that nearly half (46%) of custodial deaths in 2020 were allegedly due to torture, the NCRB attributed only one death to injuries sustained during police custody due to physical assault in the same year. The report emphasizes the lack of a reliable and consistent official source on custodial deaths."
AravRAndG,Delhi breaths easy; witnesses best AQI average in 5 years in January-March quarter | India News - The Times of India,0,1,0.56,0,1743497501.0,False,t5_2qh1q,
raj00da,ICICI Bank Robocall Nuisance,0,1,1.0,0,1743495332.0,False,t5_2qh1q,"ICICI Bank Robocalls have become a nuisance and despite lodging complaints with ICICI Bank, and registering for DND with the Telecom Service Provider, the robocalls continue.

I am sure many of you must have experienced this and silently suffer the punishment for having ever done business with ICICI Bank.

Here are the list of numbers which I have diligently blocked over months and the list will continue. I urge all of you affected by the unprofessional behavior of ICICI Bank to add this list to your blocked call list.

Please add your own ICICI Robocall Numbers, I will keep updating this list with yours after removing duplicates.



\#robocalls #ICICIBank #ICICI #Unprofessional #Unethical

\+911141229550

\+911144739164

\+912245072840

\+912245075339

\+912245842830

\+912245842880

\+913348120310

\+913348120424

\+913348121446

\+913348121448

\+914049446328

\+914049446570

\+914049634389

\+914442897266

\+914442897267

\+914448166590

\+914844707667

\+916746747395

\+916746786511

\+917314373632

\+917948540979

\+917966246524

\+918046984749

\+918046984750

thanks in advance"
Separate_Place_1095,Babu Bajrangi talking about the Gujarat 2002 Massacres and how Modi helped him.,0,11,0.93,0,1743446516.0,False,t5_2qh1q,
Living-Actuary-2106,Tour group experience.,0,9,0.85,0,1743450050.0,False,t5_2qh1q,"I love to travel and it’s my 2nd day today. I chose to go for a group travel as the place I am going to isn’t an English speaking country. 

So just to be safe, I thought okay let’s just book this particular tour company. They were very nice and accommodating. We reached at the hotel and the tour guide, he’s based on that country asks us to be ready at 10 am tomorrow for city tour. 

We are a total of 16 people. 8 people belonging to 1 family and 3 family including mine. 
Next day comes and we get ready have breakfast by 9:30 and start to wait. 
Everyone comes to wait except the huge family of 8. It’s 10 and still no news. 10:30 they go to have breakfast. And 10:40 am they come slowly walking to the bus. The tour guide came around 10 showing his watch. 

Then we go to city tour, they aren’t walking with us, they are so away. Then again we wait wait wait, they come, again wait wait wait. Then we go for lunch and they disappear for another 3-4 hours. Then again wait. Then they came, asked us to wait. So yes we wait again. 
Apparently they’re gonna take a cab. 

So we carry on with our tour. Today the tour guide said to come at 9:30 am we cannot be late. 8 of us came at 9am starts to wait. At 9:30 the other group went for breakfast and then after allllllll that, they came out at 10am. 

Then, they started talking so loudly, started singing religious songs, clapping hands so loudly. We had to stop the bus for washroom break and said to be back after 30 mins. Guess what they went missing for another 2 hours! In between another 3-4 hours went by waiting. 

We didn’t even get to reach our destination because the climate got worse in time. 
We had to go back to the hotel. And yes another 1-2 hours go by waiting for them again. 

I literally broke down crying for 15 mins because I was really looking forward for this. And now I am spending time waiting for some dumb family. 
We reached home at 9:30pm. Tomorrow we are going by bus again. And I have no hope. 

Why do this? 
These people have no class, no shame, no respect, no value, no morals. They are friendly but never never never on time. They also argue with the driver and the tour guide. Tour guide is like a down to earth person Hé doesn’t know how to handle the situation. 

Looks like fate. Maybe not everything in life is supposed to go well. Maybe we all have to suffer a looooooot once in a while. I feel so guilty and horrible because I am the one who booked this place and this is what the result is. "
GL4389,ISRO & SCL develops 32-bit Microprocessors for space applications,0,17,0.92,0,1743435638.0,False,t5_2qh1q,
random_user11111,How can I save my Mom and Dad from my brother,0,57,0.94,0,1743406307.0,False,t5_2qh1q,"So (M21) have an older brother (M25). He is a complete ahole. He started stealing money from home when he was in 8th grade. To this day he has stolen lakhs of rupees from our house and my nanaj's house as well. He is an insanely great liar. My mom and dad are absolutely simple and way too awesome people; they never did any partiality between us, but my brother turned out to be the ahole anyway. 4 months ago, my brother came to us and confessed to my mom and dad that his drinking and smoking had gotten out of control, and now he wants to go to rehab and truly change. Also, he confessed that he had borrowed money from loan apps and from his friends; the amount was 1.25 lakhs, and he never had a job or anything. So as a last chance, my dad somehow paid that amount and sent him to rehab. And we come from a normal middle-class family; my dad is the sole earner. I'm doing internships here and there, but it's not much to help. My mom and dad have done everything to help him and fix him; my dad has paid his debts multiple times, but he is truly evil. He doesn't want to change. After coming back from rehab, he has started doing everything again slowly. He has borrowed 2Ok again from a friend of his; also, I just saw a notification on his phone that his 1 lakh loan is approved by Money View. He is not going to change, and my mom and dad have given up as well. just want advice on how can keep my mom and dad safe, that even though whatever financial trouble my brother gets himself into, just want to make sure that those people won't come for my mom and dad for paisa vasooli. Please help."
_yuyutsu_ho,IIIT Allahabad Student Dies By Suicide In Hostel A Day Before Birthday,0,942,0.99,0,1743348958.0,False,t5_2qh1q,
FlyingScript,UP: Aazad Party Threatens Stir over 'Denial of Permission' to Celebrate Ambedkar Jayanti - Clarion India,0,46,0.94,0,1743403659.0,False,t5_2qh1q,
Ok_Property_2032,Why do Indians act as if foreigners are a different species?,0,1401,0.93,0,1743335051.0,False,t5_2qh1q,"This is mostly a rant, so bear with me.

I'm a German woman currently on her 5th India trip, about 6 weeks in. I won't talk about the daily requests for selfies or being overcharged, that's been discussed ad nauseam - but why do Indians generally act as if foreigners are in such a different category of ""being"" that they simply can't possibly have anything in common with them, but must conform to a stereotypical idea of what or who ""a foreigner"" is.

Example: yesterday I was sharing a table at a fancy restaurant in Varanasi, with an uncle who first commented ""you are wearing Indian clothes!"" to which I replied ""We are in India, sir"" and later asked ""so you've become vegetarian now?"" To which I replied ""I've been vegetarian for fifteen years, sir"" to which he replied ""oh!"". 

Another example: I have a background in Sanskrit, so a guy I met on a train some weeks ago asked me to give a talk to school children why I, ""as a foreigner"", believe Sanskrit and Indian culture to be inseperable (never said that btw) and why learning it is thus important. I declined the offer stating that I was on a pilgrimage and not here as an academic. This happens a lot with Sanghi folk - they want my ""approval"", want me ""as a foreigner"" to praise their culture, but I am always expected to be an outside observer and anyway deemed incapable of truly understanding sanatan dharm. It never occurs to them that maybe I studied Sanskrit because I'm... religious. 

Rant over but this is really odd, especially when it's people who are educated and have travelled abroad. I've observed a similar tendency to stereotype other groups (Muslims are expected to eat meat etc.) and Indians generally do tend to view people as part of a group rather than as individuals, but it seems foreigners are just so far beyond the pale, they might as well be aliens.

Curious to hear perspectives and sorry for ranting. Cheers!"
one_brown_jedi,"1 dead, 7 injured as Bangalore-Kamakhya express train derails near Cuttack",0,40,0.94,0,1743402790.0,False,t5_2qh1q,
Glittering_Battle460,"Blinkit ""Saga"" Continues.",0,554,0.99,0,1743350571.0,False,t5_2qh1q,"Ordered beetroot of 500 to 600 gms(2nd pic) as per the blinkit app along with other items. Actual weight of beetroot is literally half of it(1st pic) when delivered. Experienced this many, many times before especially with veg items. And no, there's no issue with the weighing scale, it's working with currect readings that I already verified before."
rishianand,Waqf Amendment Bill: A Bill Based On Fictions And Falsehoods,0,0,0.28,0,1743565273.0,False,t5_2qh1q,"**NB: Time and again, I come across a issue which exposes the prejudice and the ignorance of the self-proclaimed liberals. This is unfortunate, but not surprising. I would still call upon everyone to read before regurgitating the same arguments which I have already addressed in the post.**

Today, the Modi Government plans to introduce Waqf (Amendment) Bill in the Lok Sabha. Over the last few years, due to a political agenda of the ruling party and a sensational media campaign, the Waqf Bill has become a issue of contention in India.

Many have termed it as a symbol of muslim appeasement and muslim entitlement. Many have called it an injustice towards the hindus. Some have termed the existence of Waqf as a proof that India is not secular.

This political and media campaign has led to genuine anxiety among the common people. However, these arguments are based on a fiction and falsehoods.

**What is a Waqf?**

Waqf is a form of charity in Islam where any person can donate their movable or immovable property in the name of the God. These properties are used not just for religious purposes, but also for schools, colleges, universities, hospitals, orphanages, etc. Their use it open to all including Hindus.

The practice of Waqf and charity to God has been present in India since centuries. It was later codified as a law.

Waqf boards are appointed by the government to manage these properties, at the central level and the state levels. There are 32 waqf boards spread across India. The members of the Waqf boards include non-Muslims. 

**It is important to note that unlike the temple bodies, the waqf boards are entirely under the government control. And unlike the Waqf board, non-Hindus cannot become a member of temple boards.**

**Is Waqf board the largest property owner in India? Can Waqf board acquire any land?**

It has been argued that the Waqf is the third-largest landowner in India, behind the Railways and the armed forces. However, this figure is reached only by adding the total property managed by all the waqf boards in India, and assumes the Waqf boards to be a single entity. On the other hand, the total property owned by temple bodies is much larger.

Waqf being a centuries old institution, has many disputed properties. A large part of Waqf land has been encroached upon. This is not an uncommon problem in India, where registration of many old properties is not clear.

Additionally, in earlier days, the registration or ownership of land was not properly verified before donation. The same problem was found in the land donated in thee Bhoodan movement.

Many people do not have proper documents of their private property. This was again highlighted during the recent land survey in Bihar, which has resulted in huge disputes.

Waqf cannot lay claim to any land. It can only claim the land donated to it. If a Waqf believes that a certain land belongs to it, it will have to send a notice, which can be contested in a tribunal which is appointed by the Government. The decision of the tribunal can be challenged in the courts.

[What is New Waqf Bill-2024? | वक़्फ़ बिल में क्या है? | Faizan Mustafa - YouTube](https://www.youtube.com/watch?v=z76q8oOzcdo)

[Hindu Temples and Muslim Waqf (Auqaf): Extent of Government Control : Faizan Mustafa - YouTube](https://www.youtube.com/watch?v=uVMP-F2lZRE)

[Waqf Amendment Bill - An Analysis | ‪@NAZARIYA.‬ | YouTube](https://www.youtube.com/watch?app=desktop&v=LsicNjXO2bs)

[Wakf Reforms, or a Bid to Control Waqf Properties? | The India Forum](https://www.theindiaforum.in/law/wakf-reforms-or-bid-control-waqf-properties)

[How the BJP is using the Waqf bill row to score political points](https://scroll.in/article/1076708/how-the-bjp-is-using-the-waqf-bill-row-to-push-its-hindutva-politics)

[India’s Waqf Reform: When Property Rights Meet Majoritarianism - Frontline](https://frontline.thehindu.com/the-nation/policy-waqf-amendment-bill-2024-muslim-property-rights-modi-government-reforms-minority-institutions-controversy/article68814788.ece)

[How India’s $14bn Muslim endowments are being plundered, even by government | Al Jazeera](https://www.aljazeera.com/news/2025/3/25/government-encroachment-of-indias-waqf-lands-a-madhya-pradesh-example)

[From Legitimacy to Conspiracy: Decoding the Waqf Bill, 2024 | NewsClick](https://www.newsclick.in/legitimacy-conspiracy-decoding-waqf-bill-2024)

[994 Waqf properties illegally encroached upon, govt tells Parliament | Hindustan Times](https://www.hindustantimes.com/india-news/994-waqf-properties-illegally-encroached-upon-govt-tells-parl-101733771317465.html)

[Fact-Check: No, the Waqf Board Cannot Stake Claim on Any Property as That of Its Own](https://www.thequint.com/news/webqoof/waqf-board-can-claim-any-property-in-country-as-its-own-property-fact-check#read-more)

[Govt-Owned PIB’s ‘Explainer’ Wrong on Islamic Countries Not Having Waqf Properties: AltNews | NewsClick](https://www.newsclick.in/govt-owned-pibs-explainer-wrong-islamic-countries-not-having-waqf-properties-altnews)

[Data on Waqf properties shared with false claim about Boards encroaching lands - Alt News](https://www.altnews.in/no-waqf-board-hasnt-illegally-encroached-on-properties-as-claimed-in-viral-tweet/)

[Fact-Check | Is Land Area Owned by Waqf Board More Than That of Pakistan? No!](https://www.thequint.com/news/webqoof/land-area-owned-waqf-board-more-than-pakistan-viral-claim-fact-check)

[4 states alone have 10 lakh acres as Hindu endowment land, 9.40 lakh acres Waqf countrywide a far cry: Asad - The Hindu](https://www.thehindu.com/news/national/telangana/4-states-alone-have-10-lakh-acres-as-hindu-endowment-land-940-lakh-acres-waqf-countrywide-a-far-cry-asad/article68667372.ece)"
essaini,Is anyone else getting these messages from Airtel?,0,6,1.0,0,1743433286.0,False,t5_2qh1q,"Every day for the past few weeks I am getting this message on multiple airtel numbers. I am outside India for context and have 4 numbers belonging to different family members and each of them has been getting this message. All of them have a pack valid till atleast a few months as well as a roaming pack. I have confirmed this information in the Airtel app on each of those phones. 

I mainly noticed this after recharging an account after seeing this message on a family member’s phone but the message did not stop. The messages are coming from official Airtel but this seems like a scam or a tactic to scare people into recharging their numbers even if they have valid plans. Has anyone else been getting these? "
up_for_adoption,Yoga bar time travel,0,204,0.99,0,1743358177.0,False,t5_2qh1q,Bought this YogaBar from BigBasket which will be made on 26th December 2025. Unfortunately it will be expired before manufactured.
arthasya-sapien,The Costs of Reliance’s Wildlife Ambitions,0,17,0.92,0,1743404163.0,False,t5_2qh1q,
iAntiMage,"1 dead, 8 hospitalised as 11 coaches of Bengaluru-Kamakhya Express derail in Odisha",0,368,0.98,0,1743342325.0,False,t5_2qh1q,
His_Highness_Abdulla,"Jashn-e-Alvida – a Rajasthan school gives Urdu name for farewell function, faces education dept probe",0,426,0.94,0,1743337982.0,False,t5_2qh1q,
tanmay004,My mom was laid off from her job and theres no other earning member,0,159,0.99,0,1743354419.0,False,t5_2qh1q,"Hi everyone , I didn't think I would ever be writing this but here I am.

My mom who has worked all her life for me and my sister, is facing a crisis right now, she has experience in sales, customer relations, office management, hiring.  
She has worked in a CA consultancy as office manager, Credit Rating agency in Business Development, Chemical Company in CRM , Education Company in CRM + Sales, and a Stationary company as office manager and HR.

She might not be the most qualified education wise but she sure has people skills , she has great convincing skills.  
  
I am in my 3rd year of engineering in CSE in Tier 2 college , I'm putting in my best effort to prepare for placements , I am currently doing an internship as well it only pays 20k and I have just started.

We are a family of 5 , dad does not do anything( lets not go into this)

If you can help me in any way by guiding on how she can get a new opportunity or if your company is looking for a great member to join do help please.

We live in delhi so either remote or opportunities near/in delhi are possible.

We need help , thankyou."
Known_Crab_1570,Found a Live Insect and Cocoon Inside Sealed Indomie Mi Goreng Noodles – What Should I Do?,0,629,0.97,0,1743327035.0,False,t5_2qh1q,"Hey everyone,

I recently bought a pack of Indomie Mi Goreng instant noodles, and when I opened the sealed package, I saw a fly-like insect crawl out and fly away. At first,i thought it might’ve been from outside, but when I checked inside, I found a cocoon-like structure in the packaging. Upon further inspection, the entire brick of noodles had visible signs of being eaten/damaged by the insect.

What’s even more concerning is that the package states it was manufactured in Indonesia on 23-08-24, so I have no idea how long this insect has been inside. The noodles were imported and marketed in Perinthalmanna, Malappuram (Kerala), so I assume it was distributed from there.

I immediately sent a mail to the customer care mentioned on the packet (Thara Trading Co., Kerala distributors – tharatradingco), but I haven’t received any response from them yet.

What should I do next? Should I report this to a consumer protection authority? Has anyone else faced a similar issue with Indomie or other instant noodles? I’ve taken photos of the cocoon, the damaged noodles, and the packaging if that helps in any way.

Would appreciate any advice on how to proceed. Thanks in advance!"
I_am_myne,"Indian flew first aeroplane before Wright brothers, gravity theory existed before Newton: Rajasthan governor Haribhau Bagde | Jaipur News - The Times of India",0,371,0.88,0,1743334818.0,False,t5_2qh1q,
RubTight3045,Thinking of Leaving Delhi for a Simpler Life—Need Advice on Buying Farmland,0,2,0.63,0,1743423340.0,False,t5_2qh1q,"
Hey everyone,

A friend of mine is done with the chaos of Delhi and wants to move somewhere quieter. Both they and their partner work in IT with a fully remote setup, so they have the flexibility to relocate. The dream is to buy a piece of farmland, build a comfortable house, and grow something simple—maybe a mango orchard or another low-maintenance crop that doesn’t require constant attention.

The goal is to create a peaceful, self-sustaining life while still being close enough to essential facilities like schools for their kids. They want to stay in North India, preferably Rajasthan, so they don’t have to be too far from family and friends.

However, there are a few major questions:
	1.	Where to Buy?
	•	Which areas in Rajasthan (or nearby states) offer affordable yet accessible farmland?
	•	Any specific locations with decent infrastructure (schools, hospitals, road connectivity, water, electricity)?
	•	Are there upcoming developments or townships that could make certain areas a better long-term investment?
	2.	How to Buy?
	•	What’s the process of buying agricultural land in Rajasthan?
	•	Can non-farmers purchase farmland, or do they need to register as farmers first?
	•	What legal checks/documents should they verify to avoid issues?
	3.	Managing the Land
	•	What’s the best way to design and build a sustainable home on farmland?
	•	What crops (like mangoes) require the least effort and can be managed by a hired caretaker?
	•	How to find trustworthy people to maintain the farm when they’re not around?

If anyone has experience with something similar or knows the ins and outs of buying land in Rajasthan, any advice would be hugely appreciated! Also, if there are better alternatives than Rajasthan, open to suggestions. Thanks!"
Azure-777,Where can I get 99.9% or 91% Isopropyl Alcohol,0,9,0.73,0,1743397140.0,False,t5_2qh1q,"I recently bought this Isopropyl Alcohol to clean my old camera but turns out it's impure, I gpt disposed of it today but I wanna get some pure Isopropyl Alcohol to clean electronic items, so I want a 91-99.9% Isopropyl Alcohol 

Where can I get it from? I know there are some shops that can have these like medical or electrical but not sure and I do prefer to get it online so if there's a verified seller who sell this alcohol and not a scan please comment the link and if you know from which shops I can get this from please comment it below 

Sorry for poor grammer, I was in the sun for quite some time to dispose this alcohol by mixing it with water and evaporating :')"
AlekhyaDas,"UP teen barred from exam, insulted over school dues, dies by suicide. Read here",0,275,0.98,0,1743334169.0,False,t5_2qh1q,
HeadBusiness3601,Allahabad High Court Bar Association ends strike against Justice Yashwant Varma transfer,0,1,1.0,0,1743441820.0,False,t5_2qh1q,Good work guys take some rest. We may need another round 
sidroy81,"L2 Empuraan: CBFC orders 17 cuts in Mohanlal film after row over depiction of Gujarat riots, makers to trim scenes",0,477,0.96,0,1743319703.0,False,t5_2qh1q,
galemekharash,Disgusted by the sneaky way ZEPTO adds charges. ZEPTO = UNETHICAL,0,422,0.95,0,1743319544.0,False,t5_2qh1q,"The delivery charges are 30 rs delivery charges for orders under 199 and free for orders above 199.

However, even if the order is approx 900 rs, they have applied delivery charges and there's no way to contact customer care."
YellaKuttu,"Kunal Kamra, T-Series and Copyright: Courts Must Stop the Outsourcing of Free Speech Repression to Private Actors",0,166,0.95,0,1743337517.0,False,t5_2qh1q,
FlyingScript,"Hindutva Mob Desecrates Dargah in Maharashtra Town, Hoist Saffron Flag",0,412,0.88,0,1743309021.0,False,t5_2qh1q,
Pilipopo,Hindostanis of Suriname and The Netherlands: urgent need for research on their roots in India.,0,12,0.83,0,1743377045.0,False,t5_2qh1q,
hfbvm2,Corrupt Indians,0,2182,0.94,0,1743273674.0,False,t5_2qh1q,"Visited india after nearly 8 years and it seems like things are just getting worse and worse. Everyone is corrupt,  there is no service that you can have without someone being corrupt.  

Passport renewal : Filed the application online,  no progress for a month.  Visited passport office, gave a bribe. Next stop police station, gave a bribe. Postal delivery guy refused to give passport and lose the mail unless he gets money.  Gave a bribe.

Driving license renewal : no driving test. Bribe the guy outside to get an appointment.  Bribe inside and the application got approved. Postal guy again needed Bribe. 

Fridge repair : official LG guy comes home. Makes a fake invoice with less cost than he charged. Started a fight afterwards. Scammed  me for the cost of parts, scammed the company by underreporting the problem. Eating money both ways. 

Taxi : You book Uber, they don't care what the app says.  Some cancel the ride and ask for cash,  other ask for extra cash on top.  

These are just few examples,  every person I've met is just trying to scam and get some extra money.  I've yet to see someone working honestly,  before it was only govt Institution now even private Institutions are corrupt. And it's all because of the people working there.  Idk what can be done,  but it just feels like everyone has accepted it, they just treat bribes as included in cost. And probably consider it as part of their income. "
