author_username,title,downs,ups,upvote_ratio,total_awards_recieved,created_utc,over_18,subreddit_id,selftext
AutoModerator,r/IndiaSpeaks - What happened in your State or City this week ?,0,2,1.0,0,1743741030.0,False,t5_3d4x4," Tell us anything noticeable big or small, funny or strange happened in your city/state/region. Please remember to state the city/state/region in your comment and it would be great if you link to some news article or a source to it.

&#x200B;

* You can also join our [Discord server Invite](https://discord.gg/V8sCPac)
* The ""What happened in your State or City"" thread is posted weekly on Saturday evening
*  [Previous Threads](https://www.reddit.com/r/IndiaSpeaks/search/?q=What%20happened%20in%20your%20State%20or%20City%20this%20week&restrict_sr=1&sort=new) can be found here"
AutoModerator,"r/Indiaspeaks - Weekly Questions - Stupid , Too Afraid/Shy to Ask, Now is the Time",0,3,1.0,0,1742871632.0,False,t5_3d4x4,"Welcome to our Tuesday Stupid , Too Afraid/Shy to Ask, Now is the Time session

Often we have questions that we are afraid to ask for several reasons, leave them behind and just ask because now is the time....

The questions could be anything and not pertaining to a particular subject, be it History, Science, Politics, Sports , Movies, Music, Daily life related

***But just remember to be civil and follow the rules of the Sub***

* You can also join our [Discord Server Invite](https://discord.gg/V8sCPac)
* The ""Daily Discussion"" thread is posted Tuesday at 8:30 AM"
CartographerOwn3656,This is the reason why BJP will never lose its national popularity,0,2462,0.96,0,1743761913.0,False,t5_3d4x4,"Many people think it's always "" hindu right wingers "" who support bjp , but there are many leftists and neutral voters who have to vote bjp 

It's not that BJP is good , it's just that congress is far worse to be elected "
Unable-Ad931,"Muslim mob attack Tribals celebrating ""Sarhul Festival"" in Jharkhand",0,725,0.96,0,1743769555.0,False,t5_3d4x4,"Arif Ansari and Jakir Ansari arrested for involvement in violent clash during the Tribal’s Sarhul procession in Hethbalu village, Ranchi, involving stone-pelting and lathi attacks that injured around a dozen people.
https://timesofindia.indiatimes.com/city/ranchi/protest-erupts-in-city-after-sarhul-procession-clash-two-held/articleshow/119953489.cms"
BROWN-MUNDA_,"Karnataka man spends 1.5 years in jail for wife's 'murder', she walks into court alive",0,683,1.0,0,1743764523.0,False,t5_3d4x4,"In a surprising turn of events, a man accused of murdering his wife was relieved when she was found alive and presented in court. The court has summoned police officers who investigated the case and arranged protection for her while examining her as an additional witness.

Source: https://timesofindia.indiatimes.com/city/mysuru/cops-served-notice-after-dead-woman-surfaces/articleshow/119914813.cms"
Foreign_Angle_9042,"Major attempt to start another violence thwarted in Shahjahanpur UP, accused of sacrilege found out to be named Nazeem",0,283,0.98,0,1743779392.0,False,t5_3d4x4,"Nazim (aka Mohd Nazim, Nazeem, Mohammad Najim), a resident of Jalalabad, Shahjahanpur, UP, identified via CCTV footage as the accused, tore pages of the Qran and threw them into the air in front of a hairdresser's shop on Tehsil Road near a water tank alley, 50 meters from Jalalabad police station, around 8:30-9:00 PM on Thursday, April 3, 2025, detained by police the same night, sparked outrage and protests by thousands from a specific community, leading to a tense, near-riot situation with commotion, roads blocked, shops shut, and heavy police deployment; under interrogation with a report to be filed based on a formal complaint.

[https://x.com/AshwiniSahaya/status/1908102635116282148](https://x.com/AshwiniSahaya/status/1908102635116282148)

[https://www.etvbharat.com/hi/!state/torn-pages-of-religious-book-found-on-road-in-shahjahanpur-community-members-created-ruckus-uttar-pradesh-news-ups25040400954](https://www.etvbharat.com/hi/!state/torn-pages-of-religious-book-found-on-road-in-shahjahanpur-community-members-created-ruckus-uttar-pradesh-news-ups25040400954)

[https://www.deccanherald.com/india/uttar-pradesh/man-detained-for-tearing-pages-of-holy-book-in-ups-shahjahanpur-3477726](https://www.deccanherald.com/india/uttar-pradesh/man-detained-for-tearing-pages-of-holy-book-in-ups-shahjahanpur-3477726)"
Unable-Ad931,Hindu group denied nod for Ram Navami rally on desired route by Bengal police,0,231,0.98,0,1743775747.0,False,t5_3d4x4,Source: https://www.indiatoday.in/cities/kolkata/story/hindu-group-anjani-putra-sena-denied-nod-for-ram-navami-rally-on-desired-route-by-kolkata-police-2703564-2025-04-03
Bhavan91,It is crazy how a lot of Western folks look down on South Asians but they use the market for generating views.,0,303,0.96,0,1743770069.0,False,t5_3d4x4,"I know it says Bangladesh but I've seen this happen in India too. (I'M INDIAN).

A freelancer talking smack online about the company he is freelancing for would get booted instantly. 

But this online system where a Westerner can GO TO a South Asian country,  arrogantly talk trash about it in the name of content, and then make money off if is insane.

It just screams ""I will tell everyone you're garbage. But I will make money off of you"""
Willing_Base_6278,No way 😭 vantra is a scam,0,1729,0.87,0,1743736399.0,False,t5_3d4x4,
BROWN-MUNDA_,Pure gold by our opposition leaders,0,941,0.98,0,1743745087.0,False,t5_3d4x4,
Shak1196,"Massive protests begin across India as Parliament passes Waqf Bill: Muslims step out of homes to reject it. [thetatvaindia, Instagram]",0,277,0.88,0,1743768314.0,False,t5_3d4x4,
BROWN-MUNDA_,"Avoid rhetoric that vitiates environment, ensure safety of Hindus: PM to Yunus",0,90,0.98,0,1743781503.0,False,t5_3d4x4,Source: https://www.indiatoday.in/india/story/prime-minister-narendra-modi-bangladesh-muhammad-yunus-rhetoric-row-northeast-thailand-meeting-2703983-2025-04-04
Unable-Ad931,"Jadavpur University denies permission for Ram Navami celebration, sparks row",0,631,0.98,0,1743742790.0,False,t5_3d4x4,Source: https://www.indiatoday.in/india/story/jadavpur-university-ram-navami-celebration-permission-denial-west-bengal-2703751-2025-04-04
BROWN-MUNDA_,MNS workers now beat and slapped bank employee for not speaking Marathi,0,731,0.96,0,1743739420.0,False,t5_3d4x4,Source: India Today 
Foreign_Angle_9042,"7 year old boy raped and murdered in Mumbai, accused Mohammad Salman arrested",0,126,0.97,0,1743773294.0,False,t5_3d4x4,"Mumbai, Chunabhatti: April 1, 2025, evening, 20-year-old Mohammad Salman Alam Anath-ul-Haq from Bhiwandi lured 7-year-old boy from Dharavi near Kurla East station with chocolates, raped, killed him near graveyard; arrested April 2 after CCTV evidence; FIR for rape, kidnapping, murder filed.

[https://www.hindustantimes.com/cities/mumbai-news/20yearold-held-for-raping-killing-7-year-old-boy-101743706986553.html](https://www.hindustantimes.com/cities/mumbai-news/20yearold-held-for-raping-killing-7-year-old-boy-101743706986553.html)"
Foreign_Angle_9042,Shocking! Only 4 out of 163 paneer samples collected in Karnataka safe for consumption,0,63,0.98,0,1743785974.0,False,t5_3d4x4,"In a statewide investigation by the Karnataka Department of Food Safety and Public Health, led by Food Safety Commissioner Srinivas K, 163 paneer samples were collected across Karnataka, including 17 from Bengaluru, revealing that only 4 were safe for consumption by March 18, 2025, with 2 of the Bengaluru samples deemed unsafe due to harmful bacterial presence and non-dairy adulterants such as vegetable oils (palm or soybean), starch, flour, skimmed milk powder, low-quality milk solids, synthetic detergents, and urea, used by unidentified producers to cut costs and maximize profits, posing serious health risks, with ongoing tests expected to yield further results in the coming weeks.

[https://timesofindia.indiatimes.com/life-style/food-news/shocking-only-4-out-of-163-paneer-samples-collected-in-karnataka-safe-for-consumption/articleshow/119913346.cms](https://timesofindia.indiatimes.com/life-style/food-news/shocking-only-4-out-of-163-paneer-samples-collected-in-karnataka-safe-for-consumption/articleshow/119913346.cms)"
Unable-Ad931,"Trinamool opposes Aadhaar-Voter ID linking, cites data and legal concerns",0,188,0.99,0,1743761700.0,False,t5_3d4x4,Source: https://www.telegraphindia.com/west-bengal/trinamool-opposes-aadhaar-voter-id-linking-cites-data-and-legal-concerns/cid/2092421
BROWN-MUNDA_,"Waqf Bill Passed By Rajya Sabha With 128 Votes For, 95 Against",0,759,0.99,0,1743732625.0,False,t5_3d4x4,Source: https://www.ndtv.com/india-news/waqf-amendment-bill-passed-by-rajya-sabha-with-128-votes-for-95-against-day-after-lok-sabha-cleared-it-8081809/amp/1
ic_97,One of the unique divorce cases...with a happy ending?,0,37,0.89,0,1743790302.0,False,t5_3d4x4,
InstructionSecret607,"Waqf Amendment Bill Passed – But If They Return, They  Undo It!",0,115,0.98,0,1743764777.0,False,t5_3d4x4,"The **Waqf Amendment Bill** has officially passed, despite heavy opposition. The numbers tell the story:  

| House        | Votes For | Votes Against |  
|-------------|----------|---------------|  
| **Lok Sabha**  | **288**    | **232**          |  
| **Rajya Sabha** | **128**    | **95**           |  

The BJP has **pushed through a necessary reform**, but let’s be clear—**this fight is far from over.**  

West Bengal CM **Mamata Banerjee** is already **threatening** that if the opposition comes back, they will **undo this bill** and bring back the old system:  

> **""One day they will go, and another government will come to nullify this bill.""**  

We have seen time and again how they play this game. **They oppose reforms today, but if they get back in power, they will undo every step forward.**  

This bill is a step towards **Stopping Land Mafia**,  **ending decades of special treatment** and ensuring **equal laws for all citizens**. The opposition knows it, and that’s why they are desperate.  

## **Don’t Let Them Reverse This.** If they come back, they will bring it back.  

---  

### **Sources:**  
1. [https://timesofindia.indiatimes.com/india/rights-of-muslims-will-be-snatched-west-bengal-cm-mamata-banerjee-calls-waqf-bill-anti-secular/articleshow/115760585.cms](https://timesofindia.indiatimes.com/india/rights-of-muslims-will-be-snatched-west-bengal-cm-mamata-banerjee-calls-waqf-bill-anti-secular/articleshow/115760585.cms)  
2. [https://indianexpress.com/article/cities/kolkata/mamata-banerjee-waqf-bill-criticism-9695447/](https://indianexpress.com/article/cities/kolkata/mamata-banerjee-waqf-bill-criticism-9695447/)  
3. [https://economictimes.indiatimes.com/news/mamata-banerjee-says-waqf-bill-is-attack-on-indias-federal-structure-claims-rights-of-muslims-would-be-taken-away/articleshow/115777955.cms](https://economictimes.indiatimes.com/news/mamata-banerjee-says-waqf-bill-is-attack-on-indias-federal-structure-claims-rights-of-muslims-would-be-taken-away/articleshow/115777955.cms)  

## **If they return, they will bring it back. Remember that.**  "
Foreign_Angle_9042,"Bengaluru Horror! 19-Year-Old Bihar Laborer, Travelling With Cousin, Attacked & Raped By Autorickshaw Drivers; Two Held",0,36,0.96,0,1743785521.0,False,t5_3d4x4,"On April 3, 2025, near KR Puram railway station in Bengaluru, Asif Zameer Khan (29), an autorickshaw driver from Mulabagal, Kolar district, raped a 19-year-old woman from Bihar, while his accomplice Syed Mushar (25), also an autorickshaw driver from Mulabagal, assaulted and restrained her cousin, beating him and preventing intervention; both accused, who regularly drove to Bengaluru and slept in their autorickshaws near the station, were arrested after locals and a passerby, intervened, with Asif caught at the scene and Syed apprehended an hour later, charged with rape, assault, wrongful restraint, criminal intimidation, and other offenses under the Bharatiya Nyaya Sanhita.

[https://www.ndtv.com/india-news/bihar-teen-sexually-assaulted-in-bengaluru-brother-beaten-up-8080514](https://www.ndtv.com/india-news/bihar-teen-sexually-assaulted-in-bengaluru-brother-beaten-up-8080514)

[https://www.ndtv.com/video/man-rapes-bihar-teen-in-bengaluru-as-another-restrains-beats-up-brother-922041](https://www.ndtv.com/video/man-rapes-bihar-teen-in-bengaluru-as-another-restrains-beats-up-brother-922041)

[https://www.newindianexpress.com/amp/story/cities/bengaluru/2025/Apr/04/two-auto-drivers-held-for-raping-bihar-woman-in-bengaluru](https://www.newindianexpress.com/amp/story/cities/bengaluru/2025/Apr/04/two-auto-drivers-held-for-raping-bihar-woman-in-bengaluru)

[https://www.hindustantimes.com/cities/bengaluru-news/bengaluru-bihar-woman-19-dragged-to-secluded-spot-raped-near-kr-puram-railway-station-two-arrested-101743730616548.html](https://www.hindustantimes.com/cities/bengaluru-news/bengaluru-bihar-woman-19-dragged-to-secluded-spot-raped-near-kr-puram-railway-station-two-arrested-101743730616548.html)

[https://www.livemint.com/news/india/bengaluru-news-19-year-old-bihar-woman-raped-by-2-men-near-kr-puram-railway-station-11743680305879.html](https://www.livemint.com/news/india/bengaluru-news-19-year-old-bihar-woman-raped-by-2-men-near-kr-puram-railway-station-11743680305879.html)

[https://www.freepressjournal.in/crime-news/bengaluru-crime-19-year-old-bihar-labourer-travelling-with-cousin-brother-attacked-raped-two-held](https://www.freepressjournal.in/crime-news/bengaluru-crime-19-year-old-bihar-labourer-travelling-with-cousin-brother-attacked-raped-two-held)"
BROWN-MUNDA_,Poverty reduction in last 12 years,0,160,0.96,0,1743752986.0,False,t5_3d4x4,Source: The indian express 
theanonymoussking,"Pooja Sharma, live-in partner of SanojMishra now says she filed rape case by mistake as she was enraged over monalisa & misguided",0,203,0.99,0,1743747183.0,False,t5_3d4x4,"
[Maha Kumbh Girl Monalisa's Director Sanoj Mishra Arrested For Rape, Blackmailing An Actress](https://www.news18.com/movies/maha-kumbh-girl-monalisas-director-sanoj-mishra-arrested-for-rape-blackmailing-an-actress-9281488.html)

[Woman Withdraws Rape Complaint Against Maha Kumbh Girl Monalisa's Director, Says 'Realised My Mistake'](https://www.news18.com/india/woman-withdraws-rape-complaint-against-maha-kumbh-girl-monalisas-director-says-realised-my-mistake-9285218.html)"
ProfessionalMovie759,"'When BJP-led regime is ousted, will bring amendment to nullify Waqf Bill': Mamata Banerjee | India News - The Times of India",0,117,0.95,0,1743755815.0,False,t5_3d4x4,
CartographerOwn3656,Professional left wing RR 101,0,107,0.75,0,1743757827.0,False,t5_3d4x4,
BROWN-MUNDA_,PM Modi offers linking UPI with payment systems of BIMSTEC nations,0,45,0.95,0,1743773668.0,False,t5_3d4x4,Source: https://ddnews.gov.in/en/pm-modi-offers-linking-upi-with-payment-systems-of-bimstec-nations/
Aggressive_Mirror_63,I don't see no pedestrian bridge,0,30,0.97,0,1743776606.0,False,t5_3d4x4,"Came across this plaque of the inauguration of a pedestrian bridge, but the thing is there isn't any as far the next 5-10 kilometres. 
Location -- Danapur cantonment, patna, Bihar 

Am I missing something??"
BuLbaS7uR69,"If he is really an idiot, why is he winning in Rae Bareli continuously ??",0,15,0.76,0,1743788450.0,False,t5_3d4x4,Are people mad or there is something I am missing 🤔 ?
Unable-Ad931,Subhanshu Shukla To Become Ist Indian Astronaut To Reach ISS Aboard SpaceX Dragon,0,212,1.0,0,1743735964.0,False,t5_3d4x4,"Shubhanshu Shukla is set to become the first Indian astronaut to visit the International Space Station as part of Axiom Space's Ax-4 mission, launching in spring 2025. The mission, led by former NASA astronaut Peggy Whitson, will involve a 14-day stay at the ISS with a crew from multiple countries.

Source: https://indianexpress.com/article/world/shubhanshu-shukla-first-isro-astronaut-international-space-station-9921651/#:~:text=The%20mission%2C%20set%20to%20launch,human%20spaceflight%20at%20Axiom%20Space."
Reincarneme,Bihar is the food & vegetable basket of India,0,64,0.96,0,1743757647.0,False,t5_3d4x4,Memes and banters are fine but some people have started actually believing that Bihar is a blackhole where everything just goes in and nothing come s out ..so here's some stats on what comes out of the fertile fields and agricultural lands of Bihar 
No-Object-2413,"Spiritual leader Rambhadracharya is asking for a job in Public Service Commission as donation from the Speaker of UP Assembly. (Kanpur, Uttar Pradesh)",0,21,0.74,0,1743777096.0,False,t5_3d4x4,
Background-Exit3457,"Do not want President’s Rule to continue, dialogue between communities only way forward in Manipur, says Amit Shah in Rajya Sabha",0,13,0.94,0,1743784562.0,False,t5_3d4x4,
yatracharsi,Kancha Forest : destruction or Development,0,15,1.0,0,1743782943.0,False,t5_3d4x4,"Hyderabad is losing one of its last green spaces—Kancha Forest in Gachibowli. Over 400 acres of natural forest are being cleared for urban development. This land is home to countless birds, animals, and rare plants. If we don’t act now, we’ll lose this vital ecosystem forever!"
OkaTeluguAbbayi,A nice picture I took of the flag earlier today [OC],0,14,0.94,0,1743781385.0,False,t5_3d4x4,
nandnandana-123,"Anyone here into indian philosophy? here's my collection of vedanta literature,Vedanta sutra with the bhasya of baldeva vidhyabhusna(1700-1790) of gaudiya vaishnava sect, bhasya on gita by viswanath chakravarthy (1626-1708ad), again gaudiya vaishnava sect,all major10Upanishads,and Gopal tapani Upani",0,15,0.94,0,1743779711.0,False,t5_3d4x4,
CartographerOwn3656,global trade war is about to become more tense 🔥🔥,0,16,0.95,0,1743776397.0,False,t5_3d4x4," I genuinely believe that the china and USA fight will benefit india in the long run 

China's biggest power was its mass produced cheap garbage , if chinese products become expensive due to tariff , It will mean that indian products will have a higher appeal in foreign nations 

India has less tariff than bangladesh , Pakistan and China 

ABSOLUTE VICTORY !!!!! "
Unable-Ad931,Aspire for 10% growth before chiding job creators': Grover slams Goyal over remarks on startups,0,59,0.83,0,1743752203.0,False,t5_3d4x4,Source: Moneycontrol 
vinay_kharayat,"Created an app in which you can compare prices between multiple platforms like instamart, blinkit etc.",0,17,1.0,0,1743772055.0,False,t5_3d4x4,"Created an app called shopswiftly where you can compare between Instamart, blinkit etc.

Download the [app](https://play.google.com/store/apps/details?id=com.soartech.shopswiftly.shopswiftly) from playstore!!

  
[https://play.google.com/store/apps/details?id=com.soartech.shopswiftly.shopswiftly](https://play.google.com/store/apps/details?id=com.soartech.shopswiftly.shopswiftly)"
Foreign_Angle_9042,Hyderabad cab driver rapes 25-year-old German woman on way to airport,0,712,0.97,0,1743697082.0,False,t5_3d4x4,"On March 31, 2025, in Mamidipally area of Hyderabad, Mohammed Abdul Aslam, an unemployed ex-Dubai driver, raped a 25-year-old German woman who was on tour of the city with one of her friend; after sightseeing from 6:20 pm, Aslam isolated and assaulted her at 8 pm in a secluded spot, she escaped by jumping from the car, he was arrested April 1 under BNS Section 64(1), following her friend's complaint at Pahadishareef station.

[https://www.newindianexpress.com/cities/hyderabad/2025/Apr/01/hyderabad-cab-driver-rapes-25-year-old-german-woman-on-way-to-airport-probe-on](https://www.newindianexpress.com/cities/hyderabad/2025/Apr/01/hyderabad-cab-driver-rapes-25-year-old-german-woman-on-way-to-airport-probe-on)"
ClientRelevant5046,"Husband withstands 45 FIRs, being beaten, suicide threat by wife and gets divorce in HC but only after Rs 63 lakh alimony",0,11,0.92,0,1743777690.0,False,t5_3d4x4,
Realboy000,"As Kerala government opposes Bill, Christian bodies laud passage",0,38,0.98,0,1743752835.0,False,t5_3d4x4,
Objective-Tennis-871,"CCTV: 70-Year-Old Woman, Son Brutally Assaulted By Daughter-In-Law & Her Family In Gwalior; FIR Filed After 4 Days",0,9,1.0,0,1743780584.0,False,t5_3d4x4,
BROWN-MUNDA_,"String of applications tied to his body, man crawls to MP govt office to highlight water woes",0,1066,1.0,0,1743687310.0,False,t5_3d4x4,
Unable-Ad931,India ranks tenth with $1.4 billion private investment in Artificial Intelligence: United Nations report,0,23,0.97,0,1743758520.0,False,t5_3d4x4,Source : https://www.thehindu.com/news/national/india-ranks-tenth-with-14-billion-private-investment-in-artificial-intelligence-united-nations-report/article69411505.ece
1DarkStarryNight,"‘Guns, mountains, and revenge’: Inside India’s secret pact with Armenia",0,15,0.94,0,1743765912.0,False,t5_3d4x4,
ProfessionalMovie759,"Opposition slams Mamata Banerjee for the loss of 24,000 teachers’ jobs in Bengal",0,24,0.97,0,1743755756.0,False,t5_3d4x4,
me_agnyathavasi,MY OPINION on language wars,0,4,0.7,0,1743789697.0,False,t5_3d4x4,"Recently I'm seeing alot of language wars and it really disturbs me watching all the nonsense among ourselves. Please read this with a neutral mind. 

India isn’t your typical country, it’s more like the European Union in disguise. Every region has its own language, culture, and history that's older than half the civilizations we read about in textbooks.

As a Telugu-speaking guy, let me be clear I'm totally against this nonsense of bullying people for not knowing a local language. Nobody’s obligated to learn a new tongue just to visit a new place. But when the decision has already been taken to divide the country into states based on languages, the least we can do is respect the language of the land. That’s just basic decency.

The real mess began when the central government started pushing Hindi as the ""national"" language. Favoring one language over others in a multilingual country is a surefire way to breed resentment. You can’t sideline people’s identities and expect them to clap for it. 

Take few central government exams, for instance offered only in Hindi and English. That’s a clear advantage for native Hindi speakers. Meanwhile, non-Hindi folks are stuck choosing between two languages that aren’t their own. How’s that fair? Equality means equal footing right? It's like forcing people to climb an extra hill just to compete.

My Take? 

Make English the sole official language. Nobody owns it, nobody will go against it and ironically, everyone wants it.

Even those fools who are doing language politics and those fools who are supporting the Hindi as national language want their kids in a ENGLISH-MEDIUM schools. 

A few common (and frankly silly) questions people throw around:

1. From my fellow Hindi lovers: 
""You're choosing English, a foreign language, over Hindi an Indian language?"" - Well India is already adapted to English if you still want change then start from your home make your kids study only Hindi.

2. From the Language protectors: 
""Our culture is under threat! Outsiders are killing our local languages!"" - If your culture/language can be wiped out that easily, sorry but it was already on life support then. 

The governments are anyway useless atleast Let us stop pretending and just be practical. 

Sorry if I've hurt anyone's sentiments. Peace 🙏🏼.
 "
DesiBail,What was needed for Waqf act in 1990's if all land disputes were covered in India law ?,0,4,1.0,0,1743789564.0,False,t5_3d4x4,"Also, why Hindus can't have similar board for managing Hindu religious properties? "
Unable-Ad931,Where are roads?' Netizens ask as Ferrari gets its first showroom in Bengaluru,0,517,0.99,0,1743686646.0,False,t5_3d4x4,Source: Deccan Herald 
BROWN-MUNDA_,Typical amit shah moment during waqf bill debate,0,1005,0.97,0,1743673060.0,False,t5_3d4x4,Source: NDTV
margazi_perumal_20,"Heavy floods in Banjara Hills, Hyderabad due to thunderstorms today",0,396,1.0,0,1743689601.0,False,t5_3d4x4,https://x.com/WeatherMonitors/status/1907746796895613437
theanonymoussking,"'My wife beats me sir, save me from my wife sir' Lokesh submitted an application to the Superintendent of Police office in Panna, Madhya Pradesh, narrating the story of his own wife's cruelty and requested for help. CCTV footage of his wife beating him came to light.",0,2254,0.97,0,1743655545.0,False,t5_3d4x4,"
"
Unable-Ad931,"A Hindu village in Jagiroad Assam is surrounded and attacked by a large group of Muslims, who threaten to burn it",0,644,0.96,0,1743677258.0,False,t5_3d4x4,"Transition :- A Hindu village in Jagiroad, Assam, is under grave threat, surrounded and outnumbered by Muslims. The tensions escalated when a group of 15 Muslim youths attacked Hindu villagers who were merely passing through a Muslim-majority area on their way home. Hours later, the situation turned dire as a mob of 200-300 Muslims stormed the Hindu village, forcefully entering homes and openly threatening to burn down the entire settlement.

Fear grips the Hindu villagers, who find themselves defenseless and encircled, uncertain of what comes next. Though the matter has been reported to the police, only two arrests have been made so far, leaving the community vulnerable and fearing for their safety.

Source: NEWS 18"
Unable-Ad931,Breaking Waqf. No offense,0,812,0.97,0,1743670330.0,False,t5_3d4x4,
BoloHuHu,Remembering Field Marshal Sam Manekshaw on His Birth Anniversary,0,567,0.99,0,1743675296.0,False,t5_3d4x4,"My father was a good friend of Mr. Manekshaw. They used to exchange letters sharing opinions on what was going on in our country and world. My father remembers him as the person who can brighten up the room, was never afraid to speak his opinion and was always ready to listen and guide you about everything. 

Here is a signed picture of him that my father still keeps on his desk and the last letter my father recieved written by his daughter Ms Sherry Batliwala.

Sharing it here in loving memory of a Brave Man and an Excellent person."
oldlostschizo,"Save wildlife of uttrakhand. Credit to OP, just sharing for awareness",0,2,1.0,0,1743785413.0,False,t5_3d4x4,We need to be serious about civic sense in our education system 
18Lama,"Billionaires' children use labels like ‘healthy,’ ‘vegan’, add good packaging and call themselves startups: Piyush Goyal urges better innovation",0,144,0.99,0,1743701145.0,False,t5_3d4x4,
weirdtailsme,Only a temporary halt. The least we can do is sign a petition to completely stop this massacre and hope it works,0,274,1.0,0,1743688245.0,False,t5_3d4x4,"This petition has been started by lawyer Joshiba Dev and here's the [link](https://chng.it/Pq4ZGvrtJ5) to it.

Yes, signing a petition has often not done much but it's better than doing nothing. 
"
Kcilcte,School fees in Hyderabad. So education is like a full fledged business everywhere in India?,0,744,0.97,0,1743667386.0,False,t5_3d4x4,
Unable-Ad931,"""₹64 vs ₹105: Shocking Petrol Price Gap at India-Bhutan Border Goes Viral",0,669,0.97,0,1743668076.0,False,t5_3d4x4,Source: business today 
margazi_perumal_20,"Q1 office absorption data - 2025. Bengaluru leads, followed by Hyderabad and Pune.",0,10,1.0,0,1743749739.0,False,t5_3d4x4,https://x.com/Bangalorereal1/status/1908044296789295209
_KNAWLEDGE_,"Food Delivery, Quick Commerce Turning Unemployed Youth Into Cheap Labour: Piyush Goyal",0,10,1.0,0,1743745556.0,False,t5_3d4x4,"As much as he has a point about Indian startups focusing on things that are only really there for the sake of creating a quick buck, I think he is completely firing at himself by comparing Indian technology with that of China.

Quoting from the post

> On the other hand, what is China doing? They're working on battery and electric mobility.... So should we aspire to be the best or just be delivery boys and girls?

1. In order for youngsters to focus on tinkering with new technology and to buy materials to study about science, tech and commerce, money is definitely needed. You'd be surprised to know how many Indians rely on piracy to get anything done mainly because everything is damn expensive. Our nation has a very scarce amount of part time jobs that allow these youngsters to earn money while still being at college or even after finishing their formal education. These quick commece companies allow these students to earn a decent amount of money without having to dedicate their entire day towards work. They allow a flexible schedule for their workers (albeit with several catches) allowing them to atleast focus on their hobbies. 

2. Staying on the lines of education and employability, I'd like to say something that everyone knows. The education system has completely failed the masses. From the beginning , money-making is the only motive for most people. Those smart enough to work around the system by using their creativity to solve major problems in a field will most of the times opt to go abroad either after looking at the meager salary being offered to them if they ever manage to get employed, or by the absolutely horrible working conditions required to survive in India. If a person who has big ideas to change the world is struggling to make ends meet, why would they selflessly work to improve a society that gives nothing in return? How can politicians expect Indians to start producing high quality goods like that of China, when they themselves fail to produce high quality workers who are satisfied with their role in society?

3. Taxes. China has complete tax exemption or heavy tax cuts on electric vehicles being produced there. Meanwhile India still imposes taxes on even locally produced vehicles let alone those from outside. How can companies innovate on new battery and motor technology, when the very face of innovation is being taxed here in India?

I'm not too well versed with the current state of Indian production but I believe neither are these babus who just like to talk whatever comes to their tongue without knowing any ground reality. They blame India for lack of newer and improving production facilities while preventing said facilities from improving with shitty policies.

What do y'all think about this?"
AutoModerator,r/IndiaSpeaks - Sept 2024 | Do you want become Mod of our Community ? Apply Now - Please help us out in building the Community further,0,2,1.0,0,1743775310.0,False,t5_3d4x4,"### Namaste Everyone

We have made it this far and reached 887k members , Almost reaching a million soon. 

So do you want us to help and get us better and reach newer milestones and want to mod a sub this large ?

### We need your help !!!

Some things to remember:
Apply only if you think you would have enough time to help out!
- One of the main requirement is being available at least once day on discord to check the queries/discussion of the Mods
- Being available everyday for minimum an hour for moderation duties
- Being active and initiating or helping in organizing Debates/Cult-ex/AMAs or other threads

Please fill out the Application Form below if you think you would be a perfect fit for us,

https://form.jotform.com/242605856424459

The last date for filing application closes on 30th Oct 2024!


Thank you so much, and good luck to all!
Regards,
The Mod Team"
PenPrudent5435,The Cost of Breathing in India,0,1,0.6,0,1743784366.0,False,t5_3d4x4,
Foreign_Angle_9042,US Man Arrested For Entering Restricted North Sentinel Island In Andamans,0,255,0.99,0,1743674878.0,False,t5_3d4x4,"Mykhailo Viktorovych Polyakov (24), arrested by CID on March 31, 2025, for illegally entering North Sentinel Island from Kurma Dera beach, Port Blair, on March 29, 2025, at 1 am, with a coconut and cola as offerings, reaching the northeastern shore by 10 am, landing briefly for 5 minutes, leaving offerings, collecting sand, recording video with GoPro, returning by 7 pm, spotted by fishermen; meticulously planned using GPS, seized inflatable boat and outboard motor, in custody for interrogation, previously visited Port Blair October 2024 and January 2025, attempted reconnaissance with kayak, stopped by hotel staff, illegally videographed Jarawa tribe at Baratang Islands, charged under Foreigners Act, 1946, and Andaman & Nicobar Islands (Protection of Aboriginal Tribes) Regulation, 2012, per Tribal Welfare Officer Pronab Sircar’s complaint at Ograbraj station, notified Home Department, Ministry of External Affairs, US Embassy; Sentinelese, vulnerable Andamanese tribe, hostile, killed John Chau in November 2018.

[https://www.ndtv.com/india-news/us-man-arrested-for-entering-restricted-north-sentinel-island-in-andamans-cops-8071854](https://www.ndtv.com/india-news/us-man-arrested-for-entering-restricted-north-sentinel-island-in-andamans-cops-8071854)"
1fuckyoureddit,TIL We had almost Absolute Freedom of Speech until 1951 when then Government Amended Constitutional Law,0,45,0.93,0,1743706782.0,False,t5_3d4x4,"
The amendment was done because then Prime Minister Nehru thought the Courts were too broad interpreting Freedom of Speech, and hence restricted the speech.

The First Amendment Act of 1951 introduced restrictions on freedom of speech and expression under Article 19(2) of the Indian Constitution. These restrictions were added to prevent the misuse of free speech and to address concerns regarding public order and national security.

Key Restrictions Introduced:

	1.	Security of the State-
Speech that incites violence or rebellion against the government can be restricted.


	2.	Friendly Relations with Foreign States- 
Prevents speech that may harm India’s diplomatic relations with other nations.


	3.	Public Order- 
Any speech that can lead to riots, unlawful assembly, or public disturbances can be restricted.


	4.	Decency or Morality-
Restrictions on speech that violates public morality, such as obscenity laws.


	5.	Contempt of Court-
Speech that interferes with or disrespects judicial proceedings can be limited.


	6.	Defamation-
Protects individuals from false statements that harm their reputation.


	7.	Incitement to an Offense-
Prohibits speech that encourages crime or violence.


     8. Sovereignty and Integrity of India (Added by the 16th Amendment in 1963)- 
Restricts speech that threatens the unity and territorial integrity of India.


"
fasterwonder,"Waqf land: Waqf Boards owned 18 lakh acres in 100 years, added 21 lakh acres in last 12",0,97,0.99,0,1743688894.0,False,t5_3d4x4,"The history of Waqf in India started with the gift of two villages in the 12th century. Home Minister Amit Shah stated in Parliament that the Waqf boards owned 18 lakh acres of land from 1913 to 2013. However, 21 lakh acres have been added in the last 12 years. It was in 2013 that the Waqf Act of 1995 was amended. Shah was speaking during the debate on the Waqf Amendment Bill, 2024, tabled earlier on Wednesday."
BROWN-MUNDA_,DMK to Move Supreme Court on Waqf Bill Passed in Lok Sabha; Stalin Wears Black Badge in Protest,0,276,0.9,0,1743667630.0,False,t5_3d4x4,https://www.google.com/amp/s/www.newindianexpress.com/amp/story/states/tamil-nadu/2025/Apr/03/dmk-to-move-supreme-court-on-waqf-bill-passed-in-lok-sabha-stalin-wears-black-badge-in-protest
yatracharsi,The Love Of Haryanvi Amma For Her Late Indian Army Husband,0,217,1.0,0,1743671130.0,False,t5_3d4x4,"On the Way Of Vaishno Devi Padyatra. The Love Of Haryanvi Amma Is Immortal.When I talked To Amma “Why she Build Statue of his Late Indian Army Husband she Didn’t Reply But her Emotions Said Many Things. Her Memory wala smile realized Me many things Than The Words. 
"
lavishhunyaar,What do you think about this video? Makes kinda sense to me.,0,8,1.0,0,1743734226.0,False,t5_3d4x4,"https://preview.redd.it/srv2zxsobqse1.png?width=1557&format=png&auto=webp&s=c59abcc0ef72ba2ada72a8a4607720c6691c8f73

[Link to the video](https://youtu.be/ypimx7MenT4?si=6K3xC4z29sN4c4uQ)"
Unable-Ad931,Leave it to your conscience: BJD's message to MPs on Waqf Bill vote in U-turn,0,56,0.98,0,1743693375.0,False,t5_3d4x4,Source: https://www.indiatoday.in/india/story/anti-waqf-bill-campaign-floods-social-media-as-parliament-debates-2703612-2025-04-03
BROWN-MUNDA_,Supreme Court stays tree felling in Hyderabad's Kancha Gachibowli,0,95,1.0,0,1743683826.0,False,t5_3d4x4,Source: https://www.thehindu.com/news/cities/Hyderabad/supreme-court-stays-tree-felling-in-hyderabads-kancha-gachibowli/article69407115.ece
SKAOG,India reaches 74 GW of solar module capacity,0,14,1.0,0,1743719839.0,False,t5_3d4x4,
Iamvikrammufc,Poverty rates go down across the board.,0,29,0.97,0,1743705206.0,False,t5_3d4x4,Welfarism delivers for the politicians when JAM trinity ensures subsidy leakage is plugged. 
xyz_0,How often do central agencies scrutinise ruling parties?,0,5,1.0,0,1743735318.0,False,t5_3d4x4,"I see a lot of news and talk on central agencies raiding members of non ruling parties. 

I am curious to know how often they have scrutinised people associated with ruling party, be it BJP or Congress, historically

Web search didn’t give me any valid statistics till now 

Do we have any historical data on the actions taken be these agencies against politically affiliated persons?"
,Philosophy of Jainism.,0,166,0.93,0,1743663834.0,False,t5_3d4x4,
Willing_Base_6278,Is this happening in your society or only my neighbourhood are dumb,0,269,0.99,0,1743648887.0,False,t5_3d4x4,"It's disheartening to have endured this situation for so long. For the past 13 years, the plot opposite my house has been a persistent dumping ground due to the neighborhood's irresponsible disposal of waste. Adding to the problem, for the last five years, an elderly resident, living five houses away, has been compounding the issue by daily setting fire to this accumulated garbage in a misguided attempt to clean it. Despite my efforts to explain the detrimental effects of burning waste – the significant air pollution and the release of harmful microplastics – the community's lack of understanding is deeply concerning. As someone who has suffered from sinusitis for the past four years and experiences breathing difficulties, the smoke from these fires directly impacts my health, especially as it drifts towards my home. While I am relocating in two months, I remain troubled by what seems to be a widespread lack of environmental awareness and civic responsibility within our society. It's frustrating to witness such a disregard for basic logic and a seeming unwillingness to consider the impact of their actions on the environment and their neighbors.
"
weirdtailsme,This is utterly distressing. A huge reflection on our country's authorities,0,1645,0.99,0,1743611772.0,False,t5_3d4x4,"I feel so heartbroken. I feel so horrible for these poor animals. And cutting down trees.. that's such a ruthless crime. Trees live on for **centuries**, have thousands of stories to tell if you could read them through their rings. They're cutting down these majestic ""creatures""—if I can call them that, and taking away the homes of so many animals who had peacefully lived within these forests.

I wish I could do something but making more people aware of the state of our country's leadership is all I can do for now. We're a joke to them, just know that, they neither give one F about you nor me. _We don't matter_, the nature, wildlife, none of these matter to them and **every. single. party. is. the. same**, corrupt to the teeth, no matter who tells you otherwise. 

They all lie. We've given them so much power that we've reached the point where even if we speak up, we're silenced easily. So, there needs to be more than just speaking up, I really hope we all find the strength to do something great together. "
HistoricalExam5534,ur thoughts....ok its comedy...but why racism against indians is considered normal,0,9,0.85,0,1743709512.0,False,t5_3d4x4,Adrew schulz makes so many racist  joke against indians in his pod which are not even funny just blatend racism and its normal......but whyy...and please dont be the saviour of comedy here.....in general racism against indian is normal in west....
BROWN-MUNDA_,Donald Trump announces 26% reciprocal tax on Indian imports,0,285,0.97,0,1743638955.0,False,t5_3d4x4,
BROWN-MUNDA_,Tamil Nadu not in 1960s anymore. Anti-Hindi sentiment is changing,0,16,0.79,0,1743692421.0,False,t5_3d4x4,
Level-Negotiation721,Manipulations On A Large Scale With Attempts To Cover Up: Supreme Court Upholds Decision Nullifying West Bengal SSC Teacher Recruitment,0,52,0.98,0,1743665826.0,False,t5_3d4x4,"Sources:

https://www.verdictum.in/amp/court-updates/supreme-court/the-state-of-west-bengal-v-baishakhi-bhattacharyya-chatterjee-scam-tainted-selection-process-1573164

https://indianexpress.com/article/india/supreme-court-calcutta-high-court-cancelling-appointment-teaching-staff-9921852/"
udayramp,Company Owes Me ₹3.8 Lakh Since Aug 2024 – No Response from Samadhan Portal or Authorities. What Can I Do?,0,10,0.82,0,1743689493.0,False,t5_3d4x4,"I have a pending payment of ₹3.8 lakh from a company since **August 2024**. They ignored my messages for months. After I filed a complaint on **SAMADHAN (Software Application for Monitoring And Disposal, Handling of Apprehended/Existing Industrial Disputes)**, they finally emailed me, saying their **company’s financial condition is bad** and they will **pay in small amounts by the end of this year**.

The issue is, **they have made the same promise multiple times before but never followed through**. Since then, there has been **no response from either the company or the Samadhan Portal authorities**—no updates, no action, nothing.

I feel stuck. **What should be my next steps to recover my payment?** Has anyone faced a similar situation? Should I escalate legally or try another route? Any advice would be greatly appreciated!

Made complaint on Samadhan portal on (05/01/2025)

https://preview.redd.it/pv842jf1omse1.png?width=1875&format=png&auto=webp&s=441ec44efc8f6375f58a2302c3c395f2e4071656



Sorry if this the wrong sub.

"
ClientRelevant5046,"Waqf (Amendment) Bill, 2024 passed in Lok Sabha after nearly 12 hours of heated debate",0,303,0.99,0,1743624476.0,False,t5_3d4x4,
Unable-Ad931,"Painful cries of wildlife Telangana destroys 400 acre of forest in Hyderabad, locals ask for support",0,4242,0.97,0,1743570924.0,False,t5_3d4x4,"Source: Tatva 
News available on any media outlets "
sk2592,Is it just for show or will get justice - pause on clearing of 400-acre green cover near Hyderabad University,0,552,0.99,0,1743608338.0,False,t5_3d4x4,Source - https://indianexpress.com/article/cities/hyderabad/telangana-hc-pause-clearing-of-green-cover-near-hyderabad-university-9920678/
BROWN-MUNDA_,Somalia like situation in Madhya Pradesh village for water. Share this video so authorities wake up rather than playing with life of common citizens,0,829,0.99,0,1743600012.0,False,t5_3d4x4,"The people of Pipartola, a small village in Madhya Pradesh's Mandla district, are facing a severe water crisis that has disrupted their daily lives. Home to over 1,000 residents, the village is battling an escalating shortage as the summer heat intensifies, leaving families struggling to meet even their most basic needs. With no reliable water source, villagers have to walk daily to a nearby river-collecting murky water and filtering it through sand, their only hope for survival."
Automatic_Dance_3206,Police beating students at Hyderabad Central University for protesting.,0,1458,0.99,0,1743587147.0,False,t5_3d4x4,
Foreign_Angle_9042,Indians pays one of the lowest taxes per capita in the entire world,0,572,0.86,0,1743602692.0,False,t5_3d4x4,"Sources:

[en.wikipedia.org/wiki/List\_of\_countries\_and\_dependencies\_by\_population](http://en.wikipedia.org/wiki/List_of_countries_and_dependencies_by_population)

[en.wikipedia.org/wiki/List\_of\_sovereign\_states\_by\_tax\_revenue\_to\_GDP\_ratio](http://en.wikipedia.org/wiki/List_of_sovereign_states_by_tax_revenue_to_GDP_ratio)

[en.wikipedia.org/wiki/List\_of\_sovereign\_states\_by\_wealth\_inequality](http://en.wikipedia.org/wiki/List_of_sovereign_states_by_wealth_inequality)

[en.wikipedia.org/wiki//List\_of\_countries\_by\_GDP\_PPP\_per\_capita](http://en.wikipedia.org/wiki//List_of_countries_by_GDP_PPP_per_capita)

Personal Observation:

1. India’s tax revenue per capita ($232) is among the lowest globally, much lower than many poorer countries.
2. Majority of the people doesn't seems to be paying any tax.
3. While us the tiny minority (mostly the middle class) bears most of the tax burden, while the majority pays little or none.
4. Many wealthy individuals and businesses, especially in agriculture and informal sectors, are not asked to pay or simply evading taxes despite high earning.
5. The vocal law abiding taxpaying minority dominates the discourse, which makes us seem overtaxed despite the others not paying any tax.
6. India does not have much natural resource to export, unlike the other countries.
7. India will somehow have to find more resources/commodities to export in future to increase the revenue, if it doesn’t want to tax its citizen.
8. Or it needs to bring everyone inside the tax bracket..
9. And fix the loopholes for tax evasions.
10. This low tax per capita explains many issues plaguing India
11. Like the poor civic sense, the people simply do not contribute to the tax to feel a sense of belonginess of the facilities provided to them.
12. If you tax everyone and cut the freebies, the civic sense will increase on its own.
13. But the issue is majority of the people are too poor to be taxed."
BROWN-MUNDA_,What is hypocrisy? Watch this video,0,852,0.99,0,1743594639.0,False,t5_3d4x4,
a_random_PARA_fan,What could be the reason ?,0,473,0.98,0,1743603071.0,False,t5_3d4x4,
Beedweiser,"Lok Sabha Passes Waqf (Amendment) Bill, 2024 – What You Need to Know",0,169,0.98,0,1743622938.0,False,t5_3d4x4,"The Waqf (Amendment) Bill, 2024, recently passed by the Lok Sabha, has stirred significant debate and is now headed for Rajya Sabha scrutiny. Here are the key highlights of the bill and the controversies surrounding it:

Key Changes Introduced in the Bill

✅ Reforms in Waqf Tribunals – Removes the mandatory inclusion of a Muslim law expert and allows appeals in High Courts within 90 days.
✅ Inclusion of Non-Muslims in Waqf Governance – Allows up to 7 out of 11 members of Waqf Boards to be non-Muslims.
✅ Shifts Control Over Waqf Property Surveys – Transfers survey powers from Waqf Boards to District Collectors.
✅ Regulates Waqf-alal-Aulad – Ensures that private family waqfs do not violate women’s inheritance rights.
✅ Introduces Digital Transparency – Mandates a centralized online portal for waqf property records.
✅ New Waqf Board for Bohra and Agakhani Communities – Proposes a separate governance structure for these sects.

Why Is There Opposition?

❌ Concerns Over Federalism – Critics argue that transferring waqf property surveys to government officials undermines state control.
❌ Impact on Religious Autonomy – Many believe that allowing non-Muslims to dominate Waqf governance violates Article 26 of the Constitution, which grants religious groups the right to manage their affairs.
❌ Demand for Further Review – Opposition parties are pushing for a Joint Parliamentary Committee (JPC) review before the bill moves to Rajya Sabha.

The government claims the bill promotes transparency and prevents misuse of waqf properties, but the debate over its impact on Muslim representation and religious autonomy continues.

What’s your opinion on this bill? Do you think it’s necessary for reform, or does it undermine religious rights?"
Pradidye,Is the professor right?,0,0,0.4,0,1743722434.0,False,t5_3d4x4,
Unable-Ad931,Karnataka High Court orders suspension of bike taxis within 6 weeks,0,569,0.97,0,1743597597.0,False,t5_3d4x4,"Vehicles Act, 1988, along with the necessary rules. The court has directed the state government and the transport department to ensure that all bike taxi operations cease within six weeks.

Justice B M Shyam Prasad stated that the petitioners, including Rapido, Uber, Ola and other bike taxi aggregators, must halt their operations within the stipulated period. The state government has been given three months to frame the necessary rules and guidelines for bike taxi operations.

Source: https://indianexpress.com/article/cities/bangalore/rapido-suspension-karnataka-high-court-bike-taxi-9920221/#:~:text=The%20court%20has%20directed%20the,operations%20within%20the%20stipulated%20period."
Unable-Ad931,Muslim community puts up 'Shukriya Modi ji' posters in support of Waqf Amendment Bill in Bhopal,0,832,0.97,0,1743582165.0,False,t5_3d4x4,Source: PTI 
,He's the same DMK leader who called Hindus a menace to the world.,0,509,0.94,0,1743590169.0,False,t5_3d4x4,"Article link:
 https://www.indiatoday.in/india/tamil-nadu/story/dmk-gen-secy-advises-cadres-to-remove-religious-symbol-while-wearing-party-dhoti-2702742-2025-04-02"
just_a_human_1032,Madhya Pradesh: Women in Bhopal come out in support of Waqf (Amendment) Bill to be presented today in Lok Sabha.,0,569,0.97,0,1743584232.0,False,t5_3d4x4,
,Nehru & Indira in Disneyland.,0,593,0.97,0,1743580762.0,False,t5_3d4x4,"Taken from:
 https://commons.m.wikimedia.org/wiki/File:Nehru&Gandhi.jpg"
SPAK36,List of Fraudster in UPSE,0,10,0.86,0,1743660103.0,False,t5_3d4x4,
yatracharsi,New Delhi to Vaishnav devi by walk,0,64,0.93,0,1743617954.0,False,t5_3d4x4,"During Navratra, I decided to do this 701km. "
Background-Exit3457,And they ask why foreign companies don't wants to come to India with tech.,0,567,0.97,0,1743572731.0,False,t5_3d4x4,
Unable-Ad931,Telangana HC asks State govt. not to cut trees near UoH,0,105,1.0,0,1743605776.0,False,t5_3d4x4,Source: https://www.deccanchronicle.com/southern-states/telangana/telangana-hc-asks-state-govt-not-to-cut-trees-near-uoh-1870464
BROWN-MUNDA_,Congress's 'Khata Khat' model?,0,441,0.97,0,1743577335.0,False,t5_3d4x4,
Unable-Ad931,"Pakistan army crosses LoC in Jammu and Kashmir's Poonch, opens fire, India Retaliates: Report",0,456,0.99,0,1743574269.0,False,t5_3d4x4,"The Pakistan Army violated the ceasefire along the Line of Control in Jammu and Kashmir, prompting a strong response from Indian troops. The situation is reported to be under control, with ongoing monitoring by the Indian Army.

Source: https://www.livemint.com/news/india/pakistan-army-crosses-loc-in-jammu-and-kashmirs-poonch-opens-fire-india-retaliates-11743571162100.html"
BROWN-MUNDA_,Soros-funded Indian company got Rs 8 cr from USAID: ED,0,208,0.96,0,1743588814.0,False,t5_3d4x4,"The US Agency for International Development (USAID) is under scrutiny in an ongoing investigation related to hedge fund operator George Soros. ASAR Social Impact Advisors received Rs 8 crore from USAID as foreign inward remittance while also being funded by the Soros Economic Development Fund.

Source: https://timesofindia.indiatimes.com/india/soros-funded-desi-co-also-got-rs-8-crore-from-usaid-e-d/articleshow/119888364.cms"
BROWN-MUNDA_,Are we finally getting secularism in India before GTA 6?,0,57,0.93,0,1743610325.0,False,t5_3d4x4,As you all might know section 40 of the waqf bill which essentially gave unwarranted claiming of land by the waqf board has finally been abolished! Finally we see actual secularism in India instead of the chest thumping mockery of the Indian constitution and her democracy in pop culture in the name of democracy. Looking forward to freeing Indian Hindu temples from the places of worship act and tighter border security!
BROWN-MUNDA_,Court grants bail to driver of Lamborghini involved in Noida accident that injured 2,0,562,0.99,0,1743565626.0,False,t5_3d4x4,Source: https://indianexpress.com/article/cities/delhi/court-bail-driver-lamborghini-noida-accident-that-injured-2-9917613/
Aarosaura,"A instgram DP battle page posted my sister picture without her knowledge. (What should I do, and how can I get it removed?)",0,57,0.96,0,1743608262.0,False,t5_3d4x4,My sister just got a follow request from this account and she saw her photo already posted on the page. And this guy also sent the same post message to her DM. I already reported it but what can I do more.? (And the picture he posted is my sister account dp and her account is private)
Foreign_Angle_9042,Uttarakhand Waqf Board chairman says those opposing Waqf bill are 'political Muslims',0,85,0.94,0,1743596208.0,False,t5_3d4x4,"Uttarakhand Waqf Board chairman Shadab Shams, on April 2, 2025, in New Delhi, criticized opposition parties—Congress, Samajwadi Party (SP), AAP, Janata Dal, and NGOs like Jamiat Ulema-e-Hind and Muslim Personal Law Board—for opposing the Waqf (Amendment) Bill, 2024, accusing them of misusing Waqf resources for 70 years, looting poor Muslims' rights, and acting as ""political Muslims"" to benefit rich beneficiaries, while PM Narendra Modi and Union Minister Kiren Rijiju aim to mainstream poor Muslims through the bill, named ""Ummeed,"" set for an 8-hour Parliament discussion after Question Hour, following its August 2024 Lok Sabha introduction and review by a Joint Parliamentary Committee led by Jagdambika Pal, amending the Waqf Act, 1995, to enhance Waqf property management amid concerns of mismanagement, corruption, and encroachments, with SP chief whip Dharmendra Yadav and MPs from BJP and Congress allies instructed to attend on April 2-3.

[https://timesofindia.indiatimes.com/india/uttarakhand-waqf-board-chairman-says-those-opposing-waqf-bill-are-political-muslims/articleshow/119890438.cms](https://timesofindia.indiatimes.com/india/uttarakhand-waqf-board-chairman-says-those-opposing-waqf-bill-are-political-muslims/articleshow/119890438.cms)"
theanonymoussking,"पति ने प्रेमी से कराई थी पत्नी की शादी, वापस आ गई पत्नी [The husband got his wife married to her lover, but the wife came back]",0,70,0.96,0,1743599713.0,False,t5_3d4x4,"A unique case came to light in Sant Kabir Nagar, Uttar Pradesh, where a husband got his wife married to her lover. First a notary was made in the court, then the marriage took place in the temple.
The husband had said, okay, we will get you married to your lover and I will raise the children myself, the wife also agreed to leave them. The society accepted the marriage and got the garland exchange done and the husband himself was a witness to the entire incident.Now the news is that the wife who married her lover has now left her lover and returned to her first husband. That too on the advice of her new mother-in-law."
Ashhtreek,Looks like Justice Karnan was right!,0,170,1.0,0,1743576418.0,False,t5_3d4x4,"First the Pune case, then the Noida case.

And then the appearance of burnt cash at Delhi High Court judge..."
play3xxx1,"'Graduates working as delivery boys': Startup founder slams top firms for no innovation, says India will remain middle-income country",0,33,0.96,0,1743607235.0,False,t5_3d4x4,
opinion_discarder,Guwahati: Stepfather Arrested for Sexual Assault Against 12 yr old after marrying a Hindu woman using Hindu surname,0,60,0.95,0,1743593506.0,False,t5_3d4x4,"In a shocking incident, a 12-year-old girl was allegedly sexually assaulted by her stepfather in the Kahilipara area of Guwahati. The accused, identified as 44-year-old Jannur Ali, was arrested by Bhagadattapur Police on Monday night.

According to reports, Jannur Ali had married a Hindu woman using the surname ""Kalita"" and later targeted his stepdaughter. He is a resident of Mandakata village under Baihata Chariali police station in Kamrup (Rural) district.

A case has been registered at Dispur Police Station (Case No. 300/25) under Sections 64(2) (f) and 65(1) of the Bharatiya Nyaya Sanhita (BNS), along with Section 6 of the POCSOAct. Police have launched a detailed investigation into the matter."
BROWN-MUNDA_,"Barbaad bill’: Owaisi slams Waqf amendment bill as ‘unconstitutional’, demands answers",0,282,0.94,0,1743560490.0,False,t5_3d4x4,"Asaduddin Owaisi opposed the Waqf Amendment Bill, calling it unconstitutional, while the government defended it, citing long-standing Waqf laws. The bill proposes governance reforms, sparking a political clash in Parliament.

Source:https://www.hindustantimes.com/india-news/barbaad-bill-owaisi-slams-waqf-amendment-bill-as-unconstitutional-demands-answers-101743497023467.html"
BROWN-MUNDA_,How 'Make in India' Reshaped India's Defence Sector,0,155,0.95,0,1743572409.0,False,t5_3d4x4,Source: MYGOV
Miao_Yin8964,"Rahul slams government over 'China occupying land', U.S. tariff issue; BJP hits back",0,0,0.38,0,1743689810.0,False,t5_3d4x4,
AutoModerator,"r/IndiaSpeaks - What have you been Gaming, Listening or Watching lately ?",0,1,1.0,0,1743665433.0,False,t5_3d4x4,"Tell us about what TV Series or Songs/Artists you are hooked onto lately. Which YouTube creator got your attention? What have you planned to watch in the next days.

*  What games have you been playing (old or new, any platform) this weekend? Games you are looking forward to? Any game deal coming up ? 
* Don't just mention stuff, link it and feel free to talk anything but politics.
* You can also join our [Discord server Invite](https://discord.gg/V8sCPac)
* The ""Gaming, Listening or Watching lately"" thread is posted weekly on Thursday evening. [Previous Threads](https://www.reddit.com/r/IndiaSpeaks/search/?q=What%20have%20you%20been%20Gaming%2C%20Listening%20or%20Watching%20lately&restrict_sr=1&sort=new)"
Logical-Investment26,USA Imposes 26% Reciprocal Tariffs on India – Should We Fight Back or Stay Friendly?,0,1,0.54,0,1743665344.0,False,t5_3d4x4,"USA has imposed 26% reciprocal tariffs on India, along with various percentages on other countries—excluding Russia, of course. Now, many of these countries are saying they'll retaliate.  

So, what do you think is the best way for India to handle this? Should we fight back with countermeasures, or should we stay quiet and hope for long-term benefits as a US ally?  

The US already benefits massively from India through the dominance of companies like Google, Meta, Amazon, Microsoft, and PepsiCo. These corporations generate billions in revenue from the Indian market, while India’s actual profit margin in trade with the US is relatively small. How can Trump justify imposing such high tariffs when the US is already extracting significant economic value from India?  

It feels like the US is taking more than it gives and still demanding more. Does this mean India should start imposing stricter regulations or counter-tariffs on these US companies? Or would that risk harming our own economy even more?  

Should India fight back by strengthening ties with China and other nations, or continue playing the long game with the US? What’s the best strategic move for India in this situation?"
Foreign_Angle_9042,"Video: 2 teens killed, 3 hurt as car flips multiple times in Karnataka",0,79,0.95,0,1743579510.0,True,t5_3d4x4,"In a road accident on the national highway in Karnataka’s Chitradurga district, a car flipped multiple times. The car, which was travelling from Bengaluru to Yadgir, lost control while speeding and crashed into a divider. It then collided with the opposite lane before flipping several times.

Two 15-year-old passengers, Maula and Rehman, were killed instantly in the crash. Three others—Fatima Begum, Saleem Begum, and Sameer—sustained serious injuries and are currently receiving treatment at Ballari VIMS Hospital.

[https://www.indiatoday.in/india/karnataka/video/viral-video-karnataka-chitradurga-accident-car-flips-multiple-times-two-teenagers-dead-2702308-2025-04-01](https://www.indiatoday.in/india/karnataka/video/viral-video-karnataka-chitradurga-accident-car-flips-multiple-times-two-teenagers-dead-2702308-2025-04-01)"
Junior-Calendar-2914,"Govt loses Rs 1,757 cr as BSNL fails to bill Reliance Jio for sharing infra: CAG",0,22,0.97,0,1743601584.0,False,t5_3d4x4,
,When Bhaujan Leader Mayawati was assaulted: Lucknow guesthouse scandal,0,108,0.99,0,1743569659.0,False,t5_3d4x4,"The Lucknow Guest House Scandal unfolded on June 2, 1995, after the Bahujan Samaj Party (BSP), led by Mayawati and her mentor Kanshi Ram, withdrew support from the Samajwadi Party (SP)-led coalition government in Uttar Pradesh, headed by Chief Minister Mulayam Singh Yadav. This decision triggered a volatile situation, prompting Mayawati to convene a meeting with her party MLAs at the Meerabai State Guest House in Lucknow to discuss the path forward.

In response, a mob of SP workers and leaders, outraged by the BSP’s withdrawal of support, stormed the guest house. The attackers engaged in acts of vandalism, assaulted BSP workers present at the guest house, and hurled casteist slurs at Mayawati and other BSP members. They cut off power and telephone lines, plunging the guest house into chaos and trapping Mayawati and her colleagues. Fearing for her safety, Mayawati reportedly locked herself in a room for several hours. The situation was dire, with reports of casteist slurs, threats of sexual assault, rape, and attempts to kidnap or harm BSP MLAs. Gangster Atiq Ahmed was allegedly involved in this attack too.

During this turmoil, RSS-BJP leader Brahm Dutt Dwivedi, who was staying nearby, intervened. Upon learning of the attack, Dwivedi rushed to the scene with his supporters, confronted the mob, and used his political influence to de-escalate the violence. Most importantly, he personally escorted Mayawati to safety, shielding her from the hostile crowd and ensuring her safe exit from the guest house. This intervention by a BJP leader later proved politically significant as later with the support of BJP Mayawati became CM for the first time, marking the beginning of a temporary alliance between the BSP and the BJP.

The incident was a pivotal moment in Uttar Pradesh’s political history, highlighting the volatile nature of state politics, Yadav-Dalit socio-political relations, and the trajectory of Mayawati’s leadership.

References:

https://indianexpress.com/article/what-is/the-1995-infamous-guest-house-incident-that-had-turned-sp-bsp-bitter-foes-5537680/

https://www.ndtv.com/india-news/mayawati-recalls-1995-guest-house-incident-to-slam-samajwadi-party-congress-6420252

https://www.bhaskar.com/local/uttar-pradesh/news/the-story-of-atiq-becoming-a-mafia-to-topple-mayawatis-government-guest-house-scandal-was-organized-when-brother-lost-the-election-the-mla-was-chased-into-the-city-and-shot-132455014.html

https://en.m.wikipedia.org/wiki/Brahm_Dutt_Dwivedi"
Cyber_Asmodeus,I think some one posted this on thus sub.,0,28,0.92,0,1743590864.0,False,t5_3d4x4,
BROWN-MUNDA_,Dream11 accounts outnumber demat accounts',0,118,0.98,0,1743562796.0,False,t5_3d4x4,Source: Business Today 
Cold-Benefit-414,Telangana govt. set to auction over 400 acres of Kancha forest.,0,284,0.98,0,1743538247.0,False,t5_3d4x4,"Please stand with the students of the University of Hyderabad and raise your voice against the Telangana govt.  The destruction of this forest will be detrimental to the environment and our future as well.

Source: https://telanganatoday.com/despite-students-protests-excavators-continue-to-clear-forested-lands-in-kancha-gachibowli"
Unable-Ad931,A Chandigarh cop was suspended after his wife's dance reel caused a traffic jam,0,1453,0.98,0,1743506252.0,False,t5_3d4x4,Source: https://www.news18.com/viral/cop-suspended-after-wifes-viral-dance-video-causes-traffic-jam-in-chandigarh-video-9282626.html
Akki_Mukri_Keswani,Finally an India court did the right thing --- The Bajinder Singh Case..,0,49,0.98,0,1743570302.0,True,t5_3d4x4,"Indian courts have a history of treating rapists and sexual offenders very leniently, and instead blaming the victim. While there are lots of examples, some of the ones that come to mind are:

**Example 1**

In January 2021, Justice Pushpa Ganediwala of the Nagpur bench ruled that groping a minor without ""skin-to-skin contact"" did not constitute sexual assault under the Protection of Children from Sexual Offences (POCSO) Act. The judgment stated that for an act to be considered sexual assault, there must be direct physical contact with sexual intent. This interpretation led to the acquittal of a 39-year-old man under the POCSO Act, although he was convicted under the Indian Penal Code for outraging a 12-year old's modesty.

[https://www.newindianexpress.com/cities/mumbai/2021/Jan/24/groping-minor-without-skin-to-skin-contact-not-sexual-assault-bombay-high-court-2254546.html](https://www.newindianexpress.com/cities/mumbai/2021/Jan/24/groping-minor-without-skin-to-skin-contact-not-sexual-assault-bombay-high-court-2254546.html)

**Example 2**

In August 2022, the Madras High Court reduced the sentences of four men convicted of raping a minor girl in 2006 from 10 years to three years of rigorous imprisonment. They had no valid reason for doing this i.e. the four men were convicted.

[https://indianexpress.com/article/cities/chennai/lesser-sentence-can-be-imposed-on-rape-accused-madras-hc-8081375/](https://indianexpress.com/article/cities/chennai/lesser-sentence-can-be-imposed-on-rape-accused-madras-hc-8081375/)

**Example 3**

In March 2015, the Supreme Court ruled that a rape convict could be awarded a lesser punishment if ""adequate and special"" reasons were present. In this case, the court reduced the sentence of a man convicted of rape, considering factors such as the protracted trial duration and the fact that both the convict and the victim had since married other individuals. ​

[https://www.indiatoday.in/india/north/story/rapist-lesser-punishment-for-special-reasons-supreme-court-242525-2015-03-01](https://www.indiatoday.in/india/north/story/rapist-lesser-punishment-for-special-reasons-supreme-court-242525-2015-03-01)

At the very least, such monsters must be put behind bars of their rest of their lives.

**Bajinder Singh case**

In 2018, Singh was arrested and later convicted for raping a woman under the pretense of assisting her with travel abroad. In March 2025, a Mohali court found him guilty. He was sentenced to life imprisonment on April 1, 2025. ​

[https://timesofindia.indiatimes.com/city/chandigarh/pastor-bajinder-convicted-lured-woman-with-promise-of-travel-abroadthenrapedher/articleshow/119684853.cms](https://timesofindia.indiatimes.com/city/chandigarh/pastor-bajinder-convicted-lured-woman-with-promise-of-travel-abroadthenrapedher/articleshow/119684853.cms)

This SOB, and others like him, belong in jail.

Kudos to this judge..."
BROWN-MUNDA_,MNS workers slap security guard in Mumbai's Powai for ‘not speaking Marathi,0,1003,0.95,0,1743511247.0,False,t5_3d4x4,"The assault follows a series of incidents reported over the past month where MNS workers picked up arguments with citizens for allegedly not speaking Marathi.

Source: https://www.hindustantimes.com/india-news/mns-workers-slap-security-guard-in-mumbais-powai-for-not-speaking-marathi-video-101743484061296-amp.html"
Cold-Benefit-414,The Congress led Telangana govt. is set to auction over 400 acres of Kancha Forest.,0,211,0.97,0,1743536446.0,False,t5_3d4x4,The state government sent over 50 JCBs to destroy the forest. The Telangana Police detained the students who Hyderabad Central University who were protesting against this barbarian act. Please stand with the students against the destruction of the rich biodiversity of the forest which will prove to be detrimental for the environment and our future as well. 
Unable-Ad931,NGOs can't stall every project citing ecological concern Supreme Court,0,56,0.94,0,1743561820.0,False,t5_3d4x4,"The Supreme Court criticized certain NGOs for stalling development projects by conjuring false environmental risks. It dismissed an appeal by 'Kahar Samaj Panch Committee' challenging a floating solar power project at Jayakwadi Dam, emphasizing that such projects align with government policy to promote solar energy.

Source: https://timesofindia.indiatimes.com/india/ngos-cant-stall-every-project-citing-ecological-concern-supreme-court/articleshow/119888896.cms"
san__man,Backlash Against UK Police Report on Hindu Extremism,0,195,0.96,0,1743536551.0,False,t5_3d4x4,
freebirdye,Another Bhopal gas tragedy in the making,0,3,1.0,0,1743617577.0,False,t5_3d4x4,"Multiple Reports citing gas leaks and foul odor all over vadodara. I see my friends living in vasna and in chhani behave differently and almost sick all the time. This is because of that toxic gas exposure. And surprisingly the real estate in vasna is booming but at what cost?

There is a nice series called 'The railway Men' on Netflix about bhopal gas tragedy which showcases the incompetence of the officials, blame games and native people suffering, exactly what is happening with baroda and it's authorities

I fear baroda is sitting on a gas bomb which would have irreversible implications if we don't protest about it. Pregnant women, elderly, youth everyone is at risk!! Even the future generations!

Bhopal has one of the highest disabled population in the country all because of that leak that haunts them even after 40 years!!!!

Netizens from various parts of Vadodara are reporting a strong, pungent odor primarily noticeable at night.

**No mainstream news channels have picked up this topic yet. Please share it across all social media platforms to stop another Bhopal gas tragedy from happening**

This post is a compilation of multiple posts from r / Vadodara. I encourage everyone to join the subreddit to help amplify any further updates on this case and push it to the mainstream.

The factories around these red marked areas are making lives miserable for people living around these areas. Imagine paying 2-3 crore for a house to live in a gas chamber.

https://preview.redd.it/dbbphnn8qgse1.png?width=1080&format=png&auto=webp&s=904fb17945e871d2b91a6f86def02d3340af8ee0

"
BROWN-MUNDA_,Might as well break up Bangladesh: Northeast leaders bash Yunus pitch to China,0,477,1.0,0,1743515589.0,False,t5_3d4x4,"- **Assam CM Himanta Biswa Sarma** condemned Yunus' remarks as *""offensive and strongly condemnable,""* warning of strategic risks to India's Northeast. 
 
- **Tipra Motha chief Pradyot Manikya** suggested *""breaking up Bangladesh""* to secure India's own sea access.  

- **Congress leader Pawan Khera** accused Bangladesh of *""inviting China to encircle India""* and criticized India's weak foreign policy.
Source: https://www.indiatoday.in/india/story/bangladesh-muhammad-yunus-northeast-states-china-extension-himanta-sarma-pradyot-manikya-congress-2702166-2025-04-01"
Messi_1812,Poor dog probably lost its life. Should be arrested asap !!,0,124,0.95,0,1743535195.0,False,t5_3d4x4,Crosspost from @TotalKalesh
BROWN-MUNDA_,Gujarat's cops were sleeping during murder in Bapunagar,0,697,0.99,0,1743500137.0,False,t5_3d4x4,Source : https://timesofindia.indiatimes.com/city/ahmedabad/murder-in-bapunagar-as-cops-sleep-shocking-video-goes-viral/articleshow/119495043.cms
san__man,"Move Over, Marvel - There's a New MCU (with a longer M-word)",0,5,0.61,0,1743594467.0,False,t5_3d4x4,
kg005,Police issue notices to audience members who attended Kunal Kamra’s show: Report,0,567,0.97,0,1743500646.0,False,t5_3d4x4,
BROWN-MUNDA_,"Bengaluru civic body to start garbage tax today, charges based on building area",0,369,0.99,0,1743507184.0,False,t5_3d4x4,Source: https://www.indiatoday.in/cities/bengaluru/story/garbage-tax-from-april-1-2025-bangalore-bbmp-levies-waste-management-collection-charges-2702086-2025-04-01
BROWN-MUNDA_,Diesel Prices To Go Up In Karnataka As Siddaramaiah Government Hikes Sales Tax,0,169,0.99,0,1743520002.0,False,t5_3d4x4,Source: https://www.news18.com/amp/india/diesel-prices-to-go-up-in-karnataka-as-siddaramaiah-government-hikes-sales-tax-9283212.html
cant_find_name_,"My take on ""Money buys Happiness"" or ""Money doesn't buy happiness"" and how both terms are true.",0,7,1.0,0,1743581696.0,False,t5_3d4x4,"I'll try and explain how **money actually doesn't buy happiness**, but at the same time **the term ""Money buys happiness"" is accurate** if we simplify more complex aspects that correlate to money.

To illustrate this, think about temperature, you may know that the term ""cold"" is a sort of abbrevation for ""absence of heat"" and in reality nothing really is ""cold"". That's why we use Kelvin, which starts from zero and has no negative value to represent temperature.

Simlarly, Happiness isn't actually a tangible state, and it's just an abbreviation for absence of sorrow, grief or dissatisfaction. Now coming to money, it doesn't ""buy"" happiness, it reduces or creates the absence of distress, which results into happiness. With money, you'll have less things to worry about, less secondary thoughts will cross your mind, when you need something, you can just have it.

Now, you may say that, well, money is actually buying you happiness, because you can have what you want whenever you want at a time and place that suits you, right? Well, yes and no!

Money buying happiness has a strong foundation on the needs of an individual, you can have all the money in the world, but you can also have all the needs in the world and never be satisfied or happy, because your desires may be boundless.

Like a skilled gambler knows when to walk away, a balanced (and more joyus life) requires recognizing when to stop chasing more, and life is a gamble, every decision is.

So, in the end, the phrase ""money buys happiness"" holds some truth but only if it's understood in the sense that it helps in reducing unhappiness and distress rather than creating happiness out of thin air. Controlling thoughts/wishes/needs/desires are the true culprit and need to be controlled.

  
A better phrase would be, ""Money buys solutions"".

༼ つ ◕\_◕ ༽つ"
Background-Exit3457,Cricket team with 3 extra players. Please stop this. We already have a huge population. Government should implement population control laws.,0,422,0.97,0,1743500929.0,False,t5_3d4x4,
Kushagra3007,How are Tariff going to affect India,0,15,0.9,0,1743565928.0,False,t5_3d4x4,"2 अप्रैल आ गया है, समय सीमा समाप्त हो गई है। अब हमें पारस्परिक टैरिफ का सामना करना पड़ेगा, जो विभिन्न देशों द्वारा अमेरिका पर लगाया जा रहा है।

वैश्विक अर्थव्यवस्था में बदलाव देखने को मिलेगा, आइए अच्छे परिणाम की उम्मीद करें।
2 April is here, the deadline is gone. Now we will have face RECIPROCAL TARIFFS, which are being imposed by different countries on USA.

Global Economy is going to see a shift let's hope for the best.

Support me r/attempttosupportcrime "
DakuMangalSinghh,'Yeshu Yeshu' Pastor Bajinder Singh Gets Life Imprisonment In 2018 Rape Case,0,461,0.99,0,1743491876.0,False,t5_3d4x4,
Ozymandiiass,Unpopular opinion: Government should just privatise the traffic department,0,10,1.0,0,1743567029.0,False,t5_3d4x4,It’s quite clear that government is unable to manage the traffic situation. So the only solution is to privatise the department and let them take care of it.Greedy corporates will fine the shit out of everyone not following the traffic rule and the people will have no option to ignore them.  Traffic rules should not be optional.
Foreign_Angle_9042,"Video Clips | Indian Railway 12 years before, clips from 2008 to 2013",0,123,0.95,0,1743511368.0,False,t5_3d4x4,"Long before when we had lesser trains, lesser electrification, and inefficient scheduling.

Video sources:

IndiaTV, 20 Aug 2013, Sitapur, UP

[https://www.youtube.com/watch?v=85Dlbm0VQBM](https://www.youtube.com/watch?v=85Dlbm0VQBM)

IndiaTV, 20 Oct 2011, Alwar, RJ

[https://www.youtube.com/watch?v=7\_Lw3y5wIyU](https://www.youtube.com/watch?v=7_Lw3y5wIyU)

Robert Branche, 03 Oct 2008, Orchha, MP

[https://www.youtube.com/watch?v=PHelulhKe08](https://www.youtube.com/watch?v=PHelulhKe08)

WildFilmsIndia, 2008, Delhi

[https://www.youtube.com/watch?v=vzgabAhzDYM](https://www.youtube.com/watch?v=vzgabAhzDYM)

dennis jacob, 21 May 2013, Rewari, HR

[https://www.youtube.com/watch?v=MAoR2SjAcKM](https://www.youtube.com/watch?v=MAoR2SjAcKM)"
Unable-Ad931,"Ram and Baam want to incite riots in Bengal, warns Mamata",0,285,0.96,0,1743494832.0,False,t5_3d4x4,Source: https://www.thehindu.com/news/national/west-bengal/west-bengal-cm-mamata-banerjee-at-eid-prayers-programme/article69395321.ece/amp/
Foreign_Angle_9042,"Khalistan flag and graffiti on Ambedkar statue near Phillaur, SFJ’s Pannun releases video",0,313,0.97,0,1743492164.0,False,t5_3d4x4,"On March 31, 2025, in Nangal village near Phillaur, Jalandhar district, Punjab, supporters of the banned US-based Sikhs for Justice (SFJ), led by Gurpatwant Singh Pannun, vandalized a B.R. Ambedkar statue with a Khalistan flag, graffiti stating ""Sikhs are not Hindus,"" and spray-painted pro-Khalistan, anti-Constitution slogans on its protective glass, coinciding with Ambedkar’s Bharat Ratna anniversary.

Pannun released a video making crass, disgusting and vile comments, claiming responsibility, blaming Ambedkar for linking Sikhs to Hindus under Article 25(b), and demanding all Ambedkar statues in Punjab be removed by April 14 Ambedkar Jayanti; police, led by Deputy Superintendent Sarwan Singh Bal, registered a case under Section 299 of Bharatiya Nyaya Sanhita against Pannun and the unidentified accused for outraging religious feelings, deployed heavy security, and reviewed CCTV footage.

Former CM Charanjit Singh Channi, BSP chief Avtar Singh Karimpuri, and Dalit leader Amritpal Bhonsle condemned the act, with BSP workers staging an indefinite dharna and Dalit groups, representing Punjab’s 32% Scheduled Caste population, protesting, issuing a 24-hour ultimatum to arrest the perpetrators after a similar January 26 vandalism in Amritsar.

[https://www.hindustantimes.com/cities/chandigarh-news/punjab-tension-in-phillaur-after-sfj-vandalises-glass-around-ambedkar-statue-101743405720516.html](https://www.hindustantimes.com/cities/chandigarh-news/punjab-tension-in-phillaur-after-sfj-vandalises-glass-around-ambedkar-statue-101743405720516.html)

[https://x.com/ajmer\_singh1997/status/1906581087758819465](https://x.com/ajmer_singh1997/status/1906581087758819465)"
IndianMamba1224,Remember when Dhoni was active on Twitter? These rare tweets took me straight back to the 2011 era,0,0,0.38,0,1743625309.0,False,t5_3d4x4,
electriccamels,"Congress demands law to ensure SC, ST, OBC quota in private, non-minority educational institutions",0,9,0.71,0,1743563179.0,False,t5_3d4x4,
Rexk007,400 Acre of Forest Area in Hyderabad is being destroyed!!,0,260,0.97,0,1743494933.0,False,t5_3d4x4,"Known as one of the greenest city in India, Hyderabad is under threat from the stupid government of telangana. They have decided to remove a huge chunk of Gachibowli forest area to build an IT park there. This forest area is host to so many animal species. How is this acceptable?? 400 acres of land just acquired by government to fill their pockets and weird thing is no opposition is raising concern against this. 

Just wanted to make this post raise awareness that why do we keep electing fools after fools."
BROWN-MUNDA_,"India’s defence exports grew to Rs 23,622 cr in FY2024-25, with private sector contributing 64%",0,67,1.0,0,1743519161.0,False,t5_3d4x4,Source: https://theprint.in/defence/indias-defence-exports-grew-to-rs-23622-cr-in-fy2024-25-with-private-sector-contributing-64/2574207/
Unable-Ad931,"'PM Modi to retire in September this year, decided successor yesterday at RSS HQ': Sanjay Raut reveals",0,441,0.91,0,1743481749.0,False,t5_3d4x4,Source: https://www.indiatoday.in/india/story/pm-nagpur-visit-rss-headquarters-modi-successor-sanjay-raut-maharashtra-2701609-2025-03-31
BROWN-MUNDA_,"Refused admission twice, woman delivers on handcart, baby dies in Madhya Pradesh's Ratlam",0,432,0.99,0,1743478575.0,False,t5_3d4x4,"A woman in MP's Ratlam district, turned away twice by a community health center despite being in labor, gave birth on a handcart, resulting in the baby's death. The administration has taken action against the medical staff involved, suspending two nurses and showcausing the block medical officer following an investigation.

Source: https://timesofindia.indiatimes.com/city/indore/refused-admission-twice-woman-delivers-on-handcart-baby-dies-in-madhya-pradeshs-ratlam/articleshow/119690294.cms"
Unable-Ad931,"According to the TomTom Traffic Index, Kolkata, Bengaluru, and Pune are among the top five cities with the world's slowest traffic.",0,68,0.98,0,1743514047.0,False,t5_3d4x4,Source: Forbes India and also available in any news outlets 
Unable-Ad931,Politics Not My Full-Time Job...': UP CM Yogi Adityanath On Being Potential Prime Minister,0,70,0.94,0,1743509444.0,False,t5_3d4x4,"Politics is not a full-time job for him and he remains a Yogi at heart, Uttar Pradesh Chief Minister Yogi Adityanath said, dismissing speculation about him becoming the prime minister in the future.

Read more at: https://www.deccanherald.com/india/uttar-pradesh/politics-not-my-full-time-job-im-a-yogi-at-heart-adityanath-on-future-prime-ministership-3472061"
yourmamadontdance,"On Holi, Wife cuts off Husband's Private Part; when she is caught talking to her lover",0,329,0.97,0,1743477564.0,False,t5_3d4x4,Source: https://www.livehindustan.com/bihar/on-holi-wife-cuts-off-husband-private-part-when-she-is-caught-talking-to-her-lover-than-murder-201742055308281.html
Sensitive_Band_8937,"2 MURDERS happened in IIITA , Police trying its best to silent us!",0,1795,0.99,0,1743439275.0,False,t5_3d4x4,
BROWN-MUNDA_,PM Modi to Flag Off First Vande Bharat Express to Kashmir on April 19,0,257,1.0,0,1743476534.0,False,t5_3d4x4,"Prime Minister Narendra Modi will flag off the first Vande Bharat train to Kashmir from Katra on April 19, marking the completion of the Udhampur-Srinagar-Baramulla rail project. The project, featuring India's longest tunnel and the world's highest railway bridge, aims to improve connectivity and reduce travel time in the region.

Source: https://www.hindustantimes.com/india-news/pm-modi-to-flag-off-first-vande-bharat-train-to-kashmir-april-19-jammu-katra-srinagar-101743384738625.html"
AV2149,Country Delight is looting us with perfection,0,33,0.95,0,1743516220.0,False,t5_3d4x4,"First they make you buy VIP pass for the discounts. Then they make you buy vegetables with discounted prices in the quantity = 450gm, 900gm, 1.35kg which is equal to the prices of quantity = 500gm, 1kg, 1.5kg on the other apps. I don't really mind it considering the ease.

Crazy part comes here, you buy 450gm, you get 375gm effectively on the price of 500gm.

Insane Balance Sheet Optimization by Country Delight."
theanonymoussking,"'Will chop, pack you in drum like Meerut massacre': UP woman threatens to kill husband",0,217,0.97,0,1743475236.0,False,t5_3d4x4,"Source - ['Will chop, pack you in drum like Meerut massacre': UP woman threatens to kill husband [TOI News Article]](https://timesofindia.indiatimes.com/city/lucknow/up-woman-threatens-to-kill-husband-akin-to-meerut-murder-case/articleshow/119787941.cms)"
ShiroBarks,"As sun sets on Britain’s ‘steel empire’, India on ‘conquering’ march",0,28,0.92,0,1743511055.0,False,t5_3d4x4,
Unable-Ad931,Waqf bill to be presented in Lok Sabha on April 2: Sources,0,171,0.99,0,1743474046.0,False,t5_3d4x4,"The amended Waqf Bill is set to be tabled in the Lok Sabha on April 2. The BJP is engaging with India Bloc leaders to secure support. The bill has faced opposition, with critics calling it unconstitutional.

Source: https://www.indiatoday.in/india/story/waqf-bill-lok-sabha-senior-ministers-india-bloc-leaders-parliament-2701916-2025-03-31"
BROWN-MUNDA_,"Hindus shower flowers at Muslims celebrating Eid in Jaipur, video of unity and harmony goes viral",0,2338,0.95,0,1743422232.0,False,t5_3d4x4,Source: https://www.hindustantimes.com/india-news/hindu-men-shower-flowers-on-muslims-celebrating-eid-in-jaipur-video-101743406560771.html
BROWN-MUNDA_,Xi says China and India should strengthen ties in 'Dragon-Elephant tango' | Reuters,0,26,0.91,0,1743507634.0,False,t5_3d4x4,
opinion_discarder,"Assam: Tension in Doboka as Miscreants Vandalize Kali Temple Idol, Protests Erupt",0,53,0.97,0,1743492044.0,False,t5_3d4x4,"Tension gripped Doboka in Assam's Hojai district after miscreants vandalizedthe idol of a Kali temple, triggering widespread outrage among the Hindu community.

The incident led to massive protests, with agitators staging road blockades in different parts of the town.

Amid the unrest, the miscreants also allegedly attacked the temple priest, further fueling anger among the locals.

On Monday, hundreds of protestors gathered outside the local police station, demanding strict action against those responsible.

In response, senior police officials rushed to the scene to assess the situation and restore order. Meanwhile the police authorities have detained the prime accused, identified as Nur Jamal, as investigations continue."
Shak1196,"News Reporter asks Tamilnadu police officer a question in English and she responds ""She doesn't know Hindi""",0,833,0.94,0,1743437475.0,False,t5_3d4x4,
BROWN-MUNDA_,China ready to buy more products from India as US tariffs loom,0,16,1.0,0,1743508724.0,False,t5_3d4x4,
IntelligentHoney6929,Why do street food vendors not understand that simply wearing cheap plastic gloves will bring a lot more customers,0,16,0.86,0,1743509351.0,False,t5_3d4x4,
Various_Blueberry_39,Babu Bajrangi talking about the Gujarat 2002 Riots and how Modi Helped Them.,0,0,0.38,0,1743601060.0,False,t5_3d4x4,
divs10,Where is the protest?,0,27,0.97,0,1743496351.0,False,t5_3d4x4,"How cry of the birds are so desperate and even then men can’t stop … Are we seriously so blind for money that we are going to destroy us also in the process? Where is protest? Where is  Media? Where is central gov and opposition? Where are celebrities who talks about environment or other group who protest against no veg 


Can we do something about it ?"
Budget_Frosting_4567,"Excluding software, electronics and food,  what is there to even buy from Amazon/flipkart or something?",0,3,0.71,0,1743536560.0,False,t5_3d4x4,"What is there to even buy? As a guy.  
I earn enough money. I am single. And have a lot of money in the bank. I want to buy stuff.

I want to buy useful physical products!, but why is there such a freaking lack of any variety or options for them??

We are such a huge country and there is nothing to buy and no way to make custom stuff. Or mass manufacture.  Like wtf. Is every one of us just doing IT and surviving on farming ?? .

What I want to buy:

1. Custom Gadgets.
2. Book preserving boxes. (Like in my home I have a shit load of books and they are getting rotted and getting infested and stuff). I want a box to keep them clean and preserved. But nope. Unable to find even one fking thing manufactured and sold here.
3. Adult toys , what are you talking? sssh shutup
4. Mass manufacture and custom design physical products. I cant even find one freaking point to get all the parts in the system. Like say I have a product Idea. I have money. Where should I go to? Who should I contact first??
5. No I am not a religious maniac who wants to spend on God Products - idols+pooja stuff/crosses+christian stuff/idk what do muslims buy but not that/Or anything remotely related to religion.

And I see [amazon.com](http://amazon.com) USA version and they have all sorts of stuff!!. So do the Chinese. And all we have is imports of these.

Its insane how dependent our nation has become on IT, farming and realestate and copy products. Its a huge damn market no body wants to touch."
Foreign_Angle_9042,"Malda Violence | ‘How will we survive now’: Woman in Malda narrates how mobs destroyed their homes, police remained mute spectator",0,741,0.99,0,1743428960.0,False,t5_3d4x4,"‘How will we survive now’: A woman in Malda narrates how mobs destroyed their homes, police remained mute spectator.

A day after mobs ran rampage in Mothabari village in the Malda district of West Bengal, a woman on Friday (28th March) recounted the horror perpetrated by the extremists on her family.

“Mobs have destroyed our homes… we have been forced to hide under their beds with their young kids and family…No one was spared,” a victim was heard narrating her ordeal.

The woman pointed towards mobs’ houses in the village and showed how they have been left unharmed.

“They carried out bloodshed… They have finished our homes, shops and took away our money and belongings. How will we survive now? Show us a way,” the victim broke down in tears.

She narrated how the residence of her son-in-law was also destroyed by violent mobs.

“The police ran for their lives. They did not save us,” the woman lamented.

They have looted everything, if mobs continue these atrocities on us, how will we survive?” she asked.

[https://www.opindia.com/news-updates/west-bengal-malda-violence-by-muslims-hindu-victim-narrates-harrowing-ordeal-details](https://www.opindia.com/news-updates/west-bengal-malda-violence-by-muslims-hindu-victim-narrates-harrowing-ordeal-details)

[https://x.com/Achintya\_Hindu/status/1905679874494529973](https://x.com/Achintya_Hindu/status/1905679874494529973)"
Unable-Ad931,"Mohd Yunus in Beijing says that 7 states of India's north east have no sea access, Bangladesh is the ""guardian of the sea"" and invites China to make this area an ""extension of chinese economy""",0,974,0.97,0,1743416306.0,False,t5_3d4x4,
Unable-Ad931,Kerala ASHA workers cut hair in protest against government as strike enters 50th day,0,383,1.0,0,1743434214.0,False,t5_3d4x4,"ASHA workers in Kerala marked the 50th day of their protest by cutting their hair in a symbolic act of defiance, demanding better wages and working conditions. Despite multiple discussions, the government has yet to meet their demands, while support for their cause continues to grow.

Source: https://www.thehindu.com/news/national/kerala/kerala-asha-workers-make-emotional-statement-cut-hair-in-protest-against-government-apathy/article69395776.ece"
Anvesana,"India pushes to ease international payments through homegrown network to rival Visa, Mastercard",0,9,1.0,0,1743506637.0,False,t5_3d4x4,
savageclooney,Indian Flag has got no Aura,0,0,0.11,0,1743605342.0,False,t5_3d4x4,"Honestly the Indian Flag needs some rework, like it needs some uplift. In any sports competition for that matter when I see the flag it doesn't exactly boosts motivation in me. 

Also stop mandatory national anthem singing before a movie. Cringe af "
BROWN-MUNDA_,"Rahul Gandhi writes to PM Modi, urges him to cancel offshore mining tenders",0,218,0.93,0,1743437045.0,False,t5_3d4x4,Source:  https://timesofindia.indiatimes.com/india/rahul-gandhi-writes-letter-to-pm-modi-to-cancel-offshore-mining-tenders-cites-threat-to-marine-life/articleshow/119799587.cms
san__man,"Yunus Makes Pitch to China, Calls India’s Northeast ""Landlocked”",0,37,0.98,0,1743472607.0,False,t5_3d4x4,
LOLOmotoyama00,Unexpected plot twist,0,20,0.91,0,1743481680.0,False,t5_3d4x4,First wife affair with someone and then refuse to leave the husband and file the rape case against lover.
BROWN-MUNDA_,"Lamborghini crashes & runs over 3 people at 140 km/h, driver asks 'koi mar gaya kya?'",0,2037,0.98,0,1743392398.0,False,t5_3d4x4,"A Lamborghini ran over several workers in Noida near Sector 126, seriously injuring two. The driver, identified as Deepak from Ajmer, was arrested on the spot, and the car was seized.

Source: https://timesofindia.indiatimes.com/india/lamborghini-runs-over-several-workers-in-noida/articleshow/119759311.cms"
ActInfamous3857,This is why business is hard in India....,0,164,0.95,0,1743440948.0,False,t5_3d4x4,"I was with my dad in my his shop, out of nowhere, a guy who claims to be a member of Karnataka Rakshana Vedike comes in a bullet, he was wearing large gold rings on all the fingers in both hands! He said, the charitable Trust under this organization is giving free treatment for various treatments like Breast cancer, medical check-up etc. He asked us to contribute something, which didn't seem like a request, but a command! We declined, and he started saying things like, ""it would be good for you, if you take care of us, I would be helpful/take care of you"", what'll you do with all the wealth, you're not gonna take it with you, God's give me enough, I have 4 buses running daily, he showed us a silver pen, a ring, his phone number, bike number all having same digits! My dad gaslighted him saying,  his brother is a member of the said organization and that he has already made his contribution! At the end, he said, if I should come tomorrow, my dad noted his contact number and name, and said he would contact him with the details of the receipt (or a complaint)  he left afterwards! We all know these guys are silent mobs, with no fear of consequences, because what you gonna do after the damage is been done, but are we still in gunda raj, after seeing how the goons vandalized the hotel & venue Mumbai after the Kamra fiasco! Bengaluru is no different 😐 "
Unable-Ad931,Another attack on Hindus in Bangladesh just for Facebook comment,0,1448,0.97,0,1743397722.0,False,t5_3d4x4,"A video of an attack and vandalism on a Hindu house in Sakhipur, Tangail district, over a comment made on Facebook, has gone viral on social media.

Source: https://www.bbc.com/bengali/articles/c15vgp8w59lo"
Background-Exit3457,Where are we heading?,0,1046,0.98,0,1743401258.0,False,t5_3d4x4,Also please don't shift blames. 
Foreign_Angle_9042,"Kerala Catholic body supports Waqf Amendment bill, urges MPs to vote for it",0,223,0.99,0,1743431149.0,False,t5_3d4x4,"The Kerala Catholic Bishops Council (KCBC) urged Kerala MPs on March 31, 2025, to vote for the Waqf Amendment Bill, citing unconstitutional provisions affecting Munambam residents' property rights, where Farook College management, having sold gifted land, faces claims under the current Waqf Act.

[https://www.indiatoday.in/india/kerala/story/kcbc-kerala-catholic-bishops-council-want-kerala-mps-to-vote-in-favour-of-amending-waqf-act-unconstitutional-unjust-provisions-2701516-2025-03-31](https://www.indiatoday.in/india/kerala/story/kcbc-kerala-catholic-bishops-council-want-kerala-mps-to-vote-in-favour-of-amending-waqf-act-unconstitutional-unjust-provisions-2701516-2025-03-31)"
Direct-Secret-1316,Agree? How system works,0,275,0.99,0,1743424800.0,False,t5_3d4x4,
BROWN-MUNDA_,Kannadigas are not Dravidians' Tamil Nadu CM MK Stalin's Ugadi wishes spark debate,0,469,0.94,0,1743410545.0,False,t5_3d4x4,"Tamil Nadu CM MK Stalin's Ugadi greetings sparked a social media debate as many Kannadigas objected to being called ""Dravidians."" While some supported his stance against Hindi imposition and delimitation, others insisted Kannada is not a Dravidian language.

Source: https://www.hindustantimes.com/cities/bengaluru-news/kannadigas-are-not-dravidians-tamil-nadu-cm-mk-stalins-ugadi-wishes-spark-debate-101743393029957.html"
Unable-Ad931,Stones thrown at devotees of Kalash Shobha Yatra in Bihar's Darghanga; four arrested,0,149,0.98,0,1743427474.0,False,t5_3d4x4,"Tension erupted in Bihar’s Darbhanga after devotees were pelted with stones during the **Kalash Shobha Yatra**, injuring several people. Police have arrested four individuals and deployed additional forces to maintain order.

Source: https://www.newindianexpress.com/nation/2025/Mar/31/stones-thrown-at-devotees-of-kalash-shobha-yatra-in-bihars-darghanga-four-arrested"
Foreign_Angle_9042,Ajmer Dargah Chief Gives Thumbs Up To Waqf Amendment Bill,0,213,0.99,0,1743419409.0,False,t5_3d4x4,"Ajmer Dargah chief Haji Syed Salman Chishty, Gaddi Nashin and Chishty Foundation chairman in his recent op-ed supported the Waqf (Amendment) Bill, 2024, revising the Waqf Act, 1995, to address inefficiencies, mismanagement, and lack of transparency by mutawallis (custodians) in Waqf properties, backed by the Sachar Committee Report, 2006, estimating Rs 12,000 crore potential annual income, now Rs 20,000 crore, against Rs 200 crore actual revenue from 8.72 lakh properties, while Kerala Catholic Bishops Council (KCBC) supports it for unconstitutional provisions like the Munambam issue involving Farook College management.

[https://www.news18.com/india/ajmer-dargah-chief-syed-salman-chishty-gives-thumbs-up-to-waqf-amendment-bill-calls-it-crucial-reform-rijiju-parliament-9281443.html](https://www.news18.com/india/ajmer-dargah-chief-syed-salman-chishty-gives-thumbs-up-to-waqf-amendment-bill-calls-it-crucial-reform-rijiju-parliament-9281443.html)

[https://www.moneycontrol.com/news/india/ajmer-dargah-chief-backs-waqf-amendment-bill-waqf-hampered-by-inefficiencies-12980223.html](https://www.moneycontrol.com/news/india/ajmer-dargah-chief-backs-waqf-amendment-bill-waqf-hampered-by-inefficiencies-12980223.html)

His Op-ed:

[https://www.thehindu.com/opinion/op-ed/it-is-time-to-reform-the-wafq/article69394326.ece](https://www.thehindu.com/opinion/op-ed/it-is-time-to-reform-the-wafq/article69394326.ece)"
Winterisbucky,"‘They are living life, we are surviving it’: Indian man voices frustration after visiting Paris, Zurich",0,89,0.88,0,1743435021.0,False,t5_3d4x4,
Foreign_Angle_9042,"Malda | The recent violence in Mothabari; homes, businesses and vehicles of local people were vandalized, 62 accused arrested so far",0,276,0.99,0,1743413259.0,True,t5_3d4x4,"In Mothabari, Malda, West Bengal, on March 27, 2025, after a procession passed a msqe on March 26 evening, 63 unnamed accused, described as mob members with extremist flags, were arrested for arson, vandalism, and assaults targeting Hindu homes, shops, vehicles during communal riots peaking at 1 PM.

Prompting internet suspension, 28 police pickets, eight patrols under IG Rajesh Yadav, SP Pradeep Kumar Yadav (34 arrests by March 28), with five state police companies, RAF deployed, shops reopening March 30.

BJP members were stopped 3km away at English Bazar on March 30 while on the way to meet the victims, accused TMC-biased police.

Suvendu Adhikari wrote Governor CV Ananda Bose on March 27 for CAPF, citing lawlessness; Congress’s Isha Khan Choudhury demanded paramilitary March 29; Calcutta High Court ordered DM, SP report by April 3.

Locals, mostly women, reported atrocities; similar to 2016 Kaliachak riots, NCW visit April 4, tense but controlled by March 31.

News Sources:

[https://zeenews.india.com/hindi/india/west-bengal-bjp-delegation-stopped-from-going-violence-hit-mothabari-in-malda/2700389](https://zeenews.india.com/hindi/india/west-bengal-bjp-delegation-stopped-from-going-violence-hit-mothabari-in-malda/2700389)

[https://www.jagran.com/west-bengal/malda-malda-violence-is-a-failure-of-bengal-government-says-rss-23908462.html](https://www.jagran.com/west-bengal/malda-malda-violence-is-a-failure-of-bengal-government-says-rss-23908462.html)

[https://www.aajtak.in/india/news/video/malda-violence-union-minister-sukanta-majumdar-stopped-bjp-workers-break-barricade-in-protest-video-frvd-2203915-2025-03-30](https://www.aajtak.in/india/news/video/malda-violence-union-minister-sukanta-majumdar-stopped-bjp-workers-break-barricade-in-protest-video-frvd-2203915-2025-03-30)

[https://navbharattimes.indiatimes.com/state/west-bengal/kolkata/malda-mothabari-violence-internet-shut-down-57-arrested-west-bengal-bjp-president-sukanta-majumdar-stopped-by-police/articleshow/119755230.cms](https://navbharattimes.indiatimes.com/state/west-bengal/kolkata/malda-mothabari-violence-internet-shut-down-57-arrested-west-bengal-bjp-president-sukanta-majumdar-stopped-by-police/articleshow/119755230.cms)

[https://timesofindia.indiatimes.com/india/complete-lawlessness-bjp-mla-suvendu-adhikari-writes-to-bengal-governor-over-malda-violence/articleshow/119628241.cms](https://timesofindia.indiatimes.com/india/complete-lawlessness-bjp-mla-suvendu-adhikari-writes-to-bengal-governor-over-malda-violence/articleshow/119628241.cms)

[https://www.deccanherald.com/india/west-bengal/congress-seeks-paramilitary-force-deployment-in-violence-hit-mothabari-in-malda-3469367](https://www.deccanherald.com/india/west-bengal/congress-seeks-paramilitary-force-deployment-in-violence-hit-mothabari-in-malda-3469367)

[https://www.deccanherald.com/india/west-bengal/internet-suspended-34-arrested-in-bengals-mothabari-clashes-calcutta-high-court-seeks-action-taken-report-3468028](https://www.deccanherald.com/india/west-bengal/internet-suspended-34-arrested-in-bengals-mothabari-clashes-calcutta-high-court-seeks-action-taken-report-3468028)

[https://www.ndtv.com/india-news/bjp-team-stopped-from-visiting-clash-hit-mothabari-in-west-bengal-8045730](https://www.ndtv.com/india-news/bjp-team-stopped-from-visiting-clash-hit-mothabari-in-west-bengal-8045730)

Video Sources:

[https://x.com/Achintya\_Hindu/status/1905679874494529973](https://x.com/Achintya_Hindu/status/1905679874494529973)

[https://x.com/Achintya\_Hindu/status/1905322662026772896](https://x.com/Achintya_Hindu/status/1905322662026772896)

[https://x.com/Achintya\_Hindu/status/1905311900499685679](https://x.com/Achintya_Hindu/status/1905311900499685679)"
Aquaaa3539,We developed cross language voice cloning TTS for Indic Languages,0,162,0.99,0,1743415748.0,False,t5_3d4x4,"We at our startup FuturixAI experimented with developing cross language voice cloning TTS models for Indic Languages  
Here is the result

Currently developed for Hindi, Tamil and Marathi  
Suggest what all applications we could build and open-source using this which would be useful for general citizens of India"
BROWN-MUNDA_,Tharoor does it again! Praises Modi govt's vaccine diplomacy,0,569,0.98,0,1743389647.0,False,t5_3d4x4,"Shashi Tharoor praised India's Vaccine Maitri initiative, highlighting its role in strengthening India's global soft power. He noted that India's vaccine diplomacy countered China's influence and reinforced India's position as a responsible global leader.

Source: https://www.indiatoday.in/india/story/shashi-tharoor-modi-government-bjp-vaccine-maitri-health-diplomacy-pm-congress-2701416-2025-03-30"
yatracharsi,Neem Karoli Baba Or Neeb Karori Baba,0,75,0.97,0,1743421072.0,False,t5_3d4x4,Which Is Right! Neem Karori Baba Or Neeb Karori Baba! We Always Know Him As Neem Karoli Baba But The Fact Is “Neeb Karori Baba”. His Devotee gave this  After The Name Of Small Village “Neeb Karori” in Farrukhabad district of Uttarpradesh.
Unable-Ad931,Telangana police detained UoH students for protesting against the Telangana government's sale of 400 acres of land amid environmental concerns.,0,338,0.98,0,1743388036.0,False,t5_3d4x4,"Tensions prevailed in University of Hyderabad as the Telangana police forcibly detained students protesting against the clearance of the controversial land abutting the campus.

Source: https://www.thenewsminute.com/telangana/telangana-police-allegedly-manhandle-and-detain-uoh-students-protesting-land-takeover"
psychicbrocolli,Am I overreacting or is my anger valid at this,0,215,0.91,0,1743396388.0,False,t5_3d4x4,Article taken from The Economic Times.
wokachoda,Thoughts on Adolescence (Netflix),0,24,0.8,0,1743438526.0,False,t5_3d4x4,"For those of you who haven't actually seen the show yet... let me briefly summarise what the show is about (spoiler-free)- it's about a 13 y/o boy who stabs his female schoolmate to death. But this isn't a typical murder mystery, instead of focusing on a ""*who* did it"", the writers focus on ""*why did he do it""?*

The show is trying to highlight one of the biggest issues in young males of this generation... specifically the toxic incel culture as propogated on social media. About the rise of Andrew Tate and similar influencers, who've spread all over the internet with sexist and female-hating content. The glow of a mobile phone that a young teen binds himself to, all alone in a room with a toxic influencer shaping his thought process in his formative years with no restriction on social media end up being devasting. 

I think the creators have done a great job showcasing how parents aren't able to keep up with the younger generation they're supposed to be raising; and that's creating a gap between kids and parents in a way that's never been seen before. 

People need to be talking about this a lot more, which isn't happening rn. What are your thoughts on this?"
shksa339,Why does Christianity desire to convert the whole world? An answer from the Pope.,0,63,0.89,0,1743419121.0,False,t5_3d4x4,"INTERVIEW WITH POPE BENEDICT XVI: Do all RELIGIONS lead to GOD? [https://www.youtube.com/watch?v=g8jehD6yDnY](https://www.youtube.com/watch?v=g8jehD6yDnY)

These are the arguments from Christians from the above video based on the comments of Pope 16 of Catholic Church.

Pope Benedict 16 of Catholic church does not think all religions lead to ""salvation"". The Pope (head of the Catholic sect) only sees faith in Jesus Christ as a means to deliverance. **They don't see Jesus as one possibility among many, but a necessary path. ""No one can be saved outside the Church"" is clear statement of the Catholic church.**

For this reason, the Pope says the Church cannot renounce the ""evangelisation"" mandate. If all religions are true, then there would be no reason for the conversion missionary activity of the Church to exist at all.

**The church and majority of Christians believe Jesus commanded his followers to preach the gospels to the ""ends of this world"".**

**The Christian churches and the ecosystem of Pastors, Clergies, Heads of churches, Bishops as their ""mission"" desire to convert the whole world into their faith because all other religions are simply false and Jesus commanded them to preach the gospels to the ends of this world.**

I fail to understand why did India and other nations even allow the Churches to run their programs at all if this is their agenda? Did the pre-christianised nations did not care for the existing religions? Why do we still tolerate this expansionist religious fascism? Why should non-christian religions be nice to Christianity at all? Why do they deserve any respect when they view every other religion as false?"
Spiritual-Fuel-6310,Turning Pain into Profit - Bryan Johnson leaving Nikhil's podcast,0,557,0.98,0,1743373860.0,False,t5_3d4x4,"When I saw Bryan leave Nikhil's Podcast, it felt wrong on so many levels.

A- You are a multi millionaire with a big team and of course you knew about the health hazards as soon as you landed in India , if not before leaving .

B- You left the podcast midway , citing that the indoors AQI was poor as well (despite the podcast team insisting that an Air purifier was being used ) . But you lurked around in India for a few more days ( because money ) and did not take your fragile vampire looking body immediately off our coasts.

C- Leaving the podcast midway did its job perfectly well because guess what - you started creating content around why you left the podcast midway and cashed in on it. And cash in did you - tweets , long video (one of the most watched video on his channel) , interviews and more promotions for your products.

I am not denying that the problem of Air pollution needs urgent addressal , but I am questioning whether the man raising these questions had genuine concerns about the well being of our countrymen or was he just turning pain into profit.

Anyway , you may want to check the link at the bottom of the post out. This person in a series of 24 short videos has called out the Scam that Bryan Johnson is orchestrating.

Cheers

[https://www.youtube.com/shorts/51nthiHWsnk](https://www.youtube.com/shorts/51nthiHWsnk)"
Complex-Smoke2806,"L&T Proposes Indigenous 110kN Engine Development, Urges Government to Back Merit Over Cost",0,26,0.97,0,1743429565.0,False,t5_3d4x4,"Hail L&T, they have real guts to ask what is best for them..

L&T's Defence & Aerospace head, Jayant Damodar Patil, has proposed that India should develop a fully indigenous 110kN thrust fighter jet engine.

He believes that if the government prioritizes a merit-based approach instead of focusing solely on the lowest cost (L1 syndrome), this engine can be successfully developed.

GTRE's Kaveri engine can serve as a useful foundation for the new 110kN engine, as its development has already provided significant experience in metallurgy, compressor design, and testing infrastructure.

The Kaveri engine failed to achieve the required 90kN thrust for the Tejas fighter jet, leading to its removal from the project. However, the technologies developed during its design can be utilized for the new jet engine.

Patil has suggested involving Indian private companies like Mahindra Aerospace, Tata Advanced Systems, and Godrej Aerospace to ensure the project's successful completion.

I WILL BE THE HAPPIEST PERSON IN INDIA IF, GOVT. ACTUALLY AGREE TO THEM.. PHUCK ITT  WE BALL"
BROWN-MUNDA_,It is time to reform the Wafq - The Hindu,0,18,0.87,0,1743433702.0,False,t5_3d4x4,
Distinct-Library5173,India’s GDP vs. the World,0,904,0.91,0,1743346730.0,False,t5_3d4x4,"

Saw this chart today, and it made me wonder how far behind are we, really? Despite having the largest population, India’s projected GDP for 2025 is just $4.3T, while China sits at $19.5T and the US at $30.3T. Even smaller countries like Germany ($4.9T) and the UK ($3.7T) have higher GDPs than us.

People celebrate 105% growth in 10 years, but when you look at the actual numbers, we’re still nowhere close to being an economic superpower. Growth means nothing if the majority of people still struggle with low incomes, poor infrastructure, and limited opportunities.

The Real Question

Are we really progressing, or are we just catching up too slowly while others move even further ahead? What do you think what’s holding India back from real economic power?


"
thehorrorpurist,A young man was shot dead in broad daylight near Lucknow by miscreants driving a thar for merely intervening in a road rage incident.,0,80,0.99,0,1743393120.0,False,t5_3d4x4,
BROWN-MUNDA_,"MK Stalin, you’ve got it mostly wrong on delimitation",0,13,0.67,0,1743429475.0,False,t5_3d4x4,
AutoModerator,"r/Indiaspeaks - Weekly Questions - Stupid , Too Afraid/Shy to Ask, Now is the Time",0,1,1.0,0,1743476437.0,False,t5_3d4x4,"Welcome to our Tuesday Stupid , Too Afraid/Shy to Ask, Now is the Time session

Often we have questions that we are afraid to ask for several reasons, leave them behind and just ask because now is the time....

The questions could be anything and not pertaining to a particular subject, be it History, Science, Politics, Sports , Movies, Music, Daily life related

***But just remember to be civil and follow the rules of the Sub***

* You can also join our [Discord Server Invite](https://discord.gg/V8sCPac)
* The ""Daily Discussion"" thread is posted Tuesday at 8:30 AM"
epabafree,There was no outrage against Swati Sachdeva,0,14,0.73,0,1743421504.0,False,t5_3d4x4,"Few days back, ""backlash"" news started spreading about Swati Sachdeva, being the chronically online person I am, I immediately checked the recent tab on multiple platforms. It was the same set of news media and right-wing pages repeating the same thing—""there's outrage!"" There were videos on small journalism pages, right wing bhakt kinda pages, and after a good 5-6 hours more places started picking it up. But where were the *actual* angry people? It felt engineered, a classic case of creating controversy where none existed.

Kunal Kamra’s stand-up faced criticism, sure, but his set had *points*. The more people watched it, it raised some questions, even if you are the strongest right wing folk and hate Kunal it might make you feel atleast something. But here?

* A *female* comedian
* Talking about *sex*
* Involving *parents* in the joke?

Yeah, that's like brownie points all over. Everyone in this country hates a woman who talks, oooh she is talking about sex? more reasons to hate her. AND SHE IS DISRESPECTING PARENTS? This is gold! The outrage wasnt about comedy, it was a massive misdirection. And it did not get attention because the ghibli and AI thing caught attention, and the attention from Kunal Kamra easily shifted.

This is what happens here. Whenever someone is protesting about any real issue, it trends for a weekend, and people forget. Not because they don't care, but because they are made to forget."
shoppingdiscussions,Curious 👀 case of Puneet,0,7,0.77,0,1743433649.0,False,t5_3d4x4,"People are driving fast and killing people on roads, this is in the context of recent pune and Noida Lamborghini incident. Accused is on bail, law is only for poor. Judges are escaping while normal citizen is scared to cheat even ₹ 1 on income tax.

""Puneet Puneet"" refers to an Indian man who is a fugitive in Australia, accused of being a ""killer driver"". He is believed to be living in India, and Australia has offered a reward for his return.

Australian 🇦🇺 high commission has put a reward of ₹57 lakhs on the return.

He escaped Australia on his friend’s passport. As per reports to avoid extradition, he got a domestic violence case registered on himself.

He was drunk and driving at 148 kms per hour when he hit 2 people.

This disease starts at home and spreading very fast. People pay 💰 money to lawyers, police, and victims family to escape jail.

In western countries, laws and their implementations are black and white. You commit a crime and you face a jail time 🕰️.

https://india.embassy.gov.au/ndli/pa1912.html
Https://np.reddit.com
r/melbourne/s/N52gzORo63

People are driving fast and killing people on roads, this is in the context of recent pune and Noida Lamborghini incident. Accused is on bail, law is only for poor. Judges are escaping while normal citizen is scared to cheat even ₹ 1 on income tax.

""Puneet Puneet"" refers to an Indian man who is a fugitive in Australia, accused of being a ""killer driver"". He is believed to be living in India, and Australia has offered a reward for his return.

Australian 🇦🇺 high commission has put a reward of ₹57 lakhs on the return.

He escaped Australia on his friend’s passport. As per reports to avoid extradition, he got a fake a domestic violence case registered on himself.

He was drunk and driving at 148 kms per hour when he hit 2 people.

This disease starts at home and spreading very fast. People pay 💰 money to lawyers, police, and victims family to escape jail.

In western countries, laws and their implementations are black and white. You commit a crime and you face a jail time 🕰️.

https://india.embassy.gov.au/ndli/pa1912.html

Https://np.reddit.com/r/melbourne/s/N52gzORo63

https://www.heraldsun.com.au/news/victoria/father-of-man-killed-by-puneet-puneet-urges-federal-government-to-bring-him-to-justice/news-story/faba6dfb494c323570a890b309c10fe8

https://timesofindia.indiatimes.com/city/delhi/man-wanted-in-oz-fears-race-bias/articleshow/27314168.cms

https://www.heraldsun.com.au/news/victoria/father-of-man-killed-by-puneet-puneet-urges-federal-government-to-bring-him-to-justice/news-story/faba6dfb494c323570a890b309c10fe8

https://timesofindia.indiatimes.com/city/delhi/man-wanted-in-oz-fears-race-bias/articleshow/27314168.cms"
Azamiscool,Blast at Beed Mosque Ahead of Eid: Two Arrested in Maharashtra,0,155,0.88,0,1743370341.0,False,t5_3d4x4,"On March 30, 2025, around 2:30 AM, a blast occurred inside a mosque in Ardha Masla village, Georai tehsil, Beed district, Maharashtra. The explosion, caused by gelatin sticks, resulted in damage to the mosque but no casualties. Authorities quickly arrested two suspects—Vijay Rama Gavhane (22) and Sriram Ashok Sagde (24), both from Georai taluka. Gavhane, a well-digger, had previously posted a video handling gelatin sticks on social media.

The blast followed a communal procession the evening before, during which the suspects allegedly made provocative remarks, questioning the mosque’s presence and attempting to stir tensions. While initial efforts calmed the situation, the explosion the next morning heightened concerns.

In response, the police deployed heavy security to maintain order and launched an investigation with forensic and bomb detection teams. Local community leaders, both Hindu and Muslim, held peace meetings and agreed to repair the mosque together, reflecting their commitment to communal harmony.

Maharashtra Chief Minister Devendra Fadnavis acknowledged the incident, assuring that the culprits had been identified and action was being taken. Authorities continue to urge residents to remain calm and avoid spreading misinformation, ensuring peace during the Eid celebrations.

"
Foreign_Angle_9042,"Agra | 4 men were caught harassing schoolgirls, later detained and made to apologize",0,651,0.99,0,1743338771.0,False,t5_3d4x4,"In Agra, 4 men were arrested for intimidating and harassing random schoolgirls, following the circulation of two videos. The incidents showed the accused manhandling, forcibly pulling a girl into an alley, and molesting her. After identifying the suspects, the police arrested them. ACP Sadar Vinayak Bhonsle stated that the accused apologized, claiming they would not repeat such actions.

[https://www.etvbharat.com/hi/!state/4-youths-arrested-in-flirting-they-apologized-police-by-holding-their-ears-agra-girl-students-molestation-case-uttar-pradesh-news-ups25030900533](https://www.etvbharat.com/hi/!state/4-youths-arrested-in-flirting-they-apologized-police-by-holding-their-ears-agra-girl-students-molestation-case-uttar-pradesh-news-ups25030900533)

[https://www.youtube.com/watch?v=q3gWcoNbMb0](https://www.youtube.com/watch?v=q3gWcoNbMb0)"
Lonliestcreatureever,This was my mother back during 2016,0,21,0.9,0,1743403062.0,False,t5_3d4x4,"Ok so please first read this article 

https://mumbaimirror.indiatimes.com/mumbai/crime/fake-doctor-practicing-for-30-years-held/articleshow/52755138.cms


The doctor mentioned in this article is also our landlord and he is such a devil guy he tried to snatch our house for his own personal gains but my mother singlehandedly made him taste the air of the jail he however got of the jail by using his wealth and is now roaming freely around fuck him"
theseanpatrick,Has anybody read Manusmriti?,0,4,0.67,0,1743434615.0,False,t5_3d4x4,"I’ve seen many people burning the Manusmriti, but haven’t heard anybody point out exactly where it is problematic according to them.

Has anybody here read it? What was your impression?"
Unable-Ad931,Colours of spring in Kashmir,0,808,1.0,0,1743330580.0,False,t5_3d4x4,Source: Tatva and The Hindu 
Mastersexyy,For people who are saying this govt is bad. Even the opposition parties are the same.,0,1238,0.95,0,1743319666.0,False,t5_3d4x4,
srinidhi1,"Oh the irony! (Note - just highlighting this point, I don't support violence/backlash against Kunal_Kamra)",0,489,0.87,0,1743332203.0,False,t5_3d4x4,
BROWN-MUNDA_,"56% professor positions at IITs, IIMs, NITs, IISERs lying vacant, says parliamentary panel report",0,260,0.99,0,1743343069.0,False,t5_3d4x4,"**Summary:**  

A parliamentary panel report has revealed that 56.18% of professor positions remain vacant across India’s higher education institutions, including IITs, IIMs, NITs, and central universities. Overall, 28.56% of total sanctioned teaching positions are unfilled, impacting education quality and the faculty-student ratio.  

The report highlights a significant number of unfilled reserved faculty positions, with 1,521 out of 3,652 OBC posts, 788 out of 2,315 SC posts, and 472 out of 1,154 ST posts vacant. Non-teaching reserved posts also face shortages.  

The panel recommends expediting recruitment, ensuring transparency, and reducing reliance on contractual hiring to protect academic freedom. Special recruitment drives launched in 2019 have filled 26,751 vacancies, but further efforts are needed to address the backlog and ensure permanent faculty appointments.

Source: https://theprint.in/india/education/56-professor-positions-at-iits-iims-nits-iisers-lying-vacant-says-parliamentary-panel-report/2570586/"
ood_sigmaa,Journalist Sumit Jha Detained by Telangana Police While Covering Student Concerns at University of Hyderabad,0,328,0.99,0,1743336645.0,False,t5_3d4x4,"https://x.com/JantaJournal/status/1906301386704273694

I am posting this, because few of my friends, who are congress and NCP supporters said, they didn't knew about suvvaku shankar and telangana female journalist arrest.

"
Unable-Ad931,Historic: Narendra Modi visits RSS headquarters for the first time as PM,0,258,0.94,0,1743340220.0,False,t5_3d4x4,"Praising Prime Minister

#Narendra Modi's visit to #Nagpur, Sangh calls it ""very important and historic""

'No difference of opinion between #BJP, #RSS,' says Sangh

PM Modi began his visit by paying tribute to #Keshav Baliram Hedgewar, the organisation's founding father, at Smruti Mandir in Nagpur. PM also visited Deekshabhoomi.

Source: https://www.aninews.in/news/national/general-news/no-difference-of-opinion-between-bjp-rss-sangh-hails-pm-modis-nagpur-visit20250330085925/"
Unable-Ad931,"""Wo banda launch nahi hua abhi tak Congress se"" Punjab CM BhagwantMann takes a dig at Rahul Gandhi.",0,182,0.98,0,1743346024.0,False,t5_3d4x4,
Foreign_Angle_9042,Ghaziabad | Another cook arrested for spitting on roti dough,0,679,0.98,0,1743318637.0,False,t5_3d4x4,"On March 25, 2025, in Ghaziabad's Gagan Vihar under Teela Mod police station, 28-year-old Shavez, son of Haron from Premnagar Loni, was arrested for spitting on roti dough while cooking at a religious event handled by contractor Aalishan; a 57-second viral video recorded by attendees led local resident Manish, son of Ataru from Thana Tila Mor, to file a complaint, resulting in Shavez's FIR under BNS sections 271 and 272 for negligent and malignant acts likely to spread infection, confirmed by ACP Saloni Aggarwal of Shalimar Garden; he was jailed after court presentation on March 26, marking the 5^(th) such incident in Ghaziabad in the last 4 months, following similar cases in Khoda, Muradnagar, Modinagar, and Ghaziabad city.

Separately, on March 29, 2025, in Mumbai’s Kanjurmarg, a Zomato delivery guy was caught on video by Narayan Parvathy Parasuram spitting on food packages before delivery, fleeing when noticed, prompting outrage and Zomato’s response denying tolerance for such acts.

[https://timesofindia.indiatimes.com/city/ghaziabad/ghaziabad-man-arrested-for-spitting-on-bread-at-religious-event-video-goes-viral/articleshow/119521254.cms](https://timesofindia.indiatimes.com/city/ghaziabad/ghaziabad-man-arrested-for-spitting-on-bread-at-religious-event-video-goes-viral/articleshow/119521254.cms)

[https://www.timesnownews.com/city/ghaziabad/ghaziabad-roti-viral-video-ghaziabad-man-allegedly-spits-on-roti-dough-before-placing-it-in-tandoor-during-religious-event-article-119573084](https://www.timesnownews.com/city/ghaziabad/ghaziabad-roti-viral-video-ghaziabad-man-allegedly-spits-on-roti-dough-before-placing-it-in-tandoor-during-religious-event-article-119573084)

[https://www.freepressjournal.in/mumbai/mumbai-news-delivery-guy-caught-spitting-on-food-in-kanjurmarg-here-is-what-zomato-said-video](https://www.freepressjournal.in/mumbai/mumbai-news-delivery-guy-caught-spitting-on-food-in-kanjurmarg-here-is-what-zomato-said-video)

[https://x.com/DCPTHindonGZB/status/1904794009517908289](https://x.com/DCPTHindonGZB/status/1904794009517908289)

Previous incidents:

[https://timesofindia.indiatimes.com/city/noida/man-20-held-for-spitting-on-roti-in-khoda-restuarant/articleshow/117124451.cms](https://timesofindia.indiatimes.com/city/noida/man-20-held-for-spitting-on-roti-in-khoda-restuarant/articleshow/117124451.cms)

[https://www.indiatoday.in/trending-news/story/up-man-spits-on-rotis-before-placing-them-in-tandoor-arrested-after-video-goes-viral-2695359-2025-03-18](https://www.indiatoday.in/trending-news/story/up-man-spits-on-rotis-before-placing-them-in-tandoor-arrested-after-video-goes-viral-2695359-2025-03-18)

[https://timesofindia.indiatimes.com/city/noida/man-arrested-for-spitting-on-bread-at-wedding-function/articleshow/118743200.cms](https://timesofindia.indiatimes.com/city/noida/man-arrested-for-spitting-on-bread-at-wedding-function/articleshow/118743200.cms)

Health and Hygenic is becoming a joke, ever week there is a spitting incident being reported.

Please record and report such incidents for public safety.

The human saliva can spread many diseases including fatal ones like: Rabies, Herpes, Epstein-Barr Virus, Cytomegalovirus, Hepatitis B, Influenza, COVID-19, Meningococcal Disease, Tuberculosis, Streptococcus, Periodontal Disease, Toxoplasmosis, etc.

Hope you have played RDR2."
BROWN-MUNDA_,UP bans meat sales within 500 metres of religious sites during Navratri,0,1088,0.95,0,1743304638.0,False,t5_3d4x4,"The Uttar Pradesh government has enforced a ban on meat sales within 500m of religious sites until April 6, the last day of Navratri. Similarly, Maihar, a temple town in Madhya Pradesh, has prohibited the sale of non-vegetarian items from March 30 to April 7 under new civic regulations.

Source: https://timesofindia.indiatimes.com/india/up-enforces-ban-on-meat-sale-near-religious-sites/articleshow/119730575.cms"
BROWN-MUNDA_,"Eleven coaches of Bengaluru-Kamakhya train derails in Odisha, 7 injured",0,234,0.99,0,1743331489.0,False,t5_3d4x4,"Source: https://indianexpress.com/article/india/bengaluru-kamakhya-express-derail-odisha-live-updates-9914350/

https://www.ndtv.com/india-news/bengaluru-kamakhya-express-train-derails-in-odisha-cuttack-8046030"
Wonderful-Ad3080,Patience is a virtue.,0,1074,0.97,0,1743299422.0,False,t5_3d4x4,"For such interesting content and Memes, follow ""Paakittadnya"" on X"
Unable-Ad931,Hyderabad: 21-year-old Afeezuddin booked for viral 'Sholay' jeep stunt with air rifle,0,497,0.98,0,1743313209.0,False,t5_3d4x4,"A viral video has surfaced on social media featuring 21-year-old Afeezuddin travelling in an open jeep with an air rifle on the dashboard, while the iconic song ""Mehbooba Mehbooba"" from Sholay plays in the background.

200

The video, which was reportedly filmed for a social media reel, has led to the Hyderabad police registering a case against him for ""creating a nuisance.""

Source: https://timesofindia.indiatimes.com/city/hyderabad/21-yr-old-held-for-brandishing-air-rifle-while-travelling-in-jeep/articleshow/119669345.cms"
Background-Exit3457,What are your thoughts on this? How much of this is true?,0,277,0.96,0,1743323891.0,False,t5_3d4x4,
theanonymoussking,"Men dying, men crying, who is listening? Falsely invoking dowry laws should attract penalty, demand Indian men",0,507,0.96,0,1743311558.0,False,t5_3d4x4,"Source - [Men dying, men crying, who is listening? Falsely invoking dowry laws should attract penalty, demand Indian men [Hindustan Time]](https://www.hindustantimes.com/htcity/htcity-delhi-junction/men-suicide-wife-divorce-india-498a-dowry-harassment-ipc-marriage-atul-subhash-puneet-khuarana-delhi-businessman-suicide-101743079326902.html)"
InformalPublic2941,Wtf is wrong with these people??so much hatred.,0,754,0.92,0,1743302538.0,False,t5_3d4x4,These People have so much hatred they don't even think that these are just some kids. If these kids were white no one would have said anything. Despite having such a population we can't defend against these people on social media. Hatred against Indians is at its peak and mostly these propaganda is spread by paki and Bangladeshi people.
Fresh-Record-3027,The reality of Bollywood today! It is a shame that we have to rely on outside cinema to satisfy our needs for good stories,0,496,0.98,0,1743309826.0,False,t5_3d4x4,Saw a few videos of this creator before and he makes some solid observations! The fact he mentions in the end about the class divide is soooo true!
Bored_throwaway2,Could Indians be slightly autistic by default?,0,0,0.21,0,1743471937.0,False,t5_3d4x4,"It seems that a very large proportion of Indians show symtpoms of being on the autism spectrum. It would not shock me if this is due to genetics, because some races are naturally taller, shorter, white, darker on average so why can't we be slightly more autistic naturally?

"
BROWN-MUNDA_,India send another 60 tonnes of relief aid with 118 indian army medical personnel to Myanmar,0,407,0.99,0,1743307532.0,False,t5_3d4x4,"Source: https://ddnews.gov.in/en/two-c-17-aircraft-with-60-tonnes-of-relief-material-land-in-myanmar/#:~:text=Two%20C%2D17%20aircraft%2C%20carrying,struck%20the%20country%20on%20Friday."
BROWN-MUNDA_,Houston universities launch course on ‘Hinduism’; Indo-American students say it promotes Hinduphobia.,0,133,0.96,0,1743327490.0,False,t5_3d4x4,"Houston University's Hinduism course has sparked controversy due to its content, leading to widespread debate. Critics have raised concerns over the way Hinduism is portrayed, with some claiming the course misrepresents key aspects of the religion. The issue gained attention after certain interpretations in the syllabus were seen as inaccurate or insensitive by members of the Hindu community.

Source: https://www.livemint.com/news/world/hinduism-course-at-houston-university-faces-backlash-for-hinduphobic-content-5-controversial-statements-revealed-11743120757388.html"
Foreign_Angle_9042,"West Bengal | Woman, grandson injured in crude bomb explosion in Bengal’s Murshidabad district, fifth bombing incident this year",0,38,0.95,0,1743349445.0,False,t5_3d4x4,"**Since 1996, at least 565 children in West Bengal, India, have been killed or injured by crude bombs tied to political violence by parties, averaging one child casualty every 18 days.**

**2025 Cases:**

* Anwara Bibi and Grandson: 11, injured March 26, 2025, Berhampore, Murshidabad, bomb in bag found in field exploded, grandson with lower body injuries, Anwara with neck splinter wound, stable at Murshidabad Medical College and Hospital.
* 2 Minors: Age 7 and 9, injured January 6, 2025, Malda, Kaliachawk Thana, Lakhipur, bomb mistaken for ball, severely injured, treated at Malda Medical College and Hospital; linked to prior TMC worker (January 3, 2025).
* Ratan Mondal: 12, injured March 28, 2025, Birbhum, Nanoor, found bomb while grazing goats, mistook it for a toy, lost three fingers, treated at Burdwan Medical College; police suspect TMC-BJP clash remnants from local election tensions.
* Sima Khatun and Brother Arif: 8 and 10, injured March 29, 2025, South 24 Parganas, Narendrapur, bomb exploded while playing near a canal, Sima blinded in one eye, Arif with leg injuries, hospitalized at SSKM Hospital, Kolkata; linked to unreported crude bomb stash from prior political rally.
* Attack on BJP leader Arjun Singh’s Residence: March 26, 2025, Bhatpara, TMC leader Namit Singh hurled bombs and fired shots, injuring a youth (shot, hospitalized in Kolkata), police recovered cartridges and live bombs.

**Other recent cases:**

* Mamun Mollah, Sakirul Sarkar, Mustakin Seikh: Died December 8, 2024, Sagarpara, Murshidabad, bomb-making explosion.
* Raj Biswas: 9, died May 2024, Hooghly, killed in explosion near pond.
* Sabina Khatun: 10, April 2020, Jitpur, lost hand playing with bomb found in grass.
* Poulami Halder: 7, April 2018, Gopalpur, lost left hand picking up bomb thought to be a ball.

***Common Traits: Bombs hidden in public spaces (gardens, streets, farms), often mistaken for toys by poor children of laborers, frequently tied to election violence.***

***Survivors like Puchu (now 37, scarred, odd jobs), Poulami (13, artificial hand unusable), and Sabina (14, eyesight failing) face lifelong disability; no party admits responsibility despite expert consensus on political roots.***

[https://www.hindustantimes.com/cities/kolkata-news/woman-grandson-injured-in-crude-bomb-explosion-in-bengal-s-murshidabad-district-101742994140539.html](https://www.hindustantimes.com/cities/kolkata-news/woman-grandson-injured-in-crude-bomb-explosion-in-bengal-s-murshidabad-district-101742994140539.html)

[https://www.bbc.com/news/articles/cgrwxll8z8lo](https://www.bbc.com/news/articles/cgrwxll8z8lo)

[https://timesofindia.indiatimes.com/india/565-children-injured-or-killed-by-bombs-used-by-political-activists-in-west-bengal-since-1996/articleshow/116410334.cms](https://timesofindia.indiatimes.com/india/565-children-injured-or-killed-by-bombs-used-by-political-activists-in-west-bengal-since-1996/articleshow/116410334.cms)

[https://www.thehindu.com/news/national/west-bengal/crude-bomb-explosion-injures-two-minors-in-west-bengals-malda/article69069318.ece](https://www.thehindu.com/news/national/west-bengal/crude-bomb-explosion-injures-two-minors-in-west-bengals-malda/article69069318.ece)

[https://www.thehindu.com/news/national/west-bengal/crude-bomb-explosion-three-killed-in-murshidabad/article68964020.ece](https://www.thehindu.com/news/national/west-bengal/crude-bomb-explosion-three-killed-in-murshidabad/article68964020.ece)

[https://www.thehindu.com/news/national/west-bengal/bombs-hurled-shots-fired-outside-bjp-leader-arjun-singhs-residence-in-bengals-bhatpara/article69380616.ece](https://www.thehindu.com/news/national/west-bengal/bombs-hurled-shots-fired-outside-bjp-leader-arjun-singhs-residence-in-bengals-bhatpara/article69380616.ece)"
BROWN-MUNDA_,Woman Cannot Commit Rape But Can Be Held Liable For Its Abetment: MP High Court,0,272,0.98,0,1743301132.0,False,t5_3d4x4,"The Madhya Pradesh High Court ruled that while a woman cannot be charged with rape under IPC, she can be held liable for abetment under Section 109. The court upheld charges against the mother and brother of the accused for facilitating the crime.

Source: https://www.news18.com/india/woman-cannot-commit-rape-but-can-be-held-liable-for-its-abetment-madhya-pradesh-high-court-9280364.html"
seethatocean,OCI - death nail in India's coffin,0,0,0.31,0,1743449040.0,False,t5_3d4x4,"Recently, prof Ashok Swain fought and won a case in court where his OCI card was established as an irrevocable right. 


OCI is harming india. This basically gives people a way to live in India visa free after giving up Indian citizenship. But they do not have any duties or responsibilities towards India and their loyalty remains with their country of citizenship. They don't face any security checks even though they could be working for their new country's army/intelligence and sabotaging India's interest or conducting covert terror ops. 


While Indian students struggle to study abroad, non Indian OCI students can directly compete with them in India for coveted higher education and don't even need any visa.


Non Indian OCIs directly compete with Indian citizens for jobs in India and don't even need any work visas.


India is perhaps the only country in the world that encourages and incentivises people to dump Indian citizenship. Because you don't lose any rights and privileges by giving up Indian Citizenship- you just no longer need to prove your loyalty, and no longer have any duties towards India. 


This creates a whole class of opportunist selfish people who are in India to take as many benefits as possible. They are not invested in India's future as they know that they will be on the next flight out of India the moment India faces any threat situation. They already have a backup plan in place. 


Yes I am aware of foreign currency remittance, investments and reverse brain drain. But giving OCI to everyone instead of just select few top investors or top talent is showing a big middle finger to Indian citizens and telling them that India puts non-citizen interests above own citizens interests. 

Dual citizenship only benefits countries that have a population shortage problem. India being the most populated country in the world does not benefit from dual citizenship and OCI. It just creates more competition for resources for Indian citizens. China, the second most populous country and Indonesia - the fourth most populous country do not allow dual citizenship either. America, the third most populous country does allow dual citizenship but very few Americans want to leave America in the first place.
 "
Realboy000,"UN hails India's reduction in child mortality, calls health reforms ‘exemplar’",0,24,0.96,0,1743342950.0,False,t5_3d4x4,
Ok-Fun-8716,These aren't Ghibli art though some other anime art,0,97,0.84,0,1743314517.0,False,t5_3d4x4,
Unable-Ad931,"16 Naxalites gunned down, two DRG jawans injured in encounter in Chhattisgarh's Sukma",0,155,0.99,0,1743302546.0,False,t5_3d4x4,"Security forces gunned down 18 Naxals, including 11 women, in twin encounters in Chhattisgarh's Sukma and Bijapur districts in the Bastar region on Saturday, recording a major success in the mission to eradicate Naxalism before March 31, 2026.

Read more at: https://www.deccanherald.com/india/chhattisgarh/18-naxals-killed-four-security-personnel-injured-in-twin-encounters-in-chhattisgarh-3468566"
romejawan,Delimitation commission is unfair to Tamil Nadu. Please keep the debate civil,0,34,0.7,0,1743330453.0,False,t5_3d4x4,"In UP, hapur a 50 year old lady gives birth to her 14th child.

Even among muslims such cases haven't happened in Tamil Nadu in the last 20 years.

Effective education."
One_tip_one_hand,Yield Engineering Systems ships India's first semiconductor manufacturing equipment from Tamil Nadu,0,58,0.96,0,1743309671.0,False,t5_3d4x4,https://www.moneycontrol.com/news/business/startup/yield-engineering-systems-ships-india-s-first-semiconductor-manufacturing-equipment-from-tamil-nadu-12978093.html
Tanyboy7,"Aurangzeb eating grapes , watching social media videos of boil blood hysterically mad people trying to destroy his tomb .",0,0,0.33,0,1743429814.0,False,t5_3d4x4,
imik4991,Journalist scams the scammer and gets named Cybersecurity ambassador by Police,0,23,0.97,0,1743322771.0,False,t5_3d4x4,
Unable-Ad931,"'Filthy, vulgar': Comedian Swati Sachdeva makes 'vibrator' joke on mother, called out for 'shamelessness'",0,744,0.91,0,1743253202.0,False,t5_3d4x4,"Comedian Swati Sachdeva is facing backlash for making a joke about her mother and a vibrator during one of her shows. The video has gone viral, with many netizens calling the joke ""filthy, shameless, and vulgar.""

Source: https://www.livemint.com/news/filthy-vulgar-comedian-swati-sachdeva-makes-vibrator-joke-on-mother-called-out-for-shamelessness-11743237894161.html"
BROWN-MUNDA_,"Atal Bihari Vajpayee, Defence Minister George Fernandes, Principal Scientist APJ Abdul Kalam during Pokhran nuclear test against all odds",0,330,0.89,0,1743263754.0,False,t5_3d4x4,
CaesarAugustus769,Can you all share opinion on census?,0,5,0.79,0,1743343763.0,False,t5_3d4x4,"Maybe it's not top priority but as it has still not been conducted yet what do you think will be the year, or is it less needed because we have Aadhar? I do not have a lot of knowledge of it, just seems out of place that a 150 year old streak remains broken."
Unable-Ad931,India sending 15 tonnes of relief material to earthquake-hit Myanmar,0,1450,0.99,0,1743232166.0,False,t5_3d4x4,"India is sending over 15 tonnes of relief material to earthquake-hit Myanmar that led to the death of at least 144 people and injuring more than 700.
The relief package contains essential supplies, including tents, sleeping bags, blankets, ready-to-eat meals, water purifiers, hygiene kits, solar lamps, generator sets, and critical medicines like paracetamol, antibiotics, syringes, gloves, and bandages, ANI reported citing sources.

Source:https://timesofindia.indiatimes.com/india/india-sending-15-tonnes-of-relief-material-to-earthquake-hit-myanmar/articleshow/119683642.cms"
CyberWandererr,Avg boys hostel experience,0,47,0.89,0,1743298595.0,False,t5_3d4x4,
BROWN-MUNDA_,Indian Railways reaches Mizoram's capital after 77 years !!,0,1635,0.99,0,1743228899.0,False,t5_3d4x4,
BROWN-MUNDA_,West Bengal Govt is not giving land for Border Fencing of 450 km of the India-Bangladesh border,0,830,0.97,0,1743241425.0,False,t5_3d4x4,Source: https://www.aninews.in/news/national/general-news/fencing-work-of-450-km-pending-as-bengal-govt-showing-mercy-to-infiltrators-amit-shah-in-lok-sabha20250327203845/
Unable-Ad931,"Broke: AAP Govt in Punjab Again Ditches ₹1,000 Monthly Promise to Women in Budget",0,294,0.99,0,1743261121.0,False,t5_3d4x4,"Sources in the Punjab government said the state is under heavy debt, facing a fiscal deficit of 3.84% currently, and will have to borrow more to deliver the women's scheme. The cost of the scheme is almost Rs 12,000 crore a month, as there are nearly 1 crore women in Punjab above 18 years of age.

Source:https://www.news18.com/business/debt-ridden-punjabs-aap-govt-again-skips-promise-of-rs-1000-per-month-to-women-in-state-budget-9276230.html"
chocolaterum,Sunset on my sunflower farm,0,373,0.99,0,1743253974.0,False,t5_3d4x4,
BROWN-MUNDA_,Defacement of Hindu temples with anti-India graffiti in US being probed as 'hate crimes': Govt,0,238,0.97,0,1743256104.0,False,t5_3d4x4,"The Indian government has raised concerns over the defacement of Hindu temples in the US with anti-India graffiti, urging investigations as hate crimes. Similar incidents have been reported in Canada and Bangladesh, prompting calls for stricter action and safety measures.

Source: https://www.livemint.com/news/india/defacement-of-hindu-temples-with-anti-india-graffiti-in-us-being-probed-as-hate-crimes-govt-11743216439175.html"
yourmamadontdance,Protest for Saurabh Rajput. The Merchant Navy Officer whose body was dismembered into 15 pieces by wife and hidden in cement drum,0,1423,0.98,0,1743220906.0,False,t5_3d4x4,Case details also available in https://www.timesofindia.indiatimes.com/city/meerut/betrayed-murdered-and-concealed-in-cement-drum-who-was-saurabh-rajput/amp_articleshow/119280312.cms
Kushagra3007,Sambhal Police Arrests Balck Magic Gang,0,57,0.94,0,1743275348.0,False,t5_3d4x4,"यूपी के संभल में पुलिस ने एक ऐसे गिरोह का पर्दाफाश किया है जो भोले -भाले लोगो से धनवर्षा के नाम पर ठगी करते थे। साथ ही तंत्र मंत्र के नाम पर लड़कियों का यौन शोषण करते थे। इस गिरोह के 14 आरोपियों को पुलिस ने गिरफ्तार किया है। जिसमें से 3 गुरु और 11 चेले हैं।

ये वाक्या अजमेर 1992 कि याद दिला रहा है।

In Sambhal, UP, the police has exposed a gang that used to dupe innocent people in the name of wealth. They also used to sexually exploit girls in the name of tantra-mantra. The police has arrested 14 accused of this gang. Out of which 3 are gurus and 11 are disciples.

This case reminds me of Ajmer 1992."
BROWN-MUNDA_,Thank you Trump for putting tariff gun to India’s head. That’s the only way we’d be forced to reform,0,114,0.9,0,1743258583.0,False,t5_3d4x4,
BennYOp2002,Why is there a huge difference between the sachet and the box itself like it's so huge ( idk what sub to post this ) go through the body btw,0,5,0.73,0,1743318933.0,False,t5_3d4x4,"So when I was looking up to get some coffee restocked I thought let's buy a bottle which ""looks better"" and has better ""aesthetics"" and sells more for their brand value and less of the product for the bottle of Nescafe instant 180g the price is 783 which is around 4.35 per Gram and here comes the catch, the sachet costs 2rs per packet and it has 0.9g of coffee which is 2.22rs per Gram 

So, i was wondering why there is this huge gap between these , till now what I've read on reddit and quora that this is mainly a discrimination against the poor that they would not buy this bottle as this is expensive and buy the sachet instead and these usually sell in the malls where they consider poor aren't going.

These are some obvious reasons for this price difference, and people who have tried this coffee would you mind sharing that if there's a taste difference and also what do you think is it worth to buy this or the bottle has better quality and taste? or I should continue with the sachets.
"
Unable-Ad931,Why hypocrisy from liquor king??,0,752,0.97,0,1743219847.0,False,t5_3d4x4,
One_tip_one_hand,"Waaree Energies inaugurates 5.4 GW solar cell gigafactory facility in Chikhli, Gujarat",0,39,0.98,0,1743272208.0,False,t5_3d4x4,"
https://www.cnbctv18.com/market/waaree-energies-share-price-inaugurates-solar-cell-gigafactory-facility-in-chikhli-gujarat-19581583.htm
"
MrRagnarok2005,Guys be aware rabies. Please get vaccinated even if a normal dog bits you.,0,620,0.95,0,1743216639.0,False,t5_3d4x4,"Rabies is scary.

It's exceptionally common, but people just don't run into the animals that carry it often. 
Let me paint you a picture.

Rabies does not travel in your blood. In fact, a blood test won't even tell you if you've got it. (Antibody tests may be done, but are useless if you've ever been vaccinated.)

You wake up, none the wiser. If you notice anything at the bite site at all, you assume you just lightly scraped it on something.

The bomb has been lit, and your nervous system is the wick. The rabies will multiply along your nervous system, doing virtually no damage, and completely undetectable. You literally have NO symptoms.

It may be four days, it may be a year. Then one day your back starts to ache... Or maybe you get a slight headache?

At this point, you're already dead. There is no cure.

(The sole caveat to this is the Milwaukee Protocol, which leaves most patients dead anyway, and the survivors mentally disabled, and is seldom done).

There's no treatment. It has a 100% kill rate.

Absorb that. Not a single other virus on the planet has a 100% kill rate. Only rabies. And once you're symptomatic, it's over. You're dead.

So what does that look like?

Your headache turns into a fever, and a general feeling of being unwell. You're fidgety. Uncomfortable. And scared. As the virus that has taken its time getting into your brain finds a vast network of nerve endings, it begins to rapidly reproduce, starting at the base of your brain... Where your ""pons"" is located. This is the part of the brain that controls communication between the rest of the brain and body, as well as sleep cycles.

Next you become anxious. You still think you have only a mild fever, but suddenly you find yourself becoming scared, even horrified, and it doesn't occur to you that you don't know why. This is because the rabies is chewing up your amygdala.

As your cerebellum becomes hot with the virus, you begin to lose muscle coordination, and balance. You think maybe it's a good idea to go to the doctor now, but assuming a doctor is smart enough to even run the tests necessary in the few days you have left on the planet, odds are they'll only be able to tell your loved ones what you died of later.

You're twitchy, shaking, and scared. You have the normal fear of not knowing what's going on, but with the virus really fucking the amygdala this is amplified a hundred fold. It's around this time the hydrophobia starts.

You're horribly thirsty, you just want water. But you can't drink. Every time you do, your throat clamps shut and you vomit. This has become a legitimate, active fear of water. You're thirsty, but looking at a glass of water begins to make you gag, and shy back in fear. The contradiction is hard for your hot brain to see at this point. By now, the doctors will have to put you on IVs to keep you hydrated, but even that's futile. You were dead the second you had a headache.

You begin hearing things, or not hearing at all as your thalamus goes. You taste sounds, you see smells, everything starts feeling like the most horrifying acid trip anyone has ever been on. With your hippocampus long under attack, you're having trouble remembering things, especially family.

You're alone, hallucinating, thirsty, confused, and absolutely, undeniably terrified. Everything scares the literal shit out of you at this point. These strange people in lab coats. These strange people standing around your bed crying, who keep trying to get you ""drink something"" and crying. And it's only been about a week since that little headache that you've completely forgotten. Time means nothing to you anymore. Funny enough, you now know how the bat felt when he bit you.

Eventually, you slip into the ""dumb rabies"" phase. Your brain has started the process of shutting down. Too much of it has been turned to liquid virus. Your face droops. You drool. You're all but unaware of what's around you. A sudden noise or light might startle you, but for the most part, it's all you can do to just stare at the ground. You haven't really slept for about 72 hours.

Then you die. Always, you die.

And there's not one... fucking... thing... anyone can do for you.

Then there's the question of what to do with your corpse. I mean, sure, burying it is the right thing to do. But the fucking virus can survive in a corpse for years. You could kill every rabid animal on the planet today, and if two years from now, some moist, preserved, rotten hunk of used-to-be brain gets eaten by an animal, it starts all over.

So yeah, rabies scares the shit out of me. And it's fucking EVERYWHERE.
"
Huge-Contact9612,Prediction we missed,0,210,0.95,0,1743237809.0,False,t5_3d4x4,If you see where he is pointing…
Unable-Ad931,"Vijay calls Stalin govt fascist, says 2026 Tamil Nadu election will be a fight between DMK, TVK",0,442,0.98,0,1743216215.0,False,t5_3d4x4,"In his address at the first general council meeting of the TVK, Vijay, for the first time, took the names of Stalin and Prime Minister Narendra Modi while launching a frontal attack on the DMK and BJP, which he said were in a 'secret alliance.'

Read more at: https://www.deccanherald.com/india/tamil-nadu/vijay-calls-stalin-govt-fascist-says-2026-tamil-nadu-election-will-be-a-fight-between-dmk-tvk-3467731"
Lazy-Discipline-4203,"Taloja Murder: Mohammad Ansari Kills 2-Year-10-Month-Old Harshika Sharma Amid Family Feud, ₹42,000 Gaming Debt; Hides Body in Bathroom Loft",0,183,0.99,0,1743232828.0,False,t5_3d4x4,
theanonymoussking,A rape case against a 23-year-old security guard was dismissed by the Thane Sessions Court after the complainant admitted she filed the FIR in anger because he had “gone away only for 10 days.,0,387,0.99,0,1743217757.0,False,t5_3d4x4,Source - The Times Of India Newspaper 
BROWN-MUNDA_,"India clears biggest ever defence deal for buying 156 LCH Prachand helicopters worth Rs 62,000 crore",0,351,1.0,0,1743213995.0,False,t5_3d4x4,"India's Cabinet Committee on Security approved a ₹62,000 crore deal to acquire 156 domestically-produced Prachand light combat helicopters from Hindustan Aeronautics Limited. The helicopters cater to high-altitude conditions and will be split between the army (90) and air force (66).

Source:https://m.economictimes.com/news/defence/govt-to-buy-62000-cr-of-choppers-in-biggest-make-in-india-defence-deal/articleshow/119671340.cms#:~:text=India's%20Cabinet%20Committee%20on%20Security,and%20air%20force%20(66)."
Foreign_Angle_9042,"23-Year-Old Charged With Rape, Attempt To Convert College Student In UP",0,172,0.97,0,1743224424.0,False,t5_3d4x4,"Ballia, UP: Azad Ansari, 23, from Hardiya Jamin village, charged with raping, attempting to convert 19-year-old college student; lured her to Bilthara Road hotel with job offer on December 17, 2024, drugged tea, raped her, recorded it, blackmailed her to Mumbai on March 11, 2025, forced conversion and marriage; FIR under BNS and UP anti-conversion law, medical exam ongoing, March 28, 2025.

[https://www.ndtv.com/india-news/23-year-old-charged-with-rape-attempt-to-convert-college-student-in-up-8031262](https://www.ndtv.com/india-news/23-year-old-charged-with-rape-attempt-to-convert-college-student-in-up-8031262)

Meerut: Mohd Yunus, 45, from Moradabad, got 10 years jail and Rs 35,000 fine from judge for raping, forcibly converting 31-year-old woman in 2013; changed identity and met in Bulandshahr as Guddu Sharma, promised help, eloped with her and 12-year-old daughter, held daughter captive, raped woman two years, tried selling girl in 2015, arrested after daughter’s tip-off, re-arrest efforts on, March 27, 2025.

[https://timesofindia.indiatimes.com/city/meerut/man-gets-10-years-in-jail-for-rape-forceful-conversion-of-woman/articleshow/119610032.cms](https://timesofindia.indiatimes.com/city/meerut/man-gets-10-years-in-jail-for-rape-forceful-conversion-of-woman/articleshow/119610032.cms)

Muzaffarnagar, UP: Minor boy, class eight, converted by Imran and Noor Ali with cash lure, forcibly circumcised in Civil Lines; duo coerced him, family reported; three detained, FIR under BNS and UP anti-conversion law, medical exam underway, March 27, 2025.

[https://www.thehindu.com/news/national/uttar-pradesh/minor-boy-converted-to-islam-in-uttar-pradeshs-muzaffarnagar-three-detained/article69381491.ece](https://www.thehindu.com/news/national/uttar-pradesh/minor-boy-converted-to-islam-in-uttar-pradeshs-muzaffarnagar-three-detained/article69381491.ece)"
Unable-Ad931,MP's Congress MLA Rajendra Kumar Singh Refers Saints & Sadhus As 'Bulls' Preaching BJP Agenda,0,61,0.9,0,1743244566.0,False,t5_3d4x4,"MP's Congress MLA Rajendra Kumar Singh Refers Saints & Sadhus As 'Bulls' Preaching BJP Agenda

On March 27, 2025, in Satna, Madhya Pradesh, Congress MLA Dr. Rajendra Kumar Singh sparked outrage by calling saints and sadhus ""BJP's bulls eating Congress' vote bank"" during a speech at a marriage garden near Bharhut Hotel, attended by senior Congress leaders Harish Chaudhary, Jitu Patwari, and Rewa-Satna division MLAs, accusing BJP of using Hindu saints like Golwalkar and Shyama Prasad Mukherjee's followers to promote Sanatan Dharma and Hindu Rashtra via Ram Temple and Maha Kumbh, prompting condemnation from BJP, Minister Dharmendra Bhav Singh Lodhi, Hindu groups, and social media demands for action, while opposition demanded an apology for insulting saints and exposing Congress' alleged anti-Hindu ideology.



https://www.freepressjournal.in/bhopal/mps-congress-mla-rajendra-kumar-singh-refers-saints-sadhus-as-bulls-preaching-bjp-agenda-video"
Dev1412,Cash-at-judge's door case: CBI court acquits Nirmal Yadav in 17-year-old-case,0,23,0.96,0,1743263054.0,False,t5_3d4x4,A judge will never ever be convicted in India
Foreign_Angle_9042,Ghaziabad horror: 17-year-old girl kidnapped and raped by friend in graveyard,0,136,0.96,0,1743227042.0,False,t5_3d4x4,"On March 24, 2025, in Niwari, Modinagar, Ghaziabad, Uttar Pradesh, 17-year-old girl was kidnapped by Israil and Ashraf, lured by Israil (known to her) to water tank, forced on motorcycle to graveyard, raped by Israil while Ashraf kept watch, mouth stuffed with cloth and beaten when she screamed, reported to parents, filed complaint at Niwari Police Station, medical exam and statement recorded, suspects absconding, case reported by DCP Surendra Nath Tiwari, published March 27, 2025, by Arushi Jaiswal and Sneha Baluni via Press Trust of India.

[https://www.indiatvnews.com/crime/girl-kidnapped-raped-in-graveyard-in-ghaziabad-police-investigation-latest-updates-2025-03-27-982539](https://www.indiatvnews.com/crime/girl-kidnapped-raped-in-graveyard-in-ghaziabad-police-investigation-latest-updates-2025-03-27-982539)

[https://www.ndtv.com/india-news/up-teen-kidnapped-raped-in-graveyard-in-ghaziabad-cops-8021667](https://www.ndtv.com/india-news/up-teen-kidnapped-raped-in-graveyard-in-ghaziabad-cops-8021667)

[https://www.livehindustan.com/ncr/fire-at-gurugram-basai-chowk-more-than-100-huts-burnt-10-fire-tenders-at-spot-201743222231630.html](https://www.livehindustan.com/ncr/fire-at-gurugram-basai-chowk-more-than-100-huts-burnt-10-fire-tenders-at-spot-201743222231630.html)"
Kushagra3007,Justice Yashwant Varma has been transferred from the Delhi High Court to the Allahabad High Court,0,72,1.0,0,1743235588.0,False,t5_3d4x4,"इसलिए जस्टिस वाई वर्मा को इलाहाबाद हाईकोर्ट में ट्रांसफर किया जा रहा है।

अच्छा अगर यह मेरे ऊपर होता तो यूपी बार काउंसिल को यह फैसला लेना चाहिए कि उनके अधीन कोई भी केस नहीं सुना जाएगा। ऐसे जजों का बहिष्कार करो, यही बात जस्टिस कौशिक पर भी लागू होती है।

So the Justice Y Verma is getting transferred to ALLAHABAD HC.

Well if it was upto me the UP BAR COUNCIL should make a decision, that none of the cases will be heard under him. Boycott such Judges same goes for Justice Kaushik."
Parrypop,Indians in the absence of media and social media,0,2820,0.94,0,1743163422.0,False,t5_3d4x4,
InstructionSecret607,The Evolving Stance of Saudi Arabia & UAE on Palestine,0,10,0.71,0,1743270614.0,False,t5_3d4x4,"Saudi Arabia and the UAE have historically supported Palestine, but their approach has become more pragmatic due to shifting regional priorities. While they still back a two-state solution and provide financial aid, their focus has shifted toward economic growth, security, and countering Iran’s influence.  

Here’s a breakdown of their stance:  

- **Normalization & Diplomacy:**  
  - The UAE normalized ties with Israel in 2020 via the Abraham Accords, citing economic and strategic benefits.  
  - Saudi Arabia is engaging diplomatically with Israel but hasn’t formalized relations yet.  

- **Geopolitical Interests:**  
  - Both nations maintain strong ties with the U.S. and Israel, gaining technological and security advantages.  
  - Confrontation over Palestine is unlikely, as it could jeopardize these strategic relationships. 

- **Challenges & Limitations:**  
  - Divisions within Palestinian leadership make a unified approach difficult.  
  - Regional instability reduces the feasibility of aggressive intervention.  

While both countries continue to voice support for Palestine, their actions reflect a careful balance between ideology and geopolitical interests.  

# *BUT Pinky from India Gives PRO-PALESTINE PITCH!*

Note : I don't give a Fuck about 🇵🇸 or 🇮🇱
"
VJ_OA,"ICICI Bank mailed me saying that my account would be closed due to a ""glitch by ICICI"" - Feeling incredibly frustrated and losing trust in ICICI",0,8,1.0,0,1743275317.0,False,t5_3d4x4,"Hey everyone,

Need to vent and see if anyone else has experienced something similar. Today, I received a shocking email from ICICI Bank stating that my savings account would be closed in 30 days because of ""large transactions...due to business activities."" The email explicitly said these transactions are not in accordance with a savings account and should be done through a current account.

The thing is, I haven't conducted any business-related transactions through this account whatsoever. It's a regular savings account used for personal savings and expenses.

Naturally, I immediately contacted customer service, and guess what? They told me it's likely a glitch from the bank's side and that I'd have to visit my nearest branch for further details and resolution.

Seriously? A prestigious bank like ICICI Bank sends out a threatening account closure notice due to their own glitch, and the customer has to run around to fix it? I'm beyond frustrated. This has caused me a significant amount of stress and wasted time.

If a major financial institution like this can make such a fundamental error and then put the onus on the customer to resolve it, it really makes you question 'Is ICICI trustable'?

Has anyone else faced such a bizarre situation with ICICI Bank or any other bank? What was the outcome? Any advice on how to handle this?

Feeling really let down and losing trust in ICICI..

#icicibank"
Extra-Beginning-5927,So the earthquake in Thailand was so powerful that it completely wiped out NE India!!,0,1137,0.98,0,1743175002.0,False,t5_3d4x4,
airdrop-,"Immigration bill passed in Lok Sabha, Amit Shah says India not a dharamshala",0,395,0.97,0,1743194891.0,False,t5_3d4x4,"Lok Sabha passed the Immigration and Foreigners Bill, 2025 on Thursday, with Union home minister Amit Shah saying the proposed legislation will strengthen the country’s security, boost economy and business, besides encouraging the health and education sectors.

WHAT DOES THE IMMIGRATION BILL PROPOSES?
According to The Immigration and Foreigners Bill, 2025, anyone found to be using a forged passport or visa to enter India or staying in or exiting from the country will be punishable with a jail term of upto seven years and a fine to the extent of Rs 10 lakh.

The proposed legislation also provides for mandatory reporting of information about foreigners by hotels, universities, other educational institutions, hospitals and nursing homes to enable tracking of overstaying foreigners.

It also says that any foreigner who enters any area in India without a valid passport or other travel document, including a visa, in contravention of the provisions of the law or of any rule or order given in pursuance thereof, shall be punishable with imprisonment for a term which may extend to five years or with fine which may extend up to Rs 5 lakh rupees or with both.

Matters relating to foreigners and immigration are presently administered through four legislations - Passport (Entry into India) Act, 1920; the Registration of Foreigners Act, 1939; the Foreigners Act, 1946; and the Immigration (Carriers' Liability) Act, 2000. All these laws are now proposed to be repealed.

Source of article - https://www.indiatoday.in/india/story/immigration-foreigners-bill-2025-lok-sabha-amit-shah-india-not-dharamshala-2700096-2025-03-27
Another - https://www.hindustantimes.com/india-news/ls-clears-immigration-bill-shah-says-india-not-hostel-101743103038853-amp.html

Source of clip - https://youtu.be/YCI-XdNgSx4
Full speech - https://youtu.be/6Eh1s4ppywQ"
Unfair-Outside-4084,Why dont we see large scale protests in india? We havent seen any major protest where whole nation was united.,0,0,0.48,0,1743339935.0,False,t5_3d4x4,"There are lot of issues in india too also related to healthcare , corruption , education and employment etc
Why we haven't observed any major protest ?  Last major protest was in 2013 which where whole india was united. 
What are we missing ? "
Foreign_Angle_9042,22 March 2006 | The first YouTube video from India,0,819,0.99,0,1743173553.0,False,t5_3d4x4,"The 2 oldest videos from India on YouTube. There is no other Indian video older than this. 

India Driving, Higgums, 22 March 2006, [https://www.youtube.com/watch?v=RjrEQaG5jPM](https://www.youtube.com/watch?v=RjrEQaG5jPM) 

I am India, bbpfilms, 04 May 2006, [https://www.youtube.com/watch?v=F2qZEiZMgWs](https://www.youtube.com/watch?v=F2qZEiZMgWs) "
Unable-Ad931,Mohali court convicts Pastor Bajinder in a 2018 rape case Sentencing on April 1,0,1043,0.99,0,1743163176.0,False,t5_3d4x4,"A Mohali POCSO court has convicted controversial pastor Bajinder Singh in the 2018 Zirakpur rape and sexual assault case. The court will announce his sentence on April 1. Singh, arrested in 2018 while attempting to flee to London, was charged under multiple IPC sections.

Source: https://www.indiatvnews.com/news/india/bajinder-singh-convicted-in-2018-rape-case-sentencing-on-april-1-prophet-2025-03-28-982778"
Foreign_Angle_9042,"AAP leaders stole the protesting famers tractors, trolleys, gas cylinders and bed",0,259,0.99,0,1743188456.0,False,t5_3d4x4,"On March 24, 2025, in Punjab, many items of protesting farmers at Shambhu and Khanauri borders, including tractors, trolleys, refrigerators, ACs, inverters, beds, and gas cylinders, were found at AAP leaders homes , with BKU (Ekta Sidhupur) secretary Gurdeep Singh Chahal alleging police complicity in selling stolen goods cheaply; farmer leaders Guramneet Singh Mangat, Satnam Singh Pannu, and Sukhwinder Singh reported missing trolleys and demanded compensation after police demolished protest camps; Punjab Police recovered six stolen tractors, registered three theft cases, and detained leaders Pandher, Jagjit Singh Dallewal, Inderjeet Singh Ghaniya, and Abhimanyu Singh Kohar on March 19 in Mohali, evicting 700 farmers with JCBs and bulldozers, amid AAP betrayal and pre-planned arrests.

[https://www.deccanherald.com/india/punjab/things-seized-from-protesting-farmers-found-at-aap-supporters-houses-in-punjab-report-3459672](https://www.deccanherald.com/india/punjab/things-seized-from-protesting-farmers-found-at-aap-supporters-houses-in-punjab-report-3459672)

[https://www.hindustantimes.com/cities/chandigarh-news/punjab-stolen-from-shambhu-3-trolleys-found-in-ghanaur-village-1-booked-101742671866450.html](https://www.hindustantimes.com/cities/chandigarh-news/punjab-stolen-from-shambhu-3-trolleys-found-in-ghanaur-village-1-booked-101742671866450.html)

[https://indianexpress.com/article/cities/chandigarh/farmers-100-tractor-trolley-shambhu-border-police-crackdown-9909512](https://indianexpress.com/article/cities/chandigarh/farmers-100-tractor-trolley-shambhu-border-police-crackdown-9909512)

[https://timesofindia.indiatimes.com/india/punjab-cops-looted-from-protest-sites-say-farmers/articleshow/119394331.cms](https://timesofindia.indiatimes.com/india/punjab-cops-looted-from-protest-sites-say-farmers/articleshow/119394331.cms)

Video source: theharyanastory/reel/DHveozzCg5H"
BROWN-MUNDA_,"Rs 37,216 crore subsidy on fertilisers approved",0,49,0.96,0,1743219290.0,False,t5_3d4x4,"The Cabinet on Friday approved a Rs 37,216 crore subsidy on phosphatic and potassic (P&K) fertilisers for the Kharif (summer-sown) season this year to ensure that soil nutrients are available to farmers at the existing rate.

Source: https://timesofindia.indiatimes.com/india/rs-37216-crore-subsidy-on-fertilisers-approved/articleshow/119682538.cms"
BROWN-MUNDA_,"Mamata Heckled at Oxford, Faces RG Kar and Bengal Violence Questions",0,1835,0.98,0,1743143744.0,False,t5_3d4x4,"West Bengal Chief Minister Mamata Banerjee faced protests during her speech at Oxford University, addressing Bengal’s welfare projects and defending her stance on various issues. She emphasized unity, women's welfare, and free healthcare while responding to criticism about recent incidents in Bengal.

Source:https://indianexpress.com/article/cities/kolkata/mamata-banerjee-protest-kellogg-college-england-9910736/lite/"
BROWN-MUNDA_,'You Killed Abhaya... Shame on You': Bengal CM Mamata Banerjee Heckled by Protesters at Oxford's Kellogg College,0,781,0.99,0,1743155208.0,False,t5_3d4x4,Source: https://indianexpress.com/article/cities/kolkata/mamata-banerjee-protest-kellogg-college-england-9910736/lite/
alderemert,What does touching someone’s moustache mean in the Indian culture?,0,19,0.83,0,1743226032.0,False,t5_3d4x4,"Hey guys, something weird happened today when I was out with my girlfriend. This random guy came up to me and tried to twirl my moustache. I told him not to touch my face, but he kept trying anyway. When I pushed him back, he said he was doing it because in Indian culture it’s supposed to be a sign of respect, and then he accused me of not respecting his culture.

As far as I know, it actually means the opposite, or at least it’s not something you just do to strangers. What do you guys think?"
Realboy000,He was a Judge. Justice Markandey Katju For You.,0,371,0.97,0,1743167629.0,False,t5_3d4x4,
BROWN-MUNDA_,Consumers to pay more for electricity in Karnataka from April,0,386,0.99,0,1743162060.0,False,t5_3d4x4,Source: https://www.google.com/amp/s/www.newindianexpress.com/amp/story/states/karnataka/2025/Mar/28/power-bill-to-burn-a-seven-per-cent-hole-in-your-pocket-from-april-1
Unable-Ad931,Real. Freedom of failure,0,1518,0.76,0,1743134312.0,False,t5_3d4x4,
Background-Exit3457,"How Anti-india hatred gets fueled online, explained in 5 slides.",0,790,0.94,0,1743143733.0,False,t5_3d4x4,Do they think west will only hate India after this. They will hate whole South aisa. And global south doesn't includes india only.
theanonymoussking,Men Gasping For Life,0,972,0.97,0,1743138985.0,False,t5_3d4x4,
Realboy000,Delhi Budget 2025: ₹500 crore allocated for Yamuna river cleanup; ₹250 cr for new sewer lines | India News,0,12,1.0,0,1743222967.0,False,t5_3d4x4,
Bubbly-Molasses7596,"Indian cities, the NEW ones being built, are already unsustainable, car centric and will eventually cause a bottleneck in the economy.",0,15,0.86,0,1743217807.0,False,t5_3d4x4,"I see little to no walk ability. No bike lanes. Cities built for mainly cars. I know you guys are masochists for honking and traffic. All the drone footage I've seen, completely scary.

On top of that, why so many suburban development? Hilariously, you guys say that developing later allows you to learn from the mistakes of other countries but that's not happening. Tons of videos criticizing American cities and urban planning but it seems like America is the standard for urban development across there. 

And when Amit Shah said he wants to build 10 stadiums in the same area, is he being literal? Surely not right? "
Pitiful_3838,Just found out a new scam,0,8,0.59,0,1743231540.0,False,t5_3d4x4,So as usual I went to the grocery store to buy goods and I turned to the refrigerator to get the Amul Buttermilk but I didn't find it instead of the regular green coloured tetra pack (₹15) I saw a blue coloured tetra pack (₹20) of Amul only and it had the words 'PREMIUM SPICED BUTTERMILK' and I thought to give it a try and literally they both had the same taste just by changing the packaging and adding premium to the product the company just increased the price by ₹5 and the people aren't complaining 
_that_dam_baka_,"After killing wife, Bengaluru techie spoke to body all night, drank phenyl in suicide attempt | Bengaluru News - The Times of India",0,89,0.92,0,1743178494.0,False,t5_3d4x4,"Link: https://timesofindia.indiatimes.com/city/bengaluru/after-killing-wife-bengaluru-techie-spoke-to-body-all-night-drank-phenyl-in-suicide-attempt/articleshow/119637453.cms

"
RightDelay3503,"This isn't about BJP vs INC. Its about your right as an individual. And believe it or not, both parties try their best to supress you ... FOR THEIR GAIN.",0,548,0.94,0,1743139638.0,False,t5_3d4x4,
BROWN-MUNDA_,Cash row: Government approves Justice Varma's transfer to Allahabad HC,0,105,0.97,0,1743170578.0,False,t5_3d4x4,"The government on Friday approved Delhi High Court Justice Yashwant Varma's transfer to his parent Allahabad High Court in the cash overhaul case. He has been directed to assume his position and take charge at the High Court in Uttar Pradesh.

This came a day after the government said it was reviewing Justice Varma's matter and would be taking a decision on his transfer in a day or two.

Source:https://www.indiatoday.in/india/law-news/story/centre-approves-justice-yashwant-varma-transfer-allahabad-high-court-cash-row-2700592-2025-03-28"
ActiveCommittee8202,It's concerning when government is passing laws to take away your privacy and protect corrupt officials from RTI. You are more concerned about teaching him a lesson.,0,300,0.87,0,1743147375.0,False,t5_3d4x4,
SamXtroyer,In alternate universe,0,865,0.96,0,1743125541.0,False,t5_3d4x4,
anu-nand,I drew this map with sea shells when I was 10. Idk Pok and Aksai Chin were taken away from us🥲.,0,80,0.94,0,1743167378.0,False,t5_3d4x4,
Unable-Ad931,"BYD to set up first India EV factory near Hyderabad, eyes 600K cars yearly",0,179,0.97,0,1743145579.0,False,t5_3d4x4,Source: https://www.etvbharat.com/en/!technology/byd-to-setup-its-first-electric-car-unit-in-india-near-hyderabad-enn25032603477
Successful_Star_2004,"Unified Bharat: Centuries old Sanskrit Legacy, Sacred Land, Eternal Pride & Hindu Heritage",0,204,0.88,0,1743141698.0,False,t5_3d4x4,
Unable-Ad931,"India's education spending falls behind other SAARC nations' like Bhutan & Maldives, notes House panel",0,354,0.96,0,1743130678.0,False,t5_3d4x4,"India’s education spending is 4.12% of GDP, below the NEP 2020 target of 6% and lower than Bhutan and Maldives. A parliamentary panel urged increased funding and reforms for consistency. It also flagged concerns over vacant leadership roles in central universities affecting governance.

Source: https://theprint.in/india/education/indias-education-spending-falls-behind-other-saarc-nations-like-bhutan-maldives-notes-house-panel/2566822/"
BROWN-MUNDA_,Waqf Amendment Bill To Be Presented In Parliament After Eid,0,273,0.99,0,1743128337.0,False,t5_3d4x4,Source: https://news.abplive.com/news/india/waqf-amendment-bill-to-be-presented-in-parliament-next-week-after-eid-1760559
JuggernautRelative67,Fire Protection equipments in Government offices of Bengal,0,35,0.94,0,1743166090.0,False,t5_3d4x4,"Location: Some government office in South Bengal.

This is a picture of a fire extinguisher. There were multiple extinguishers across the office, all in a similar state.

I’m not an expert, but this cylinder looks empty or at the very least, long overdue for a refill. Given the dust and cobwebs on it, I’m pretty sure it’s been out of commission for years.

Safety seems to be a joke in government offices too in Bengal, I guess."
BROWN-MUNDA_,Radical outfit member 'who incited Nagpur riots' held,0,194,0.98,0,1743132013.0,False,t5_3d4x4,"Nagpur police have arrested Faizan Khatib, linked to a radical Islamist group, for allegedly instigating riots on March 17. His arrest follows those of Fahim Khan and Hamid Engineer, who are charged with sedition. The riots led to one death and significant property damage.

Source: https://timesofindia.indiatimes.com/india/radical-outfit-member-who-incited-nagpur-riots-held/articleshow/119616732.cms"
_that_dam_baka_,Bengaluru Murder: Woman's body found stuffed in suitcase in Bengaluru | Bengaluru News - The Times of India,0,75,0.93,0,1743148106.0,False,t5_3d4x4,Source:   https://timesofindia.indiatimes.com/city/bengaluru/bengaluru-man-kills-spouse-stuffs-her-into-suitcase-arrested-near-pune/articleshow/119611347.cms
Yeahanu,SC/ST act used as a weapon by rapist,0,100,0.97,0,1743141235.0,False,t5_3d4x4,"Trns
The girl's mother told-

""The daughter told that the accused had also made a video and threatened to make it viral. Due to this fear, I was not going to the police, but when the discussion started in the village, some people of the village gave courage, after which we went to the police. The accused had threatened to implicate the minor under the Harijan Act if she informed about the incident."
Foreign_Angle_9042,2 hurt in clash in UP's Moradabad village after dog enters mosque,0,39,0.93,0,1743157183.0,False,t5_3d4x4,"Moradabad’s Bahadurpur village, March 24, 2025: clash erupted after Vinod Kumar’s pet dog entered a mosque; Eshan hit the dog with a brick; violence resumed post-'tarawih' prayers with stone pelting on Hindus performing bhajan-kirtan; Vinod and his nephew injured; attackers attempted to strangle Vinod; FIR filed against 21, 4 arrested including Aslam, Eshan, Sharif, and Rafiq; police and PAC deployed to maintain order.

[https://timesofindia.indiatimes.com/city/meerut/2-hurt-in-clash-in-ups-moradabad-village-after-dog-enters-mosque/articleshow/119572809.cms](https://timesofindia.indiatimes.com/city/meerut/2-hurt-in-clash-in-ups-moradabad-village-after-dog-enters-mosque/articleshow/119572809.cms)

[https://www.aajtak.in/uttar-pradesh/story/moradabad-communal-clash-dog-mosque-fight-uttar-pradesh-lclar-strc-2200810-2025-03-26](https://www.aajtak.in/uttar-pradesh/story/moradabad-communal-clash-dog-mosque-fight-uttar-pradesh-lclar-strc-2200810-2025-03-26)

[https://www.jagran.com/uttar-pradesh/moradabad-city-dispute-between-two-groups-in-bahadurpur-village-clash-over-beaten-pet-dog-stone-pelting-four-arrested-23906033.html](https://www.jagran.com/uttar-pradesh/moradabad-city-dispute-between-two-groups-in-bahadurpur-village-clash-over-beaten-pet-dog-stone-pelting-four-arrested-23906033.html)"
Temporary-Bike7165,Sagarmala: भारत की समुद्री क्रांति उपलब्धियां: Charcha Me,0,8,1.0,0,1743186578.0,False,t5_3d4x4,
sleepy_go_bye_bye,"India clears biggest ever Rs 62,000 crore deal for buying 156 Light Combat Helicopters",0,15,1.0,0,1743169889.0,False,t5_3d4x4,
Unable-Ad931,Ghibli-Style imagine of PM Modi Praying at the Ram Temple,0,643,0.82,0,1743089491.0,False,t5_3d4x4,
just_a_human_1032,Rajeev Chandrasekhar takes over as president of BJP's Kerala unit,0,40,0.98,0,1743144286.0,False,t5_3d4x4,https://www.newindianexpress.com/amp/story/states/kerala/2025/Mar/25/rajeev-chandrasekhar-takes-over-as-president-of-bjps-kerala-unit
CartographerOwn3656,China is mass producing shady YouTube channels to spread propaganda against indians,0,518,0.96,0,1743090891.0,False,t5_3d4x4,"Recently , I was going through YouTube and I saw these very "" recently created accounts "" , apparently some are trying to present themselves as "" neutral and common chinese citizens "" , but when you go through the videos , it's apparent that these channels are mass producing politically volatile videos targetted towards.....india ? Why would a Chinese citizen , banned within the great Chinese firewall , spend extreme energy to make hate videos against india unless he is being paid by someone 

Another channel , which is named "" indo safari "" by ? "" Harisson blackwell , as far as I know about geopolitical channels , especially small and unknown ones , nobody writes their name on the channel which is longer than the channel name itself 

Harisson blackwell sounds like the most stereotypical european name , that would 100% be used by someone who wants to present themselves as white and "" more educated "" 

Further , when you see the videos....surprise , this channel also produces only and I repeat , only videos about India , negative news , pissed about every single atom or molecule that has indian origin 

Why would a guy named "" harisson blackwell ' spend so much time on internet insulting and abusing india ? 

And the biggest proof of their fake persona is , that these accounts never feature real voice , they always feature a AI generated or changed voice 

Indian government needs to acknowledge that china has waged a cyber war against indians , this is undoubtedly the best proof I could give to proof my claims "
BROWN-MUNDA_,ChatGPT imagines India through the lens of anime: Wholesome results will melt your hearts,0,771,0.95,0,1743082831.0,False,t5_3d4x4,
Frequent-Hunter532,Can you help find a book about the history of Kashmir?,0,10,1.0,0,1743161276.0,False,t5_3d4x4,I am looking to find some authoritative sources on the history of Kashmir. History not dating back just to 14th century during the time of islamization but back to BC. Hoping to find books which are not left washed.
Dev1412,"BREAKING | 'Premature, Await In-House Inquiry' : Supreme Court Rejects Plea To Register FIR Against Justice Yashwant Varma Over Cash Row",0,13,0.94,0,1743150910.0,False,t5_3d4x4,
potHead_18,"[The Wire's YouTube Channel] Sr. Adv. Dushyant Dave gave, in my opinion, the most powerful critique to the Collegium System of appointing judges and its relationship to the state of rule of law in India today.",0,21,0.84,0,1743141449.0,False,t5_3d4x4,"**AI-generated video Summary:**

* ***Opinions unrelated to the Collegium:***

\[00:05\](https://www.youtube.com/watch?v=0D3QboQblFI&t=5) Judiciary lacks accountability; reform is urgently needed.

\[02:36\](https://www.youtube.com/watch?v=0D3QboQblFI&t=156) Justice Varma's residence raid raises concerns about judiciary accountability.

\[08:00\](https://www.youtube.com/watch?v=0D3QboQblFI&t=480) Critique of Judiciary's in-house mechanism for addressing judges' misconduct.

\[10:25\](https://www.youtube.com/watch?v=0D3QboQblFI&t=625) Judicial accountability requires immediate action on corruption allegations.

\[15:15\](https://www.youtube.com/watch?v=0D3QboQblFI&t=915) Allegations of corruption among Chief Justices undermine the integrity of the judiciary.

* ***Opinions relating to the Collegium:***

\[17:37\](https://www.youtube.com/watch?v=0D3QboQblFI&t=1057) Judicial accountability mechanisms are failing to address corruption among judges.

\[21:42\](https://www.youtube.com/watch?v=0D3QboQblFI&t=1302) Judiciary's failure in appointing competent judges undermines its credibility.

\[23:59\](https://www.youtube.com/watch?v=0D3QboQblFI&t=1439) Concerns over judiciary appointments and their impact on justice.

\[28:05\](https://www.youtube.com/watch?v=0D3QboQblFI&t=1685) Justice Dave criticizes government influence over judicial appointments and advocates for reform.

\[30:11\](https://www.youtube.com/watch?v=0D3QboQblFI&t=1811) Judges must be transparent about financial improprieties and support judicial reform."
Foreign_Angle_9042,Hanamkonda | Hindu man assaulted for talking to the girl,0,190,0.98,0,1743096911.0,False,t5_3d4x4,"On March 24, 2025, in Hanamkonda district, Warangal, 25-year-old Hindu delivery executive Sai Charan was attacked by 12 youths of different community for talking to a woman near a consultancy at Hanamkonda Chowrasta; he was recorded, confronted the next day, dragged onto a bike, assaulted at Alankar Junction, taken to Johnpeerilu, beaten again, kidnapped near Ice Magic fast food center, and injured, leading Hanamkonda police to arrest the 12 suspects after Sai Charan’s complaint, with his family demanding thorough investigation and strict punishment, as reported by Telangana DC Correspondent and Chandra Shekhar.

[https://www.deccanchronicle.com/southern-states/telangana/delivery-executive-attacked-for-helping-woman-get-job-1868755](https://www.deccanchronicle.com/southern-states/telangana/delivery-executive-attacked-for-helping-woman-get-job-1868755)

[https://ntvtelugu.com/telangana-news/hanamkonda/muslim-youths-beat-hindu-man-774132.html](https://ntvtelugu.com/telangana-news/hanamkonda/muslim-youths-beat-hindu-man-774132.html)

"
Unable-Ad931,Stone pelting happened on Ram Navmi procession in Jharkhand,0,502,0.97,0,1743075510.0,False,t5_3d4x4,"Source : https://indianexpress.com/article/india/ram-navami-hazaribagh-communal-clashes-vandalism-9906835/

https://www.google.com/amp/s/www.indiatoday.in/amp/india/story/hazaribagh-violence-clashes-erupt-songs-mangla-julus-ram-navami-procession-2699188-2025-03-26"
BROWN-MUNDA_,Ministry Spent Less Than 1% of Rs 858-Crore Pollution Control Fund in FY25,0,276,0.99,0,1743086908.0,False,t5_3d4x4,"Less than 1 per cent of the Rs 858 crore allocated to the Ministry of Environment, Forest and Climate Change for the ‘Control of Pollution’ scheme in the financial year 2024-25 has been utilised so far, according to a report tabled in Parliament Tuesday.

Source: https://indianexpress.com/article/india/environment-ministry-pollution-control-fund-2025-parliamentary-panel-9905432/"
Best-Project-230,This is getting out of hand!,0,633,0.8,0,1743069407.0,False,t5_3d4x4,
LengthinessIcy1803,Australian girl wants to know the relevance of caste outside India,0,12,0.73,0,1743146785.0,False,t5_3d4x4,"
My mothers family is from wayand but she was born and raised in Coimbatore. My father is from kozhikode. They are both Hindu and believe in Shirdi sai baba (Sathya sai baba) - we have pictures of them everywhere in our house and my grandfather always goes to the Ayappa temple for Shabrimala. I have also gone to the gurovaioor  temple with grandparents almost every other year. 

Growing up I was involved with the Christian and Hindu malayalee community here. Used to practise bharatnatyam  and learn Carnatic songs with them. My whole life I never heard anything about the caste system, never knew my own caste or the caste of my malayalee friends. 

Recently, I learnt that some of my malayalee Hindu friends and their parents have started a Nair service Society (NSS). So instead of celebrating Onam with the rest of the malayalees, they are only celebrating in their NSS group. 

I asked my parents who then told me our family was also of the same Kurup/Nambiar (some ancient land-owning castes in Kerala) background but they didn’t want us to join the group- even though they invited us. 

My question is why do they want to only celebrate with the nair group rather than the rest of the mallus? Do they want their kids to marry other nairs? Is it some weird lineage mythology where they think they are descendants of a king or something? They all eat beef so I don’t know if it’s religious or something else. 

How do they know each others caste? No one in my family has a caste name? And most of them don’t either? How can u tell someone’s cast? 

After learning about this caste stuff I asked my international student Delhi friend about it and asked about her caste(out of pure curiosity and ignorance). She looked really offended like I had said something wrong and told me she didn’t know and changed the topic. 

Is it considered rude/racist to talk about caste? In Australia it’s very common to ask for someone’s ethnicity so I didn’t think it would be? 

Also do Christian’s have a caste system? My orthodox (malankara) Christian mallu friend got married to another mallayali boy from her church and her parents where complaining that he was too dark skinned? Is that a caste thing? 

What percentage of  Hindus believe in the caste system? Like as some perfect hierarchical system? !!! It is very surprising for me because most of Hindu Nair friends I have are not racist in any way? They have very multicultural friends in Australia and don’t seem like discriminatory people? 

"
Foreign_Angle_9042,Surat POCSO court sentences Ashad Altaf to 20 years in prison for raping minor girl,0,1350,0.99,0,1743053311.0,False,t5_3d4x4,"On September 19, 2023, in Surat, Gujarat, 19-year-old Ashad Altaf Virani raped a 17-year-old minor girl from Vesu, a Class 12 student, multiple times at his home and the Weekend Home hotel on Dumas Road, drugging her with a bitter drink that disoriented her before assaulting her and taking nude photos, leading to a complaint at Vesu Police Station. On March 18, 2025, Surat POCSO Court, presided by Justice Shakuntala Naresh Solanki with Public Prosecutor DV Dave, sentenced Ashad, represented by advocate KP Reshamwala, to 20 years of rigorous imprisonment and a Rs 1,00,000 fine under IPC Sections 376(2)(N), 450, and POCSO Act Sections 4, 6, 17, after his arrest on September 22, 2023, despite the victim briefly turning hostile before confirming her initial statement.

[https://www.opindia.com/2025/03/surat-pocso-court-sentences-ashad-altaf-virani-20-years-minor-rape](https://www.opindia.com/2025/03/surat-pocso-court-sentences-ashad-altaf-virani-20-years-minor-rape)

[https://www.vtvgujarati.com/news-details/a-man-named-asad-altaf-virani-raped-a-girl-studying-in-class-12](https://www.vtvgujarati.com/news-details/a-man-named-asad-altaf-virani-raped-a-girl-studying-in-class-12)"
metaltemujin,Rural-Urban Migration Survey,0,4,0.84,0,1743160953.0,False,t5_3d4x4,"Research By [u/rereseacher](https://www.reddit.com/user/rereseacher)



Message:

>As a student of sociology, I am trying to understand the impact of rural-urban migration on family structure. If you could spare 5 minutes please fill the given form. Thank You.

  
Mod note: Do not share any personal information (such as banking details) in any survey forms. For more information, please PM the author of the survey."
theanonymoussking,"Delhi Man Burnt Alive by Wife, No Arrests Even After Three Months",0,1862,0.97,0,1743043735.0,False,t5_3d4x4,"Source - [Delhi Man Burnt Alive by Wife, No Arrests Even After Three Months](https://www.newsnownation.com/delhi-man-burnt-alive-by-wife-no-arrests-even-after-three-months/)"
HathaYogi,Better option than murdering one another.,0,958,0.96,0,1743047572.0,False,t5_3d4x4,"We hear so many news where either lover or husband or the women gets subjected to violence, isn’t it better to allow people to move on when their is no love left between partners. Rather than destroying life’s and family, plus even more sad when children are involved, here father got the children their future is safe, lady got what he wanted. Man can probably remarry if he wants. "
BROWN-MUNDA_,We Have No Right To Say Common Man Has Faith In Judiciary' : Justice Oka Calls For Introspection,0,479,1.0,0,1743059981.0,False,t5_3d4x4,Source: https://www.livelaw.in/top-stories/supreme-court-scaora-justice-abhay-oka-lecture-long-pendency-adjournment-culture-lack-of-infrastructure-287611
accur4te,Looking for Real-World Problems to Solve,0,2,0.75,0,1743165477.0,False,t5_3d4x4,"'m looking to take on real-world problems—big or small—that you’d be willing to pay to get solved but aren’t significant enough for you to personally sit down and develop a solution for.

The goal? Learn new stuff, build useful solutions, and tackle challenges from different industries. So, if you have any pain points—whether in hardware, IoT, automation, data processing, or anything else—drop them here!"
Unable-Ad931,Tamil Nadu CM MK Stalin Moves a Resolution Against Waqf Amendment Bill Proposed by the Centre,0,276,0.93,0,1743067964.0,False,t5_3d4x4,"Tamil Nadu chief minister MK Stalin has urged the central government to withdraw the proposed Waqf amendment bill, stating it would negatively impact minority Muslims. The bill, which has not yet been introduced in the Lok Sabha, has sparked opposition due to concerns it would hinder the Waqf Board’s powers.

Source: https://timesofindia.indiatimes.com/india/will-badly-affect-muslims-tamil-nadu-cm-mk-stalin-moves-motion-against-waqf-bill-in-state-assembly-urges-centre-to-withdraw-it/articleshow/119577184.cms"
OrchidAltruistic8982,"High Court orders CBI probe against woman, lawyer for filing false rape cases",0,50,0.98,0,1743101515.0,False,t5_3d4x4,Source: https://www.theweek.in/news/india/2025/03/10/allahabad-hc-orders-cbi-probe-against-woman-lawyer-for-filing-false-rape-cases.html
BROWN-MUNDA_,Juice vendor who earns Rs 500/day gets Rs 7.8cr tax notice in UP's Aligarh,0,605,0.99,0,1743048931.0,False,t5_3d4x4,"In Aligarh, UP, juice vendor  was stunned to receive an income tax notice demanding Rs 7.8 crore—far beyond his small daily earnings. Officials revealed his PAN number had been linked to large business transactions, prompting Ahmed to suspect identity theft and lodge a police complaint. An official investigation has been initiated.

Source: https://timesofindia.indiatimes.com/city/agra/aligarh-juice-vendor-who-earns-rs-500/day-gets-rs-7-8cr-tax-notice/amp_articleshow/119551375.cms"
AutoModerator,r/IndiaSpeaks - Sept 2024 | Do you want become Mod of our Community ? Apply Now - Please help us out in building the Community further,0,1,0.67,0,1743174068.0,False,t5_3d4x4,"### Namaste Everyone

We have made it this far and reached 887k members , Almost reaching a million soon. 

So do you want us to help and get us better and reach newer milestones and want to mod a sub this large ?

### We need your help !!!

Some things to remember:
Apply only if you think you would have enough time to help out!
- One of the main requirement is being available at least once day on discord to check the queries/discussion of the Mods
- Being available everyday for minimum an hour for moderation duties
- Being active and initiating or helping in organizing Debates/Cult-ex/AMAs or other threads

Please fill out the Application Form below if you think you would be a perfect fit for us,

https://form.jotform.com/242605856424459

The last date for filing application closes on 30th Oct 2024!


Thank you so much, and good luck to all!
Regards,
The Mod Team"
Foreign_Angle_9042,"Shopkeeper sexually assaults 2 girls, held after encounter",0,134,0.99,0,1743078014.0,False,t5_3d4x4,"On March 23, 2025, in Hathras, 28-year-old Bobby, son of Mukhtar Qureshi, a village shopkeeper, lured 7- and 8-year-old girls with a pretext, raped one, assaulted the other, showed them obscene videos, and recorded objectionable content; arrested after a gunfight with police near Hanuman Chauki’s Shakti Van within 3 hours, he sustained bullet injuries in both legs, was hospitalized, and faced charges under BNS rape section and Pocso Act, as confirmed by SP Chiranjeev Nath Sinha and DSP Yogendra Krishna Narayan, with police recovering an illegal pistol, cartridges, and a motorcycle amid local tension and deployed forces.

[https://timesofindia.indiatimes.com/city/agra/shopkeeper-sexually-assaults-2-girls-held-after-encounter/articleshow/119387365.cms](https://timesofindia.indiatimes.com/city/agra/shopkeeper-sexually-assaults-2-girls-held-after-encounter/articleshow/119387365.cms)

[https://www.bhaskar.com/local/uttar-pradesh/hathras/news/police-shot-the-accused-of-rape-and-molestation-134694589.html](https://www.bhaskar.com/local/uttar-pradesh/hathras/news/police-shot-the-accused-of-rape-and-molestation-134694589.html)"
Foreign_Angle_9042,Mumbai News: Police Arrests 17 Bangladeshis Residing Illegally; Immigrants Were Involved In Document Fraud And Prostitution,0,109,0.99,0,1743081269.0,False,t5_3d4x4,"Mumbai police arrested 17 Bangladeshi nationals, including 8 transgenders in Shivajinagar by Assistant Police Inspector Vikrant Shinde and 9 by RCF police, on March 24-25, 2025, for illegal residency, document fraud, and prostitution under Pass Rules 1950 and Foreign Nationals Act 1946, following a tip-off from the Anti-Terrorism Cell; in Ri Bhoi, 11 Bangladeshis—Kakali Sardar, Hirina Dili Mulla, Unjilla Sadar, Rabia Begum, Panna Kamal Hussain, Poppy Hasu Mollah, Sonia Shaikh, Sobha Islam, Saja Uddin Sk, and 2 minors—plus facilitator Sukur Janab Shaikh were arrested on March 26, 2025, by Superintendent Vivekanand Singh Rathore with forged Aadhaar, PAN cards, intending to cross via Dawki, case filed at Nongpoh Police Station.

[https://www.freepressjournal.in/mumbai/mumbai-news-police-arrests-17-bangladeshis-residing-illegally-were-involved-in-document-fraud-and-prostitution](https://www.freepressjournal.in/mumbai/mumbai-news-police-arrests-17-bangladeshis-residing-illegally-were-involved-in-document-fraud-and-prostitution)

[https://highlandpost.com/11-bangladeshi-nationals-key-facilitator-arrested-in-ri-bhoi/](https://highlandpost.com/11-bangladeshi-nationals-key-facilitator-arrested-in-ri-bhoi/)"
Shak1196,"""Balasaheb ka humne hamesha virodh kiya . Lekin wo Mard the. Uddhav Thackeray to satta ke liye kisi ke saamne bhi ghutne tek deta hai.""  - Abu Azmi [Source: x.com, paakittadnya] 
English translation below in comments.",0,257,0.98,0,1743060944.0,False,t5_3d4x4,
just9years,Salman Khan flaunting Ram Mandir watch as part of Sikandar movie promotion,0,124,0.93,0,1743073491.0,False,t5_3d4x4,
,Opinions?,0,5,1.0,0,1743139601.0,False,t5_3d4x4,
ClientRelevant5046,"Husband Rushes To Police After Wife Threatens To Cut Him Up, Stuff Body In Drum Amid Meerut Shocker",0,249,1.0,0,1743057762.0,False,t5_3d4x4,"Source - [Husband Rushes To Police After Wife Threatens To Cut Him Up, Stuff Body In Drum Amid Meerut Shocker [Jagran News Article]](https://english.jagran.com/india/wife-threatens-to-cut-husband-into-pieces-and-stuff-him-in-a-drum-10225830)"
Tyler-durden-died-4U,Why are liberals acting like it's the first time a person faced the wrath of a political party for a comedy show directed against them?,0,31,0.65,0,1743097653.0,False,t5_3d4x4,"Freedom of speech and freedom to criticise is the right of every indian. 
But why are liberals acting like it is the first time a comedian or any other person was attacked or faced wrath for a comment made against a said politician? 

Freedom of speech in India always drew the line in front of politicians, be it any party.

Ask a comedian to go and make fun of Tamil Nadu Chief Minister Stakin
or ask them to make fun of Mamata Banerjee in West Bengal. 

Ask them to show a little black flag against the Chief Minister or any other puny MLA's of Kerala. 

All will be attacked and will be arrested asap

2 weeks ago a person was arrested for making a joke about Revanth reddy. None cared. All these so called comedians never cried freedom of speech. 

Why this much hypocrisy? Why no outburst?
"
Frequent-Hunter532,"'Abandoning Hindutva, resorting to satta-jihad': Uddhav Thackeray slams BJP over 'Saugat-e-Modi' Eid kit.     - Uddhav Thackeray of all people should not be talking about BJP abandoning Hindutva. Balasaheb will be rolling over in his grave looking at his son.",0,32,0.9,0,1743095158.0,False,t5_3d4x4,
BROWN-MUNDA_,"Bengaluru Hang Your Head in Shame"" Kiran Mazumdar Shaw slams city's infrastructure with Ecuador comparison",0,69,0.99,0,1743079516.0,False,t5_3d4x4,"Source: Kiran Mazumdar-Shaw slammed the Bruhat Bengaluru Mahanagara Palike (BBMP) on social media as she wrote that Bengaluru must ""hang its head in shame"" as she compared the roads of the capital city with the streets of San Cristobal in Ecuador.

Read more at: https://www.deccanherald.com/india/karnataka/bengaluru/bengaluru-hang-your-head-in-shame-biocon-chairperson-compares-city-roads-with-ecuador-streets-3464985"
BROWN-MUNDA_,"SP MP calls ancient Mewar ruler Rana Sanga 'a traitor', Rajasthan CM calls it 'insult to every warrior",0,90,0.96,0,1743071019.0,False,t5_3d4x4,"Rajasthan Chief Minister Bhajanlal Sharma condemned SP MP Ramji Lal Suman's remarks against Mewar ruler Rana Sanga, calling them an insult to history and warriors. Suman had labeled Rana Sanga a 'traitor' in the Rajya Sabha. Sharma demanded an apology and action from SP chief Akhilesh Yadav while honoring the sacrifices of Chittorgarh's heroes.

Source: https://m.economictimes.com/news/politics-and-nation/sp-mp-calls-ancient-mewar-ruler-rana-sanga-a-traitor-rajasthan-cm-calls-it-insult-to-every-warrior/articleshow/119528552.cms"
bigger_than_your_mom,After all the incidents in the last month,0,2,0.57,0,1743136124.0,False,t5_3d4x4,
Foreign_Angle_9042,"BRS MLCs Protest With Gold Bricks, Slam Congress For ‘Betraying’ Telangana With '10 Grams Of Gold' Promise",0,44,1.0,0,1743082876.0,False,t5_3d4x4,"On March 26, 2025, in Telangana Legislative Council, BRS MLCs, including K Kavitha, protested with symbolic gold bricks inscribed ""10 Grams Gold"" in Telugu, Hindi, and English, accusing Congress government under CM Revanth Reddy of betraying Telangana by failing to deliver promised 10 grams of gold and Rs 1 lakh cheque to eligible women for weddings as part of election guarantees, a promise highlighted by Sonia Gandhi, causing financial distress to households.

[https://news.abplive.com/news/india/telangana-brs-mlcs-protest-with-gold-bricks-slam-congress-for-betraying-state-with-10-grams-of-gold-promise-1760564](https://news.abplive.com/news/india/telangana-brs-mlcs-protest-with-gold-bricks-slam-congress-for-betraying-state-with-10-grams-of-gold-promise-1760564)"
AutoModerator,r/IndiaSpeaks - What happened in your State or City this week ?,0,2,1.0,0,1743136230.0,False,t5_3d4x4," Tell us anything noticeable big or small, funny or strange happened in your city/state/region. Please remember to state the city/state/region in your comment and it would be great if you link to some news article or a source to it.

&#x200B;

* You can also join our [Discord server Invite](https://discord.gg/V8sCPac)
* The ""What happened in your State or City"" thread is posted weekly on Saturday evening
*  [Previous Threads](https://www.reddit.com/r/IndiaSpeaks/search/?q=What%20happened%20in%20your%20State%20or%20City%20this%20week&restrict_sr=1&sort=new) can be found here"
Unable-Ad931,Punjab Considers Ban on Energy Drinks for Minors Over Health Risks,0,201,1.0,0,1743045463.0,False,t5_3d4x4,"Before issuing a notification, the government is seeking legal vetting to ensure the ban is legally tenable, as Punjab could be the first state to impose such a restriction.

Source: https://www.newindianexpress.com/nation/2025/Mar/26/punjab-considers-ban-on-energy-drinks-for-minors-over-health-risks#:~:text=CHANDIGARH%3A%20The%20Punjab%20government%20is,high%20caffeine%20and%20taurine%20content."
20000BCEfan,My country will never be developed .,0,435,0.89,0,1743028365.0,False,t5_3d4x4,"India will never be developed. Politicians will never allow it . They will loot the people and send their own children to western countries .
They will divide my country in the name of language , religion , caste etc…

There is no freedom of speech . The lakes are polluted , air is polluted , trees are gone .
Our politicians are encouraging our citizens to reproduce even more to increase their vote bank .

If I criticise my country my own country men will call me anti national.

Here education is getting crazy expensive, entrance exams are nearly impossible to crack .

The worst is unemployment. For 1 peon job 30000 people are contesting . These people have degrees , post docs and phds .

This allows companies to easily exploit labour .

Degrees are useless than a toilet paper here .

Crime is treated as a joke and jokes are treated as a crime in our nation .

Our country never allows businesses to operate easily thanks to government red tape .
Thanks to this we never produce our own goods and are heavily dependent on foreign countries.

Our bloody prime minister says that we will become a bloody superpower by 2047( our country won’t even be developed by 2047 )

We/I don’t want superpower status . We just want to be happy , we just want equal opportunity, cleanliness , tax breaks , beautiful infrastructure and decent healthcare.

But no this will never happen , our country will be a poor polluted shithole  by 2047 with not enough food to feed the masses .



"
Foreign_Angle_9042,‘Shame To The Noble Profession’: HC Denies Bail to Lawyer Accused Of Raping Minor,0,118,0.99,0,1743050247.0,False,t5_3d4x4,"On March 21, 2025, Kerala High Court Justice PV Kunhikrishnan denied anticipatory bail to 58-year-old lawyer Noushad from Malappuram, for  raping a 15-year-old 9th-standard girl in 2022 at a Kozhenchery hotel after forcing her to drink alcohol; Noushad, charged under IPC Sections 376(2)(j)(n)(3), 377, 506, JJ Act Sections 75, 77, and POCSO Act Sections 4(2), 3(a)(b), 5(l)(p)(i), 6, 7, 8, 9(l)(p), 10, 11(v), 12, 16, 17.

[https://www.news18.com/india/shame-to-the-noble-profession-kerala-hc-denies-bail-to-lawyer-accused-of-raping-minor-after-getting-her-drunk-9273025.html](https://www.news18.com/india/shame-to-the-noble-profession-kerala-hc-denies-bail-to-lawyer-accused-of-raping-minor-after-getting-her-drunk-9273025.html)

[https://www.asianetnews.com/kerala-news/police-fail-to-arrest-lawyer-in-rape-case-of-16-year-old-girl-stnuna](https://www.asianetnews.com/kerala-news/police-fail-to-arrest-lawyer-in-rape-case-of-16-year-old-girl-stnuna)

[https://www.thehindu.com/news/cities/Kochi/kerala-hc-dismisses-anticipatory-bail-plea-of-lawyer-in-rape-case/article69358361.ece](https://www.thehindu.com/news/cities/Kochi/kerala-hc-dismisses-anticipatory-bail-plea-of-lawyer-in-rape-case/article69358361.ece)

[https://www.barandbench.com/news/payal-tadvi-suicide-mother-moves-bombay-high-court-against-removal-of-special-public-prosecutor](https://www.barandbench.com/news/payal-tadvi-suicide-mother-moves-bombay-high-court-against-removal-of-special-public-prosecutor)"
BROWN-MUNDA_,Toll rates in Karnataka to go up by 3-5% from April 1,0,170,0.99,0,1743041575.0,False,t5_3d4x4,"Toll rates in Karnataka will increase by 3-5% from April 1, impacting most of the state's 66 toll plazas. The hike is linked to inflation and will be passed on to customers, especially in the transport sector.

Source: https://www.deccanherald.com/india/karnataka/toll-rates-to-go-up-by-3-5-from-april-1-in-karnataka-3462699"
yatracharsi,Maharana Sanga Is Gaddar,0,59,0.93,0,1743061120.0,False,t5_3d4x4,A leader Od S.P said “Rana Sanga Is Gaddar.
Content-Squash7838,"Agar Wazirx mein money is stuck, today is the last date to Vote as per ruling.",0,1,1.0,0,1743141127.0,False,t5_3d4x4,
just_a_human_1032,"After Manipur, SC judges to visit Arunachal Pradesh to reach out to its tribal communities",0,13,0.94,0,1743090328.0,False,t5_3d4x4,
Unable-Ad931,"Kunal Kamra's video gets copyright strike on YouTube, he blames T-Series",0,128,0.85,0,1743043286.0,False,t5_3d4x4,https://www.business-standard.com/india-news/kunal-kamra-tseries-eknath-shinde-parody-video-youtube-copyright-125032600950_1.html
fierze16,Prasar Bharati set to finalise Rs 15-crore deal with anchor Sudhir Chaudhary for DD show,0,7,0.9,0,1743097321.0,False,t5_3d4x4,
No-Tension8709,Indira Gandhi coin made in 1985,0,1,1.0,0,1743137821.0,False,t5_3d4x4,"The coin was minted in 1985 to commemorate the death of Indira Gandhi


"
Sea_Albatross_3053,"Don't fall into the trap, make your own opinion.",0,1149,0.93,0,1742999772.0,False,t5_3d4x4,
tscbravo,Converting Rann of Kutch into Salar de uyuni,0,1,1.0,0,1743137136.0,False,t5_3d4x4,"The above to pics are of ""Salar de uyuni"" and ""Rann of Kutch"" respectively.

Salar De uyuni is world's largest salt flat. It is a flat terran made up of salt and other minerals and during monsoon a small layer of water gets deposited on its surface. This results in a mirror like formation at the surface as you can see how majestic it looks.

India has Rann of Kutch which is a salt marsh

We can try to convert it into something like Salar de uyuni

Work need to be done:-

1)provide it with consistent water supply to maintain a minimum water level

2)make the surface flat and uniform 

3) researching and altering Rann of Kutch surface to make it able to hold water 

Why to do this:-

1) India has almost all the biomes/terrains that exists in the world but I have never seen something like this in India. This will add one more type of terrain in India's geography 

2)it will increase tourism thus contributing to the economy.

What are your thoughts/critiques on this?"
Traditional-Self-658,"If you could meet 8 year old you, you would meet in present or in past?",0,8,0.83,0,1743096942.0,False,t5_3d4x4,
Budget_Frosting_4567,Request to find me a Binocular manufacturer,0,7,1.0,0,1743092160.0,False,t5_3d4x4,"I am really searching for the past 2 days to find a Binocular manufacturer, I want to order in bulk -- initial batch 500. Less than 200 each Rupees.

I want a few design changes and adds

My budget is 1 Lakh to 1.5 lakhs.

I tried IndiaMart. There are only import export people. No real manufactures.

If anyone knows someone who can manufacture or has done it before let me know."
div2starsatredit,Kunal Kamra in Multiverse!,0,0,0.29,0,1743151343.0,False,t5_3d4x4,
CartographerOwn3656,Racism against indians has reached EXTREME LEVELS,0,478,0.97,0,1743008650.0,False,t5_3d4x4,"Racism against indians have now become physically violent and indians are now being physically assaulted all because of horrifying stereotypes and rumours against brown indians since 2023

Indians, THEY DONT HATE US because of civic sense or those mediocre lectures they give us how indians don't assimilate or the "" job crisis ""

This is pure, raw and savagery disguised as genuine criticism? Absolutely not, there were signs of this, nobody believed, and thanks to that, we have reached such a point ....I am scared

Our lack of unity has resulted in this"
ClientRelevant5046,Mod Appreciation Post,0,10,1.0,0,1743084040.0,False,t5_3d4x4,"I just want to say thank you to all of the mods for how quickly you guys fixed the posting issue in this sub.

**22 in Places in Asia**

To
 
**12 in Places in Asia**

Just in 1 day 😹😹"
Shak1196,Breach of privilege notice filed against Kunal Kamra in Maharashtra council | India News,0,10,0.86,0,1743082607.0,False,t5_3d4x4,
Foreign_Angle_9042,"Telangana Chief Minister Revanth Reddy downplays MMTS rape bid, plays blame game",0,46,0.94,0,1743049331.0,False,t5_3d4x4,"On March 22, 2025, at 8:15 pm near Suchitra, Hyderabad, a 23-year-old woman from Anantapur, Andhra Pradesh, jumped from a moving MMTS train, suffering severe injuries to her head, chin, right hand, and waist, to escape a rape attempt by a 25-year-old man in the ladies’ coach; she reported it to Government Railway Police (GRP) on March 23, was treated at Gandhi Hospital, and stabilized, with Union Minister Bandi Sanjay ensuring her transfer to Yashoda Hospital, assisted by BJP’s Shilpa Reddy, while BRS’s KT Rama Rao and K Kavitha criticized safety, urging Railway Minister Ashwini Vaishnaw for a swift probe. 

Telangana CM Revanth Reddy, on March 26 in the Assembly, downplayed the incident, blamed the prior BRS government, accused the Opposition of misinformation, and claimed swift action despite it being under Railway Police jurisdiction.

[https://telanganatoday.com/telangana-chief-minister-revanth-reddy-downplays-mmts-rape-bid-plays-blame-game](https://telanganatoday.com/telangana-chief-minister-revanth-reddy-downplays-mmts-rape-bid-plays-blame-game)

[https://www.newindianexpress.com/cities/hyderabad/2025/Mar/24/woman-jumps-off-moving-train-to-escape-rape-attempt-near-hyderabad-suffers-serious-injuries](https://www.newindianexpress.com/cities/hyderabad/2025/Mar/24/woman-jumps-off-moving-train-to-escape-rape-attempt-near-hyderabad-suffers-serious-injuries)"
fasterwonder,Marathi actress Ketaki Chitale was arrested in 2022 for sharing a poem on social media criticizing Sharad Pawar.,0,1524,0.98,0,1742976954.0,False,t5_3d4x4,"1) Over 40 days in jail.
2) 22 FIRs.
3) Scrapped Section 66A of IT Act 2000 was applied against her.

But the liberal gang never tweeted about her “Freedom of Speech”."
Unable-Ad931,MNS Workers Slap D-Mart Employee As He Refuses To Talk In Marathi,0,796,0.97,0,1742987026.0,False,t5_3d4x4,"Workers of Raj Thackeray's MNS allegedly slapped an employee of D-Mart for not speaking in Marathi.

Source: https://www.news18.com/india/mns-workers-slap-d-mart-employee-as-he-refuses-to-talk-in-marathi-i-will-speak-hindi-9275592.html"
BROWN-MUNDA_,Construction of roads in Bihar not infrastructure development but exploiting its valuable water resources: Kanhaiya Kumar,0,415,0.97,0,1742999686.0,False,t5_3d4x4,https://www.thehindu.com/news/national/bihar/construction-of-roads-in-bihar-not-infrastructure-development-but-exploiting-its-valuable-water-resources-kanhaiya-kumar/article69377471.ece
san__man,"Autopha-Ji Kaun Hai, Daaktar?",0,1,1.0,0,1743113998.0,False,t5_3d4x4,Can someone please tell me in as much detail as they can?
Silent-Meteor,School Science Exhibitions in India. What Are We Teaching,0,599,0.95,0,1742988093.0,False,t5_3d4x4,"I came across this video from a school exhibition where a young student presented a project on 'Azab-e-Kabr' (punishment in the grave). It raises questions about what kind of education we are promoting in the name of science. Should schools focus on actual scientific concepts, or is this part of cultural/religious education?

This is exactly how we’re on the path to becoming Vishwa Guru! Schools are already pushing such narratives. Let’s see where this leads in the future. What are your thoughts?"
PilotEffective3968,Justice system has become a joke in this country,0,118,0.93,0,1743014354.0,False,t5_3d4x4,"https://www.indiatoday.in/india/law-news/story/bombay-high-court-reduces-pocso-convicts-life-term-to-10-years-2698518-2025-03-25

This is the source"
Budget_Frosting_4567,India should use this chance to gain FTA from the USA!,0,4,0.6,0,1743073861.0,False,t5_3d4x4,"Like this is once in a lifetime chance for us right, lets just remove all tariffs against the USA and the USA will do the same thanks to the reciprocal tariffs!. We would benefit tremendously right?  
We will literally get a shit load of tech transfer and manufacturing if we do this!

Not to mention other nations would proxy through us! doubling or quintipling their investments in India.

I honestly think that we will grow tremendously under real pressure and competition just like China if not stronger.

Our Country is still young and can adapt. If not now w will never be able to do it.

USA already buys a lot from us too right? And its not like China where the Trade is lopsided!

As long as we baby sit out industries from competition we will always be second grade crony monopolies.

If we could pull this off, just imagine! NVDIA chips!, AI, Manufacturing and lot more!!



Edit: kinda sad that my fellow Indians are so fking pessimistic and self pity themselves instead of improving and outselling them."
Parrypop,Where can I watch Batman: The animated series(1992) in India?,0,1,1.0,0,1743104155.0,False,t5_3d4x4,"Since Max is not available in India, in which site or app can I watch this series? I last watched it on animix play but it also banned now."
Altruistic-Berry8462,The owner of The Habitat mocked Kangana when MVA government demolished her house.,0,392,0.91,0,1742985607.0,False,t5_3d4x4,
OrchidAltruistic8982,"16-year-old girl gives birth, sets foetus on fire in Hyderabad",0,130,0.97,0,1743005900.0,False,t5_3d4x4,Source: https://www.siasat.com/16-year-old-girl-gives-birth-sets-foetus-on-fire-in-hyderabad-3198400/
yourmamadontdance,Woman slaps a Tractor Driver for minor collision with her car in Hamirpur. Goes free without any charges.,0,1196,0.98,0,1742959319.0,False,t5_3d4x4,"This video is OC.

But adding an article as an additional source: https://www.freepressjournal.in/viral/hamirpur-viral-video-senior-up-govt-officials-wife-pulls-tractor-drivers-collar-yells-at-him-after-minor-collision-with-her-car

Also available in other news outlets including https://timesofindia.indiatimes.com/




"
OrchidAltruistic8982,"Wife files 45 cases on huband and physically assaults him, still HC grants her 63 lacs in alimony",0,387,0.99,0,1742979496.0,False,t5_3d4x4,"The Orissa High Court recently granted divorce to a couple on the ground of cruelty while noting the conduct of the wife in filing numerous frivolous criminal cases against the husband, attempting to oust his elderly parents from her matrimonial home and repeatedly threatening to commit suicide, which caused grave emotional and psychological distress to the husband.

The Division Bench of Justice Bibhu Prasad Routray and Justice Chittaranjan Dash remarked that repeated threats given by wife to commit suicide is indeed a form of cruelty and held –

“Repeated threats to commit suicide, or worse, to harm the spouse and their family members, transcend mere emotional outbursts, they represent a gross misuse of emotional vulnerability and a blatant form of psychological warfare. The effect of such behaviour is not just confined to the four walls of the matrimonial home but leaves a lasting scar on the mental health and emotional stability of the aggrieved spouse.”

Case Background
The marriage between the appellant-wife and the respondent-husband was solemnised on 11.05.2003. After remaining in matrimonial relations for some years, their marriage became strained. The husband alleged that the wife put pressure on him to sever ties with his parents, demanded financial control by insisting on being the sole nominee in his insurance policies, and frequently engaged in quarrels.

The husband subsequently filed an application for divorce under Section 13(1)(i-a) of the Hindu Marriage Act ('the Act') on the ground of cruelty, where he alleged that his wife's conduct had made it impossible for him to continue with the marriage. To counter the husband's claim, the wife filed an application under Section 9 of the Act seeking restitution of conjugal rights.

The Judge, Family Court, Cuttack, allowed the prayer for divorce holding that the wife's conduct amounted to mental cruelty under Section 13(1)(i-a) of the Act. It also observed that her persistent behaviour of quarrelling, financial control, acts of intimidation against the parents of the husband and forcibly ousting them with the help of goons are significant acts of cruelty. Being aggrieved, she filed this appeal before the High Court.

Court's Observations
It was contended for the wife that the Family Court erred in holding the legal proceedings initiated by the wife against the husband as mental cruelty. It was contended that filing of multiple cases cannot amount to mental cruelty as it is her legitimate right to seek legal remedies. While discarding such contention, the Court observed that while mere filing of cases may not always constitute cruelty, when the legal process is abused to cause constant harassment and mental agony, it turns into mental cruelty.

“In the instant case, where the Appellant has filed over 45 FIRs along with numerous civil and criminal proceedings against the Respondent and his family, the same principle applies here too. Such a high volume of cases reflects a pattern of vexatious litigation rather than a genuine pursuit of justice. The frequency and nature of these cases go beyond a reasonable exercise of legal rights and instead demonstrate a calculated effort to exert pressure and inflict mental agony upon the Respondent.""

The Court further noted that the husband tendered his resignation from a high-paying job with TCS on August 30, 2024, explicitly citing his wife's repeated interruptions in his day-to-day work life as the sole reason for his resignation. This resignation, the Bench said, serves as crucial evidence of the sustained harassment faced by the husband, extending beyond the confines of the matrimonial relationship and into his career and livelihood.

It was further noted that the wife often abused her in-laws and even physically assaulted her husband on numerous occasions. Once the husband sustained facial and nasal injuries and, in another instance, he got a scalp laceration as she struck him with a speaker of music system. Not only the aforesaid, but also she proceeded on to physically assault her mother-in-law and even locked her parents-in-law outside their own house.

“It has to be noted that marriage is a partnership where both individuals are expected to nurture the bond with compassion and patience, even in times of disagreement or hardship. However, when one partner resorts to repeated threats of self-harm or violence, the very foundation of this sacred bond is shattered, giving rise to a climate of fear and emotional torment. While an attempt to commit suicide is an act of desperation, a repeated threat to do so is a calculated act of manipulation, often deployed to exert psychological control over the other spouse.”

The Court viewed the threats given by the wife for committing suicide with all seriousness and said that the repeated threat of suicide or violence is not merely misconduct, rather it is an insidious form of emotional blackmail and psychological oppression. Such conduct crosses the boundaries of personal conflict and touches upon the very core of harassment, making it impossible for the aggrieved spouse to continue leading a peaceful and dignified marital life.

It was further noted that in the absence of the husband, the father of the wife took over possession of the matrimonial house and let it out on rent without the husband's consent, depriving him of his rightful access to his property.

“Furthermore, the Appellant's repeated insistence on living separately from the Respondent's parents and her demand that the nomination for the Respondent's LIC insurance policy be changed in her favour, replacing the Respondent's mother, demonstrated her intent to sever the Respondent's ties with his family and gain financial control over his assets,” it added.
Though it was argued on behalf of the wife that the trial Court hurriedly granted divorce to the couple without examining the possibility of reconciliation, the Court held that the wife's contradictory legal actions in filing for restitution while simultaneously initiating domestic violence cases and criminal complaints only deepened the emotional chasm between the parties.

“The Appellant's conduct, far from reflecting a desire to rebuild the marriage, displayed a deliberate pattern of harassment and control, causing the Respondent severe mental agony and emotional exhaustion. The prolonged separation, coupled with acts of physical violence, humiliation, and calculated financial exploitation, has rendered the marital bond beyond repair,” it observed.
Accordingly, it was held that the Family Court was justified in granting divorce in favour of the husband in the aforesaid facts and circumstances of the case, which clearly portray extreme mental cruelty meted out to the husband by the wife.

“The law cannot compel a person to endure a marriage that has become a source of suffering and torment, and the Respondent is entitled to the peace and emotional relief that can only be found in the dissolution of this broken bond,” it said.
While dissolving the marriage, the Court upheld the order of permanent alimony of Rs. 63 lakhs granted by the Family Court in favour of the wife, which was determined by taking into account the societal, educational and financial backgrounds of both the parties.

TLDR: She filed 45 criminal & civil cases on Husband

She assaulted husband & he sustained facial and nasal injuries and a scalp laceration as she struck him with a speaker of music system

She locked her elderly in-laws outside their own home

COURT STILL GIVES HER 63 LACS ALIMONY

Source: https://www.livelaw.in/high-court/orissa-high-court/orissa-high-court-ruling-wife-threat-to-commit-suicide-and-grant-of-divorce-287514"
Unable-Ad931,"The freedom of expression cannot be used to attack,"" says Yogi Adityanath on Kunal Kamra row",0,291,0.87,0,1742982895.0,False,t5_3d4x4,Source: https://www.thehindu.com/news/national/uttar-pradesh/freedom-of-expression-cannot-be-used-to-attack-cm-yogi-adityanath-on-kunal-kamra-row/article69374737.ece
just_a_human_1032,Breathtaking Scenes. Gurukul's Shiksha in the heart of Jammu,0,418,0.94,0,1742976122.0,False,t5_3d4x4,
frag_shree,PLA takes control of an Indian Drone,0,953,0.97,0,1742957609.0,False,t5_3d4x4,"Source:
https://alphadefense.in/index.php/2025/03/25/china-control-indian-drone-security-flaw/?amp=1"
MutedBit5397,How are Indian politicians any different from the British ?,0,20,0.96,0,1743031515.0,False,t5_3d4x4,"Both followed a policy of divide and rule—based on religion, caste, North vs. South, and ethnicity.

  
Both looted public money and stashed it in foreign countries.

  
Both imposed Insane and unjust taxes.

  
There was zero accountability during the British Raj, and even now, no one cares or answers the people's questions.

  
They looted money here while settling their children abroad.

  
If we dared to question them, we were arrested.

  
Courts and police are merely their henchmen, used to keep the common man in line.

  
The British were our enemies; today’s politicians are traitors who have backstabbed us."
InstructionSecret607,"If Dr. Ambedkar were alive today, he would likely be the first to hold Congress accountable for such actions.",0,571,0.93,0,1742966948.0,False,t5_3d4x4,
Unable-Ad931,Every controversy meaning money for someone. What does common people get??,0,140,0.97,0,1742991009.0,False,t5_3d4x4,"This satire or photo perfectly shows the regarding recent controversy of Kunal Kamra. 

Comedian Kunal Kamra has faced violent backlash and legal trouble after calling Maharashtra's deputy CM Eknath Shinde a 'gaddar'. This incident adds to Kamra's history of controversies, including clashes with journalist Arnab Goswami, mocking Kangana Ranaut, a contempt of court case, and a conflict with OLA Electric.

Source: https://timesofindia.indiatimes.com/india/kunal-kamra-is-no-stranger-to-stirring-rows-5-times-when-the-comedian-landed-in-hot-water/articleshow/119418125.cms"
,"Atal Tunnel—an engineering marvel! When it was being built, even top engineers from India and abroad never imagined that this strategic tunnel would one day double as a nightclub for the ‘most civilized’ people. Full music, open clothing, and stellar performance",0,741,0.98,0,1742958268.0,False,t5_3d4x4,Source: on X @iNikhilsaini
BROWN-MUNDA_,Chhattisgarh Govt College Principal caught on camera demanding bribe from students for admit card signatures,0,280,0.99,0,1742975576.0,False,t5_3d4x4,
BROWN-MUNDA_,Boxer Saweety Boora Attacks Husband Amid Divorce Proceedings,0,495,0.98,0,1742964175.0,False,t5_3d4x4,"Former World Champion boxer Saweety Boora was caught on camera assaulting her husband, Kabaddi player Deepak Niwas Hooda, during ongoing divorce proceedings at a police station in Hisar, Haryana. Boora had previously filed an FIR accusing Hooda of dowry harassment and assault.

Source: https://sports.ndtv.com/boxing/ex-world-champion-boxer-saweety-boora-attacks-husband-amid-divorce-proceedings-video-8006066/amp/1

Also available in other news outlets including 
https://timesofindia.indiatimes.com/"
HarshJiEnjoyed,"Not directly related to india , but....... Average Boys chat group ig",0,124,0.96,0,1742989870.0,False,t5_3d4x4,Don't know what to select in flair so its politics 
AutoModerator,"r/IndiaSpeaks - What have you been Gaming, Listening or Watching lately ?",0,4,0.75,0,1743060629.0,False,t5_3d4x4,"Tell us about what TV Series or Songs/Artists you are hooked onto lately. Which YouTube creator got your attention? What have you planned to watch in the next days.

*  What games have you been playing (old or new, any platform) this weekend? Games you are looking forward to? Any game deal coming up ? 
* Don't just mention stuff, link it and feel free to talk anything but politics.
* You can also join our [Discord server Invite](https://discord.gg/V8sCPac)
* The ""Gaming, Listening or Watching lately"" thread is posted weekly on Thursday evening. [Previous Threads](https://www.reddit.com/r/IndiaSpeaks/search/?q=What%20have%20you%20been%20Gaming%2C%20Listening%20or%20Watching%20lately&restrict_sr=1&sort=new)"
ActiveCommittee8202,"अब भ्रष्टाचारी से पूछ कर छापना होगा नाम, नहीं तो … सरकार के नए Data Protection act पर विवाद।",0,1,0.55,0,1743063887.0,False,t5_3d4x4,
Unable-Ad931,"Stones thrown at Sonu Nigam during concert at DTU fest, singer pleads 'Aisa na kariye'",0,486,0.98,0,1742954309.0,False,t5_3d4x4,"Sonu Nigam's concert at Delhi Technological University was interrupted when the crowd began throwing stones and bottles, forcing him to stop the performance. This incident follows a similar outburst at his Kolkata concert earlier this year.

Source: https://www.ndtv.com/entertainment/sonu-nigam-stops-concert-midway-after-stones-bottles-thrown-at-him-during-college-fest-8006052/amp/1

Also available in other news outlets including 
https://timesofindia.indiatimes.com/"
Unable-Ad931,"All liquor shops in UP announce ‘Buy 1 Get 1' on all bottles for this month, people storm!",0,54,0.97,0,1742997307.0,False,t5_3d4x4,"Liquor shops in Noida are offering discounts and deals to clear their stock before the new excise policy begins on April 1. The policy introduces an e-lottery system for licenses and composite shops. Vendors aim to avoid losses by selling off their inventory, anticipating a 30-40% sales spike this week.

Source: https://timesofindia.indiatimes.com/city/noida/week-of-discounts-at-noida-liquor-stores-as-traders-rush-to-clear-stocks-by-march-31/amp_articleshow/119493841.cms"
Formal-Durian6300,Alarmingly True! ANNUAL LPA of Fresher = YEARLY RENT,0,332,0.99,0,1742961323.0,False,t5_3d4x4,
OrchidAltruistic8982,Newly wed woman hires killer with shagun money for hubby's murder,0,68,0.98,0,1742991500.0,False,t5_3d4x4,Source: https://timesofindia.indiatimes.com/city/kanpur/newly-wed-woman-hires-killer-with-shagun-money-for-hubbys-murder/articleshow/119493018.cms
BROWN-MUNDA_,Messi & entire Argentina football team to visit India in October! Will also play exhibition match,0,44,0.95,0,1742994624.0,False,t5_3d4x4,"Lionel Messi and the Argentine national team will visit India in October for an international friendly, announced by the AFA. This visit is part of the team's global promotional efforts and aims to strengthen their presence in significant markets like India and Singapore.

Source: https://timesofindia.indiatimes.com/sports/football/top-stories/lionel-messi-led-world-champions-argentina-to-visit-india-this-october/amp_articleshow/119534510.cms"
sapan_auth,"[OLD]Shiv Sena workers thrash man, tonsure his head for derogatory comment against Uddhav Thackeray",0,30,0.89,0,1743000706.0,False,t5_3d4x4,
Foreign_Angle_9042,'Visit Indore': Congress's Karti Chidambaram asks Tamil Nadu govt to learn sanitation from BJP-ruled city,0,195,0.98,0,1742965141.0,False,t5_3d4x4,"On March 25, 2025, Congress MP Karti P Chidambaram advised Tamil Nadu's MK Stalin-led government and Chennai Municipal Corporation to learn waste management from BJP-ruled Indore, India’s ‘Cleanest City’ for the seventh year in 2025, instead of planning a May 2025 Europe trip to cities like Barcelona supported by the World Bank, amid Chennai’s poor garbage management, street dogs, cattle, broken sidewalks, potholed roads, and 77% mixed waste reaching Kodungaiyur and Perungudi landfills despite 80% household segregation, as per an August 2024 study by SRM Institute and Pondicherry University, while Chennai ranked 199 in Swachh Survekshan 2023.

[https://timesofindia.indiatimes.com/india/visit-indore-congresss-karti-chidambaram-asks-tamil-nadu-govt-to-learn-sanitation-from-bjp-ruled-city/articleshow/119467968.cms](https://timesofindia.indiatimes.com/india/visit-indore-congresss-karti-chidambaram-asks-tamil-nadu-govt-to-learn-sanitation-from-bjp-ruled-city/articleshow/119467968.cms)

[https://timesofindia.indiatimes.com/india/karti-chidambaram-learn-from-indore-advice-to-tn-civic-body-raises-eyebrows/articleshow/119507648.cms](https://timesofindia.indiatimes.com/india/karti-chidambaram-learn-from-indore-advice-to-tn-civic-body-raises-eyebrows/articleshow/119507648.cms)"
Foreign_Angle_9042,Bengali teacher dies of cardiac arrest while evaluating ICSE answer scripts in Kolkata,0,25,0.9,0,1742997714.0,False,t5_3d4x4,"Munmun Laha, 59, senior Bengali teacher at Anglo Arabic Secondary School, died of cardiac arrest on March 24, 2025, while evaluating ICSE Bengali answer scripts at Bhawanipur Gujarati School in Kolkata; despite being unwell and advised by family to rest, she collapsed around noon after feeling uncomfortable since 10 am, was rushed to Shambhunath Pandit Hospital in a wheelchair with two staffers and two teachers, but was declared dead; a cardiac patient, she took Sorbitrate without effect, vomited, and ignored her condition to meet the 12-day deadline for checking 152-200 scripts, earning Rs 25 per script and Rs 500 daily, prompting family questions about hospital delay and expert Kunal Sarkar noting stress as a trigger for her sudden cardiac event.

[https://timesofindia.indiatimes.com/city/kolkata/bengali-teacher-dies-of-cardiac-arrest-while-evaluating-icse-answer-scripts-in-kolkata/articleshow/119434838.cms](https://timesofindia.indiatimes.com/city/kolkata/bengali-teacher-dies-of-cardiac-arrest-while-evaluating-icse-answer-scripts-in-kolkata/articleshow/119434838.cms)"
Unable-Ad931,"Man rapes 1.5 year-old girl, Bombay HC says life sentence is 'too harsh' for him & reduces it to 10 years",0,1485,0.98,0,1742917680.0,False,t5_3d4x4,"The Bombay High Court reduced the life sentence of a man convicted under the Pocso Act for sexually assaulting a toddler in 2013 to 10 years, calling the original punishment ""harsh and excessive."" However, the court upheld the conviction, stating the charges were proven beyond a reasonable doubt.

Source: https://www.indiatoday.in/india/law-news/story/bombay-high-court-reduces-pocso-convicts-life-term-to-10-years-2698518-2025-03-25

Also available in other news outlets including 
https://timesofindia.indiatimes.com/"
These_Growth9876,How quickly Nagpur violence is forgotten while comedian who miss used FOS is being used for their agenda.,0,51,0.81,0,1742980394.0,False,t5_3d4x4,"Irrespective of the sub, these posts are everywhere, justifications are a dime a dozen. FOS in India is not absolute, it has its limits. And action can be taken upon repeat offenders, to all those who are pro FOS, I just want to ask where is the limit, where does it end for u and becomes defamation, cause defamation both libel (written) and slander (spoken) are criminal offense."
Dev1412,'We Have No Right To Say Common Man Has Faith In Judiciary' : Justice Oka Calls For Introspection,0,15,0.94,0,1743002295.0,False,t5_3d4x4,
ShoutOutLoudForRicky,Why Muhammad Yunus anti India?,0,3,0.58,0,1743025748.0,False,t5_3d4x4,"I don’t exactly understand the reasons this Nobel peace price awardee is anti-india? 

1. Is it just regional politics? The way we saw with Muizzu to capitalise attention. 

2. Radical polarisation - most muslim majority countries tend to have softer approach towards muslim nations and despise non-muslim countries specially Hindu religion because they believe its pagan ( though they are ignorinant AF imo).

3. Communist propaganda - Similar to communist elements in Nepal wants to get cozy to predator China. "
Unable-Ad931,"A 130-year-old Hindu temple in Malaysia faces demolition threat, to make way for a mosque",0,1461,0.95,0,1742909047.0,False,t5_3d4x4,"A 130-year-old Hindu temple in Kuala Lumpur, Malaysia, faces demolition to make way for a mosque planned by textile giant Jakel, sparking backlash over religious equity. While Jakel has offered to cover relocation costs, debates continue over preserving the temple as a cultural and religious landmark.

Source: https://www.wionews.com/world/a-130-year-old-hindu-temple-in-malaysia-faces-demolition-threat-to-make-way-for-a-mosque-8885684

Also available in other news outlets including 
https://timesofindia.indiatimes.com/"
Unable-Ad931,"Disha Salian death: Aaditya Thackeray, ex-top cop, others named in complaint",0,125,0.98,0,1742956487.0,False,t5_3d4x4,"Disha Salian's father has filed a complaint accusing Aaditya Thackeray, Dino Morea, and others of involvement in her 2020 death, alleging a cover-up. Thackeray denies the charges, calling them baseless.

Source: https://www.indiatoday.in/india/story/disha-salian-death-murder-aaditya-thackeray-dino-morea-suraj-pancholi-parambir-singh-sachin-vaze-rhea-chakraborty-named-in-fir-2698757-2025-03-25

Also available in other news outlets including 
https://timesofindia.indiatimes.com/"
Unable-Ad931,INSENSITIVITY' : Supreme Court Stays Allahabad HC Ruling That Grabbing Breasts & Breaking Pyjama Strings Of Minor Girl Won't Be 'Attempt To Rape,0,70,0.92,0,1742967969.0,False,t5_3d4x4,Source: https://www.livelaw.in/top-stories/insensitivity-supreme-court-stays-allahabad-hc-ruling-that-grabbing-breasts-breaking-pyjama-strings-of-minor-girl-wont-be-attempt-to-rape-287511
BROWN-MUNDA_,Rahul jaise kuch namune rehne chahiye: CM Yogi Adityanath attacks Congress,0,27,0.92,0,1742985012.0,False,t5_3d4x4,"Uttar Pradesh CM Yogi Adityanath launched sharp attacks on Congress leader Rahul Gandhi, labeling him a 'namuna' and criticizing his Bharat Jodo Yatra. Adityanath accused the Congress party of hindering India's development and praised PM Modi for achievements like the Ram Mandir construction.

Source:;https://timesofindia.indiatimes.com/india/rahul-jaise-kuch-namune-rehne-chahiye-up-cm-yogi-adityanaths-dig-at-leader-of-opposition-rahul-gandhi/amp_articleshow/119512685.cms"
BROWN-MUNDA_,"Ahead of Eid, BJP to distribute ""Saugat-e-Modi"" kits to 32 lakh poor Muslims across country",0,74,0.89,0,1742959470.0,False,t5_3d4x4,"The BJP launched the 'Saugat-e-Modi' initiative, providing special Eid kits to 32 lakh underprivileged Muslims across India, with plans to extend similar support during other minority festivals. The campaign is seen as a strategic move ahead of the Bihar Assembly elections later this year.

Source: https://www.google.com/amp/s/www.indiatoday.in/amp/india/story/bjp-outreach-programme-muslims-minorities-saugat-e-modi-campaign-polls-2698874-2025-03-25

Also available in other news outlets including 
https://timesofindia.indiatimes.com/"
Magic-Poison,How in the world is that possible?,0,6,0.88,0,1743004690.0,False,t5_3d4x4,"So a moment ago, I was trying to order a meal from Zomato. As soon as I went to put the UPI pin for confirming the order, it showed that same message when your bank server is busy 'your bank is facing high failure rate' something like this so I went to back screen but idk how but that order gets confirmed and no it wasn't showing COD in order history but 'Paid through UPI'. I mean how is that possible without entering UPI pin? Is there any new guideline to payment? Can somebody tell me about it?"
Frequent-Hunter532,Maharashtra CM didn’t blame Chaava for muslim mobs running riot in Nagpur,0,10,0.82,0,1742997034.0,False,t5_3d4x4,
Foreign_Angle_9042,TN tops in accidents caused by minors,0,13,0.93,0,1742989091.0,False,t5_3d4x4,"Tamil Nadu, led by Chennai, topped India in 2023-24 with 2,063 road accidents by minors, per iRAD data, due to 3.1 crore two-wheelers, weak enforcement, and poor police action, despite awareness campaigns by Commissioner Shunchonngam Jatak Chiru and Motor Vehicles Rules 2022 allowing parents like those of underage drivers up to 3 years jail and 25,000 fine, though bail is easily granted, says advocate R Srinivasan; resident-activist D Ramakrishnan notes lax police response, while transport activist K Kathirmathiyon critiques the 99.5% pass rate of flawed online learner's license tests for 16–18-year-olds, needing reform. (Mar 26, 2025, Ram Sundaram)

[https://timesofindia.indiatimes.com/city/chennai/tn-tops-in-accidents-caused-by-minors/articleshow/119496111.cms](https://timesofindia.indiatimes.com/city/chennai/tn-tops-in-accidents-caused-by-minors/articleshow/119496111.cms)"
BROWN-MUNDA_,Video of YouTuber Savukku Shankar’s house being vandalized and dumped with sewage for exposing corruption under the Stalin-led DMK government.,0,1481,0.98,0,1742893730.0,False,t5_3d4x4,"A group dressed as

sanitation workers launched an attack on YouTuber #SavukkuShankar's #Chennai home, dumping waste and threatening his mother.

The attack seemed to be in retaliation for his remarks about sanitation workers.

Shankar's mother Kamala was alone at their home when nearly 20 people broke in through the rear door, ransacked the house, and allegedly threatened her with dire consequences if her son continued speaking out.
Source: https://www.google.com/amp/s/www.newindianexpress.com/amp/story/states/tamil-nadu/2025/Mar/24/group-dumps-sewage-in-youtuber-savukku-shankars-house

Also available in other news outlets including https://timesofindia.indiatimes.com/"
Emergency-Fortune-19,Why can't our Youtubers just shut up,0,4,0.59,0,1743008734.0,False,t5_3d4x4,"Videos like this "" https://youtu.be/PnlG11z_Lto?feature=shared "" ( context : Abhi and Niyu made a video on Balochistan, but this post also refers to every video made on this, which is crediting India or R&AW ) have become very common by multiple youtuber through out the political spectrum.

I personally think this is a dumb move, some time youtubers need to shut up as staying quiet would benifit our country far more.

Now we can argue, our R&AW involvement in all this and I personally hate the Pakistani government and their shitty Napak Army but shouting that India is helping or is gonna help Balochistan, would just create more problems than benefit. Even if R&AW is helping them, we as the Indian public should stay quiet about this and just support the victims as staying quiet will make sure that the agenda that India did something will not stand, atleast not outside pakistan ( like Agartala conspiracy ).

If we want the best for India and Balochistan, we should stay quiet and just watch and support the victims.

People who make these videos and stop crediting R&AW in everything, even if they were involved they would like to be anonymous."
Foreign_Angle_9042,29-year-old gets life imprisonment until last breath for raping 3-year-old,0,800,0.99,0,1742904333.0,False,t5_3d4x4,"On March 25, 2025, in Vapi, Surat, 29-year-old Gulam E Mustufa from Jharkhand was sentenced to life imprisonment until death and fined Rs 50,000 by special judge TV Ahuja for raping a 3-year-old girl in Umargam, Valsad district on August 27, 2024; the court ordered Rs 6 lakh compensation for the victim, whose father had helped Mustufa get a job earlier, living in the same building where he observed her before the crime, was caught by her mother, beaten by residents, fled, but was arrested by police with Maharashtra police help at Palghar railway station, with a 470-page charge sheet filed also revealing his addiction to child pornography.

[https://timesofindia.indiatimes.com/city/surat/29-year-old-gets-life-imprisonment-until-last-breath-for-raping-3-year-old/articleshow/119439856.cms](https://timesofindia.indiatimes.com/city/surat/29-year-old-gets-life-imprisonment-until-last-breath-for-raping-3-year-old/articleshow/119439856.cms)"
BROWN-MUNDA_,"China has DeepSeek, the US has ChatGPT and Grok, but where does India stand in this era of artificial intelligence? ask Raghav Chadha",0,393,0.94,0,1742913499.0,False,t5_3d4x4,"AAP leader Raghav Chadha questioned India's position in the global AI race, highlighting China's DeepSeek and the US's ChatGPT during a Rajya Sabha session. He urged the government to focus on advancing India's AI capabilities.

Source: https://www.aninews.in/news/national/politics/china-has-deepseek-us-has-chatgpt-where-does-india-stand-in-this-era-of-ai-aaps-raghav-chada-in-rajya-sabha20250325161033/

Video taken from TIMES OF INDIA 

Also available in other news outlets including 
https://timesofindia.indiatimes.com/"
BROWN-MUNDA_,Illegal portion of the house belonging to Nagpur violence accused Faheem Khan demolished amid police presence.,0,606,0.97,0,1742901661.0,False,t5_3d4x4,"Nagpur Violence Live Updates: The house of Fahim Khan, alleged mastermind behind the Nagpur riots, is set for demolition on Monday after he failed to remove an illegal structure within a 24-hour deadline. The riots claimed their first victim, 38-year-old welder Irfan Shafiq Ahmed Ansari, who succumbed to injuries after being caught in the crossfire. The violence, which injured 33 police officers, was reportedly sparked by rumors of a holy 'chadar' being burnt during VHP-led protests. Chief minister Devendra Fadnavis has vowed to recover the cost of damages from the rioters, warning that properties may be seized and sold if payments are not made.


Source:https://timesofindia.indiatimes.com/city/nagpur/nagpur-violence-live-updates-accused-fahim-khan-hamid-engineer-arrested-cm-devendra-fadnavis-strick-action-rioters/liveblog/119403782.cms"
Foreign_Angle_9042,"Ex-Hurriyat leader shuns separatism, declares loyalty to India",0,205,0.98,0,1742920983.0,False,t5_3d4x4,"On March 25, 2025, Shahid Saleem, ex-Hurriyat Conference leader and JKPM chairperson, declared unwavering allegiance to India, distanced himself and JKPM from APHC(G), APHC(A), and all separatist ideologies in Jammu and Kashmir, expressed discontent with APHC's failure to address people's aspirations, warned of legal action against associating him or JKPM with separatism, and was hailed by Union Home Minister Amit Shah as a significant victory for PM Narendra Modi's vision, alongside Democratic Political Movement also cutting separatist ties.

[https://www.hindustantimes.com/india-news/exhurriyat-leader-shuns-separatism-declares-loyalty-to-india-101742903493821.html](https://www.hindustantimes.com/india-news/exhurriyat-leader-shuns-separatism-declares-loyalty-to-india-101742903493821.html)"
theanonymoussking,"In Satna, MP, Ankit, a man who had a love marriage, was beaten by his wife Jyoti after locking him in a room. The 'poor husband' kept making a video of his beating on his mobile.",0,869,0.97,0,1742883791.0,False,t5_3d4x4,"Source - NDTV



Also available in other news outlets including 

https://timesofindia.indiatimes.com/"
Unable-Ad931,"Electricity rates in Delhi to rise due to Rs 27,000 crore debt under AAP govt': Minister Ashish Sood",0,354,0.97,0,1742897884.0,False,t5_3d4x4,"Delhi Power Minister Ashish Sood indicated that electricity prices might rise due to a Rs 27,000 crore debt left by the previous AAP government with power distribution companies. Sood revealed that Discoms could raise rates to recover the dues, as directed by the Delhi High Court.

Source: https://timesofindia.indiatimes.com/city/delhi/electricity-rates-in-delhi-to-rise-due-to-rs-27000-crore-debt-under-aap-govt-minister-ashish-sood/articleshow/119414303.cms"
Manufactured-Reality,How would you rate different Indian cities for ease of doing business?,0,657,0.98,0,1742884297.0,False,t5_3d4x4,
Shak1196,"Anand Ranganathan on Kamra row. [Source: X.com, Anand Ranganathan]",0,403,0.94,0,1742890851.0,False,t5_3d4x4,
Unable-Ad931,"Eknath Shinde slams Kunal Kamra's statement on 'inability to take a joke', says 'this was like taking Supari'",0,327,0.94,0,1742890914.0,False,t5_3d4x4,"Maharashtra's Deputy Chief Minister Eknath Shinde condemned comedian Kunal Kamra's jibes as a breach of decorum, equating them to taking a contract against someone. 

Source: https://www.livemint.com/politics/news/eknath-shinde-slams-kunal-kamras-statement-on-inability-to-take-a-joke-says-this-was-like-taking-supari-11742879625140.html

Also available in other news outlets including 
https://timesofindia.indiatimes.com/"
Unable-Ad931,Group dump sewage in YouTuber Savukku Shankar’s house for exposing corruption by Stalin led DMK govt,0,803,0.99,0,1742870876.0,False,t5_3d4x4,"A group of over 20 individuals, allegedly sanitary workers, vandalized YouTuber Savukku Shankar's house in Chennai, assaulted his mother, and dumped sewage inside, reportedly in retaliation for a video exposing corruption. Shankar accused authorities of involvement, while police suggest the attack may have been provoked by his remarks about sanitary workers.

Source: https://www.newindianexpress.com/states/tamil-nadu/2025/Mar/24/group-dumps-sewage-in-youtuber-savukku-shankars-house

Also available in other news outlets including 
https://timesofindia.indiatimes.com/"
SquaredAndRooted,"Newly Married Wife hires killer with 'shagun' cash to murder Husband 15 days after wedding : Auraiya, UP (Case details)",0,84,0.99,0,1742911181.0,False,t5_3d4x4,"A shocking case has emerged from Auraiya, Uttar Pradesh, where a 25-year-old man, Dilip Yadav, was murdered just 15 days after his marriage. His wife, Pragati Yadav (22), along with her lover, Anurag Yadav, allegedly orchestrated the crime. The duo hired a contract killer, Ramji Nagar (*referred as Ramji Chaudhary in some reports*), for ₹2 lakh to eliminate Dilip. 

The murder was executed on March 19, and Dilip succumbed to his injuries on March 21. The accused were identified through CCTV footage, leading to their arrests.  

**Key Details**  
- **Victim:** Dilip Yadav (25)  
- **Accused:** Pragati Yadav (wife), Anurag Yadav (lover), Ramji Nagar (contract killer)  
- **Motive:** Pragati was allegedly forced into marriage and wanted to be with her lover.  
- **Murder Plot:** ₹2 lakh was paid to the contract killer using ‘shagun’ cash received during the wedding.  
- **Crime Scene:** A field in Palia village, Auraiya district.  
- **Date of Attack:** March 19, 2025  
- **Date of Death:** March 21, 2025  
- **Arrests:** All three accused were arrested based on CCTV footage.  

**Breakdown of Events**  
1. **Marriage & Discontent:** Pragati Yadav was reportedly in a relationship with Anurag for four years but was forced into an arranged marriage with Dilip Yadav on March 5, 2025.  
2. **Murder Conspiracy:** Unable to accept the marriage, Pragati and Anurag conspired to kill Dilip. They hired Ramji Nagar/Chaudhary and paid him ₹2 lakh, sourced from the wedding 'shagun' cash.  
3. **Execution of the Plan:** On March 19, as Dilip was returning from Kannauj, the contract killer lured him to a field on the pretext of work. Once there, Dilip was brutally beaten and shot.  
4. **Discovery & Medical Treatment:** Locals found Dilip critically injured and informed the police. He was rushed to a community health center in Bidhuna, then transferred to Saifai Hospital, Gwalior, and finally Auraiya, where he succumbed to his injuries on March 21.  
5. **Investigation & Arrests:**  
   - CCTV footage from the crime scene revealed Dilip being taken to the fields on a motorcycle.  
   - The footage led to the identification of Ramji, who was later arrested.  
   - During interrogation, Ramji and Anurag confessed and implicated Pragati as the mastermind.  
   - Police seized two pistols, four live cartridges, a bike, two mobile phones, a purse, an Aadhaar card, and ₹3,000 from the accused.  

**Police Action & Investigation Status**  
- The case was solved within eight days by Auraiya police.  
- Superintendent of Police (SP) Abhijit R Shankar confirmed the arrests of all three accused.  
- Police are continuing their investigation to determine any additional involvement or missing links in the case.  

**Key Takeaways**  
- **Rising Cases of Spousal Murders:** This case follows a disturbing trend of newlywed spouse murders, similar to the recent Meerut Merchant Navy officer’s case.  
- **Use of Wedding Money for Crime:** The use of 'shagun' cash to finance a murder adds an unusual and unsettling aspect to this case.  
- **CCTV as Crucial Evidence:** Once again, CCTV footage played a vital role in solving a murder case.  
- **Forced Marriages Leading to Crimes:** If Pragati was truly forced into marriage, it raises questions about the societal pressures leading individuals to take such drastic steps.  
- **Legal Consequences:** The murder was carefully planned (premeditated crime) within days of Pragati's marriage. All three accused are likely to face charges under **IPC Sections 302 (murder), 120B (criminal conspiracy), and 34 (acts done by several persons in furtherance of a common intention).**  

**Sources**  
1. [Hindustan Times](https://www.hindustantimes.com/india-news/newly-married-woman-held-in-uttar-pradesh-s-auraiya-for-getting-husband-murdered-101742873543454.html)  
2. [News18](https://www.news18.com/india/another-saurabh-rajput-up-woman-lover-hire-killer-to-murder-husband-2-weeks-after-wedding-9274493.html)  
3. [Moneycontrol](https://www.moneycontrol.com/city/wife-lover-hire-killer-to-murder-man-15-days-after-wedding-in-up-s-auraiya-article-12974804.html?classic=true)  
4. [The Week](https://www.theweek.in/wire-updates/national/2025/03/25/des2-up-husband-murder.html)  
5. [Hindustan Times (Second Report)](https://www.hindustantimes.com/india-news/man-killed-by-contract-killer-hired-by-wife-lover-in-ups-auraiya-101742861034357.html)  
"
san__man,"India Attempted to Interfere with Canada's Conservative Party Leadership Race, Sources Claim",0,10,0.75,0,1742952511.0,False,t5_3d4x4,
SquaredAndRooted,Boxer Sweety Boora Caught on Video Assaulting Husband Deepak Hooda at Women's Police Station,0,11,0.87,0,1742947263.0,False,t5_3d4x4,"A heated marital dispute between world champion boxer **Sweety Boora** and her husband, kabaddi player **Deepak Hooda**, has escalated into a public spectacle. The controversy took a dramatic turn when Boora was caught on video **physically assaulting Hooda inside a Hisar women's police station**, where both had gone for a hearing related to their divorce case.  

The viral video shows Boora **grabbing Hooda by the collar** while family members attempt to intervene. The incident follows a series of allegations and counter-allegations between the two athletes, including accusations of **domestic abuse, dowry harassment, and property disputes**.  

Boora has publicly accused Hooda of **physically and mentally torturing her since their marriage in 2022**, claiming that he demanded a **Fortuner SUV instead of the Creta car** that her family had initially planned to gift. She also **alleged that Hooda is interested in men** and promised to present evidence to support her claim.  

Meanwhile, Hooda has accused Boora’s family of trying to **seize his property**, which Boora strongly denies.  

**Sweety Boora’s Allegations:**  
- **Dowry Harassment & Domestic Abuse:** Boora claims that Hooda and his family demanded a Fortuner SUV, leading her father to take a loan to fulfill the demand.  
- **Neglect by Authorities:** She alleges that the **Hisar police have failed to act on her complaints** and that SP Sawan is harassing her instead.  
- **Threat to Her Life:** Boora has stated that **if anything happens to her, Hooda and SP Sawan should be held responsible**.  
- **Hooda’s Sexual Orientation:** She claims to have found **videos of Hooda with other men** and plans to release them as proof.  
- **Financial Support:** Boora asserts that Hooda was financially weak when they met, even lacking a proper toilet at home. She says he **deposited money in her account in 2016 to evade taxes**.  

**Deepak Hooda’s Claims:**  
- **Property Dispute:** Hooda has accused Boora’s family of trying to **grab his assets**, an allegation she denies.  
- **Counterclaims of Abuse:** While he has not directly accused Boora of domestic violence, the viral video of her attacking him in the police station has raised **questions about her behavior**.  

## **Key Takeaways**  
- The **marital dispute has turned physical**, with video evidence of Boora assaulting Hooda in a police station.  
- **Serious allegations** have been made by both parties, including claims of dowry harassment, financial manipulation and Hooda’s alleged relationships with men.  
- The case has gained significant media attention, with **Boora appealing to Prime Minister Narendra Modi for intervention**.  
- Police inaction has been a major point of contention, with Boora claiming that authorities are biased against her.  
- The dispute may **impact both athletes’ careers**, given their status as **Arjuna Award-winning sportspersons**.  

## **Sources**  
1. [Deccan Herald](https://www.deccanherald.com/india/haryana/boxer-saweety-boora-attempts-to-assault-husband-deepak-hooda-at-hisar-police-station-watch-video-3461429-3461429)  
2. [Republic World](https://www.republicworld.com/india/not-a-single-penny-just-divorce-boxer-saweety-boora-amid-marital-dispute)  
3. [Free Press Journal](https://www.freepressjournal.in/sports/woh-ladkon-mein-interested-hai-saweety-boora-makes-shocking-revelation-about-deepak-hooda-amid-fight-for-divorce-video)
4.  [YouTube  Video link](https://youtu.be/0iJmiBtk6-M?si=LwoKRlY8Fm4pssk2)"
Foreign_Angle_9042,DMK functionary dies of electrocution while removing party flag pole in Krishnagiri,0,114,0.95,0,1742899467.0,False,t5_3d4x4,"On March 24, 2025, in Kethanaickenpatty near Uthangarai, Krishnagiri, Tamil Nadu, 53-year-old K Ramamoorthi was electrocuted and died, while Perumal (49), Sakkarai (60), Arumugam (58), and Boopalan (50) were injured and hospitalized in unstable condition, when a 20-foot DMK flagpole they were dismantling at 8:40 am per DMK leader Durai Murugan’s order after a Madras High Court directive touched live wires; Singarapettai police are investigating.

[https://timesofindia.indiatimes.com/city/chennai/one-electrocuted-and-four-suffered-shock-injuries-while-take-down-dmk-party-flag-pole/articleshow/119410506.cms](https://timesofindia.indiatimes.com/city/chennai/one-electrocuted-and-four-suffered-shock-injuries-while-take-down-dmk-party-flag-pole/articleshow/119410506.cms)

[https://www.thehindu.com/news/cities/Coimbatore/dmk-functionary-dies-of-electrocution-while-removing-party-flag-pole-in-krishnagiri/article69368338.ece](https://www.thehindu.com/news/cities/Coimbatore/dmk-functionary-dies-of-electrocution-while-removing-party-flag-pole-in-krishnagiri/article69368338.ece)"
SquaredAndRooted,Bengaluru Man Murdered by Wife and Mother-in-Law Over Alleged Affairs and Fraud,0,37,0.97,0,1742920965.0,False,t5_3d4x4,"A 37-year-old real estate businessman, Loknath Singh, was allegedly murdered by his wife, Yashaswini (21), and her mother, Hema Bai (37), in Bengaluru on March 22, 2025. The crime was reportedly motivated by suspicions of multiple extramarital affairs and illegal business activities involving the victim.  

**Key Details**  
- **Victim:** Loknath Singh, real estate businessman and loan consultant  
- **Accused:** Yashaswini (wife) and Hema Bai (mother-in-law)  
- **Location of Incident:** Chikkabanavara, Bengaluru  
- **Date of Crime Discovery:** March 22, 2025  
- **Method:** Victim was drugged with sleeping pills, driven to an isolated area, and had his throat slit inside a car  
- **Police Discovery:** A distress call at 5:30 PM led to the discovery of the victim’s body in an abandoned car  
- **Investigation:** Both accused arrested; victim was under investigation for fraud by the Bengaluru Central Crime Branch  

**Breakdown of Events**  
- **Relationship History:** Loknath and Yashaswini had been in a relationship for two years before secretly registering their marriage in December 2024 in Kunigal. His family opposed the relationship due to their age gap.  
- **Marital Discord:** Shortly after marriage, Loknath left his wife at her parental home, keeping her family unaware of the marriage. The truth surfaced only two weeks ago, leading to rising tensions.  
- **Motive:** Upon learning about his marriage, Yashaswini’s family also discovered his alleged extramarital affairs and fraudulent business dealings. This led to frequent fights, discussions of divorce, and threats from Loknath towards his wife and in-laws.  
- **The Murder Plan:**  
  1. Yashaswini and Hema Bai decided to eliminate Loknath.  
  2. They spiked his food with sleeping pills to weaken him.  
  3. Under the pretense of a discussion, Yashaswini lured him into a car.  
  4. Hema Bai followed in an auto-rickshaw.  
  5. They took him to a deserted spot in Chikkabanavara, where they slit his throat inside the car and fled.  
- **Investigation & Arrests:** The murder came to light when locals found the body and police received a distress call. Loknath’s brother filed a complaint, leading to the arrest of Yashaswini and Hema Bai. Further investigations are ongoing.  

**Key Takeaways**  
- The case highlights a **combination of personal and financial motives** in homicides, where suspicions of infidelity and fraud fueled the crime.  
- The victim was **already under police investigation for fraud**, adding a layer of complexity to the case.  
- The murder was **premeditated**, involving the use of sedatives, deception, and coordination between the accused.  
- The incident reflects how **family disputes and secrecy** can escalate into violent consequences.  

**Sources**  
1. [CNBCTV18](https://www.cnbctv18.com/india/in-bengaluru-woman-kills-husband-with-mothers-help-over-alleged-affairs-and-fraud-19578866.htm)  
2. [India Today](https://www.indiatoday.in/cities/bengaluru/story/bengaluru-woman-murders-husband-spikes-food-with-sleeping-pills-mother-helps-in-killing-police-arrest-both-2698652-2025-03-25)  
3. [NDTV](https://www.ndtv.com/india-news/woman-spikes-realtor-husband-food-kills-him-with-mothers-help-in-bengaluru-police-8002288)  
4. [LiveMint](https://www.livemint.com/news/india/wife-kills-bengaluru-man-by-spiking-food-with-mothers-help-then-dumps-body-in-an-abandoned-car-11742872220588.html)  

---  

**Potential Legal Implications for the Accused (Wife & Mother-in-Law)**  

**1. Criminal Charges Likely to be Filed:**  
- **Murder (Section 302, IPC)** – The primary charge against Yashaswini and her mother, Hema Bai, will be **murder**, which carries the **death penalty or life imprisonment** if convicted.  
- **Criminal Conspiracy (Section 120B, IPC)** – Since the crime was premeditated, both accused could face additional punishment for **conspiring to commit murder**.  
- **Poisoning (Section 328, IPC)** – Spiking the victim’s food with sleeping pills constitutes **administering a harmful substance with intent to cause harm**, which is punishable by up to **10 years of imprisonment**.  
- **Destruction of Evidence (Section 201, IPC)** – If the accused attempted to hide the body or mislead investigators, they may face additional charges for tampering with evidence.  

**2. Will the Victim’s Alleged Affairs or Fraud Reduce Their Punishment?**  
No. Even if Loknath had multiple extramarital affairs or was involved in fraud, this does not justify or reduce the legal consequences for his murderers.  

However, the defense might attempt to use these factors to argue for **mitigating circumstances** in sentencing, such as:  
- **Provocation (Exception 1 of Section 300, IPC)** – If they can prove that the murder was committed in the **heat of passion due to extreme provocation**, they could try to reduce the charge to **culpable homicide not amounting to murder (Section 304, IPC)**, which carries a **lighter sentence (up to 10 years or life imprisonment instead of the death penalty)**.  
- **Self-Defense or Fear for Life (Section 100, IPC)** – If they can prove that Loknath **threatened or endangered their lives**, they might attempt a self-defense argument, but this seems weak since they **planned** the murder instead of acting in immediate self-defense.  
"
BROWN-MUNDA_,"DK shivakumar say ""we will change the Constitution to give reservation to Muslims.""",0,351,0.94,0,1742876654.0,False,t5_3d4x4,"Karnataka Deputy Chief Minister D.K. Shivakumar has recently been at the center of a controversy regarding remarks attributed to him about amending the Constitution to provide reservations for Muslims. Reports indicated that Shivakumar suggested altering the Constitution to implement a 4% reservation for Muslims in Karnataka. This led to significant uproar in Parliament, with the Bharatiya Janata Party (BJP) accusing the Congress of attempting to introduce religion-based quotas, which they argue is unconstitutional.

Source: https://timesofindia.indiatimes.com/india/dks-muslim-quota-remark-sparks-bjp-congress-parliament-clash/articleshow/119450340.cms"
SquaredAndRooted,KV Teacher Anvita Sharma’s Tragic Suicide Amid Dowry Harassment (Case details),0,42,0.88,0,1742918093.0,False,t5_3d4x4,"On **March 16, 2025**, **Anvita Sharma**, a **29-year-old teacher** at **Kendriya Vidyalaya (KV) in Delhi**, was found dead at her residence in **Vasundhara, Ghaziabad**. In what appears to be a case of extreme mental distress due to prolonged **dowry harassment** and **domestic abuse**, Anvita left behind a **final WhatsApp message** addressed to her **parents and brother**, detailing the suffering she endured at the hands of her husband and in-laws.  

Her **husband, Dr. Gaurav Kaushik**, a practicing doctor, along with his **father, Surendra Sharma, and mother, Manju**, allegedly subjected her to continuous **mental, emotional, and financial abuse**. In her last message, she stated that her husband had **control over her bank accounts** and that her in-laws **only wanted a working maid** rather than a daughter-in-law.  

Following a complaint by her father, **Anil Sharma**, police have arrested **Gaurav Kaushik and Surendra Sharma**, while **Manju Kaushik is absconding**. A case has been registered against them under **sections of the Bharatiya Nyaya Sanhita (BNS) and the Dowry Prohibition Act, 1961**.

---

**Key Details**  
- **Deceased:** Anvita Sharma, 29, PGT Fine Arts teacher at KV, Delhi.  
- **Husband:** Dr. Gaurav Kaushik, practicing doctor.  
- **Marriage Date:** December 12, 2019.  
- **Child:** A four-year-old son.  
- **Location of Death:** Vasundhara, Ghaziabad.  
- **Date of Death:** March 16, 2025.  
- **Cause of Death:** Suicide by hanging.  
- **Primary Allegations:** Dowry harassment, financial control, emotional and physical abuse.  
- **FIR Filed By:** Anvita’s father, Anil Sharma.  
- **Accused:**  
  - **Arrested:** Gaurav Kaushik (husband), Surendra Sharma (father-in-law).  
  - **Absconding:** Manju Sharma (mother-in-law).  

---

**Breakdown of Events**  

### **1. Last Message and Emotional Distress**  
Before ending her life, Anvita sent a **heartbreaking WhatsApp message** to her family, detailing:  
- Her husband had **""married her job, not her""**, expecting a **beautiful, hardworking wife with a stable income**.  
- Her in-laws were **a family that only knew how to take**, continuously **taunting and belittling her**.  
- She was **physically and mentally harassed** for **five years** since marriage.  
- Her **salary, bank accounts, chequebook, and ATM cards** were allegedly **controlled by her husband**.  
- She pleaded with her **parents to take care of her son**, stating she **did not want him to grow up like his father**.  
- Her final words to her husband were chilling: **""I have prepared food, Gaurav Kaushik, please eat it.""**  

**2. Discovery of Death**  
- After receiving the **disturbing message**, Anvita’s parents **tried contacting her**, but she did not respond.  
- They **alerted Gaurav**, who **rushed home** with their son, but found the door **locked from the inside**.  
- **Entry was forced** by cutting the **window grille**, where they discovered Anvita’s **lifeless body**.  

**3. Police Investigation and Legal Action**  
- Based on the **FIR filed by Anvita’s father**, police **arrested Gaurav Kaushik and Surendra Sharma**.  
- **Mother-in-law, Manju Sharma, is absconding**.  
- **Charges filed under the BNS and Dowry Prohibition Act, 1961**:  
  - **BNS Section 85** – Cruelty by husband or relatives.  
  - **BNS Section 80(2)** – Punishment for dowry death.  
  - **BNS Section 115(2)** – Voluntarily causing hurt.  
  - **BNS Section 352** – Intentional insult with intent to provoke breach of peace.  

---

**Key Takeaways**  
1. **Dowry Harassment & Financial Control:** Anvita was allegedly forced to surrender her **salary, bank access, and assets**, a sign of **financial abuse**.  
2. **Emotional & Physical Torture:** The victim’s last message indicates a **pattern of persistent taunts, verbal abuse, and physical assaults**.  
3. **Lack of Support System:** Despite being **well-educated and financially independent**, Anvita struggled with **domestic abuse** without a clear **support mechanism**.  
4. **Legal Action Taken:** The **husband and father-in-law have been arrested**, but **mother-in-law is absconding**, highlighting the **need for stricter enforcement**.  
5. **Impact on Child:** The child, now **left without a mother**, will likely **face long-term emotional consequences**.  

---

**Potential Legal Implications**  
- **If proven guilty**, the accused may face **severe punishment under the Dowry Prohibition Act and BNS provisions**.  
- **BNS Section 80(2) (Dowry Death)** carries **stringent punishment**, potentially **life imprisonment**.  
- **BNS Section 85 (Cruelty by Husband/In-Laws)** could lead to **jail time and financial penalties**.  
- **Absconding of Manju Sharma** may result in **further charges**, including **obstruction of justice**.  

---

**Sources**  
1. [Bollywood Shaadis](https://www.bollywoodshaadis.com/articles/kendriya-vidyalayas-teacher-commits-suicide-due-to-husband-61829)  
2. [Times of India](https://timesofindia.indiatimes.com/city/noida/found-fault-with-everything-i-did-teacher-ends-life-over-abuse-says-in-last-text-dont-want-son-to-be-like-husband/articleshow/119130006.cms)  
3. [News24 Online](https://news24online.com/india/i-have-prepared-food-gaurav-kaushik-please-eat-it-kv-teachers-haunting-final-message-before-ending-life-over-dowry-harassment/506199/)  
"
Competitive-Shine865,Does Travis know about this?,0,0,0.48,0,1742989719.0,False,t5_3d4x4,Just don't attend the concert bro what in the world is this?
macmebin,What are your thoughts on this?,0,133,0.84,0,1742891554.0,False,t5_3d4x4,"I posted a video of Kunal Kamra yesterday..Got to know what most people here think.
Just thought what would be the thoughts of people on this one."
Unable-Ad931,"Happened in flow of show, I realise I was wrong: Samay Raina to cops on Latent row",0,203,0.95,0,1742882294.0,False,t5_3d4x4,"Comedian Samay Raina has finally addressed the controversy surrounding his and Ranveer Allahbadia’s comments on India’s Got Latent. Raina appeared before the Maharashtra Cyber Cell in Navi Mumbai on Monday, following their summons as part of the ongoing investigation. In his statement, Raina expressed deep regret over his remarks, admitting that they were made in the heat of the moment and were never intentional.

Source: https://timesofindia.indiatimes.com/entertainment/hindi/bollywood/news/samay-raina-apologises-for-his-mistake-before-maharashtra-cyber-cell-i-feel-deep-regret-for-what-i-said/articleshow/119439952.cms

https://www.indiatoday.in/india/story/happened-in-flow-of-show-i-realise-i-was-wrong-samay-raina-to-cops-on-latent-row-2698455-2025-03-24"
SnooDoughnuts4650,We’re in the process of building a new dating app help shape it by filling this quick survey,0,5,0.73,0,1742958537.0,False,t5_3d4x4,"https://tally.so/r/nGq5vz

we are tired of the same old swipe-swipe ghost cycle I’m guessing a lot of you are too. 

We want to create something that eliminates the issues and dissatisfaction of modern dating apps. 

We’re looking for both personal experiences and ideas on how you think these problems can be fixed. 

We would appreciate your feedback through this survey 
and if you’ve got any other ideas for what we should do - our team will be reading every comment. Help us put together something to make dating easier and not a waste of time. "
unknown_nawab,भारत की IT कंपनियों को अमेरिका में अरबों का फटका लगने वाला है? |Kharcha Pani Ep 1047,0,4,1.0,0,1742958439.0,False,t5_3d4x4,"I have 5 years of experience in the IT industry, and whenever someone asks me if they should study to get into IT, I always say NO.

I’ve felt for a long time that the IT sector in India is going downhill. There are many reasons for this: AI, the global market and reputation of Indians. In another 5-6 years, it’s only going to get worse. Finding a stable job will be much harder.

I’m not talking about the top 5% who are highly skilled. IT is filled with juniors and interns, and they are the ones struggling the most. Salaries for junior positions are already low, and they’ll drop even more in the future.

That’s why I would never recommend anyone to enter IT and expect a secure career.

What do you think?

And please, don’t start with the usual ""AI is here to improve productivity"" argument. I get that, but you also have to admit it’s affecting jobs. Ignoring that with unnecessary optimism won’t change reality."
Almost_Infamous,The Skin Doctor's take on the recent Kunal Kamra controversy. What are your views?,0,76,0.83,0,1742897066.0,False,t5_3d4x4," I'll start by saying I support KunalKamra's freedom of expression and oppose the vandalism of his show venue. That aside, here are a few observations from this incident:


Kamra didn’t support Kangana Ranaut’s freedom of expression when Uddhav Thackeray destroyed her property for speaking her mind. Instead, he celebrated it, did a podcast with Sanjay Raut, and gave him a toy bulldozer to thank him for doing it. Now, he wants support for his own freedom of expression.


Here, Kamra’s supporters blame the vandals, not the provocation (his insulting video on Shinde), the opposite of what they did in the Nagpur riots. Back then, they shielded rioters by blaming the provocation (Chhava), not the rioters. Violence and attacks on law enforcement get whitewashed when done by their favorites, but even property vandalism becomes the worst offense if done by those they dislike.


The defense of Kamra’s video calling Eknath Shinde gaddar is, ""If you don’t like it, don’t watch."" The same people don’t apply this logic when demanding bans on films like The Kashmir Files and The Kerala Story.


Like everything else, freedom of speech in India is selective, defended when convenient, ignored when uncomfortable. This incident is just another reminder.



"
theanonymoussking,"After Meerut massacre, now 'bloody game' in Auraiya... 15 days after marriage, wife got her husband killed by her lover",0,277,0.97,0,1742871728.0,False,t5_3d4x4,"Source - NDTV


Also available in other news outlets including 

https://timesofindia.indiatimes.com/

"
ClientRelevant5046,"Saurabh Rajput murder: Muskan Rastogi, Sahil Shukla showing withdrawal symptoms due to drug addiction, to be sent for yoga sessions",0,220,0.98,0,1742873903.0,False,t5_3d4x4,"[Muskan Rastogi, Sahil Shukla showing withdrawal symptoms due to drug addiction, to be sent for yoga sessions](https://timesofindia-indiatimes-com.cdnproject.org/v/s/timesofindia.indiatimes.com/city/meerut/saurabh-rajput-murder-muskan-rastogi-sahil-shukla-showing-withdrawal-symptoms-due-to-drug-addiction-to-be-sent-for-yoga-sessions/amp_articleshow/119406193.cms?amp_gsa=1&amp_js_v=a9&usqp=mq331AQIUAKwASCAAgM%3D#amp_tf=From%20%251%24s&aoh=17428736868030&referrer=https%3A%2F%2Fwww.google.com&ampshare=https%3A%2F%2Ftimesofindia.indiatimes.com%2Fcity%2Fmeerut%2Fsaurabh-rajput-murder-muskan-rastogi-sahil-shukla-showing-withdrawal-symptoms-due-to-drug-addiction-to-be-sent-for-yoga-sessions%2Farticleshow%2F119406193.cms)"
BROWN-MUNDA_,I will not apologise': Kunal Kamra takes shot at 'mob & politicians' in first reaction to 'gaddar' joke row.,0,991,0.95,0,1742841292.0,False,t5_3d4x4,"Stand-up comedian Kunal Kamra on Monday responded to the controversy sparked by his show at Mumbai's Habitat Studio. ""I will not apologise,"" Kamra asserted in his first reaction, taking aim at the ""mob and politicians"" over the backlash to his joke.

Source: https://timesofindia.indiatimes.com/india/i-will-not-apologise-kunal-kamra-takes-shot-at-mob-politicians-in-first-reaction-to-gaddar-joke-row/articleshow/119435880.cms"
BROWN-MUNDA_,"Idol of Lord Shani Dev vandalised in UP, second incident in Etah in a week; sparks outrage",0,255,0.99,0,1742866427.0,False,t5_3d4x4,"Tensions rose in Etah's Mirhachi area after vandals damaged an idol of Lord Shani Dev in Datei village, marking the second such incident within a week. Police ensured a substantial presence and launched an investigation, while local residents were urged to remain peaceful.

Source: https://timesofindia.indiatimes.com/india/idol-of-lord-shani-dev-vandalised-in-up-second-incident-in-etah-in-a-week-sparks-outrage/articleshow/119370494.cms"
InstructionSecret607,"We live in an era where comedian act like politician and politician act like comedian, and both fail at their very own careers at the same time.",0,9,0.85,0,1742927335.0,False,t5_3d4x4,
Ok_Jacket5969,"Over 38000 Sikhs voted in a self-organized, non-governmental Referendum for secession of Punjab from India. Los Angeles Civic Center Plaza Downtown, 23 March 2025.",0,18,0.7,0,1742913215.0,False,t5_3d4x4,
Background-Exit3457,Attack on an Indian woman Toronto subway,0,2407,0.98,0,1742817311.0,False,t5_3d4x4,Bystander effect is so obvious....
Deep_Tea_1990,Skincare routine. Got DMs asking for specific products. Here’s what I use:,0,1,0.52,0,1742955355.0,False,t5_3d4x4,
Shak1196,Upcoming major change for India is Delimitation. This will cause redistribution of seats based on population of each state. Tamilnadu has already expressed concerns. How shall India go forward with this?,0,23,0.77,0,1742907484.0,False,t5_3d4x4,
Unable-Ad931,"61.6% of India's schools in 3-language club. Gujarat & Punjab lead, TN & Arunachal rank among lowest",0,11,0.79,0,1742921259.0,False,t5_3d4x4,"Amid the ongoing controversy between Tamil Nadu and the Centre over the implementation of the three-language formula, the Union Education Ministry Monday presented data in the Parliament showing that 61.6 percent of schools in India are offering three languages, catering to 74.7 percent of students across the country.

... The data was submitted in response to a query from Dravida Munnetra Kazhagam (DMK) Lok Sabha member Kanimozhi Karunanidhi of Tamil Nadu, who asked for a state-wise breakdown of the languages taught under the three-language formula, as well as the number of students studying each language across the country.

The DMK-led Tamil Nadu government has been in conflict with the Centre over the implementation of the three-language formula under the National Education Policy (NEP) 2020, alleging it amounts to ""Hindi imposition"". Under this formula, students are required to study three languages, with at least two being native to India, up to Class 8, or preferably up to Class 10.

Source: https://theprint.in/politics/61-6-of-indias-schools-in-3-language-club-gujarat-punjab-lead-tn-arunachal-rank-among-lowest/2563511/

Also available in other news outlets including 
https://timesofindia.indiatimes.com/"
SquaredAndRooted,Ever heard of The World Justice Project (WJP) and Rule of Law Index®: Here's An Overview,0,6,1.0,0,1742931665.0,False,t5_3d4x4,"The **World Justice Project (WJP)** is an independent, multidisciplinary organization dedicated to advancing the **rule of law** globally. Its flagship **Rule of Law Index®** is the world’s leading source of original, independent data on the rule of law, covering **140+ countries** and jurisdictions.  

---

**History & Objectives**  
- **Founded in 2006** by **William H. Neukom** (former President of the American Bar Association).  
- **Mission**: To strengthen the rule of law as a foundation for **justice, opportunity, and peace**.  
- **Key Objectives**:  
  - Measure adherence to the rule of law empirically.  
  - Identify gaps in justice systems.  
  - Encourage policy reforms through data-driven advocacy.  

---

**The Rule of Law Index®: 8 Key Dimensions**  
The Index evaluates countries across **8 factors**, each with sub-categories:  

1. **Constraints on Government Powers**  
   - Checks on executive/judicial overreach, sanctions for misconduct.  
2. **Absence of Corruption**  
   - Bribery in government, judiciary, police, and civil services.  
3. **Open Government**  
   - Transparency, right to information, public participation.  
4. **Fundamental Rights**  
   - Equality, due process, freedom of speech & religion.  
5. **Order & Security**  
   - Crime control, civil conflict, police reliability.  
6. **Regulatory Enforcement**  
   - Business-friendly laws, property rights protection.  
7. **Civil Justice**  
   - Court accessibility, affordability, enforcement of rulings.  
8. **Criminal Justice**  
   - Fair trials, police accountability, humane prisons.  

*(Each dimension is scored **0 (weak) to 1 (strong)**.)*  

---

### **India’s Ranking (2023 Report)**  
- **Overall Rank**: **79th out of 140** (Score: **0.50**)  
- **Key Strengths**:  
  - **Open Government** (Rank: 51) – Strong RTI framework.  
  - **Civil Justice** (Rank: 69) – Functional but slow courts.  
- **Major Weaknesses**:  
  - **Absence of Corruption** (Rank: 85) – Bribery concerns in public services.  
  - **Order & Security** (Rank: 123) – High crime, communal tensions.  
  - **Criminal Justice** (Rank: 111) – Overburdened system, delays.  

**Analysis**  
India performs moderately in **transparency and civil liberties** but struggles with **corruption, judicial delays, and crime control**. The **decline in ""Fundamental Rights""** (Rank: 97) reflects growing concerns over free speech and minority protections.  

---

### **Global Rankings (2023)**  
#### **Top 10 Countries**  
| Rank | Country       | Score |  
|------|--------------|-------|  
| 1    | Denmark      | 0.90  |  
| 2    | Norway       | 0.89  |  
| 3    | Finland      | 0.87  |  
| 4    | Sweden       | 0.86  |  
| 5    | Germany      | 0.86  |  
| 6    | Netherlands  | 0.85  |  
| 7    | New Zealand  | 0.84  |  
| 8    | Luxembourg   | 0.83  |  
| 9    | Austria      | 0.83  |  
| 10   | Estonia      | 0.83  |  

#### **Other Major Countries**  
| Country | Rank | Score |  
|---------|------|-------|  
| USA     | 26   | 0.76  |  
| UK      | 15   | 0.81  |  
| France  | 21   | 0.78  |  
| China   | 98   | 0.47  |  
| India   | 79   | 0.50  |  

Source: 
[**WJP Rule of Law Index 2023**](https://worldjusticeproject.org/rule-of-law-index/)  

---
  
The **WJP Rule of Law Index®** highlights how nations balance **accountability, justice, and governance**. While **Nordic countries dominate**, India faces challenges in **corruption, security, and judicial efficiency**, lagging behind peers like the **UK (15th) and USA (26th)**.  

**Strong rule of law correlates with economic growth and social stability - making reforms in weak areas critical for India’s future**.  

"
electriccamels,"India develops its first indigenous MRI machine, set for trial at AIIMS Delhi",0,18,0.92,0,1742909049.0,False,t5_3d4x4,
Affectionate_Disk766,What can be done?,0,35,0.98,0,1742895981.0,False,t5_3d4x4,Happened On Dakshin Express. He says ki yeh to roz ka kaam hai
thedarkracer,Why isn't there any focus or blame on MILs for murder and harassment of married women?,0,8,0.7,0,1742924875.0,False,t5_3d4x4,"https://www.proquest.com/docview/1372725367?sourcetype=Scholarly%20Journals

This shows that in India most of the DV women face is from MILs itself with MILs being most convicted in dowry cases. Yet why do we only hear men being blamed for this on the internet?"
chinchinlover-419,"South Indians, would you prefer an ""English imposition"" over Hindi?",0,0,0.42,0,1742997901.0,False,t5_3d4x4,"There's been extensive debate on the subject of Hindi imposition on South Indians. They do not want to forsake their culture and dive into homogeneity. But, would you all be with an ""English Imposition""? Where schools will start teaching English, and only English? Where children will be taught English as their first language by the state.

I feel like this would be more preferable, as the main argument for people that agree with the ""Hindi Imposition"" is that it brings unity to our nation and allows for more opportunities. Wouldn't this argument work even better for English?

What are your thoughts?"
Unable-Ad931,Massive fire erupts in Mumbai's Dharavi after leakage from a LPG gas cylinder atop a truck carrying several cylinders,0,149,0.99,0,1742864069.0,False,t5_3d4x4,"A truck carrying LPG cylinders caught fire in Mumbai's Dharavi, causing panic in the densely populated area. Firefighters swiftly brought the blaze under control, preventing a major disaster.

Source: https://www.aninews.in/news/national/general-news/lpg-cylinder-truck-catches-fire-in-mumbais-dharavi20250325001359/

Also available in other news outlets including 
https://timesofindia.indiatimes.com/"
OrchidAltruistic8982,A serial false case filler from Agra doing Vidhva Vilap after being caught.,0,783,0.98,0,1742830441.0,False,t5_3d4x4,"She has lodged a case under BNS Sections 115(2), 352, and 296 against her neighbour. Because of multiple cases filed by her and continuous harassment her neighbour ran away from their house. Now when Police investigation revealed that she lodged a false case then she started this drama on the middle of the road in agra.

Source: https://x.com/NCMIndiaa/status/1904184128293023783?t=oya4HhST0s_OjqfAbZPb1w&s=19

https://timesofindia.indiatimes.com/"
SquaredAndRooted,Bitter Divorce Turns Legal War: Tech Founder Prasanna Sankar Accuses Wife and Chennai Police of Harassment Amid Child Custody Battle.,0,392,0.97,0,1742838861.0,False,t5_3d4x4,"Prasanna Sankar, the co-founder of Rippling, a $10 billion HR-tech startup, is embroiled in a highly publicized and contentious legal dispute with his estranged wife, Dhivya Sashidhar. The battle, which began as a divorce and child custody case, has escalated into a conflict involving allegations of harassment, extortion, police misconduct, financial fraud, and sexual crimes.  

Sankar has taken to social media to claim that he is ""on the run"" from Chennai Police after his wife accused him of kidnapping their 9-year-old son. He alleges that the police are attempting to extort ₹25 lakh from him while illegally tracking his movements. **He asserts that a US court previously ruled in his favor in an international child abduction case, mandating shared custody under an MoU, and that Singapore police dismissed Dhivya’s allegations of rape and video circulation as baseless.**  

On the other hand, Dhivya has countered his claims by calling him a ""sex predator,"" accusing him of **transferring matrimonial assets to his father (who allegedly moved funds to Thailand) to evade taxes**, and alleging that he forcibly took their son from her **after coercing her into signing documents to conceal tax crimes**.  

The legal and personal battle between the two has sparked widespread attention, with allegations and counter-allegations playing out in public.  

**Key Details**  
- **People Involved:**  
  - **Prasanna Sankar** – Co-founder of Rippling, tech entrepreneur, currently based in Singapore.  
  - **Dhivya Sashidhar** – Estranged wife of Sankar, **US citizen**, mother of their 9-year-old son.  
  - **Gokula Krishnan** – Sankar’s friend, allegedly detained by Chennai Police without an FIR **after a raid on his Bengaluru home**.  
  

- **Allegations by Sankar:**  
  - His wife is attempting to extort money from him as part of the divorce settlement.  
  - Chennai Police are harassing him, tracking his phone, UPI payments (**including seizing a caretaker’s phone over a ₹200 transaction**), and IP address without an FIR.  
  - His friend, Gokul, was illegally detained **and pressured to discredit Sankar’s social media posts**.  
  - He is being falsely accused of kidnapping his son, **despite a US court ruling granting him shared custody under an MoU**.  
  - The police have demanded ₹25 lakh in bribes to release his friend **and allegedly plan a joint press conference with Dhivya against him**.  
  

- **Allegations by Dhivya:**  
  - Sankar forcibly took their son and has refused to return him **despite their US citizenship**.  
  - He is a ""sex predator"" who secretly recorded women and was **arrested in Singapore for solicitation in a sting operation** (*specificity added*).  
  - He transferred their matrimonial assets to his father **who then moved them to Thailand**, bypassing tax laws.  
  - He manipulated her into signing documents that prevented her from reporting tax crimes to US authorities.  

**Breakdown of Events**  
1. **Discovery of Affair & Divorce Negotiations:**  
   - Sankar claims he found **proof of his wife’s affair (including hotel bookings)** with a man named Anoop.  
   - They began divorce proceedings, but Dhivya allegedly demanded an excessive financial settlement.  
   - When negotiations failed, Sankar alleges she filed false police complaints of domestic violence, rape, and distribution of intimate videos **—all later dismissed by Singapore police**.  

2. **Child Custody Battle:**  
   - Dhivya allegedly abducted their son to the US, **prompting a US court to rule in Sankar’s favor and order the MoU**.  
   - Under the MoU, he agreed to pay her ₹9 crore, ₹4.3 lakh per month, and share joint custody **conditional on depositing the child’s passport in a shared locker**.  
   - Dhivya later refused to comply with the MoU and sought to file a fresh divorce case in the US.  

3. **Kidnapping Allegation & Police Involvement:**  
   - When Sankar insisted on securing the passport per the MoU, Dhivya filed a kidnapping complaint.  
   - Chennai Police allegedly raided his hotel late at night, forcing him to flee with his son. **They later raided an Airbnb he stayed in and tracked his UPI transactions**.  

4. **Extortion & Allegations of Police Misconduct:**  
   - Sankar accuses Chennai Police of detaining his friend Gokul **in Bengaluru without a warrant** and demanding ₹25 lakh for his release.  
   - He claims authorities threatened him to delete social media posts and **are collaborating with Dhivya for a press conference**.  

**Police Action/Inaction & Current Investigation Status**  
- Chennai Police have denied the allegations of extortion and illegal detention, calling them ""baseless.""  
- **No FIR has been confirmed against Sankar**, but police are pursuing Dhivya’s kidnapping complaint.  
- **No public response from US or Singapore authorities on Dhivya’s sexual/financial misconduct claims**.  

**Notes & Discrepancies**  
- **Sankar’s evidence**: Provides US court documents and Singapore police clearance, but **no independent verification of police extortion**.  
- **Dhivya’s evidence**: Claims asset transfers and Singapore arrest, but **lacks public documentation**.  
- **Jurisdictional complexity**: Case spans India (custody), US (divorce), and Singapore (criminal allegations).  

**Sources**  
- [NDTV Article](https://www.ndtv.com/india-news/im-a-survivor-not-victim-techie-rippling-co-founder-prasanna-sankar-accuses-wife-chennai-cops-of-harassment-7996840)  
- [Firstpost Article](https://www.firstpost.com/explainers/prasanna-sankar-rippling-co-founder-estranged-wife-case-13874012.html)  
- [India Today Article](https://www.indiatoday.in/india/story/tech-entrepreneur-harassment-wife-chennai-police-child-custody-2496924-2025-03-24)
-  [NEHerald Article](https://neherald.com/national/chennai-techie-accuses-wife-of-harassment-amid-divorce-battle-she-calls-him-sex-predator)  

**Disclaimer:**  
> This case involves complex international legal proceedings spanning multiple jurisdictions (India, the US, & Singapore). Please review the sources provided for more details.   "
macmebin,What are your thoughts on this?,0,964,0.91,0,1742819971.0,False,t5_3d4x4,
imik4991,Why does BJP have bad people in their ranks ?,0,13,0.71,0,1742905116.0,False,t5_3d4x4,Why does BJP have so many bad people in their party ? Why is no one here asking about them ?
BROWN-MUNDA_,BMC Begins Demolition At Mumbai Studio Where Kunal Kamra Mocked Eknath Shinde,0,979,0.96,0,1742811938.0,False,t5_3d4x4,"A BMC team entered the premises armed with hammers and began dismantling structures inside the studio. Officials claimed that parts of the studio were illegally constructed on encroached land between two hotels.

Source:https://www.moneycontrol.com/news/india/bmc-demolishes-parts-of-the-habitat-studio-after-kunal-kamra-s-video-on-eknath-shinde-sparks-row-12973752.html

Also https://timesofindia.indiatimes.com/india/kunal-kamra-is-no-stranger-to-stirring-rows-5-times-when-the-comedian-landed-in-hot-water/articleshow/119418125.cms"
lonelyRedditor__,"During Battle of Rezang La Pass in 1962 against Chinese army, the men under Maj Shaitan Singh fought till ""Last Man, Last Round"". Out of 120 troops, 114 were killed, 5 injured and captured and 1 was sent to inform HQ. Meanwhile the Chinese lost 1400 of the 3000 troops despite having better weapons.",0,132,0.97,0,1742851183.0,False,t5_3d4x4,
metaltemujin,:: State of the Sub :: Hello There! We meet again! [Meta Discussion - Mod (Re)Introduction],0,7,0.82,0,1742903688.0,False,t5_3d4x4,"[Look at y'all! All growin' up!](https://preview.redd.it/gs4rtghwitqe1.png?width=168&format=png&auto=webp&s=037e31b762dffb3aef3407acab2b4fd70732e816)

# About Me:

I have rejoined (hopfully for a while) to assist the current mod team with some grunt work and man power. More information about me elsewhere. 

I am not on the spotlight, YOU ARE! :D

Let's jump to the main topic. 

[Who is in trouble? Yes, some of you are!](https://preview.redd.it/1anjsiypjtqe1.png?width=300&format=png&auto=webp&s=96f6072c0b754feb0ebb1c7a012d7227ecfb804e)

# State of the Subreddit

It not much of a secret. New demographics, new users who don't understand how reddit works and then cause some issues. 

**Some concerns raised include:**

* Incessent abuse to fellow humans 
* Posts and comments without understanding rules and why they are there. 
* Keyboard warrior syndrome: A looottttt of hateful comments in the garb of 'political heat'
* Spam: Oh! so much spam, our bots have indigestion eating all of that T \_\_\_ T
* And a few other things (We don't talk about bruno..oh..oh..oh). 

Sound familiar? 

[\^Some of you prolly](https://preview.redd.it/0tiz2fc2ltqe1.png?width=400&format=png&auto=webp&s=fa707973de6e8b3cc069b1a1bf32781a052f1375)

Take this time to familiarize with the rules guys, gals and attack helicopters!

# What's going on at our end?

[Let's get on to the Brass Tacks! \(L-S-S: Long story short!\)](https://preview.redd.it/2y7t4chfltqe1.png?width=259&format=png&auto=webp&s=2f4206a511d0a3b7d00c4b7c45d8646a5a3e529a)

* Reddit moderation tools and policies have changed (evolved significantly)
* We are now a 1M+ sub, so we attract a lot more content thanks you a lot of you! Which means, trouble as well.
* Reddit's own site-wide hygine trawlers as well as our own act switfly, so if someone's being bad - trust me, that's just the tip of the iceberg slipping through. 
* This means, (L-S-S) the mod team has massive crowd control and upkeep on the back end. 
   * If we reduce it, other hygine bots take over. 
   * If we try to fix that, reddit-sitewide bots also pitch in. 
   * **Best course of action: Be nice and kind!**
* This is not a small sub, we can't humanly manage it like a small sub. 
* Just to deal with the volume, we have to keep pace as well with policy updates. 

# How does this affect you?

[Stop being Class D! Let's be Class A!](https://preview.redd.it/bmuq0j3ymtqe1.png?width=300&format=png&auto=webp&s=ee9d18efa6a2ef36170254f386b330c9d627af43)

* Fringe behaviour causes Collateral (damage) modding. 
   * Please be nice to each other. (Be Civil)
   * Remember the person on the other side is human. 
   * Abusing each other dont win awards, but can win bans!
   * Stop hating on communities, its not a good look. It gets auto-sanitized by admins. 
* Yes, you heard that, bans. Oldies would be startled, but this is a thing of reddit site-wide bots too!

[Site-wide bots can ban too! So, be nice!](https://preview.redd.it/uizfn6x2otqe1.png?width=236&format=png&auto=webp&s=e999c75bc2d079532aa021fd5658db1e924e9e0b)

# What's next from us, you ask?

[Some disciplining! \(J\/k, but not really\)](https://preview.redd.it/87zuuluwotqe1.png?width=198&format=png&auto=webp&s=f73f2a1361d991137c48c51ad92db6d9db3ffcf1)

**Top 3 on our agenda right now**

* **We'll start with a Demographic Survery.** \- Helps us understand who is our user base to better work with you. 
* **Subsequent Policy Meta-discussions**  \- New users means old knowledge and awareness is lost. While new site changes are not introduced to them. This discussion addresses both issues. 
* **Better Engagement Strategies!** \- This is being workshoped, but suggestions welcome!

**Ongoing Agenda**

* Resolve backend issues and maintain order. 
* Update our moderation policies, mod training, content and user management.

# That's all for this teaser!

\- M"
BROWN-MUNDA_,"UP Man Catches Wife And Father In Intimate Act, Slits His Throat",0,336,0.99,0,1742830469.0,False,t5_3d4x4,"In Baghpat, Uttar Pradesh, a man named Vedpal was arrested for murdering his father, Ishwar, after discovering his extramarital affair with Vedpal's wife. The crime, fueled by rage and financial disputes, was initially concealed with a false police complaint but later confessed during questioning.

Source: https://www.news18.com/india/up-man-catches-wife-and-father-in-intimate-act-slits-his-throat-ws-ad-9273140.html

Also available in other news outlets including 
https://timesofindia.indiatimes.com/"
soul_gangsta,My two paisas on Kunal Kamra situation,0,116,0.86,0,1742848336.0,False,t5_3d4x4,"So for context, Kunal Kamra recently posted his stand-up video on YouTube in which he was doing political comedy which he is famous for. In this video there was a segment where he wrote some parodic version of songs trying to criticize the government. One of these songs were about a shiv sena(MLA I think) party worker. That comment made the party members angry, and they in turned started threatening Kamra on his cell phone and also demolished 'Habitat' studio, where the video was shot.

What I think about the whole situation is, it's nuts. Kamra we all know has always been criticizing/ trolling the ruling party. He's been constant in making fun of BJP, RSS, Modi. I personally never found him funny(that's my opinion), maybe get a chuckle here or there but that doesn't make me right to threaten him nor is it right for anyone else. Those goons who harassed him on calls and attacked 'Habitat' should be charged for their crimes.

Kamra said things which were his opinion and he has the right to say them out aloud. Many of you might not like Kamra. He's a person whose never claimed(as far as I know) to be neutral, moreover by watching him he clearly makes jokes on Hindus. He hovers around hindu identity neither associating with it nor dissociating. You might be angry that he often makes jokes about RSS and BJP but doesn't joke about Waqf or any radical Islamist. But that doesn't matter. It's Kamra's choice to choose who to joke about. It makes him a hypocrite and an asshole but doesn't give you the right to harass him. He raised many real issues too like the vile nonsense media spreads instead of real news and that should be appreciated. There's a famous quote that goes

> I DISAPPROVE with what you say, BUT I will DEFEND to the DEATH your right to say it

You don't have to agree with Kamra but have to agree that all the things which have done in retaliation of it were wrong. "
BROWN-MUNDA_,Self-styled Prophet Bajinder Singh assaulting woman in office,0,1440,0.98,0,1742798850.0,False,t5_3d4x4,"CCTV footage reveals controversial preacher Bajinder Singh assaulting individuals, including a woman with a child, sparking outrage. Singh is also under investigation for sexual harassment following a complaint by a 22-year-old. Despite his significant social media following, Singh's history of legal issues raises serious concerns.

Source: https://timesofindia.indiatimes.com/india/watch-viral-video-shows-self-styled-prophet-bajinder-singh-assaulting-woman-in-office/articleshow/119375609.cms"
yatracharsi,Cleaning Yamuna River,0,335,0.98,0,1742823819.0,False,t5_3d4x4,"Yesterday, Made small efforts towards Yamuna river cleaning drive In Kalindi Kunj."
Anvesana,Kunal Kamra's Misogynistic Remark from 2020 on BMC's Demolition of Kangana's Office Goes Viral,0,283,0.8,0,1742826272.0,False,t5_3d4x4,Source: https://youtube.com/shorts/q2ZDx8AUCjA
Unable-Ad931,"Over ₹3.48 crore in cash, 32 grams of gold, and 1 kg of silver were donated at a Karnataka temple, with hundreds of priests seen counting the contributions.",0,179,0.97,0,1742833997.0,False,t5_3d4x4,"A total of Rs 3,48,69,621 in cash, 32 grams of gold and 1.24 kg of silver have been donated at a temple in Karnataka's Raichur.

A video has gone viral showing over a hundred priests counting the donations at the Raghavendra Swamy Mutt.

The offerings were made over 30 days as lakhs of devotees visited the temple to celebrate the birth anniversary of Raghavendra Swamy, a revered 16th-century saint.

Source: https://www.ndtv.com/india-news/rs-3-48 -69-621-cash-1-kg-silver-32-grams-gold-donated -at-karnataka-raghavendra-swamy-mutt-temple -7989122

Also available in other news outlets including https://timesofindia.indiatimes.com/"
Realboy000,'Everybody has to survive': Karnataka government approves 100% salary hike for Chief Minister and legislators - CNBC TV18,0,19,0.96,0,1742876407.0,False,t5_3d4x4,
Cheese_Head34,Packaged and mineral water is now under high risk consumables,0,24,0.97,0,1742871721.0,False,t5_3d4x4,
BROWN-MUNDA_,"222 mafias killed, 930 booked under NSA: Yogi 8-yr report card leans heavily on 'improved law & order",0,150,0.97,0,1742836759.0,False,t5_3d4x4,"Uttar Pradesh Chief Minister Yogi Adityanath presented an 8-year progress report highlighting improved law and order, with 222 mafias killed, 930 booked under the NSA, and properties worth ₹4,076 crore seized. The report also showcased agricultural growth, rising from 5% in 2016-17 to 13.5%, along with significant improvements in food grain production and governance reforms.

Source: https://theprint.in/india/governance/222-mafias-killed-930-booked-under-nsa-yogi-8-yr-report-card-leans-heavily-on-improved-law-order/2562920/

Also available in other news outlets including 
https://timesofindia.indiatimes.com/"
Best-Project-230,Secunderabad woman jumps off local train to save herself from attempted rape,0,51,0.93,0,1742855382.0,False,t5_3d4x4,"A 23-year-old woman had jumped off a local MMTS train in Hyderabad to save herself from an alleged sexual assault. 

According to the police, the woman – an inventory worker in Swiggy — had come to Secunderabad from Medchal because she wanted to get her mobile phone repaired. 

After getting her phone repaired, she reached the Secunderabad station, took a general ticket to Medchal and boarded the Tellapur-Medchal MMTS train in the women’s coach.

Around 8.15 pm, the coach became empty with two other female passengers getting down at Alwal stop, police said. 

Then a lean, dark man wearing a checked shirt allegedly entered the compartment and approached her for a sexual favour, the complainant alleged. 

When she refused, he allegedly forced himself on her. She then pushed him aside and jumped off the moving train, the police said.

The woman suffered injuries on her head, face, neck, right hand and waist, she has informed the police. She has also said that she will be able to identify the man who allegedly attacked her.

The woman had received treatment at Gandhi Hospital after a passerby took her there. The attacker is believed to be 25 years old. 

An FIR has been booked under Section 131 (Punishment for assault or criminal force otherwise than on grave provocation) and 71 (punishment for repeat offenders) of the Bharatiya Nyaya Sanhita.

Taking note of the case, Telangana’s opposition leader K T Rama Rao has asked for an inquiry into the incident.

Source: https://indianexpress.com/article/india/secunderabad-woman-jumps-off-train-to-save-herself-from-attempted-rape-9903790/"
Objective-Tennis-871,"Mohali: Mother, male friend booked for sexual assault on 3-year-old girl",0,14,0.9,0,1742881455.0,False,t5_3d4x4,
DingoAltruistic3589,"Sick native wild birds being kept illegally, being tortured, denied food & water at Haathi Park,Civil Lines, Prayagraj (Allahabad), Uttar Pradesh. Many have already died miserably.Park authorities refused to feed or help them, PETA, NGOS, SGACC not helping either. Please help them live🙏🏻😭",0,17,0.96,0,1742877537.0,False,t5_3d4x4,
karanthsrihari,"FPV view of a tech park in Bengaluru during Sunday Soul Sante Event - Ecoworld, Bellandur",0,10,0.92,0,1742879308.0,False,t5_3d4x4,
BROWN-MUNDA_,FIR filed against Kunal Kamra for remarks on Eknath Shinde,0,882,0.96,0,1742791743.0,False,t5_3d4x4,"The Mumbai police registered an FIR against stand-up comedian Kunal Kamra, based on a complaint made by Shiv Sena MLA Murji Patel, for allegedly making defamatory remarks against Maharashtra Deputy Chief Minister Eknath Shinde during a show.
This follows the incident on March 23 night when Shiv Sena members damaged the Habitat Comedy Club in Khar, where Mr. Kamra's show had been filmed, as well as a hotel in whose premises the club is located.

Source: https://www.google.com/amp/s/www.thehindu.com/news/national/maharashtra/kunal-kamra-row-fir-registered-against-comedian-for-remarks-on-eknath-shinde/article69367306.ece/amp/


https://timesofindia.indiatimes.com/india/kunal-kamra-vs-shiv-sena-joke-on-eknath-shinde-triggers-major-row-venue-vandalised-fir-filed/articleshow/119402933.cms"
Artistic_Issue_5169,What's something you think shouldn't be popular but is?,0,4,1.0,0,1742894632.0,False,t5_3d4x4,Popular things doesn't always mean better or good. So I am trying to understand which among the popular things hated by many.
Unable-Ad931,"Himachal Buses Attacked, Defaced With Pro-Khalistan Graffiti In Punjab",0,343,0.98,0,1742807444.0,False,t5_3d4x4,"Unidentified individuals vandalized Himachal Road Transport Corporation (HRTC) buses at Amritsar bus stand, spray-painting ""Khalistan"" and shattering windshields. HRTC drivers have refused to operate in Punjab until safety is assured, prompting police investigations.

Source: https://timesofindia.indiatimes.com/india/himachal-buses-defaced-with-khalistan-graffiti/articleshow/119356264.cms"
lavanyadeepak,Assistance needed to plan for a two day trip for the 9 Navagraha Temples in Tamil Nadu (ex-Chennai),0,4,0.76,0,1742887629.0,False,t5_3d4x4,"I am intending to have two day pilgrimage to the 9 Navagraha temples starting and terminating back in Chennai. The temples are as below:

If some one interested to join the temples too you are most welcome. Actually because only two + 1 driver currently to travel. Leaving 1 as buffer space 2 more can comfortably travel.

1. Vaitheeswaran Koil
2. Thirunallar
3. Thirunageswaram
4. Keezhperumpallam
5. Suriyanar
6. Thingalur
7. Alangudi
8. Kanjanur and
9. Thiruvengadu

Can some one help assist with the following?

1. How much would an acting driver hire cost for the trip?
2. How much fuel cost?
3. Where should we halt? How much would it cost for the accommodation?
4. Any other expenses?"
BROWN-MUNDA_,Shiva Temple vandalized in Tezpur Assam,0,769,0.97,0,1742785452.0,False,t5_3d4x4,"Tezpur witnessed a massive outcry after a miscreant desecrated the Shiva temple at Ganesh Ghat by throwing paan-tamol on the main idol.

Source: From India today NE
Also available in other news outlets including 
https://timesofindia.indiatimes.com/"
Beneficial-Home1981,"In a country where the majority holds political and social power, what are the reasons behind fears or insecurities about minorities?",0,4,0.7,0,1742893399.0,False,t5_3d4x4,"In India, the majority holds power, yet there are narratives of fear about minorities.

What drives this—history, politics, media, or something else?"
Foreign_Angle_9042,Man held for raping 7-year-old daughter of construction worker,0,131,0.98,0,1742819690.0,False,t5_3d4x4,"On March 16, 2025, in Lucknow, Mohammad Sarju (25), a clerk from Malda, West Bengal, raped a 7-year-old girl, daughter of a cleaner, at a Chinhat construction site; the girl, a class 2 student from Etawah, was found unconscious by her mother, treated at Trauma Centre after visits to Ram Manohar Lohia, Jhalkari Bai, and Queen Mary's hospitals, while police gunned Sarju in the leg during an encounter near Khargapur railway crossing at 2 am on March 17, arrested him under attempt to murder, rape, POCSO Act 2012, and ST/SC Act, as confirmed by DCP East Shashank Singh and ACP Vibhutikhand Radha Raman Singh.

[https://www.hindustantimes.com/india-news/lucknow-man-arrested-for-allegedly-raping-7-year-old-girl-from-his-neighbourhood-101742107158812.html](https://www.hindustantimes.com/india-news/lucknow-man-arrested-for-allegedly-raping-7-year-old-girl-from-his-neighbourhood-101742107158812.html)

[https://timesofindia.indiatimes.com/city/lucknow/man-held-for-raping-7-year-old-daughter-of-construction-worker/articleshow/119086834.cms](https://timesofindia.indiatimes.com/city/lucknow/man-held-for-raping-7-year-old-daughter-of-construction-worker/articleshow/119086834.cms)"
Aarosaura,What is disrespectful in it?,0,313,0.87,0,1742801955.0,False,t5_3d4x4,
njan_oru_manushyan,The amount of blatant misinformation on social media regarding India is crazy,0,47,0.79,0,1742837661.0,False,t5_3d4x4,"So people seem to attribute any worse thing possible to India. See I am not saying we are good. But we aren’t the worst either. 

“India is the 🍇 capital of the world “ . 

which is not. People might say “ its not reported “ . Sure lot of unreported cases. But then how did you determine that if it isn’t reported. Lot of countries like in latin countries and africa don’t even have statistics for such crimes

“India is the poorest country in the world “ . Again however you take it , gdp, gdp per capita, ppp,HDI. Its not. 

“India is the dirtiest “. Again not. 

“Caste system is legal” bro what 

“ Indians don’t bath”.  We actually take more baths on average. Hygiene is a different issue. 

“India has the least amount of toilets “ . India has 78% toilet access. Chad has only 10%. 

All these negative perceptions are on India.

The government instead of tackling such blatant misinformation and raaciism spreading on social media, only cares about censoring twitter when the govt was exposed by grok AI. They don’t care when India’s reputation is going in the dirt"
Foreign_Angle_9042,Border Security Force recovers heroin worth more than ₹6 crore from India-Bangladesh border in West Bengal,0,48,0.97,0,1742832682.0,False,t5_3d4x4,"On March 21, 2025, South Bengal Frontier BSF in Murshidabad, West Bengal, foiled a smuggling attempt, arrested a Bangladeshi smuggler, and seized 3.387 kg of heroin worth ₹6,77,40,000 from Pirojpur outpost near India-Bangladesh border, following intelligence on March 22; suspect confessed to cross-border smuggling, handed over to authorities. Ministry of Home Affairs told Lok Sabha MP Khalilur Rahman that contraband seizures rose to ₹4,61,07.70 lakh in 2024 from ₹43,197.44 lakh in 2023 and ₹34,947.73 lakh in 2022 along the 2,216 km border. Separately, on March 23, Ahmedabad police rescued a 16-year-old Bangladeshi girl from a Naroda prostitution ring, where she was raped and exploited for two years; case filed under POCSO.

[https://www.thehindu.com/news/national/border-security-force-recovers-heroin-worth-more-than-6-crore-from-india-bangladesh-border-in-west-bengal/article69364529.ece](https://www.thehindu.com/news/national/border-security-force-recovers-heroin-worth-more-than-6-crore-from-india-bangladesh-border-in-west-bengal/article69364529.ece)

[https://timesofindia.indiatimes.com/city/ahmedabad/minor-bangladeshi-girl-rescued-from-prostitution-ring/articleshow/119352828.cms](https://timesofindia.indiatimes.com/city/ahmedabad/minor-bangladeshi-girl-rescued-from-prostitution-ring/articleshow/119352828.cms)"
LogicalChart3205,Why is the west so against Indians?,0,127,0.84,0,1742812756.0,False,t5_3d4x4,"I've no idea why they are blaming the 40k indians coming in H1B visas. 40k for 360 million people is like 1 person in 10000 ratio, so you're telling me that 1 person is more powerful than the rest 9999 and now the rest 9999 can't get a job cuz of that person? Like seriously? 

'Everywhere I go i see indians' bro Indian population is like 0.1% of your country. How's that even true. Even in Canada where this sentiment is the highest indians are still around 1% of country's population. Are we so powerful that 99 people of your country are fucked in front of 1 person?

In Europe I've seen people blaming Indians like 'We thought we were getting doctors' you'd have if you didn't confuse indians for the so called refugees you opened your gates for. You'll very rarely see an Indian doing any crime and still we get included with the so called unwanted migrant population of the west. Indian population in Germany is 0.3%. WHERE ARE YOU SEEING ALL THESE INDIANS? Confusing indians with every brown skinned person. That's your fault, Iran is not in India. Illiterate person. And it's always us to blame. Cuz f*ck you guys for trying to earn a living. 

We'd rather have blacks and mexicans than you lots. (actual survey with 40k votes, said they'd rather have illegal mexicans 85% voted for this, than legal indians) source[Source](https://np.reddit.com/r/thebronzemovement/comments/1hpnfyw/_/)

It's not that these guys don't want illegal immigrants, these guys don't want legal immigrants either. The shit you'll hear they say behind your back.

Like imagine you try hard so hard to assimilate into a country, you stay away from crimes, you pay taxes, you don't force your own religion on them. And boom you're still not one of us, but that guy who does none of these, He is. We are the next Jews of the west.

You search america on YouTube and all these street videos you'll rarely see an Indian person 'I see Indians everywhere' like HOW?

You open the news section of the country, you'll see people of a particular race invading all types of stores. Your country is 35 trillion in debt, your country is involved in a million wars. And somehow that 1 person in 10000 is responsible for all of it cuz your kid can't get a job in local subway. 

And situation is even more worse in Canada, remember india is STILL LESS THAN CHINA in immigrant numbers. But when subs like canadahousing2 needs someone to blame, it's the so called Curry people, Cow worshiping people, Tim Horton workers' fault. Imagine ruining a country by being only 1% of its population. And when India was shouting at them to not let our terrorists come to Canada they were like 'India can't say that about my people' now those same terrorists have started biting them then 'Ew all these Indians stupid brown shit curry people'. They were blind when their Uni's were taking 25000$ from every f*cking student and admitting blindly. Like bro if your immigration department can't see how much housing is there, HOW TF IS THAT OUR FAULT? JUST DON'T APPROVE OUR VISAS. and if your immigration department took in equally large people from all other races WHO'D YOU BLAME THEN? YOU STILL WOULDN'T HAVE HOUSES? 

You want the stupid pajeets to return? Return the 25000$ of your false promises fake university money to each million of them. Taking 25 Billion$ is easy. And what's this 'We have no housing left?' bro just build more housing? What's the stupid ass excuse? You've one of the largest continuous land of a country and you can't build housing? Just get the raw material and labourers from India if you really need lol.

I see comments like 'I've left going to subway ever since indians happened to it' get like 1000 upvotes on canadian subs. BRO THAT'S UNTOUCHABILITY. you preach 'ew indians are bringing castes system here and yet you're doing the same thing', people die on your sidewalks everyday and none of you wouldn't dare to touch even look at them and Indians are the ones bringing caste system in your country. For fucks sake you don't even know what caste system even means. None in a billion years you would have experienced it personally in person. But fuck it.

Stuff like 'Canadians come first' or we want jobs to OUR people first. Okay so how about companies write big bold letters, ""This job is only for White Men"" rest races can f*ck themselves. Bro if an outsider with no network, no language fluency, and no support is getting a job but you can't. That's on you my man. And let's be honest, you don't even consider tim hortons a real job anyway. 'My son can't get a job' Uber is free to use for everyone. Yet you see Indians driving ubers more than whites. What happened did Uber block your white Son's account? Or maybe you never consider these blue collar jobs real jobs anyway? What's with the attacks?

A south african person born in south Africa is what True American is, while an American born poltician to Indian parents is an 'Indian American'.

Somehow the 1% population of a country, that obeys rules, doesn't involve in crimes and pays taxes is THE REASON for downfall of that country. Not it's leaders. Not the REST 99% of population. Nah. It's that 1%. Fuck these pajeets shit cows stinky ass indians. 

What's with the 'imagine the smell' comments in Instagram dude, how many Indians have you smelled? And why? Why is your nose up inside indian asses?

Canada, UK, Australia taunt America for being racist with mexicans and then treat Indians even worse than US treat mexicans.

Now i understand that indians might have weird habits like hygiene or that they hire their own in their departmental stores. I get it. But it's not like your son can't get into microsoft because Satya Nadella declared Microsoft a Hindu nationalist company, indians hate themselves enough we don't need your racist comments with it."
ObvioRoxy,Hi guys,0,2,0.75,0,1742890960.0,False,t5_3d4x4,"I need a help is anyone hiring  I need a job where I can work from home. I have zero experience I am 20 years old passed out student. I am willing to learn and do the job. If anyone can help me out or hire me. Please do text me personally or comment. I will reach out to them.
Thank you!"
Unable-Ad931,"'North-South' debate politically motivated, says RSS general secretary Hosabale",0,180,0.95,0,1742801448.0,False,t5_3d4x4,"The RSS suggested maintaining the current southern states' share of Lok Sabha seats post-delimitation, emphasizing fairness and unity. They supported multilingualism, stressing the importance of learning regional languages like Tamil in Tamil Nadu and Hindi in Delhi, alongside career-oriented languages such as English. The RSS aims to address national unity concerns.

Source: https://m.economictimes.com/news/politics-and-nation/north-south-debate-politically-motivated-says-rss-general-secretary-hosabale/articleshow/119313519.cms

Also available in other news outlets including 
https://timesofindia.indiatimes.com/"
Unlikely-Complex5138,"Swiggy delivery boy in Visakhapatnam stripped, beaten for calling customer “bro”.",0,34,0.97,0,1742829771.0,False,t5_3d4x4,"https://preview.redd.it/9gfg0iglnnqe1.png?width=1080&format=png&auto=webp&s=1312957cbceeb43b1e0b34e1d3096dcd4c0c8b47

[https://www.ap7am.com/en/97512/swiggy-delivery-boy-assaulted-by-apartment-owner-for-calling-him-bro](https://www.ap7am.com/en/97512/swiggy-delivery-boy-assaulted-by-apartment-owner-for-calling-him-bro)"
theanonymoussking,"In Kerala, mother, partner sent to judicial custody for ‘sexual assault’ on girls",0,208,0.98,0,1742790865.0,False,t5_3d4x4,"Source - The Indian Express 

Also available in other news outlets including 

https://timesofindia.indiatimes.com/"
BROWN-MUNDA_,"Touched my thighs, neck' NIT professor held for 'sexually harassing, 'molestation' student at campus",0,275,0.98,0,1742782625.0,False,t5_3d4x4,"An NIT Silchar assistant professor, D Koteswara Raju, has been suspended for allegedly molesting a student. The incident and subsequent protests prompted the institute's swift action. A formal investigation has been launched by the Institute Complaints Committee (ICC) and local police.

Source: https://timesofindia.indiatimes.com/city/guwahati/nit-silchar-asst-prof-held-for-molestation/articleshow/119314198.cms"
yatracharsi,Tulsimanas Recongnised My Work,0,66,0.97,0,1742803462.0,False,t5_3d4x4,"In recent days Tulsimanas Pratisthan Madhya Pradesh invited me And Gave certificate for my “Shreeram ka vanvas” Yatra.
Thank you to all for support and love.
Jai Shree Ram "
Foreign_Angle_9042,Couple's photoshoot in Bengaluru goes wrong as color bomb malfunctions,0,1136,0.96,0,1742739602.0,False,t5_3d4x4,"[https://www.indiatoday.in/trending-news/story/bengaluru-couple-wedding-photoshoot-goes-wrong-colour-bomb-malfunctions-viral-video-64-million-views-2696924-2025-03-21](https://www.indiatoday.in/trending-news/story/bengaluru-couple-wedding-photoshoot-goes-wrong-colour-bomb-malfunctions-viral-video-64-million-views-2696924-2025-03-21)

[https://timesofindia.indiatimes.com/](https://timesofindia.indiatimes.com/)"
Srinivas4PlanetVidya,What can be done to weed out cheats and rebuild trust in India's chit fund industry?,0,1,0.67,0,1742876316.0,False,t5_3d4x4,What key traits help people identify a trustworthy chit fund in a sea of uncertainty
OrwellianDreams,"If the Netas got just as much butthurt over the terrible infrastructure, lack of sidewalks, filthy roads, pollution, lack of civic sense, homelessness as they do on a joke, India would had become a developed nation by now huh?",0,54,0.92,0,1742795804.0,False,t5_3d4x4,
just_a_human_1032,RSS annual meet calls for global solidarity with Hindu community in Bangladesh,0,18,0.91,0,1742815950.0,False,t5_3d4x4,"https://hindupost.in/dharma-religion/rss-annual-meet-calls-for-global-solidarity-with-hindu-community-in-bangladesh/

https://timesofindia.indiatimes.com/"
ClientRelevant5046,"'Strangled, dumped body in canal': Another husband killed by wife, her lover",0,635,0.98,0,1742743678.0,False,t5_3d4x4,"Source - ['Strangled, dumped body in canal': Another husband killed by wife, her lover](https://timesofindia.indiatimes.com/city/dehradun/gurdwara-sevadar-killed-by-wife-her-lover-both-arrested/articleshow/119351162.cms) "
mehesasa,"Isha Ambani with Vogue Talks About the “Pressure” of Being Mukesh Ambani’s Daughter – says ""I feel like I have to work twice as hard in order to dispel the stereotypes associated with working for your dad.""",0,6,0.75,0,1742829120.0,False,t5_3d4x4,"[https://www.vogue.com.au/vogue-codes/news/meet-isha-ambani-the-yale-graduate-and-indian-heiress-you-need-to-know/news-story/fdf8e987242f1fb85d4e04ba175a5044](https://www.vogue.com.au/vogue-codes/news/meet-isha-ambani-the-yale-graduate-and-indian-heiress-you-need-to-know/news-story/fdf8e987242f1fb85d4e04ba175a5044)

In a Vogue Australia interview, Isha Ambani opened up about the unique challenges she faces as Mukesh Ambani's daughter, saying:

*""The pressure is magnified because I am constantly in the spotlight. People are watching you and waiting for you to fail. I feel like I have to work twice as hard in order to dispel the stereotypes associated with working for your dad.”*

It’s interesting to hear her perspective on the pressure of living up to her family name. While it's clear that being in the spotlight (Voluntarily and paid for by Ambani's) comes with its own challenges, it's also hard to ignore the massive advantages she has because of her family's legacy. Is the pressure really “magnified” because you’re in the spotlight, or because you’ve got every privilege handed to you on a golden platter and you feel guilty or undeserving?

It raises some interesting questions about how the “hard work” narrative is framed when you're already starting at the top. What do you think do we truly see people like Isha working “twice as hard,” or is it a bit different when you're part of a global business empire from day one and have had personal assistants and teams before even starting a professional career?"
Dalbus_Umbledore,Ways to Ensure Your Packaged Water is Safe (Now That It's Classified as 'High-Risk Food'),0,18,1.0,0,1742811199.0,False,t5_3d4x4,"Yes, you read that right! [That innocent-looking bottle of water in your hand was officially classified as ""high-risk food](https://www.business-standard.com/india-news/packaged-drinking-water-in-india-is-now-a-high-risk-food-here-s-why-124120300791_1.html)."" (This was done in November'24 BTW) Who knew hydration could be so dangerous? But hey, at least now we can worry about something besides all those preservatives in our snacks!

To ensure the safety and quality of packaged drinking water and mineral water, especially since they are now classified as ""high-risk food,"" consumers can take the following steps:

**1. Look for FSSAI License Number**

* Always check if the product label includes a valid **FSSAI license number**. This ensures the manufacturer complies with regulatory standards.
* Pro tip: The number should be clearly printed and begin with a number followed by digits.

**2. Verify Packaging Integrity**

* Inspect the bottle for tampered or damaged seals. An intact seal guarantees that the water hasn't been contaminated.
* Check the cap seal and the plastic shrink wrap if present.

**3. Check the Expiry Date**

* Ensure that the water is within its expiry period, as stored water can degrade in quality over time.
* Even bottled water can expire - typically 1-2 years from manufacturing date.

**4. Buy from Reputable Sellers**

* Purchase packaged water from trusted brands and authorized outlets to reduce the risk of counterfeit or substandard products.
* Avoid buying from unofficial vendors, especially those selling at heavily discounted prices.

**5. Avoid Unlabeled Products**

* Avoid consuming bottled water that lacks proper labeling, including manufacturer details, batch numbers, and FSSAI certification.
* Remember: If you can't trace where it came from, you shouldn't drink it.

**6. Observe Appearance and Taste**

* Inspect the water for any unusual cloudiness or particles. If the water tastes odd, it's best to avoid consuming it.
* Pure water should be clear, odorless, and have a neutral taste.

**7. Opt for BIS-Certified Products**

* Check for the **Bureau of Indian Standards (BIS)** certification mark on the packaging, even though it's no longer mandatory. It's an additional assurance of quality.
* Look for the ISI mark or IS 14543 standard for packaged drinking water.

  
Bonus Point: You can use the **Food Safety Connect app** or visit the FSSAI website to verify the license number and authenticity of the brand.

Also don't panic: Labeling packaged water as 'high-risk food' may not mean everything is unsafe. It highlights stricter safety checks to protect consumers, with mandatory inspections and audits for businesses to ensure quality standards. Although, we should avoid plastics bottles as much as possible.  
"
PayResponsible4458,Indian SCAMMERS are destroying India's image | Kolkata scam call centres exposed | Abhi and Niyu,0,17,0.72,0,1742808427.0,False,t5_3d4x4,"This has been highlighted since about an year now. That's one year's worth of focus on these scum stealing money from retirees across the Western world. 

I feel it's one of the major reasons for Indophobia and hate becoming more common online. "
EmmVeeEss,Did anyone go through amniocentesis procedure in Bangalore?,0,7,0.9,0,1742822575.0,False,t5_3d4x4,"We did our NT scan at 13 week of pregnancy and found that the nasal bone is absent, which is a soft marked for down syndrome. Apart from this, every other result is normal in the report but still the risk for down syndrome came out to be 1:95. The double marker test results are still pending but then again it is just a screening and not definitive.

We were planning for NIPT initially but since it is a screening test and doesn’t provide exact confirmation and it also being expensive test(18k), we are planning to go with amniocentesis which gives definitive results if there are any anomalies. 

I just wanted to understand the costs involved, good hospitals to have this test done and overall experience. "
BROWN-MUNDA_,13 first-year students suspended for assaulting senior at Nehru Institute of Technology in Coimbatore,0,432,0.98,0,1742740368.0,False,t5_3d4x4,"Nehru Institute of Technology in Coimbatore suspended 13 first-year BE and BTech students for assaulting an MA Criminology student, Haathi, who allegedly stole money from their hostel room. The video of the incident went viral. The suspended students and the injured were asked to appear before the college management for further investigation on Monday.

Source: https://timesofindia.indiatimes.com/city/coimbatore/13-first-year-students-suspended-for-assaulting-senior-at-nehru-institute-of-technology-in-coimbatore/articleshow/119368974.cms"
SquaredAndRooted,Indian-Origin Mother Murders 11-Year-Old Son After Disneyland Trip Amid Custody Dispute,0,217,0.91,0,1742752052.0,False,t5_3d4x4,"In a shocking crime in Santa Ana, California, 48-year-old Indian-origin woman **Saritha Ramaraju** has been charged with **murdering her 11-year-old son, Yatin**, after taking him on a three-day Disneyland trip during a custody visit.  

**Incident Details:**  
- **Date & Location:** On **March 19, 2025**, Ramaraju and her son were staying at **La Quinta Inn & Suites in Santa Ana**, California.  
- **911 Call & Discovery:** At **9:12 AM**, Ramaraju called **911**, confessing to **killing her son** and attempting **suicide by ingesting pills**.  
- **Crime Scene:** When officers arrived, they found Yatin **dead on the bed**, surrounded by **Disneyland souvenirs**. Evidence suggested he had been **dead for several hours** before the call.  
- **Murder Weapon:** A **large kitchen knife**, purchased by Ramaraju **the previous day**, was found in the room.  

**Custody Dispute & Motive:**  
- Ramaraju and her ex-husband **Prakash Raju** divorced in **2018**. She moved to **Virginia**, while Prakash was granted **full custody of Yatin**.  
- Saritha had **visitation rights** but was fighting for **full custody**, accusing Prakash of **substance abuse, aggressive behavior, and controlling tendencies**.  
- Prakash denied the allegations, stating they were **false claims to gain custody**.  

**Legal Proceedings:**  
- **Charges:** Ramaraju has been charged with **one felony count of murder** and an **enhancement for personal use of a deadly weapon**.  
- **Potential Sentence:** If convicted, she faces **26 years to life in prison**.  
- **Current Status:** She has been **denied bail** and is scheduled to appear in court on **April 17**.  

**Official Statement:**  
Orange County **District Attorney Todd Spitzer** commented that **""a child’s life should not be a bargaining tool between parents.""** He condemned Ramaraju for allowing **anger to outweigh love**, leading to **her son’s brutal murder**.  

**Key Takeaway:**  
This case raises questions about **custody battles, parental alienation, and legal intervention in family disputes**. It will be interesting to observe how the **U.S. judicial system handles the case**, especially in contrast to **similar incidents in India**, in terms of **charges, trial process, and sentencing timelines**.  

**Sources:**  
1. **Hindustan Times** - [Read Here](https://www.hindustantimes.com/world-news/indianorigin-woman-slits-11-year-old-sons-throat-after-disneyland-trip-then-takes-pills-to-kill-herself-101742699425354.html)  
2. **NDTV** - [Read Here](https://www.ndtv.com/world-news/indian-origin-woman-takes-son-on-disneyland-trip-then-slits-his-throat-7989015)  
3. **Times of India** - [Read Here](https://timesofindia.indiatimes.com/world/us/indian-origin-woman-charged-with-murdering-11-year-old-son-after-disneyland-trip/articleshow/119362804.cms)"
oar_xf,"Yasmina Sabbah - a Lebanese choir and orchestra conductor, paying tribute to AR Rahman's | Kehna Hi Kya.",0,26,0.91,0,1742791884.0,False,t5_3d4x4,"
Kudos and Credits to all below
Le Chœur de l’USJ
Yasmina Sabbah, Conductor 

Marie-Sol Maroun, solo

Asad Khan, Sitar
Sahil Khan, Tabla
Jeunesses Musicales du Liban Orchestra

Orchestra & Choir adaptation: Lucas Sakr
Videography: Ribal Bsaibes
Editing: Kristian Abouanni
Sound Engineering by Sound People"
theanonymoussking,"Married woman, boyfriend arrested for making rape videos of her 3-year-old daughter in Punjab",0,1307,0.98,0,1742707140.0,False,t5_3d4x4," Source - The Indian Express 


Also available in other news outlets including 

https://timesofindia.indiatimes.com/"
Temporary-Math1009,Some facts on Kunal Kamra and his ecosystem,0,4,0.55,0,1742825184.0,False,t5_3d4x4,
BROWN-MUNDA_,"Sushant Singh Rajput did a suicide': CBI gives clean chit to Rhea Chakraborty, files closure report",0,741,0.97,0,1742716724.0,False,t5_3d4x4,"The CBI has closed the investigation into actor Sushant Singh Rajput’s death, giving a clean chit to Rhea Chakraborty. Rajput was found dead on June 14, 2020, initiating multiple probes. The closure reports in both cases have been submitted in a Mumbai court. Rhea's lawyer highlighted the hardships she faced, expressing hope that such incidents do not recur.

Source: https://timesofindia.indiatimes.com/india/cbi-closes-actor-sushant-singh-rajput-death-case-clears-rhea/articleshow/119355165.cms"
BROWN-MUNDA_,Visuals of burnt pile of cash at Delhi HC judge Yashwant Varma house attached in report submitted to CJI.,0,2343,0.99,0,1742694048.0,False,t5_3d4x4,"Chief Justice of India (CJI) Sanjiv Khanna has formed a three-judge panel to investigate allegations of large amounts of cash found at the residence of Delhi High Court Judge Yashwant Varma. Pending the inquiry, Justice Varma has been barred from judicial work, with potential consequences for his position depending on the panel’s findings.

Source: https://timesofindia.indiatimes.com/india/cash-at-home-row-cji-sets-up-3-judge-panel-to-probe-into-allegations-against-justice-yashwant-varma/articleshow/119356755.cms"
_HKB_,Found these 2 coins in my piggy bank yesterday,0,13,0.93,0,1742798128.0,False,t5_3d4x4,Can anyone tell me their value?
BROWN-MUNDA_,Assam MIA MLA Samsul Huda Thrashes Man With Banana Plant Over Missing Red Ribbon At Bridge Foundation Stone Laying Ceremony,0,1013,0.98,0,1742708892.0,False,t5_3d4x4,"Assam MLA Samsul Huda was caught on video assaulting a man with a banana plant during a bridge foundation stone ceremony, allegedly upset over the absence of a red ribbon. The victim, a colleague of the contractor, called the incident humiliating, with no reported police action yet.

Source: https://www.freepressjournal.in/india/assam-mla-samsul-huda-thrashes-man-with-banana-plant-after-red-ribbon-missing-at-foundation-stone-laying-ceremony-of-bridge-video

Also available in other news outlets including 
https://timesofindia.indiatimes.com/"
Foreign_Angle_9042,Man mutiliates himesefl to frame Eunuch leader,0,82,0.94,0,1742756515.0,False,t5_3d4x4,"[https://www.indiatoday.in/india/short-videos/man-mutilates-himself-to-frame-eunuch-leader-2690519-2025-03-07](https://www.indiatoday.in/india/short-videos/man-mutilates-himself-to-frame-eunuch-leader-2690519-2025-03-07)

[https://timesofindia.indiatimes.com/](https://timesofindia.indiatimes.com/)"
BROWN-MUNDA_,Two Killed As Chariots In Temple Fair Collapse In Karnataka's Anekal,0,384,0.97,0,1742722200.0,False,t5_3d4x4,"Two devotees lost their lives, and two others were injured when temple chariots collapsed during the Huskur Madduramma Fair in Anekal, Karnataka, due to strong rain and wind. The annual event, known for its competition of chariot heights, draws thousands of devotees from neighboring states under heavy security.

Source: https://timesofindia.indiatimes.com/city/bengaluru/spectacle-turns-into-chaos-as-2-towering-chariots-collapses-near-e-city/articleshow/119352113.cms"
BROWN-MUNDA_,"Meerut murder victim's mother appeals to PM Modi for 'justice', flags concern over granddaughter's safety",0,179,0.97,0,1742736290.0,False,t5_3d4x4,"Meerut resident Saurabh Rajput was murdered by his wife Muskan Rastogi and her lover Sahil Shukla, who dismembered his body and concealed it in a cement-filled drum before going on a trip. The victim's mother has appealed to PM Modi and CM Yogi Adityanath for a thorough investigation and demanded the death penalty for the accused.

Source: https://www.hindustantimes.com/india-news/meerut-murder-victims-mother-appeals-to-pm-modi-for-justice-flags-concern-over-granddaughters-safety-101742702338067.html
Also available in other news outlets including 
https://timesofindia.indiatimes.com/"
Foreign_Angle_9042,"Refused sex by partners, 2 men kidnap teen, rape and murder him in Kanpur",0,737,0.98,0,1742707310.0,False,t5_3d4x4,"On March 5, 2025, in Kanpur, UP, 2 men, Azhar and Hussaini, kidnapped a 13-year-old boy. Frustrated after being refused sex by their partners during Ramzan, they took the boy to a forest, raped him, strangled him with a rope, and dumped his body in a well in Makanpur village under the Araul police station area. They attempted to mislead the boy’s family by sending a Rs 10 lakh ransom message. Hussaini is arrested. Azhar remains at large, with a manhunt ongoing, according to DCP Brajendra Dwivedi. The boy’s body was recovered and sent for post-mortem.

[https://www.republicworld.com/india/kanpur-shocker-13-year-old-boy-raped-and-murdered-by-two-men-as-partners-refused-sex](https://www.republicworld.com/india/kanpur-shocker-13-year-old-boy-raped-and-murdered-by-two-men-as-partners-refused-sex)

[https://www.indiatoday.in/india/story/kanpur-men-kidnap-minor-rape-him-throw-body-well-refused-sex-during-ramzan-police-arrested-2691205-2025-03-09](https://www.indiatoday.in/india/story/kanpur-men-kidnap-minor-rape-him-throw-body-well-refused-sex-during-ramzan-police-arrested-2691205-2025-03-09)

[https://www.hindustantimes.com/india-news/kanpur-men-rape-kill-boy-as-partners-refused-sex-report-101741532797258.html](https://www.hindustantimes.com/india-news/kanpur-men-rape-kill-boy-as-partners-refused-sex-report-101741532797258.html)

[https://www.herzindagi.com/society-culture/13-year-old-boy-raped-murdered-by-2-men-in-kanpur-after-partners-refused-sex-article-1020837](https://www.herzindagi.com/society-culture/13-year-old-boy-raped-murdered-by-2-men-in-kanpur-after-partners-refused-sex-article-1020837)

[https://news.abplive.com/cities/refused-sex-by-their-partners-two-up-men-rape-murder-13-year-old-boy-in-kanpur-1756517](https://news.abplive.com/cities/refused-sex-by-their-partners-two-up-men-rape-murder-13-year-old-boy-in-kanpur-1756517)

[https://timesofindia.indiatimes.com/](https://timesofindia.indiatimes.com/)"
SquaredAndRooted,"MP Man Livestreams Suicide, Blames Wife & Mother-in-Law – Both Arrested for Abetment",0,116,0.99,0,1742739698.0,False,t5_3d4x4,"
On **March 16, 2025**, **Shivprakash Tiwari (27)** from **Mehra village, Rewa district (Madhya Pradesh)** **livestreamed his suicide on Instagram**, blaming his **wife Priya Tripathi (24) and mother-in-law Geeta Dubey (60)** for ruining his life. His **wife reportedly watched the 44-minute livestream in real time** but did not intervene.  

Police arrested both women on **March 22, 2025**, charging them with **abetment to suicide (BNS Section 108)**.  

## **Key Details**  
- **Deceased**: Shivprakash Tiwari (27), former priest in Gujarat.  
- **Accused**:  
  - **Priya Tripathi (24) – Wife**  
  - **Geeta Dubey (60) – Mother-in-law**  
- **Marriage**: Two years ago; had a **six-month-old child**.  
- **Marital Issues**:  
  - Frequent disputes.  
  - Priya allegedly involved with someone else.  
  - Shivprakash had an **accident**, returned home, and used crutches.  
  - Priya left for her mother’s house with their baby and refused to return.  
- **Final Events (March 16, 2025)**:  
  1. **Shivprakash visited his in-laws' house** to bring Priya back.  
  2. **He was reportedly humiliated and assaulted**.  
  3. He **returned home and started a livestream on Instagram**.  
  4. **For 44 minutes, he spoke about his suffering and accused his wife & mother-in-law**.  
  5. **He hanged himself while the stream continued**.  
  6. **Police later traced a viewer account to Priya**, indicating she **watched it live**.  

**Police Action & Investigation Status**  
- **Contradictions in Wife’s Statements**:  
  - **Priya denied watching the stream live**, claiming she saw it **only after his death**.  
  - However, police **tracked her social media account** and found **she was an active viewer**.  
- **Arrests & Charges**:  
  - Priya and her mother were **arrested for abetment to suicide (BNS Section 108)**.  
  - Both are **in judicial custody** as the investigation continues.  
- **Ongoing Investigation**:  
  - **Police have confiscated Shivprakash’s and Priya’s phones** to verify online activity and gather more evidence.  

**Key Takeaways**  
- **Did Priya truly watch the suicide live without stopping it?**  
- **Was there emotional abuse or provocation that led to his decision?**  
- **This case raises questions about online suicides, marital conflicts, and legal accountability.**  

**Sources:**  
1. [Hindustan Times](https://www.hindustantimes.com/india-news/mp-man-livestreams-suicide-wife-among-viewers-arrested-for-abetment-with-mother-re-101742708142623.html)  
2. [LiveMint](https://www.livemint.com/news/india/mp-shocker-wife-watches-live-streaming-on-instagram-for-44-minutes-as-husband-ends-life-arrested-for-abetting-suicide-11742727405468.html)  
3. [Times of India](https://timesofindia.indiatimes.com/city/bhopal/man-dies-by-suicide-on-live-stream-wife-held-for-abetment/articleshow/119353404.cms)  
4. [ABP Live](https://news.abplive.com/cities/mp-man-dies-by-suicide-in-instagram-live-blames-wife-and-mother-in-law-marriage-ruined-1759747)  
5. [India Today](https://www.indiatoday.in/india/story/madhya-pradesh-man-hangs-self-wife-mother-in-law-watch-live-on-instagram-2697094-2025-03-21) "
Foreign_Angle_9042,"Gujarati father, daughter shot dead in US store",0,481,0.98,0,1742710060.0,False,t5_3d4x4,"On March 20, 2025, in Virginia, USA, Pradeep Patel, 56, and daughter Urmi, 24, were shot dead by George Frazier Devon Wharton in their store; Pradeep died instantly, Urmi two days later; Wharton arrested, motive unclear; Gujarati family from Kanoda, Mehsana, settled in US since 2019, last rites likely in US, per uncle Chandu Patel and brother Ashok Patel.

[https://timesofindia.indiatimes.com/city/ahmedabad/gujarati-father-daughter-shot-dead-in-us-store-1-arrested/articleshow/119352849.cms](https://timesofindia.indiatimes.com/city/ahmedabad/gujarati-father-daughter-shot-dead-in-us-store-1-arrested/articleshow/119352849.cms)"
Anvesana,What do you guys call it?,0,53,0.93,0,1742753540.0,False,t5_3d4x4,
just_a_human_1032,Notorious drug trafficker Jaggu Bhagwanpuria shifted to Central Jail in Assam,0,41,0.98,0,1742754036.0,False,t5_3d4x4,"https://www.thehindu.com/news/national/assam/notorious-drug-trafficker-jaggu-bhagwanpuria-shifted-to-central-jail-in-assam/article69365600.ece

Also available in other news outlets including 
https://timesofindia.indiatimes.com/"
BROWN-MUNDA_,"Centre hikes MPs' salaries, allowances, pensions with effect from April 2023",0,1,1.0,0,1742821205.0,False,t5_3d4x4,"The central government has increased the salaries, allowances, and pensions of MPs and former MPs by 24% effective April 1, 2023. MPs will now earn Rs 1.24 lakh per month, with daily allowances and pensions for former MPs also being raised. This marks the first revision since 2018, aligning with the Cost Inflation Index.

Source: https://timesofindia.indiatimes.com/india/centre-notifies-24-hike-in-salaries-pensions-for-mps/articleshow/119424365.cms"
Jackass-OfAll-Trades,Another FIR / Vandalism against comedian Kunal Kamra. India is doomed. Democracy only exists in paper.,0,21,0.76,0,1742761637.0,False,t5_3d4x4,kamra
Kneegr0w_pass,Found this on OLX while searching for 2nd hand cars. It also comes with its own rear wheel paddock!!!,0,1,1.0,0,1742820575.0,False,t5_3d4x4,
BROWN-MUNDA_,"Bengaluru techie claims wife demanded ₹5k for intimacy, while she accuses him of abuse",0,487,0.97,0,1742698106.0,False,t5_3d4x4,"A Bengaluru techie, Srikanth, filed a complaint against his wife, Bindushree, alleging that she demanded ₹5,000 for physical intimacy, blackmailed him with suicide threats, and attempted to harm him. He also claimed her family harassed him for money and disrupted his work, leading to his job loss. In response, Bindushree accused Srikanth and his family of domestic abuse, dowry harassment, and invasion of privacy. Both complaints have been filed, and the couple has been summoned for questioning. A psychiatrist has advised them to opt for a mutual divorce.

Source: https://www.hindustantimes.com/cities/bengaluru-news/bengaluru-techie-claims-wife-demands-cash-for-intimacy-she-alleges-domestic-abuse-101742530522307.html

https://www.google.com/amp/s/www.indiatoday.in/amp/cities/bengaluru/story/bengaluru-techie-says-wife-threatened-suicide-demanded-money-to-be-intimate-wife-files-harassment-domestic-abuse-case-2696475-2025-03-20

Also available in other news outlets including 
https://timesofindia.indiatimes.com/"
BROWN-MUNDA_,"MK Stalin-led panel passes resolution, seeks delimitation freeze for 25 more years",0,296,0.92,0,1742704208.0,False,t5_3d4x4,"The Joint Action Committee (JAC) on delimitation, led by Tamil Nadu Chief Minister MK Stalin, adopted a resolution demanding transparency in the delimitation process. The JAC urged the Union Government to extend the freeze on parliamentary constituencies based on the 1971 Census for another 25 years.

Source: https://www.indiatoday.in/india/story/mk-stalin-delimitation-chennai-tamil-nadu-karnataka-deputy-chief-minister-resolution-modi-pinarayi-vijayan-2697374-2025-03-22

Also available in other news outlets including 
https://timesofindia.indiatimes.com/"
Pradidye,What do you think of this article?,0,2,1.0,0,1742781955.0,False,t5_3d4x4,"It seems quite offensive, but was written by one of your countrymen. Is there any truth at all to it?"
yourmamadontdance,The KIIT Prakriti Lamsal Case just got a New Story. What are your thoughts on this video?,0,138,0.87,0,1742699544.0,False,t5_3d4x4,"This guy interviewed Advik's female friend to get the other side of the story.  But more importantly he showed proof of how the Media & Youtubers used lies and fake news to fool people. The guy has some solid receipts for that part!

Also, Leaving the link to full video in comments: https://www.youtube.com/watch?v=WHygzUSfWVc

Let me know what you guys think.

( Case details also available in other news outlets including 
https://timesofindia.indiatimes.com/)

"
secular_attack,Duroflex or Sleep Company,0,1,1.0,0,1742794865.0,False,t5_3d4x4,"Hi, I never thought choosing matters would be difficult for better sleep because I had coir+foam matters before and economically i couldnt think of premium matress. Now since I can stretch my budget I was looking for best matters to experience as available in market. I shortlisted between 

1) Duroflex Back magic.

2) Sleep company Spine ortho matress.

Budget not to exceed 30k. 

Please give suggestions who have past experiences becuase This is first time in my family going for some better matress."
Lazy-Discipline-4203,"""पहले धर्म परिवर्तन, फिर करूंगा टुकड़ेटुकड़े…"", हिंदू लड़की को भगाने वाले 'पाक प्रेमी' तबरेज ने परिजनों को दी धमकी, दिखा लव जिहाद का खूंखार चेहरा",0,12,0.81,0,1742742585.0,False,t5_3d4x4,
mortiestrick137,How do I stay focused?,0,12,0.93,0,1742744358.0,False,t5_3d4x4,Guys I'm a working person who's trying to study to keep up with new tech. But I fail miserably as I'm unable to stay focused. I get distracted very easily and it's getting on my nerves! Can someone please share some tips to stay focused! I'd really appreciate it!
BROWN-MUNDA_,"Only Hindus should be employed at Tirumala temple, others will be transferred: Andhra CM Chandrababu Naidu",0,2297,0.96,0,1742636109.0,False,t5_3d4x4,"Andhra Pradesh CM N Chandrababu Naidu said non-Hindu employees working in Tirumala Tirupati Devasthanams (TTD) will be reassigned to other departments without hurting their sentiments. While reiterating that only Hindus should work at TTD, Naidu said employees of other faiths, and Hindus working in Christian or Muslim organisations will also be relocated. “Religious places should have employees of only that faith,” he said on Friday during a visit to the temple.

Source: https://timesofindia.indiatimes.com/india/non-hindus-working-in-ttd-will-be-shifted-says-andhra-cm-chandrababu-naidu/articleshow/119324499.cms

https://www.google.com/amp/s/www.moneycontrol.com/news/india/only-hindus-should-be-employed-at-tirumala-temple-others-will-be-transferred-andhra-cm-chandrababu-naidu-12972292.html/amp"
Foreign_Angle_9042,Allahabad HC is not trash bin; Bar association opposes transfer of Justice Yashwant Varma,0,1044,0.99,0,1742651038.0,False,t5_3d4x4,[https://timesofindia.indiatimes.com/india/not-a-trash-bin-allahabad-hc-bar-association-opposes-justice-yashwant-varmas-transfer-after-cash-recovery/articleshow/119297093.cms](https://timesofindia.indiatimes.com/india/not-a-trash-bin-allahabad-hc-bar-association-opposes-justice-yashwant-varmas-transfer-after-cash-recovery/articleshow/119297093.cms)
Foreign_Angle_9042,"Man gets death penalty for raping, killing 7-yr-old",0,821,0.99,0,1742644146.0,False,t5_3d4x4,"Budaun, October 19, 2024: Jaane Alam Ahmad, 23, raped and murdered a 7-year-old girl, smashing her face with a brick; arrested after a police encounter, he was sentenced to death on March 19, 2025, by Pocso court judge Deepak Yadav, fined Rs 1.75 lakh, convicted under BNS sections 65-2, 87, 103-1, and Pocso Act, deemed ""rarest of rare"" crime.

[https://timesofindia.indiatimes.com/city/bareilly/man-gets-death-penalty-for-raping-killing-7-yr-old/articleshow/119222560.cms](https://timesofindia.indiatimes.com/city/bareilly/man-gets-death-penalty-for-raping-killing-7-yr-old/articleshow/119222560.cms)"
BROWN-MUNDA_,"Man Dies By Suicide, Blames Wife And Mother-In-Law On Instagram Live",0,375,0.97,0,1742658889.0,False,t5_3d4x4,"A man in Madhya Pradesh’s Rewa district, Shiv Prakash Tripathi, died by suicide during an Instagram live session on March 16, blaming his wife and mother-in-law for his distress. The police have arrested the two women and initiated an investigation.

Source: https://www.deccanherald.com/india/madhya-pradesh/man-goes-live-on-instagram-kills-self-after-blaming-wife-mother-in-law-3458188

Also available in other news outlets including 
https://timesofindia.indiatimes.com/"
Foreign_Angle_9042,"Bangladesh man 'illegally' settles in India, infiltrates more to expand business",0,306,0.98,0,1742657928.0,False,t5_3d4x4,"Mohd. Iqbal Hossain alias Farhan Khan, an illegal Bangladeshi immigrant, lived a double life with wives in Bangladesh and India, ran a garment business in Delhi, and trafficked Bangladeshis for labor; arrested by Delhi Police Crime Branch with forged Indian documents. Previously lived in England (2004-2009), returned to Bangladesh, entered India illegally in 2017, and was arrested in 2020 for selling illegal SIMs. Separately, BSF foiled a smuggling and infiltration bid in West Bengal’s Cooch Behar, arresting five Bangladeshi nationals, including a couple and three transgender individuals, who were illegally living in Delhi and Haryana.

[https://www.tribuneindia.com/news/delhi/bangladesh-man-illegally-settles-in-india-infiltrates-more-to-expand-business](https://www.tribuneindia.com/news/delhi/bangladesh-man-illegally-settles-in-india-infiltrates-more-to-expand-business)

[https://www.indiatoday.in/india/story/west-bengal-border-security-forces-arrest-5-bangladeshi-nationals-infiltration-attempt-cooch-behar-2697216-2025-03-22](https://www.indiatoday.in/india/story/west-bengal-border-security-forces-arrest-5-bangladeshi-nationals-infiltration-attempt-cooch-behar-2697216-2025-03-22)

[https://timesofindia.indiatimes.com/city/delhi/cops-nab-kingpin-of-gang-facilitating-illegal-immigration/articleshow/119314044.cms](https://timesofindia.indiatimes.com/city/delhi/cops-nab-kingpin-of-gang-facilitating-illegal-immigration/articleshow/119314044.cms)"
BROWN-MUNDA_,"After 18 BJP MLAs suspended, Karnataka Assembly passes 4% Muslim quota bill",0,1156,0.97,0,1742627799.0,False,t5_3d4x4,"Both Houses of Karnataka legislature Friday passed the controversial bill granting 4% reservation to Muslims in securing govt contracts despite opposition from BJP-JD(S). The bill was passed in the assembly soon after 18 BJP MLAs were suspended for six months for 'disrespecting the Chair' while vociferously demanding a probe into alleged honey-trap cases.

Source: https://timesofindia.indiatimes.com/india/18-bjp-mlas-ousted-from-karnataka-house-muslim-quota-bill-passed/articleshow/119320080.cms"
Foreign_Angle_9042,"Delhi minister suspends executive engineer, says officials became 'thick-skinned' in past 10 years",0,269,0.98,0,1742654347.0,False,t5_3d4x4,"Delhi PWD Minister Parvesh Verma suspended Executive Engineer Ramashish Singh over poor Akshardham drain desilting, criticized Delhi officials for becoming ""thick-skinned"" under AAP rule, vowed strict oversight, and announced efforts to treat sewage entering the Yamuna.

[https://economictimes.indiatimes.com/news/india/delhi-minister-suspends-executive-engineer-says-officials-became-thick-skinned-in-past-10-years/articleshow/119295302.cms?from=mdr](https://economictimes.indiatimes.com/news/india/delhi-minister-suspends-executive-engineer-says-officials-became-thick-skinned-in-past-10-years/articleshow/119295302.cms?from=mdr)

[https://timesofindia.indiatimes.com/city/delhi/verma-officials-have-become-thick-skinned-must-do-their-job/articleshow/119313322.cms](https://timesofindia.indiatimes.com/city/delhi/verma-officials-have-become-thick-skinned-must-do-their-job/articleshow/119313322.cms)"
BROWN-MUNDA_,"Suspecting he was not real father of child, man slits 3.5-year-old son's throat",0,246,0.98,0,1742654664.0,False,t5_3d4x4,"A 38-year-old software engineer from Chandannagar, Pune, was arrested for killing his young son due to frequent disputes with his wife. Madhava Sadhurao Tiketi, a former techie from IIIT Bengaluru, admitted to committing the murder as police discovered the boy’s body and the murder weapon. Tiketi had been heavily inebriated when captured.

Source: https://timesofindia.indiatimes.com/city/pune/techie-held-on-charge-of-killing-3-5-yr-old-son-over-frequent-disputes-with-wife/articleshow/119316500.cms

https://www.google.com/amp/s/www.timesnownews.com/crime/suspecting-he-was-not-real-father-of-child-pune-techie-slits-toddler-sons-throat-abandons-body-article-119328398/amp"
BROWN-MUNDA_,Bengaluru Hosts First-Ever Cauvery Aarti at Sankey Tank,0,266,0.97,0,1742648151.0,False,t5_3d4x4,"The Cauvery Aarti, modelled on Varanasi's Ganga Aarati, is part of the Karnataka government's efforts to promote water conservation and to honour the River Cauvery, at Sankey Tank, in Bengaluru. The event, held on the eve of World Water Day, March 21, was to raise public awareness on reducing water wastage and its proper usage.

Source: https://timesofindia.indiatimes.com/city/bengaluru/bengalurus-sankey-tank-shimmers-with-cauvery-aarti-on-world-water-day-see-photos/photostory/119335825.cms"
BROWN-MUNDA_,"Karnataka to introduce sex education, cyber hygiene and moral classes for school students",0,720,0.98,0,1742619988.0,False,t5_3d4x4,"The Karnataka government will introduce sex education classes for grades 8-12, focusing on adolescence-related physical and emotional changes. It will also roll out cyber hygiene and moral education classes, along with health check-ups and POCSO Act awareness sessions for holistic development.

Source: https://www.hindustantimes.com/cities/bengaluru-news/karnataka-to-introduce-sex-education-cyber-hygiene-and-moral-classes-for-school-students-101742526842151.html#:~:text=The%20Karnataka%20government%20will%20launch,and%20Literacy%20Minister%20Madhu%20Bangarappa.

Also available in other news outlets including 
https://timesofindia.indiatimes.com/"
BROWN-MUNDA_,Candidates Can't Be Rejected Solely Because They Had Higher Degrees Than Prescribed Qualification : Supreme Court,0,213,1.0,0,1742642471.0,False,t5_3d4x4,"The Supreme Court observed that a candidate possessing a higher degree of qualification cannot be rejected solely because a lower degree of qualification is required for a particular post.

Source: https://www.livelaw.in/supreme-court/candidates-cant-be-rejected-solely-because-they-had-higher-degrees-than-prescribed-qualification-supreme-court-287184

Also available in other news outlets including 
https://timesofindia.indiatimes.com/"
InvestSmartIndia,The Economic Footprint of IPL,0,60,0.94,0,1742664113.0,False,t5_3d4x4,
Any-Satisfaction-232,So when will we start talking about sexual depravity in India?,0,4,0.64,0,1742716203.0,False,t5_3d4x4,"Every time the topic of sexual violence or harassment comes up in Indian discourse, it's usually reduced to surface-level outrage, blaming Western influence, or policing what women wear. But when are we actually going to address the deep-rooted sexual depravity that exists within our society?

Most girls in India don't get assaulted by strangers. They’re abused by their uncles or relatives. Don't downvote me call your gf and ask about her experience and she will tell you after some initial hesitation.

I'm not just talking about the headline-grabbing cases. I'm talking about the normalization of molestation in public spaces, the rampant consumption of non-consensual content online, the disturbing number of underage abuse cases that never make it to the news, and the cultural silencing of victims—especially within families.

There’s a lot of shame, denial, and hypocrisy. We glorify modesty and ""sanskaar"" on one hand, while sweeping everything else under the rug. Why is it that any serious conversation about sexual dysfunction, perversion, or abuse is considered taboo? How long are we going to pretend this isn’t happening in our homes, schools, religious institutions, and online spaces?

I have seen 12y.o kids swim together with eachother familiarise opposite gender body at early age so there is no perversion that arises in western nations. They are sexually educated and satisfied at a very early age so they can move on to next goals. In our country we are stuck at that phase even till we reach 60 year of age. 

Why do we systematically deprive men(and women )of sex and then get surprised when these incidents happen? Some regions do it more some do it less but it's a pan religion pan India issue. "
BROWN-MUNDA_,"Rahul Gandhi calls merit a flawed upper-caste idea, backs caste census",0,901,0.95,0,1742609466.0,False,t5_3d4x4,"Congress leader Rahul Gandhi criticised the merit-based system in India, arguing that it does not take historical disadvantages faced by marginalised communities into account.

Source: https://www.business-standard.com/politics/rahul-gandhi-merit-upper-caste-narrative-caste-census-ambedkar-125032100484_1.html

https://timesofindia.indiatimes.com/india/politically-unfit-dolt-bjp-slams-rahul-gandhi-over-merit-remark-karnataka-quota/articleshow/119296614.cms"
vsphotographer,"I have started feeling sad for Kunal Kamra. The man looks like he has lost everything. I cannot believe I supported him once and stood by his stand against the Supreme Court. I Watched his latest video, and I don't know why I did that.",0,0,0.5,0,1742741114.0,False,t5_3d4x4,"Today, he released a new stand-up comedy video titled Naya Bharat. I kid you not—I watched the whole set. Now, I am sure that if the NDA comes back to power in 2029, this man is going to jump off a roof.

The only part of the video that was remotely funny was the Ola part other than that I don't think I have watched anything so trivial and mediocre. And the people sitting in the crowd must be high on something because I find it hard to believe the people were losing their shit on such a terrible comedy routine if you could call it that.

I understand you hate Modi and Wanted to, or maybe had to (in case he was paid by somebody hoping he was not), write the whole routine against the ruling government, but where was the comedy? That is why I like Varun Grover a lot more than this guy. When Varun jokes about the government or criticizes it in his satire, it does not feel like a hit job.

Most of his jokes were outdated. Many of his jokes were straight out of the memes that were being circulated a few months ago. And a lot of his material sounded like the same anti-BJP rhetoric that is being spread by Congress spokespersons on news channels every evening.  
  
The same old jokes about firecrackers spreading pollution (I wish he had read the IIT Kanpur report), India mein koi infrastructure development Nahin ho raha hai, and the best of them all Saare dange to Hindu hi kar rahe hain Musalman bahut Pyare Hain Shant rahte hain Kuchh Nahin Kehete Hain...

Bro even dragged Halal and Jhataka into his routine and straight up claimed that scientists say that Halal is better whereas scientists have always said that both have their advantages.

If Kunalostradamus is to be believed, our country is sinking and will not recover. We are nowhere when it comes to technological advancements and Hum Honge Kangal Ek din.

Anyway like I said more than a comedy routine it felt like a hit job against the BJP government. Also, this man is so irrelevant to the BJP that they have never filed a complaint against him for his comedy routines in the past and yet whenever he comes on stage he talks as if he is their enemy number one.

Sadly the only Hill I would be willing to be seen with him would be on the hill of freedom of speech and I could only hope that he does not change his views and try to silence the ones who do not agree with his worldview."
Un_availableMan,I’ve been investigating an anomaly in Puducherry’s budget… what I found is shocking!,0,15,1.0,0,1742679841.0,False,t5_3d4x4,"I started using RTI to ask simple questions about how public money is being spent in Puducherry. I wasn’t expecting much… but the more I dug, the more shocking things I found.

-  In February 2025, the Puducherry government allocated ₹96 Lakh for MLA foreign travel.
-  But there’s NO official approval document (Government Order - GO) for these trips.
-  I filed RTIs to different departments—the Legislative Assembly, Finance, and Gazette Publishing.
- Guess what? The Gazette Department itself confirmed that NO GO (Government Order) was ever issued or published! 

This means MLAs traveled abroad using public money without any official approval!

I kept digging and got another suspicious reply—they now claim that a province in Nepal ""invited"" the MLAs. But even if that’s true, if public funds were used, a GO(Government Order) is mandatory.

So here are my questions:
- Where did the ₹96 Lakh actually go?
- If there’s no GO, how was the money sanctioned?
- Who approved these expenses?
- If an official delegation went, why was there no public record?

This isn’t a political attack—I’m just a concerned citizen using RTI to ask questions. If public money was used, shouldn’t we have answers?

Would love to hear thoughts from the community—is this normal governance, or is this corruption hiding in plain sight?
"
BROWN-MUNDA_,"At 93, Pani Devi from Bikaner has defied age by winning three gold medals at the National Masters Athletics Championships in Bengaluru",0,285,1.0,0,1742613835.0,False,t5_3d4x4,"At 93, Pani Devi from Bikaner has defied age by winning three gold medals at the National Masters Athletics Championships in Bengaluru. Competing in discus throw, shot put, and the 100-metre race, she secured first place in all three. Her disciplined lifestyle and healthy diet keep her active and unstoppable!

Source: https://www.indiatoday.in/india/video/93-year-old-wins-three-gold-medals-2696868-2025-03-21

https://www.mediaeyenews.com/city/bikaners-93-year-old-athlete-pana-devi-wins-gold-medals-proves-age-is-just-a-number/152238.html#:~:text=At%2093%2C%20Pani%20Devi%20stands,story%20continues%20to%20inspire%20many.
And many Media houses including : https://timesofindia.indiatimes.com/"
ProfessionalAside834,Perception of Right Wing messaging/communication strategy. What can one learn and unlearn?,0,2,0.75,0,1742710881.0,False,t5_3d4x4,"*I am right of center, not hard right winger of course and always open to different opinions - try my best not to get carried away and make below the belt or personal comments (spend some time in opposing ideological groups to understand them* and develop critical thinking\*)\*

Right wingers use the following:

strong emotional resonance, **emotionally** charged narratives create a sense of urgency, safety (\*Hindus are under threat) + sense of belonging

**(Over)Simplification** of complex issues--> create memorable slogans/catchy soundbites + ignore the nuances; create binaries - black and while; national and anti-national == polarization (can be useful to build optics, PR to some extent)

**Aggressive**, **confrontational** tone (seen as angry, uncivil at times) + don't like political elites; like leaders with mass appeal === echo chambers reinforces biases (nothing new) ++ trolling, personal, cheap comments + MUSCULAR nationalism ( Arnab Goswami etc)

UNWILLINGNESS to accept (constructive) criticism + NO REAL/PROPER interviews (we have soft-ball interviews by Modi\* instead)

**Compulsive need** to treat something, someone as punching bag || somebody has to be the villain (real,imaginary, historical figures) any examples pleasssssse ?

**Rigid** beliefs **DESPITE** claims not being supported by evidence, statistics, trend lines (latest attempt to ban Grok is a new low for Mod\*i govt + \*Cow u\*rine can treat cancer b\*llshit)

**THREAT THREAT** \- outsiders are coming; societal changes (some are reasonable concerns)

Hindu couples marrying late, not having kids due to poor quality of life, cost of living is not discussed enough + rich people giving up citizenship and its implications.

Fear-based messaging can resonate deeply with those **who feel economically or socially insecure**, isn't it (study the economic/financial profile of the foot soldiers of VHP\*, Bajrang\* Da\*l etc)

Offer a **collective sense of belonging** tied to cultural or national values + H\*indu-Hindi\*-Hi\*ndutva notion == push for homogeneity + ONE NATION ONE xyz stuff

Right-wing messaging highly effective for mobilizing supporters but divisive for broader audiences

Struggling to unite Hi\*ndus (what caste divided) or push for reforms and course corrections be it delimitations, GST issues, tax devolutions, center-state; improving relationships with neighbors etc

Someone like Trump has shown the mirror to Modi govt for high non-trade barriers || Modi\* doing yes sir to Trump now

Indian pvt sector suffering from poverty of ambition + INR gets stronger when you add value in export sector

What else.............."
theanonymoussking,Wife and lover arrested for husband's murder,0,282,0.98,0,1742613422.0,False,t5_3d4x4,[Wife and lover arrested for husband's murder [TOI]](https://timesofindia-indiatimes-com.cdn.ampproject.org/v/s/timesofindia.indiatimes.com/city/agra/wife-and-lover-arrested-for-husbands-murder/amp_articleshow/119267531.cms?amp_gsa=1&amp_js_v=a9&usqp=mq331AQIUAKwASCAAgM%3D#amp_tf=From%20%251%24s&aoh=17425808891631&referrer=https%3A%2F%2Fwww.google.com&ampshare=https%3A%2F%2Ftimesofindia.indiatimes.com%2Fcity%2Fagra%2Fwife-and-lover-arrested-for-husbands-murder%2Farticleshow%2F119267531.cms)
v_ish,Amazon to follow Flipkart and adds processing fees for bank discounts above 500,0,1,1.0,0,1742721675.0,False,t5_3d4x4,
3ngin3,Seeing yellow spots when boiling milk. Is this normal ?,0,0,0.5,0,1742709195.0,False,t5_3d4x4,
Himawari_02,"I was commissioned to make this cute portrait of Isabella, the tabby cat.",0,1,1.0,0,1742704960.0,False,t5_3d4x4,
Foreign_Angle_9042,"Gopalganj  |  80-year-old Dalit woman raped, eyes gauged out",0,2568,0.97,0,1742551128.0,False,t5_3d4x4,"On March 14, 2025, in Gopalganj, Bihar, 80-year-old Dalit woman was gang-raped by Chote Alam, Mohd Sayyed Ali, Babbudin, Sahabbuddin, Md Saddam Ali, Hasmat, and Zummaddin during Holi; they gagged her, attempted to gouge her eyes, and left her for dead in a wheat field. She regained consciousness after 19 hours on March 15, narrated the ordeal to her family, who faced casteist slurs from the accused’s kin. Police at Baikunthpur station, led by SHO Abhishek Kumar, booked the six men and arrested one under BNS and SC/ST Act; raids continue for others. Survivor received medical care; sparking outrage from Dalit rights groups.

Her daughter-in-law in the video.

[https://timesofindia.indiatimes.com/city/patna/elderly-dalit-woman-raped-in-gopalganj-during-holi/articleshow/119119179.cms](https://timesofindia.indiatimes.com/city/patna/elderly-dalit-woman-raped-in-gopalganj-during-holi/articleshow/119119179.cms)

[https://newsable.asianetnews.com/india/bihar-shocker-80-year-old-dalit-woman-gang-raped-in-gopalganj-daughter-in-law-recounts-brutal-ordeal-watch-ddr-stbrrf](https://newsable.asianetnews.com/india/bihar-shocker-80-year-old-dalit-woman-gang-raped-in-gopalganj-daughter-in-law-recounts-brutal-ordeal-watch-ddr-stbrrf)

[https://www.etvbharat.com/en/!state/80-year-old-dalit-woman-raped-in-bihar-during-holi-celebrations-enn25031803113](https://www.etvbharat.com/en/!state/80-year-old-dalit-woman-raped-in-bihar-during-holi-celebrations-enn25031803113)

[https://x.com/jpsin1/status/1901529148339945978](https://x.com/jpsin1/status/1901529148339945978)"
XmokamboX,My friend was murdered,0,23,1.0,0,1742640814.0,False,t5_3d4x4,"Source-https://www.bhaskar.com/amp/local/rajasthan/bhilwara/news/gujarat-rajkumar-murder-case-gondal-mla-geetaba-son-ganesh-jadeja-bhilwara-134657040.html

The CCTV of ground floor of Jadeja’s residence was released incompletely. Only the entry of victim is seen and rest of the video is deliberately left out because they had beaten Raj mercilessly. If they release the video they would definitely be behind bars. But the control of MLA’s family over police is so strong that the case is forcefully being driven to a HIT and RUN case. The family member is already on a bail , of a murder case. 

Please help me so this case reaches honest officials and media.

Ps:- Even if you can’t help , please show love to your friends or tell them they mean a lot to you because you never know which are your last moments with them or the last call.
I pray god you may never see a young friend die."
SquaredAndRooted,MP Shocker: Woman Returns Home After 18 Months – 4 Men Were Wrongfully Jailed for Her Murder!,0,196,0.99,0,1742589219.0,False,t5_3d4x4,"In a shocking case from Madhya Pradesh, a woman who was presumed dead for 18 months has returned home, leaving her family and police stunned. Four men had already been jailed for her ""murder,"" and her family had identified and cremated another woman's body, believing it was hers. The case has now triggered a fresh investigation into both the wrongful incarceration and the mystery of the unidentified deceased woman.  

#### **Key Details**  
- The woman, a resident of Navali village in Mandsaur, was reported missing in **September 2023**.  
- A few days later, a **decomposed female body** was discovered in Jhabua district’s **Thandla area**, along the Mumbai-Delhi highway.  
- The body’s **face and head were crushed** with a heavy stone, making identification difficult.  
- Police circulated the body’s **photo**, and the missing woman’s family **identified her based on a tattoo and an ankle thread**.  
- They stated she had eloped with a man named **Shahrukh**, leading police to arrest **Shahrukh, Imran, Sonu, and Ejaz** for her murder.  
- The body was cremated, and the four accused were jailed after a chargesheet was filed against them.  

**Her Return & Revelations**  
- 18 months later, the woman **suddenly reappeared** in her village, reuniting with her two children.  
- Shocked, her family took her to **Gandhi Sagar police station**, presenting **Aadhaar, voter ID, and other documents** to confirm her identity.  
- She told police that she had **willingly gone with Shahrukh** in 2023. However, **within two days, he sold her** to another man, also named Shahrukh, for **₹5 lakh**.  
- She was **kept in Kota** for 18 months, unable to contact anyone, and finally **escaped** with the help of locals.  

**Police & Legal Developments**  
- Authorities are now trying to determine **whose body was mistakenly cremated** and whether the four jailed men were falsely accused.  
- The **Jhabua police and Thandla police** have been informed, and a **fresh investigation** may be ordered.  
- The **four jailed men have filed an appeal** in court for reconsideration of their case.  
- Jhabua SP Padmavilochan Shukla stated that further action would depend on **court orders**.  

**Key Takeaways**  
- The case raises **serious concerns** over the accuracy of police investigations and wrongful incarceration.  
- The identity of the **real deceased woman** remains **unknown**.  
- The incident highlights **human trafficking**, as the woman was allegedly **sold and confined** for 18 months.  
- The legal process for **releasing the falsely accused men** and identifying the actual murderer is still underway.  

**Sources**  
1. [Times of India](https://timesofindia.indiatimes.com/city/indore/4-men-in-jail-for-her-murder-missing-woman-back-home-after-18-months/articleshow/119270370.cms)  
2. [Times Now News](https://www.timesnownews.com/india/killed-but-alive-mp-woman-returns-months-after-murder-and-cremation-4-in-jail-for-crime-article-119294134/amp)  
3. [Mathrubhumi English](https://english.mathrubhumi.com/news/india/woman-presumed-dead-returns-home-after-18-months-in-madhya-pradesh-1.10437034)
"
Foreign_Angle_9042,"Bengal government demotes, transfers doctor involved in RG Kar protests",0,353,1.0,0,1742561157.0,False,t5_3d4x4,"On March 20, 2025, the West Bengal government demoted and transferred Dr Subarna Goswami, Deputy CMOH-II in Purba Bardhaman and leader of protests for a 31-year-old doctor raped and murdered at RG Kar Medical College in Kolkata in August 2024, to Superintendent of Darjeeling TB Hospital, effective immediately, with Dr Sunetra Majumder temporarily taking over Goswami's prior role.

[https://www.indiatoday.in/india/story/bengal-government-demotes-transfers-doctor-involved-in-rg-kar-protests-2696441-2025-03-20](https://www.indiatoday.in/india/story/bengal-government-demotes-transfers-doctor-involved-in-rg-kar-protests-2696441-2025-03-20#:~:text=The%20West%20Bengal%20government%20has,temporarily%20assume%20Goswami's%20previous%20role)

[https://www.ndtv.com/india-news/bengal-government-transfers-doctor-subarna-goswami-involved-in-rg-kar-protests-7970033](https://www.ndtv.com/india-news/bengal-government-transfers-doctor-subarna-goswami-involved-in-rg-kar-protests-7970033)

[https://timesofindia.indiatimes.com/](https://timesofindia.indiatimes.com/)"
SquaredAndRooted,"Fire at Delhi HC Judge's Residence Leads to Cash Discovery, Transfer & In-House Probe",0,548,1.0,0,1742552620.0,False,t5_3d4x4,"A fire at the official residence of Delhi High Court Judge **Yashwant Varma** on **March 14, 2025**, led to the discovery of a large amount of unaccounted cash. Following this, the **Supreme Court Collegium**, led by **Chief Justice of India (CJI) Sanjiv Khanna**, decided on **March 20, 2025**, to transfer Justice Varma back to **Allahabad High Court**, his parent court.  

However, amid concerns that a mere transfer would be inadequate, the **Supreme Court has now initiated an in-house probe** into the matter. A **full court meeting of all Supreme Court judges**, held on **March 21, 2025**, unanimously agreed that a **punitive transfer alone would not suffice**, and concrete action was necessary. As part of this process, the Supreme Court has also sought a **detailed report from Delhi High Court Chief Justice Devendra Kumar Upadhyaya**.  

Justice Varma was **not present in Delhi** at the time of the fire. His **relatives alerted emergency services**, leading the **fire brigade and police** to respond. After the fire was extinguished, officials discovered **a huge pile of cash** inside the house. The police documented the recovery and **escalated the matter to senior authorities**, eventually reaching the Supreme Court.  

While the **transfer process is underway**, it **has not yet received government clearance**. Meanwhile, Justice Varma **did not hold court on March 21**, and his staff confirmed he was **on leave**.  

## **Key Details**  
- **Incident Date**: March 14, 2025  
- **Discovery**: Unaccounted cash found in Justice Varma’s house  
- **Action Taken**:  
  - **March 20, 2025**: SC Collegium transfers him to Allahabad HC (pending government approval).  
  - **March 21, 2025**: SC judges decide to initiate an **in-house probe**.  
  - **Report sought** from Delhi HC Chief Justice **Devendra Kumar Upadhyaya**.  
- **Judicial Concerns**: SC judges agreed that a transfer alone was inadequate and could damage judicial credibility.  
- **Current Status**: Justice Varma is **on leave** and has not held court since the controversy broke out.  

**Breakdown of Events**  
1. **Fire Incident**: Occurred at Justice Varma’s official residence in Delhi while he was out of town.  
2. **Emergency Response**: His relatives called the fire brigade, which extinguished the fire and found large sums of cash.  
3. **Police & Higher Authorities Alerted**: The discovery was escalated up the government chain, eventually reaching the CJI.  
4. **Supreme Court Collegium Meeting (March 20, 2025)**: Decided on **Justice Varma’s transfer** to Allahabad HC.  
5. **Supreme Court Full Court Meeting (March 21, 2025)**: Judges **unanimously agreed** to an **in-house probe**, considering transfer alone insufficient.  
6. **Action Plan**:  
   - **Delhi HC CJ to submit a report** on the matter.  
   - **Justice Varma remains on leave** amid the controversy.  
   - **Government approval pending** for transfer execution.  

**Judicial Precedent – 2008 ‘Cash-at-Door’ Scandal**  
- In 2008, a **packet containing ₹15 lakh** was mistakenly delivered to the residence of **Punjab & Haryana HC's Justice Nirmaljit Kaur**.  
- Later investigations revealed that the money was **intended for Justice Nirmal Yadav**, who faced legal action.  
- The case drew significant attention, and the current controversy around Justice Varma is being compared to it.  

**Key Takeaways**  
- The incident has **raised serious concerns** about judicial accountability and credibility.  
- The **Supreme Court’s swift action** suggests a **zero-tolerance approach** to alleged judicial misconduct.  
- The **discovery of unaccounted cash** could lead to **more severe legal actions**, including **resignation, in-house inquiry, or impeachment**.  
- The case has **reignited debates** on **judicial ethics, corruption, and transparency**.  

**Potential Legal Implications**  
1. **In-House Investigation (Ongoing)**:  
   - As per the **1999 SC in-house procedure**, the CJI has **sought a report from the Delhi HC CJ**.  
   - If the report or findings are unsatisfactory, a **three-judge panel** (one SC judge + two HC Chief Justices) may be formed for a deeper probe.  
   - Based on findings, the judge may be asked to **resign** or face **impeachment proceedings**.  

2. **Possible Criminal Charges**:  
   - If proven that the cash was **illegally obtained**, sections under the **Prevention of Corruption Act, 1988**, and the **Income Tax Act, 1961** could apply.  
   - Authorities might initiate a **money laundering probe** under the **Prevention of Money Laundering Act, 2002 (PMLA)**.  

3. **Impeachment Possibility**:  
   - If allegations hold weight, Parliament can initiate **impeachment under Article 124(4) of the Constitution** for **misconduct or corruption**.  

**Sources**  
1. **Times Now** – [Fire at Delhi HC Judge's house leads to discovery of cash, SC transfers him](https://www.timesnownews.com/delhi/fire-at-delhi-hc-judge-justice-yashwant-varmas-house-leads-to-discovery-of-huge-cash-pile-cji-sanjiv-khanna-led-collegium-orders-transfer-article-119279516/amp)  
2. **India Today** – [Fire at Delhi judge's bungalow leads to huge cash recovery; he gets transferred](https://www.indiatoday.in/india/law-news/story/delhi-high-court-judge-cash-found-after-fire-at-bungalow-supreme-court-collegium-transfers-allahabad-high-court-2696710-2025-03-21)  
3. **Times of India** – [Who is Justice Yashwant Varma, the Delhi HC Judge transferred after cash recovery](https://timesofindia.indiatimes.com/india/who-is-justice-yashwant-varma-the-delhi-hc-judge-transferred-after-cash-recovery/articleshow/119291444.cms)  
4. **Bar & Bench** – [SC initiates in-house probe, seeks report from Delhi HC CJ](https://www.barandbench.com/news/supreme-court-initiates-in-house-probe-against-justice-yashwant-varma-seeks-report-from-delhi-hc-cj)  "
ProfessionalAside834,Why is India so dusty? Is it s South Asian thing,0,2,1.0,0,1742660755.0,False,t5_3d4x4,
BROWN-MUNDA_,"Fed up with stomach ache, man tries to operate on self after watching YouTube",0,235,0.99,0,1742562061.0,False,t5_3d4x4,"A 32-year-old man in Mathura attempted self-surgery for stomach pain after watching YouTube videos but ended up in critical condition due to excessive bleeding. He was rushed to a hospital in Agra after his self-inflicted stitches failed, and doctors are now treating him.

Source: https://timesofindia.indiatimes.com/india/fed-up-with-stomach-ache-man-tries-to-operate-on-self-after-watching-youtube/articleshow/119272683.cms"
DarkMountain666,Kharge slams Modi government over ‘Make in India’ scheme’s unfulfilled promises,0,1,1.0,0,1742666039.0,False,t5_3d4x4,
DarkMountain666,BSF Seizes Heroin Valued At Rs 6.77 Crore Along India-Bangladesh Border | Nation,0,1,1.0,0,1742665978.0,False,t5_3d4x4,
BROWN-MUNDA_,"Obscene videos of judges, central leaders made': Honeytrap allegations rock Karnataka politics, senior minister claims he is victim along with 48 others",0,366,1.0,0,1742548572.0,False,t5_3d4x4,"A substantial political controversy has erupted in the Karnataka assembly over allegations of a honeytrap scandal involving a senior minister and 48 others, including legislators, politicians, and judges. The issue was highlighted by Minister K N Rajanna, who confessed to being honey-trapped himself, leading to calls for a thorough investigation.

Source: https://timesofindia.indiatimes.com/city/bengaluru/honeytrap-allegations-rock-karnataka-politics-senior-minister-claims-he-is-victim-along-with-48-others/articleshow/119281510.cms"
BROWN-MUNDA_,Wannabe Bhindranwale reciting Guru Granth Sahib in Assam jail': Amit Shah on Amritpal,0,137,1.0,0,1742564660.0,False,t5_3d4x4,"Union Home Minister Amit Shah detailed the measures taken by his ministry in handling extremist Amritpal Singh in Punjab, stating he is now reciting Guru Granth Sahib in Assam jail. Singh, the leader of 'Waris Punjab De', faced multiple charges, including plotting against India with ISI's support. His detention under the National Security Act was extended until 2025.

Source: https://timesofindia.indiatimes.com/india/wannabe-bhindranwale-reciting-guru-granth-sahib-in-assam-jail-amit-shah-on-amritpal/articleshow/119297275.cms"
Foreign_Angle_9042,"Two Arrested For 'Pro-Pakistan, Anti-Kannada' Graffiti At Toyota Factory In Karnataka",0,675,0.99,0,1742532417.0,False,t5_3d4x4,"On March 16, 2025, at Toyota Boshoku Automotive India factory near Bidadi, Ramanagara, Karnataka, contract workers Haimad Hussain, 24, and Sadiq, 20, from northern Karnataka, wrote pro-Pakistan, anti-Kannada graffiti, sparking outrage, protests, and their arrest after police analyzed CCTV, handwriting, and questioned employees, charging them under IT and BNS Acts, while the incident reached Karnataka Legislative Assembly with Opposition Leader R. Ashoka criticizing government inaction.

[https://news.abplive.com/news/india/karnataka-two-arrested-for-pro-pakistan-anti-kannada-graffiti-at-toyota-factory-1759064](https://news.abplive.com/news/india/karnataka-two-arrested-for-pro-pakistan-anti-kannada-graffiti-at-toyota-factory-1759064)

[https://timesofindia.indiatimes.com/india/2-held-in-karnataka-over-pro-pakistan-graffiti/articleshow/119272526.cms](https://timesofindia.indiatimes.com/india/2-held-in-karnataka-over-pro-pakistan-graffiti/articleshow/119272526.cms)"
Winterisbucky,9 in 10 in India do not have enough to spend on non-essential items: Report,0,0,0.5,0,1742657187.0,False,t5_3d4x4,
BROWN-MUNDA_,"World Happiness Report 2025: Indians are unhappier than Pakistan, Iran and Ukraine",0,632,0.94,0,1742527458.0,False,t5_3d4x4,"The **World Happiness Report 2025** ranked India **118th out of 147 countries**, improving from **126th in 2024**, but still behind nations like Pakistan, Iran, and Ukraine. Finland retained its **top spot for the eighth consecutive year**, with social connections, generosity, and trust playing key roles in overall happiness levels.

Source: https://www.financialexpress.com/life/lifestyle-world-happiness-report-2025-indians-are-unhappier-than-pakistan-iran-and-ukraine-3782664/

https://www.google.com/amp/s/timesofindia.indiatimes.com/world/rest-of-world/finland-crowned-happiest-country-again-india-is-118th-up-from-126th/amp_articleshow/119270533.cms"
Foreign_Angle_9042,"Cash-strapped Karnataka okays 100% salary hike for CM, ministers and MLAs; home minister cites 'need for lawmakers to survive'",0,423,0.98,0,1742533264.0,False,t5_3d4x4,"On March 21, 2025, in Bengaluru, Karnataka, the cash-strapped government approved a 100% salary hike for Chief Minister, ministers, and MLAs via the Karnataka Ministers' Salaries and Allowances (Amendment) Bill 2025 and Karnataka Legislature Members' Salaries, Pensions, and Allowances (Amendment) Bill 2025, defended by Home Minister G Parameshwara and Minister MB Patil as necessary for survival and independence, despite dissent from Congress MLA Dr Ranganath who suggested a 10-20% increase, sparking debate amid fiscal challenges.

[https://timesofindia.indiatimes.com/city/bengaluru/cash-strapped-karnataka-okays-100-salary-hike-for-cm-ministers-and-mlas-home-minister-cites-need-for-lawmakers-to-survive/articleshow/119280340.cms](https://timesofindia.indiatimes.com/city/bengaluru/cash-strapped-karnataka-okays-100-salary-hike-for-cm-ministers-and-mlas-home-minister-cites-need-for-lawmakers-to-survive/articleshow/119280340.cms)"
Diggity-dog2,"Man arrested for killing pregnant wife over dowry, probe on | Lucknow News - The Times of India",0,110,0.97,0,1742558570.0,False,t5_3d4x4,"A pregnant woman was allegedly strangled to death by her husband in the BBD police station area on Wednesday. The accused, identified as Manish Yadav, was taken into custody following his confession to the crime.
According to police, Manish, a musician in a bhajan troupe and resident of Juggar BBD, called his wife Radha back from her parental home two days before the incident. On Wednesday morning, Manish's elder brother informed Radha's family about her condition. Upon arrival, they found her unconscious with visible blood stains on her face and injury marks on her body.
Radha's brother Kundan said that she was married to Manish a year ago and was six months' pregnant. He alleged that Radha's in-laws were harassing her for ₹5 lakh in dowry, which her family was unable to provide. ""They repeatedly assaulted her over this demand,"" claimed Kundan.
Kundan further said that Manish visited Radha's parental home on Monday, apologised for past abuse, and promised to treat her better. However, he allegedly had a premeditated plan to kill her."
Foreign_Angle_9042,"Delhi horror: Woman strangled, tied to stone and dumped in canal",0,384,0.97,0,1742532092.0,False,t5_3d4x4,"On March 12, 2025, in Delhi's Chhawla area, Asif kidnapped Komal from Seemapuri, strangled her after a dispute, tied her body to a stone, dumped it in a canal, where it surfaced on March 17, leading to his arrest and a murder case registration at Chhawla police station, with a prior kidnapping case at Seemapuri.

[https://timesofindia.indiatimes.com/city/delhi/delhi-horror-woman-strangled-tied-to-stone-and-dumpedincanal/articleshow/119242814.cms](https://timesofindia.indiatimes.com/city/delhi/delhi-horror-woman-strangled-tied-to-stone-and-dumpedincanal/articleshow/119242814.cms)"
Foreign_Angle_9042,2 Bangladeshi nationals arrested in Kerala for illegal stay,0,242,0.98,0,1742537158.0,False,t5_3d4x4,"Monirul Mulla (30) and Altab Ali (27), Bangladeshi nationals from Mohammed Nagar, arrested in Ernakulam, Kerala, on March 20, 2025, for illegal stay with fake Aadhaar cards, raising total apprehended in Ernakulam Rural to 40, caught during Operation Clean in Karukutty under District Police Chief Vaibhav Saxena, admitted sending money to Bangladesh via West Bengal agent since 2017.

[https://www.deccanherald.com/india/kerala/two-bangladeshi-nationals-arrested-in-kerala-for-illegal-stay-3455400](https://www.deccanherald.com/india/kerala/two-bangladeshi-nationals-arrested-in-kerala-for-illegal-stay-3455400)

Molla Akbar (65, fake Aadhaar 49), Bangladeshi from Tentulberia, arrested by SSB at Kunauli Indo-Nepal border in Supaul on March 20, 2025, with forged documents during routine check, previously jailed by Mumbai (2010-11) and Panvel Police, handed to Kunauli police by Assistant Sub-Inspector Jaydev Ghosh for legal action.

[https://meghalayamonitor.com/police-bust-gang-linked-to-transporting-bangladeshis](https://meghalayamonitor.com/police-bust-gang-linked-to-transporting-bangladeshis)

Jannati Sheikh (26), Bangladeshi from Jasor, Khulna, and driver Raushan Khan from Rangapani, Barpeta, Assam, arrested in Ri Bhoi, Shillong, on March 18, 2025, in vehicle AS-01-FJ-4645 near Byrnihat outpost for trafficking Bangladeshis with fake Aadhaar, followed by Balajied Khongsun (27) from Wahlyngkhat, Pynursla, arrested March 19, per District Police Chief Vivekanand Singh Rathore.

[https://patnapress.com/bangladeshi-citizen-with-fake-documents-arrested-at-indo-nepal-border-in-supaul](https://patnapress.com/bangladeshi-citizen-with-fake-documents-arrested-at-indo-nepal-border-in-supaul)

Twenty-one Bangladeshi nationals, including 20 minors and one woman from Khulna, Bagerhat, Faridpur, Cox’s Bazar, and Narail, deported from Bengal jails to Bangladesh via ICP Haridaspur/Petrapole on March 19, 2025, after two-year sentences for illegal entry, facilitated by Kolkata Bangladesh Deputy High Commission and Bengal child rights wing following Supreme Court directive on January 30, 2025.

[https://timesofindia.indiatimes.com/city/kolkata/20-minors-among-21-bangladeshis-deported-back-from-bengal-jails/articleshow/119271678.cms](https://timesofindia.indiatimes.com/city/kolkata/20-minors-among-21-bangladeshis-deported-back-from-bengal-jails/articleshow/119271678.cms)"
BROWN-MUNDA_,Glorifying invaders act of treason': UP CM Yogi Adityanath amid Aurangzeb row,0,362,0.95,0,1742524794.0,False,t5_3d4x4,"Uttar Pradesh chief minister Yogi Adityanath labelled endorsing invaders like Aurangzeb as treason, emphasizing respect for India's cultural heritage. His remarks follow the controversy over the Mughal emperor's tomb removal in Maharashtra, amid violent clashes in Nagpur where thirty-three police personnel were injured, and fifty arrests were made.

Source: https://timesofindia.indiatimes.com/india/glorifying-invaders-act-of-treason-up-cm-yogi-adityanath-amid-aurangzeb-row/articleshow/119248976.cms"
ProfessionalAside834,Does unequal growth and disparities fuel identity politics and sub-nationalism? How do we tackle it?,0,1,1.0,0,1742634568.0,False,t5_3d4x4,"Abject poverty has reduced but sharp inequalities are visible.

Historical social hierarchies ++ modern regional disparities; 3 decades of neoliberal policies have intensified wealth concentration (LPG) (thank you Dr. MMS)

Systemic caste-based inequalities in land ownership, labor markets, and access to education (how many more attempts will you give for govt job exams; fake EWS certificates)

Caste-based reservations, narratives are very sticky; lesser focus to steer towards meritocracy (political, public discourse not helping)

Religious polarization/ Hindu nationalism as an attempt to override caste divisions but H\*ndutva groups are failing to unite Hs.

GST compensation, tax devolution, fiscal autonomy, concurrent list issues, NEP, delimitation, Hindi speaking states dominating LS seats (perceived and real North vs South divisions)

Demographic composition, MORE economic contribution by certain states but unfavourable returns (this applies to individuals too)

Identity politics = (both non violent, violent) movements for (perceived) marginalized groups = may risk institutionalizing / long term divisions (I hope not)

Caste-based quotas + religious majoritarianism + regional autonomy demands reflects a fragmented polity ==== The struggles to reconcile economic modernity with historical / persistent inequality in FAST changing word...

Does something similar applies to our careers, family issues too?"
oatmealer27,Tax payers money for building statues - revenue generation,0,1,1.0,0,1742630084.0,False,t5_3d4x4,"[This is not a rant. Discussion only.]

In the last couple of years we have seen hundreds of crores of public money spent on building statues. I won't argue that this money could have been spent on education, healthcare for the marginalized, but that is still a valid argument.

What I am asking is whether these statues are able to generate decent revenue or even boosting local economy, tourism etc, in that specific areas.

The statues I am talking about are obvious because of their cost

1. 404 crore - 206 ft tallest Ambedkar statue in the world 
https://thesouthfirst.com/andhrapradesh/all-you-need-to-know-about-the-125-ft-ambedkar-statue-in-andhra/

2. 145 crore - 175 ft second tallest Ambedkar statue in Telangana 
https://indianexpress.com/article/cities/hyderabad/ambedkar-statue-telangana-kcr-8555733/

3. 3000 crore - 597 ft world's tallest - Statue of unity from Gujarat 
https://m.economictimes.com/politics/statue-of-unity-worlds-tallest-statue-constructed-in-record-33-months/articleshow/66446458.cms




"
Practical-Plate-1873,SI heat blank bullets in frying pan,0,1,1.0,0,1742629977.0,False,t5_3d4x4,Source: The Hindu newspaper kochi edition
BROWN-MUNDA_,Babasaheb's dream remains unfulfilled': Rahul Gandhi's new interview on caste census,0,106,0.94,0,1742538823.0,False,t5_3d4x4,Source: https://timesofindia.indiatimes.com/india/babasahebs-dream-remains-unfulfilled-rahul-gandhis-new-interview-on-caste-census/articleshow/119262255.cms
invictus2695,"Ajit Pawar: If anyone dares to intimidate our Muslim brothers and sisters or tries to create communal discord, they will not be spared",0,1,1.0,0,1742625506.0,False,t5_3d4x4,
kg005,India's $23 billion plan to rival China factories to lapse after it disappoints,0,1,1.0,0,1742620365.0,False,t5_3d4x4,
polopiko,"Pakistani man travels to India on IndiGo flight, surprises Mumbai airport officials",0,1,1.0,0,1742618130.0,False,t5_3d4x4,
PayResponsible4458,Fire at Delhi HC judge's house leads to recovery of cash pile | India News - The Times of India,0,152,1.0,0,1742518738.0,False,t5_3d4x4,
ProfessionalAside834,"Why do oversea activists try to straightjacket, falsify, exaggerate and fail to cross check the claims they propagate against India - all in different proportions? Is their identity about how much distance they could maintain from Indianness ? Caste in the US allegations...",0,1,1.0,0,1742614388.0,False,t5_3d4x4,"""The Indian caste system has been IMPORTED into American companies via mass immigration. Now, even U.S. engineers are being *humiliated* by this toxic hierarchy. Jayant Bhandari and I expose the truth"" [@JayantBhandari5](https://x.com/JayantBhandari5)

[https://x.com/ElizabethFarah/status/1903061554678857742](https://x.com/ElizabethFarah/status/1903061554678857742)

“India is not a complex system. It’s a *mad* system—with no underpinning values, no Ten Commandments, no real system.”  
Jayant Bhandari drops a TRUTH BOMB on Western myths about caste, Hinduism & Indian history. [@JayantBhandari5](https://x.com/JayantBhandari5)

[https://x.com/ElizabethFarah/status/1903057987825963162](https://x.com/ElizabethFarah/status/1903057987825963162)"
theonetosavetheworld,What are the reasons for these failures? Will we ever have a competent leadership and get rid of babudom?,0,17,0.85,0,1742552901.0,False,t5_3d4x4,To say the least I am disappointed disillusioned disgusted and tired of waiting for ache din
SquaredAndRooted,"Mother Arrested for Allegedly Strangling 15-Year-Old Son in Guna, Madhya Pradesh",0,475,0.99,0,1742487875.0,False,t5_3d4x4,"In a shocking case from Guna, Madhya Pradesh, a 15-year-old boy, Abhyuday Jain, was allegedly strangled to death by his mother, Alka Jain, on **February 14, 2024**. Initially, she claimed it was a suicide, but police investigations pointed to **murder**. The alleged motive? The boy frequently objected to his mother’s choice of **clothes and bindi**. However, the father of the deceased has **refuted the police’s claims** and insisted on his wife’s innocence, raising concerns about the investigation's integrity.  

**Key Details**  
- **Victim:** Abhyuday Jain (15), Class 8 student.  
- **Accused:** Alka Jain (mother, homemaker).  
- **Father:** Anupam Jain, a private bank auditor.  
- **Incident Location:** Chaudharan Colony, Guna, Madhya Pradesh.  
- **Date of Incident:** February 14, 2024.  
- **Official Cause of Death:** Strangulation (as per post-mortem report).  
- **Alleged Motive:** Son’s objections to his mother’s clothing and accessories.  
- **Status of Investigation:** Mother arrested; motive unclear; father demands a deeper probe.  

**Breakdown of Events**  
1. **Crime & Discovery**  
   - Abhyuday was **alone at home** when his mother allegedly killed him.  
   - His body was found in the **bathroom** with a **dupattā around his neck and legs tied up**.  
   - The mother returned around **7 PM**, found the door locked, and used a **spare key** to enter.  
   - She discovered her son’s body and **called neighbors for help**.  
   - **Doctors declared him dead on arrival** at the hospital.  

2. **Police Investigation**  
   - Initially, the case appeared to be **suicide**, but the **post-mortem confirmed strangulation**.  
   - **Suspicious elements:** Tied legs, external injury marks, and lack of forced entry into the house.  
   - Police **collected CCTV footage, call records, and forensic evidence**, leading them to suspect the mother.  
   - **No one else was seen entering the house that afternoon.**  
   - The accused **continues to deny committing the crime**.  

3. **Father’s Defense & Investigation Concerns**  
   - Anupam Jain insists his wife is **innocent** and believes the police investigation has **flaws**.  
   - He **questions delays** in forensic evidence collection and handling of crime scene objects.  
   - He also alleges that police **ignored other possible leads** and reviewed **limited CCTV footage**.  
   - The family's maid testified that the **boy was in a positive mood** before his death, contradicting the alleged motive.  

**Notes & Observations**  
- The **alleged motive is unusual**, and police have not clearly established a reason beyond the son’s complaints about his mother’s attire.  
- **Contradictions exist:** While police say evidence points to Alka Jain, her **husband and maid dispute** this claim.  
- Police are still **investigating the full timeline** of events, especially the period between **2:30 PM - 3:48 PM**, when noises were reported from the house.  
- **Possible alternate theories** (if the mother is innocent) include an **outsider gaining entry before she returned**, but police have **not found such evidence yet**.  

**Key Takeaways**  
- The case highlights **potential lapses in police investigations** and the risk of wrongful accusations.  
- If the allegations are true, it raises **serious concerns about domestic violence against children**.  
- **Conflicting narratives** (police vs. father’s claims) make this case **far from straightforward**.  
- The incident has sparked debates about **societal pressure, family conflicts, and justice system reliability**.  

**Potential Legal Implications**  
- If convicted, **Alka Jain** could face charges under:  
  - **IPC Section 302** – Punishment for Murder.  
  - **IPC Section 201** – Causing disappearance of evidence.  
- If the police are found to have mishandled the case, it could lead to **internal inquiries or legal challenges**.  

**Sources:**  
1. **[Free Press Journal](https://www.freepressjournal.in/bhopal/mp-shocker-woman-strangles-son-to-death-after-he-questions-her-clothes-bindi-cooks-up-suicide-story)**  
2. **[Times of India](https://timesofindia.indiatimes.com/city/bhopal/man-defends-wife-arrested-for-sons-murder-asks-police-for-thorough-probe/articleshow/118992053.cms)**  
3. **[Dainik Bhaskar](https://www.bhaskar.com/local/mp/guna/news/he-used-to-rebuke-his-mother-hence-the-murder-134617949.html)**"
theonetosavetheworld,No cash found at Justice Varma’s house by firefighters: Delhi Fire Services chief,0,2,1.0,0,1742582709.0,False,t5_3d4x4,Kanoon ke haath lambe hai...
BROWN-MUNDA_,New Zealand PM Christopher Luxon Plays ‘Gully Cricket’ in India with Kids and Kapil Dev,0,522,0.99,0,1742468884.0,False,t5_3d4x4,"New Zealand Prime Minister Christopher Luxon visited Mumbai's Wankhede Stadium, engaging with Kiwi cricketers Ajaz Patel, Ross Taylor, and Trent Boult. Luxon celebrated India-New Zealand cricketing ties and Patel's historic ten-wicket feat at the stadium. During his official visit, Luxon played cricket with children in Delhi, strengthening the bond between the two nations.

Source: https://timesofindia.indiatimes.com/india/new-zealand-pm-christopher-luxon-plays-cricket-at-mumbais-wankhede-stadium/articleshow/119251559.cms"
AutoModerator,r/IndiaSpeaks - Sept 2024 | Do you want become Mod of our Community ? Apply Now - Please help us out in building the Community further,0,2,0.75,0,1742569277.0,False,t5_3d4x4,"### Namaste Everyone

We have made it this far and reached 887k members , Almost reaching a million soon. 

So do you want us to help and get us better and reach newer milestones and want to mod a sub this large ?

### We need your help !!!

Some things to remember:
Apply only if you think you would have enough time to help out!
- One of the main requirement is being available at least once day on discord to check the queries/discussion of the Mods
- Being available everyday for minimum an hour for moderation duties
- Being active and initiating or helping in organizing Debates/Cult-ex/AMAs or other threads

Please fill out the Application Form below if you think you would be a perfect fit for us,

https://form.jotform.com/242605856424459

The last date for filing application closes on 30th Oct 2024!


Thank you so much, and good luck to all!
Regards,
The Mod Team"
BROWN-MUNDA_,"Grabbing minor's breasts, breaking her pyjama string doesn't amount to rape attempt: Allahabad high court",0,387,0.94,0,1742464897.0,False,t5_3d4x4,"The Allahabad High Court has revised charges against two accused in a case involving a minor girl, changing the charges from rape to aggravated sexual assault under the POCSO Act. The court determined the incident didn't constitute an attempt to rape but was still a severe sexual offense.

Source: https://timesofindia.indiatimes.com/city/allahabad/grabbing-minors-breasts-breaking-her-pyjama-string-doesnt-amount-to-rape-attempt-allahabad-high-court/articleshow/119245506.cms"
Foreign_Angle_9042,30 Maoists killed in separate encounters in Chhattisgarh's Bastar,0,128,0.98,0,1742486369.0,False,t5_3d4x4,"30 Maoists killed in Chhattisgarh's Bastar during encounters in Bijapur and Kanker; security forces recovered weapons, one DRG jawan martyred; CM Vishnu Deo Sai vowed Naxal-free Bastar by 2026.

[https://timesofindia.indiatimes.com/city/raipur/18-maoists-gunned-down-jawan-killed-in-encounter-in-chhattisgarhs-bastar/articleshow/119248305.cms](https://timesofindia.indiatimes.com/city/raipur/18-maoists-gunned-down-jawan-killed-in-encounter-in-chhattisgarhs-bastar/articleshow/119248305.cms)"
BROWN-MUNDA_,"86-year-old woman kept under 'digital arrest' for 2 months, duped of Rs 20 crore",0,516,0.98,0,1742455670.0,False,t5_3d4x4,"MUMBAI: Cyber fraudsters extorted Rs 20 crore from an 86-year-old Mumbai resident by threatening her with arrest, accusing her of money laundering. To make it seem genuine, they made her attend fake court proceedings online. For two months, they called her every three hours to check her location and ordered her to stay home. Two fraudsters have been arrested.

Source: https://timesofindia.indiatimes.com/india/86-year-old-woman-kept-under-digital-arrest-for-2-months-duped-of-rs-20-crore/articleshow/119227570.cms"
SquaredAndRooted,"Bengaluru Couple’s Bitter Feud: Husband Alleges Cash-for-Intimacy, Wife Claims Domestic Abuse",0,1,1.0,0,1742577499.0,False,t5_3d4x4,"A Bengaluru-based software engineer, Srikanth, filed a police complaint against his wife, Bindushree, alleging that she refused physical intimacy for three years and demanded ₹5,000 per day for it. He also accused her of blackmail, threats of suicide, and financial exploitation, claiming he had already paid ₹3.5 lakh to her family before and during the wedding. Srikanth further alleged that her family demanded ₹75,000 monthly for a home loan and that her disruptive behavior during his work-from-home meetings led to his job loss. In response, 

Bindushree filed a counter-complaint, accusing Srikanth and his family of domestic abuse, dowry harassment, and suggesting invasive measures like installing a bedroom camera. Both parties have been summoned for questioning, and a psychiatrist has reportedly advised mutual divorce, which both have agreed to.

**Key Points:**
- **Husband’s Allegations:**
  - No physical intimacy for three years of marriage.
  - Wife demanded ₹5,000 daily for physical intimacy.
  - Paid ₹3.5 lakh to her family before and during the wedding.
  - Threatened suicide and left death notes to blackmail him.
  - Disrupted his work-from-home meetings, causing job loss.
  - Her family demanded ₹75,000 monthly for a home loan.
  - Recorded videos of her behavior as evidence.
  - Sought divorce, but wife demanded ₹45 lakh as settlement.

- **Wife’s Counter-Allegations:**
  - Accused husband and his family of domestic abuse and dowry harassment.
  - Claimed she was treated like a servant and physically assaulted.
  - Alleged husband’s brother suggested getting her pregnant to prevent her from leaving.
  - Left for her parents’ home but returned hoping for reconciliation.

- **Current Status:**
  - Police have summoned both for questioning.
  - Psychiatrist advised mutual divorce, which both parties agreed to.

### **Sources:**
1. [Hindustan Times](https://www.hindustantimes.com/cities/bengaluru-news/bengaluru-techie-claims-wife-demands-cash-for-intimacy-she-alleges-domestic-abuse-101742530522307.html)  
2. [India Today](https://www.indiatoday.in/cities/bengaluru/story/bengaluru-techie-says-wife-threatened-suicide-demanded-money-to-be-intimate-wife-files-harassment-domestic-abuse-case-2696475-2025-03-20)  
3. [Jagran](https://www.jagran.com/news/national-bengaluru-techie-claims-wife-demands-cash-for-intimacy-she-alleges-domestic-abuse-23903403.html)"
BROWN-MUNDA_,"26/11 accused Tahawwur Rana files petitions at US Supreme Court to halt extradition, says 'petitioner will soon be dead'",0,201,0.98,0,1742473419.0,False,t5_3d4x4,"Tahawwur Rana, accused in the 2008 Mumbai attacks that killed over 170 people, has requested US Supreme Court Chief Justice John Roberts to halt his extradition to India. He cites health issues and fears of torture due to his Pakistani background. The court will review his petition on April 4, 2025.

Source: https://timesofindia.indiatimes.com/india/26/11-accused-tahawwur-rana-files-petitions-at-us-supreme-court-to-halt-extradition-says-petitioner-will-soon-be-dead/articleshow/119238041.cms"
YSK_King,Can someone explain this 34rs tax,0,1,1.0,0,1742575423.0,False,t5_3d4x4,I am been charge tax on a free pizza is that normal because packaging charges something I can accept but what's with the tax.
Admirable-Height7916,Why Can’t India’s Government Be as Strict with Criminals as It Is with Helmet Laws?,0,1,1.0,0,1742572915.0,False,t5_3d4x4,"India’s grappling with rising crime—rape, murder, drunk driving, and more—and there’s a growing frustration that justice isn’t served, especially for the poor. You’ve probably heard the stories: a rich guy commits a heinous crime, and somehow, his “rich uncle” settles it with the police or government. Corruption runs deep, and it feels like jail time doesn’t deter the powerful. Meanwhile, Gujarat’s government recently mandated helmets for two-wheeler riders, slapping a ₹500 fine on violators, and boom—90-95% of people in Surat started wearing them. If the government can enforce that so effectively, why can’t it crack down on criminals roaming free, committing crimes like it’s their day job? Let’s break it down with some hard facts and real examples.

The Helmet Rule: A Win for Strict Enforcement
In 2024, the Gujarat High Court pushed for strict helmet enforcement in Ahmedabad, reversing an earlier decision to make them optional in cities. Surat saw compliance skyrocket to 90-95% almost overnight. Why? It’s simple:
-Visibility: Cops can spot a helmet-less rider from a mile away.
-Quick Action: A ₹500 fine hits instantly—no lengthy process.
-Public Buy-In: Awareness campaigns and fear of fines got people on board.

It’s a textbook case of strict enforcement working. But serious crimes? That’s a different beast.

Crime in India and Gujarat: The Numbers
Nationally, crime rates are complex. The National Crime Records Bureau (NCRB) pegged India’s crime rate at 445.9 per 100,000 people in 2024, down from 487.8 in 2020. But specific crimes are spiking:
- Rape cases up 1.1% in 2024.
- Kidnapping jumped 5.1%.

Gujarat fares better than the national average—11.9 crimes per 100,000 people in 2021 versus 30.2 nationwide. Crimes against women were at 22.1 per 100,000 in Gujarat, far below the national 64.5. Still, the perception persists: criminals, especially the connected ones, walk free.

Why Criminals Slip Through
So why can’t the government replicate the helmet success with rapists, murderers, and drunk drivers? Here’s the reality:

1. It’s Complicated: Catching a helmet violator takes a glance. Solving a murder needs detectives, forensics, and witnesses—resources India’s police often lack. Gujarat Police, for instance, arrested 17 officers in 2024 for bribery, showing internal rot eats at capacity.

2. Corruption’s King: The rich do have backs covered. Transparency International ranked India 85th out of 180 countries for corruption in 2024. A 2023 rape case in Gujarat tied to a politician’s son dragged on, with whispers of influence delaying justice. Bribes to cops or pressure on judges? It happens.

3. Courts Are Choked: Over 49 million cases clog India’s courts. Gujarat alone had 150,000 pending in 2024. A 2022 murder case there? Still awaiting trial in 2025, accused out on bail. Justice delayed is justice denied.

4. Big Shots Call Shots: Political interference is real. In 2022, a Gujarat minister’s relative faced a slow-moving case, with allegations of pressure stalling progress. Compare that to a helmet fine—cops don’t care who your uncle is.

5.  Root Causes Linger: Poverty and joblessness fuel crime. Surat’s booming, but rapid growth strains resources. Fixing that takes years; fining a rider takes seconds.

Real Examples Tell the Tale
-Rape Case, 2023: A politician’s son in Gujarat accused of rape got bail amid public fury, with delays blamed on “connections.”
-Drunk Driving Hit-and-Run, 2024: A wealthy businessman’s son in Ahmedabad killed a pedestrian. Case still pending; he’s out driving.
-Contrast—Helmet Crackdown: Surat’s traffic police netted thousands in fines within weeks of the 2024 rule, no exceptions.

Why Helmets Work, but Crime Fights Don’t
The helmet rule’s success hinges on its simplicity—visible, enforceable, immediate. Serious crimes hide in shadows, tangled in corruption and backlogs. A traffic cop doesn’t need a forensic lab; a murder case does. A fine doesn’t care about your wealth; a trial can be bought.

What’s the Fix?
-Beef Up Cops: More training, tech, and honest officers. Body cams could cut bribery.
-Kill Corruption: Harsher penalties for crooked cops and judges, plus transparent case tracking.
-Clear the Courts: More judges, fast-track courts for rape and murder—Gujarat’s got some, but not enough.
-Hit the Roots: Jobs and schools to cut poverty-driven crime. Tougher? Yes. Needed? Absolutely.

The Bottom Line
The helmet rule proves strictness works when it’s easy to enforce. But criminals—especially the rich ones—thrive in a system bogged down by complexity, corruption, and delays. Until India fixes that, justice stays a rich man’s game, and the poor keep losing. What do you think—can this change, or are we stuck?"
Foreign_Angle_9042,Pratapgarh | A Muslm woman was brutally beaten by her family for marrying a Dalit man,0,570,0.97,0,1742448941.0,False,t5_3d4x4,">*18th March 2025. In Pratapgarh's Jethwara area, the family and the brother named Sabir Ali brutally beat his own sister with sticks in front of her child for marrying a Dalit Hindu man, threatened to murder her and her husband, and the assault video has gone viral, prompting a police investigation.*

>[https://www.bhaskar.com/local/uttar-pradesh/pratapgarh/news/muslim-woman-beaten-for-marrying-a-dalit-video-134647466.html](https://www.bhaskar.com/local/uttar-pradesh/pratapgarh/news/muslim-woman-beaten-for-marrying-a-dalit-video-134647466.html)

>Video Source: Awadh Times Instagram

>[https://timesofindia.indiatimes.com/](https://timesofindia.indiatimes.com/)"
yatracharsi,Indian Has No Civic sense,0,441,0.98,0,1742451972.0,False,t5_3d4x4,This is harsh reality of Bharat
Foreign_Angle_9042,Sunita Williams return: West Bengal CM Mamata Banerjee suggests Bharat Ratna for ‘daughter of India’,0,73,0.78,0,1742486213.0,False,t5_3d4x4,"[https://www.livemint.com/news/india/sunita-williams-return-west-bengal-cm-mamata-banerjee-suggests-bharat-ratna-for-us-nasa-astronaut-daughter-of-india-news-11742432845275.html](https://www.livemint.com/news/india/sunita-williams-return-west-bengal-cm-mamata-banerjee-suggests-bharat-ratna-for-us-nasa-astronaut-daughter-of-india-news-11742432845275.html)

[https://timesofindia.indiatimes.com/city/kolkata/williams-should-get-bharat-ratna-mamata/articleshow/119225004.cms](https://timesofindia.indiatimes.com/city/kolkata/williams-should-get-bharat-ratna-mamata/articleshow/119225004.cms)"
AutoModerator,r/IndiaSpeaks - What happened in your State or City this week ?,0,5,0.86,0,1742531431.0,False,t5_3d4x4," Tell us anything noticeable big or small, funny or strange happened in your city/state/region. Please remember to state the city/state/region in your comment and it would be great if you link to some news article or a source to it.

&#x200B;

* You can also join our [Discord server Invite](https://discord.gg/V8sCPac)
* The ""What happened in your State or City"" thread is posted weekly on Saturday evening
*  [Previous Threads](https://www.reddit.com/r/IndiaSpeaks/search/?q=What%20happened%20in%20your%20State%20or%20City%20this%20week&restrict_sr=1&sort=new) can be found here"
BROWN-MUNDA_,"Wife watching porn privately, masturbating not cruelty to husband: HC",0,735,0.96,0,1742437262.0,False,t5_3d4x4,"The Madras High Court ruled that a wife watching pornography or engaging in self-pleasure is not inherently cruel to her husband, as long as it does not negatively affect their marital relationship. The court emphasized that a woman retains her individuality and sexual autonomy after marriage, and privacy includes spousal rights. The husband's claims of cruelty and venereal disease were dismissed due to lack of evidence.

Source: https://www.google.com/amp/s/www.livelaw.in/amp/high-court/madras-high-court/madras-high-court-wife-watching-porn-self-pleasure-not-cruelty-286935

https://www.google.com/amp/s/timesofindia.indiatimes.com/city/madurai/wife-watching-porn-privately-and-masturbating-not-cruelty-to-husband-hc/amp_articleshow/119225685.cms"
BROWN-MUNDA_,Karnataka passes resolution rejecting Centre's Waqf Bill,0,558,0.96,0,1742440942.0,False,t5_3d4x4,"The state assembly Wednesday passed a resolution rejecting Centre's Waqf (Amendment) Bill 2024, calling it an attack on the federal structure and as being ""against principles of equity, equality, and parity"".

Source: https://timesofindia.indiatimes.com/india/karnataka-passes-resolution-rejecting-centres-waqf-bill/articleshow/119227545.cms"
Foreign_Angle_9042,72 years old mother raped by her son in Thiruvananthapuram,0,244,0.95,0,1742450608.0,False,t5_3d4x4,"In Varkala Pallikkal, a 46-year-old son raped his 72-year-old ailing mother while intoxicated; the crime occurred at 7:30 PM when she was alone at home; hearing her screams, relatives locked him inside a room; daughter filed a complaint with Pallikkal police; victim hospitalized at Parippally Medical College; son arrested.

[https://www.madhyamam.com/kerala/72-year-old-mother-raped-by-son-in-thiruvananthapuram-1390338](https://www.madhyamam.com/kerala/72-year-old-mother-raped-by-son-in-thiruvananthapuram-1390338)

In another case a 80-year-old Dalit woman gang-raped in Gopalganj, Bihar, during Holi on March 14, 2025, by Mohd Sayyed Ali, Babbudin, Sahabbuddin, Md Saddam Ali, and Hasmat, Zummaddin, who gagged, assaulted, and attempted to gouge out her eyes; police registered a case under IPC and SC/ST Act, arrested one accused, and launched an investigation amid public outrage.

[https://newsable.asianetnews.com/india/bihar-shocker-80-year-old-dalit-woman-gang-raped-in-gopalganj-daughter-in-law-recounts-brutal-ordeal-watch-ddr-stbrrf](https://newsable.asianetnews.com/india/bihar-shocker-80-year-old-dalit-woman-gang-raped-in-gopalganj-daughter-in-law-recounts-brutal-ordeal-watch-ddr-stbrrf)

[https://timesofindia.indiatimes.com/city/patna/elderly-dalit-woman-raped-in-gopalganj-during-holi/articleshow/119119179.cms](https://timesofindia.indiatimes.com/city/patna/elderly-dalit-woman-raped-in-gopalganj-during-holi/articleshow/119119179.cms)"
Foreign_Angle_9042,ASHA workers protest for fixed pay promised by Congress Government,0,95,0.95,0,1742467445.0,False,t5_3d4x4,"ASHA workers protested at Karimnagar Collectorate on March 19, 2025, demanding the Congress government fulfill its pre-election promise of ₹18,000 fixed salary, ESI, PF, and retirement benefits; they accused CM A Revanth Reddy of reneging after a year in power, condemned additional workload without benefits, and resisted suppression as police arrested and moved them to a training center.

[https://telanganatoday.com/asha-workers-protest-for-fixed-pay-promised-by-congress-government](https://telanganatoday.com/asha-workers-protest-for-fixed-pay-promised-by-congress-government)

[https://timesofindia.indiatimes.com/city/mysuru/asha-workers-protest-seeking-honorarium/articleshow/119221973.cms](https://timesofindia.indiatimes.com/city/mysuru/asha-workers-protest-seeking-honorarium/articleshow/119221973.cms)"
Foreign_Angle_9042,Kerala High Court Waqf ruling proof of limitations: Catholic Church's newspaper,0,82,0.98,0,1742467658.0,False,t5_3d4x4,"Kerala Catholic Church’s newspaper *Deepika* criticized Waqf laws after the High Court quashed the Munambam judicial commission on March 19, 2025, accusing politicians of appeasement, warning of political polarisation, and claiming India’s legal system has limitations in handling Waqf cases, amid a dispute where 600+ Christian families contest Waqf Board’s land claim in Munambam, Ernakulam.

[https://www.indiatoday.in/india/kerala/story/kerala-hc-waqf-laws-munambam-judicial-commission-catholic-church-deepika-mouthpiece-opinion-appeasement-politics-2695639-2025-03-19](https://www.indiatoday.in/india/kerala/story/kerala-hc-waqf-laws-munambam-judicial-commission-catholic-church-deepika-mouthpiece-opinion-appeasement-politics-2695639-2025-03-19)

[https://timesofindia.indiatimes.com/city/kochi/unwarranted-hc-quashes-appointment-of-munambam-commission/articleshow/119126109.cms](https://timesofindia.indiatimes.com/city/kochi/unwarranted-hc-quashes-appointment-of-munambam-commission/articleshow/119126109.cms)"
stfusensei,"Indians, listen I have some very urgent thing to discuss",0,47,0.81,0,1742475154.0,True,t5_3d4x4,"Let me tell you a tale, a tragedy and what is a dire need for Mental health. 

>>*This is an Emergency and an urgent demand for action-* 

Four girls ( A, B, C, D ) whom I met on Instagram becomes my friends eventually. The bonding was good, and all four of them has spoken their true mind to me. 

Girl #A is an adult and please don't hate her. She cut or more accurately, attempted to cut her wrist twice. Strongly recommended her to visit a psychiatrist and she as of now, is in very much relief. 

>>*'A' later declassified-*

>>*She went feral and lost control over her own body. To her, cutting the wrist was an instinct and she felt no pain from the bleeding at that time.*

Girl #B was suffering isolation. Recommended her the same, but her response was that she is sure that her parents will not agree. It took hours long couple of phone calls where she told all her grief and we discussed many verses from Shrimad Bhagwat Geeta, nectarian pastimes of Lord Krishna and his dear devotees. Current status - She recently played Holi with her friends, appeared happy there and on call, she was quite vibrant. Overall, the condition is alright. 

Girl #C is a minor. I don't know how to explain this but she shared a strange mental condition since her childhood where she has her imaginary friends. She is not mad, quite eloquent, intelligent and understand this weird disorder. As usual, i told her to let me talk with her parents, or if you have fear of getting judged ( i am a boy ) then i have a female friend who can talk with your parents. She will make them understand that mental disorders does exist and serious steps must be considered here. Though, she denied the offer but assured me about her being normal ( which i am still skeptic of ). 


Girl #D is my friend from 2022, and she was constantly in abuse by her ex-boyfriend. One day he broke up, and let D alone to rot. Pathetic condition, starved and no periods since three months. We both talked and i kept consoling her for time being. Shared *Kirtans*, *Bhajans* and advised her to keep listening to them. She is a strong girl, and by the grace of the Lord, she will be alright very soon. Thankfully, a wonderful person did enter her life and I can confidently say, this is the most happy I have ever seen her. They plan on getting married after 3-4 years. Very loving guy and a weirdo to match her energy. 

There are more, I will not list them as the post will get too long but what i realised is that mental health is severely ignored. My heart really aches while listening their true-self and i am at this point, tired of telling people to please visit a good psychiatrist and take a check-up. Mental health is more important than physical health. For once, ignore the physical health but not the mental health. Remember, in India, people will visit doctor for small cold but hardly for their suicidal behaviour. Just ask in your locality, *""Sir/Ma'am have you ever visited a Psychiatrist or Therapist?""* ....*""No, i never had to. I am not a Pagal""*. So, you are telling me since birth your body tolerated many pain including Covid but your mind never? You seek to keep your body healthy since you gained conciousness but never ever your mind? Is it invincible? 

*Matter of Doubt* - ""All of the persons were girl bro? Are you flexing or trying to be a pick me? Where are boys? Partiality?"" My brother, you believe it or not, no men ever told me anything about their mental health. I don't remember one and it is scary. 

Lastly, I am an OCD patient from last six years. I went through a lot but by the support of my elders, parents, guides and lastly, the Lord Sri Krishna; I am at very much ease. I understand the pain and isolation these mental disorders do, and therefore, I urge all of you to please take care of yourself, and the ones who are close to you. "
Winterisbucky,Bihar Woman Murders Husband During Holi Celebration After Argument Over Lover | Patna News - The Times of India,0,32,0.94,0,1742481296.0,False,t5_3d4x4,
convicted_redditor,Alpenliebe sells one lollipop for Rs. 5 and 8 for Rs. 50 - This FMCG tactic to price bulk pack higher is a clear scam.,0,46,0.83,0,1742470436.0,False,t5_3d4x4,
drybhai,"My order took just 2 days to reach me from China to India, but 15 days to arrive from within India.",0,1,1.0,0,1742541725.0,False,t5_3d4x4,"Even then, I had to go to India Post and pick up the order myself; otherwise, it would’ve taken an extra day. This just highlights the sad state of affairs in every government-run institution—not a single one runs with efficiency. Staff are slow, systems are outdated, and delays are basically guaranteed. "
BROWN-MUNDA_,BSF seized 294 drones in Punjab in 2024: MoS Nityanand Rai informs Lok Sabha,0,62,0.98,0,1742457656.0,False,t5_3d4x4,"In 2024, the Border Security Force (BSF) seized 294 drones in Punjab, as stated by junior home minister Nityanand Rai. In efforts to curb narco-smuggling via drones along the Indo-Pakistan border, anti-drone systems have been deployed. Information sharing and close coordination with various security agencies have been reinforced to track and intercept these devices.

Source: https://timesofindia.indiatimes.com/india/bsf-seized-294-drones-in-punjab-in-2024-mos-nityanand-rai-informs-lok-sabha/articleshow/119172944.cms"
acarajeff,Could you help me to find this song? (dalit song),0,1,1.0,0,1742533949.0,False,t5_3d4x4,"Hello my friends, I am sorry if this is a sensitive topic, I'm a Brazilian guy learning some different subjects about people around the world, and the topic about dalit culture touched deeply with me. As an ex Jehovah's witness, I dealt with shunning and feelings of inferiority daily base for some times. 
Watching a documentary on YouTube about dalit people, I found this song being played. This song touced me deeply.  
I would like to know more about this song, find a complete version, lyrics and more, could someone help me to find this song or show me the full lyrics? "
Acceptable-Prior-504,Why only men pay alimony?,0,1,1.0,0,1742526993.0,False,t5_3d4x4,"Two high profile divorces happened recently. Yuzi Chahal / Dhanshree and. Chitra Tripathi / Atul Agarwal. While Yuzi had to pay 4.75 crore, there is no news of Chitra Tripathi paying anything to her husband. If laws are really gender neutral then why did Chitra Tripathi not pay alimony to her ex husband?"
Cringeguy-99,Swiss parliament approves FTA with India,0,14,1.0,0,1742474538.0,False,t5_3d4x4,https://www.swissinfo.ch/eng/foreign-affairs/parliament-approves-free-trade-agreement-with-india/89038751?utm_source=multiple&utm_medium=website&utm_campaign=news_en&utm_content=o&utm_term=wpblock_highlighted-compact-news-carousel
RajLnk,"Be careful scammers have become too bold. A shopping app name ""Bewkoof"" !!!",0,1,1.0,0,1742522408.0,False,t5_3d4x4,"I doubt Rashmika Mandana endorsement is genuine 

https://preview.redd.it/phtq4uu79ype1.png?width=1257&format=png&auto=webp&s=822f45c5c7021a61f633ad9a2b2f46935dc6f76f

And the review are terrible 8/10 recent reviews are 1 start but ti still has 4.4 stars. 

https://preview.redd.it/7if901sq9ype1.png?width=561&format=png&auto=webp&s=5762cce0d5e97ca6d498d2c4d30386a43d66b691

"
theanonymoussking,Some recent cases of male homicide,0,42,0.94,0,1742449317.0,False,t5_3d4x4,"In Jaipur, a woman along with her boyfriend strangled her husband to death. After the murder, both of them took the body in a sack on a bike to the forest and burnt it. The police have arrested the wife and her boyfriend on charges of murder.


Case 1 > [Roamed around with boyfriend carrying husband's dead body on bike, VIDEO: Murdered by strangulation in Jaipur, body burnt in forest; wife and lover arrested [Source]](https://www.bhaskar.com/local/rajasthan/jaipur/news/wife-killed-her-husband-with-her-lover-134669855.html)


Case 2 > [Wife and lover plotted to kill husband: lover kidnapped him with his friends, strangled him with belt in the forest; 9 arrested including woman](https://www.bhaskar.com/local/uttar-pradesh/bijnor/chandpur/news/wife-and-her-lover-plotted-to-murder-her-husband-134657618.html)


Case 3 > [Husband who returned from London was murdered with the help of boyfriend: The body was cut into 15 pieces in Meerut, kept in a drum and filled with cement; it was a love marriage](https://www.bhaskar.com/local/uttar-pradesh/meerut/news/the-woman-killed-her-husband-with-the-help-of-her-lover-meerut-crime-meerut-murder-meerut-murder-news-134664224.html)

Case 4 > [Wife had an illicit relationship, husband caught her red handed, then wife cut off husband's private part](https://zeenews.india.com/hindi/india/bihar-jharkhand/vaishali/vaishali-wife-brutally-killed-husband-cutting-his-private-part-neck-with-sharp-weapon-crushing-head-with-brick/2682468)


Case 5 > [Wife plotted to murder husband: lover had strangled him to death, she was misleading the police to save him](https://www-bhaskar-com.cdn.ampproject.org/v/s/www.bhaskar.com/amp/local/uttar-pradesh/agra/news/the-wife-plotted-to-murder-her-husband-the-lover-had-strangled-him-to-death-she-was-misleading-the-police-to-save-him-134662479.html?amp_gsa=1&amp_js_v=a9&usqp=mq331AQIUAKwASCAAgM%3D#amp_tf=From%20%251%24s&aoh=17423588883045&referrer=https%3A%2F%2Fwww.google.com&ampshare=https%3A%2F%2Fwww.bhaskar.com%2Flocal%2Futtar-pradesh%2Fagra%2Fnews%2Fthe-wife-plotted-to-murder-her-husband-the-lover-had-strangled-him-to-death-she-was-misleading-the-police-to-save-him-134662479.html)


Case 6 > [Wife along with her lover murdered her husband: Body was found burnt in the field, killed in the field after giving sleeping pills; then burnt](https://www-bhaskar-com.cdn.ampproject.org/v/s/www.bhaskar.com/amp/local/uttar-pradesh/mainpuri/news/the-wife-along-with-her-lover-murdered-her-husband-134503400.html?amp_gsa=1&amp_js_v=a9&usqp=mq331AQIUAKwASCAAgM%3D#amp_tf=From%20%251%24s&aoh=17424500800478&referrer=https%3A%2F%2Fwww.google.com&ampshare=https%3A%2F%2Fwww.bhaskar.com%2Flocal%2Futtar-pradesh%2Fmainpuri%2Fnews%2Fthe-wife-along-with-her-lover-murdered-her-husband-134503400.html)

Case 7 > [Told lover to kill my husband, then we will be free: hired shooter for 5 lakhs with boyfriend; wife got shot in front of her](https://www-bhaskar-com.cdn.ampproject.org/v/s/www.bhaskar.com/amp/local/bihar/bettiah/news/husband-murdered-by-wife-for-love-of-2-years-in-bettiah-134509502.html?amp_gsa=1&amp_js_v=a9&usqp=mq331AQIUAKwASCAAgM%3D#amp_tf=From%20%251%24s&aoh=17424500800478&referrer=https%3A%2F%2Fwww.google.com&ampshare=https%3A%2F%2Fwww.bhaskar.com%2Flocal%2Fbihar%2Fbettiah%2Fnews%2Fhusband-murdered-by-wife-for-love-of-2-years-in-bettiah-134509502.html)

Case 8 > [Wife killed husband in Shahpura: Woman's lover helped her, conspired after getting fed up of drinking alcohol](https://www.bhaskar.com/local/mp/dindori/news/in-shahpura-the-wife-had-killed-her-husband-134670482.html)


Case 9 > [Woman, her paramour's accomplices held for husband's murder in Mumbai's Dindoshi, lover absconding](https://www.mid-day.com/mumbai/mumbai-crime-news/article/mumbai-28-year-old-woman-her-paramours-accomplices-held-for-husbands-murder-in-dindoshi-lover-absconding-23503253)



Case 10 > [ In Uttarakhand too, wife became a monster, killed husband with her lover; disposed of the body like this](https://www.jagran.com/uttarakhand/udhamsingh-nagar-saurabh-rajput-like-murder-in-uttarakhand-husband-murdered-by-wife-with-her-lover-in-kichha-23903421.html)

All of them are just recent cases. Currently I'm not adding those cases where the husband has CS due the harrasment form there wifes.
"
BROWN-MUNDA_,"Punjab police evict farmers, dismantle protest camps, detain leaders at Shambhu and Khanauri border",0,249,0.98,0,1742404646.0,False,t5_3d4x4,"Punjab Police dismantled temporary structures and detained several farmer leaders protesting at the Punjab-Haryana border over various demands. Punjab minister Harpal Singh Cheema justified the action for reopening borders, while both Congress and Akali Dal leaders criticized the government's approach. Next round of talks is set for May 4.

Source: https://timesofindia.indiatimes.com/india/punjab-police-evict-farmers-dismantle-protest-camps-detain-leaders-at-shambhu-and-khanauri-border-top-developments/articleshow/119219580.cms"
BROWN-MUNDA_,"Aurangzeb is irrelevant, says RSS as it condemns violence in Nagpur",0,328,0.97,0,1742396021.0,False,t5_3d4x4,"The RSS has distanced itself from the controversy over demands to demolish Aurangzeb's tomb in Khultabad. Recent violent clashes between groups resulted in curfews being imposed. Maharashtra CM Devendra Fadnavis warned against glorifying Aurangzeb, citing the unrest and the impact of a related film.

Source: https://timesofindia.indiatimes.com/india/no-type-of-violence-good-for-society-rss-on-nagpur-riots-says-aurangzeb-not-relevant-today/articleshow/119202726.cms

And https://www.thehindu.com/news/national/maharashtra/aurangzeb-is-irrelevant-says-rss-as-it-condemns-violence-in-nagpur/article69348973.ece"
Regular-Good-6835,Why has the state of Gujarat been allowed to hold out on the translocation of Asiatic Lions?,0,5,0.73,0,1742472239.0,False,t5_3d4x4,"I was recently listening to a wildlife podcast that hosted Dr.Ravi Chellam; a preeminent personality in Lion conservation when I learnt that the project of translocation of the Lion is almost three decades old. The Wildlife Institute of India (autonomous conservation institute under the umbrella of the GOI) had recommended back then that a small subset of Gir Lion population should be relocated to a former Lion habitat as far away from Gir as possible to mitigate the risks of an epidemic. I think most of us are aware of the more recent events in this regard, but I’ll recap just for completeness:

1990 - First recommendation from WII for translocation


1993 - PHVA report finds Kuno to be the most suitable site


2003 - Human villages (comprising roughly 1545 families) in Kuno relocated to prevent man-lion conflicts


2004 - Gujarat government refuses to release the Lions to Madhya Pradesh


2007 - Kuno habitat certified as ready to receive Lions


2013 - The Supreme Court rules against Gujarat, and orders that the translocation be completed within 6 months


2015 - The Union government revises the requirements of the habitat in Kuno. Madhya Pradesh government refuses to undertake further change as that would mean more relocation of human populations. Finally, the Union government also adjourns the translocation to Kuno under safety considerations.


2020 - PM announced a few new potential sites for translocation under Project Lion.


Now, I would love to make my point keeping politics aside, and I will try to keep party politics aside for sure, but at the end of the day, there is some level of politics involved here because at present the Asiatic Lions in Gir have given Gujarat a unique status in all of India, if not in the whole world. It is understandable that they’re at reluctant to give up that status. However, this isn’t the best for conservation of the species, and also while they will lose their solo status, it doesn’t mean that they will lose all wildlife tourism value altogether. I mean there are several habitats of the tiger, sloth bear, leopard, elephant and rhinoceroses in India, and yet some locations do get more visitors because of various reasons:
1) Abundant population
2) Terrain amenable for safari/sightings
3) Facilities provided by the forest department and/or the state government.

As to the recent announcement by the PM, it may not result in anything unless the Gujarat state government comes to the table.

So, the question remains - why is the rest of the country, or more precisely the Union government allowing the state of Gujarat to effectively hold the lion population hostage?
"
theanonymoussking,"Woman Strangles Son To Death After He Questions Her Clothes, Bindi; Cooks Up Suicide Story",0,113,0.94,0,1742409683.0,False,t5_3d4x4,"Guna (Madhya Pradesh): A shocking case has emerged from Guna district, where a 15-year-old boy was strangled to death by his own mother. Initially, she tried to portray it as a suicide, but police investigations uncovered the truth. 


The reason? The boy often nagged her about her clothes and ‘bindi’.

The incident took place in Chaudharan Colony on February 14, when Abhyuday Jain, a class 8 student, was found dead in the bathroom of his home. At first, it appeared to be a suicide, but the post-mortem report confirmed strangulation as the cause of death.

Story narrated by deceased’s mother

According to information, Abhyuday’s father, Anupam Jain, works for a private bank. His mother, Alka Jain, a homemaker.

According to mother Alka Jain, Abhyuday was alone at home at the time of incident. When she returned around 7 pm, she found the door locked from inside. After multiple failed attempts to open it, she took a spare key from the landlord.

Upon entering, she discovered Abhyuday lying unconscious in his room, his legs tied up and a dupatta wrapped around his neck. Neighbors and the landlord rushed him to the district hospital, where doctors declared him dead on arrival.

Police noticed marks on boy’s neck

Suspicious of the marks on the boy’s neck, police conducted a thorough investigation. A team led by DSP Bharat Nautiya, under the guidance of SP Sanjeev Kumar Sinha, collected crucial evidence like, CCTV footage from the colony, call records of the mother, statements from neighbors and witnesses and forensic evidence from the crime scene.

These pointed toward Alka Jain as the prime suspect. Despite the evidence, she continues to deny the crime and insists that it was a case of suicide. However, the police have arrested her and will present her in court to seek remand for further investigation.

[News Article [Source]](https://www.freepressjournal.in/bhopal/mp-shocker-woman-strangles-son-to-death-after-he-questions-her-clothes-bindi-cooks-up-suicide-story)"
BROWN-MUNDA_,Nagpur violence: Mastermind Fahim Khan arrested,0,621,0.96,0,1742373727.0,False,t5_3d4x4,"Nagpur Police on Wednesday arrested local leader Fahim Shamim Khan, who has been accused of orchestrating the communal violence that broke out in the city on Monday, injuring more than 30 police personnel.

Source: https://timesofindia.indiatimes.com/city/nagpur/nagpur-violence-mastermind-fahim-khan-arrested/articleshow/119201455.cms"
Foreign_Angle_9042,Bangladeshi national posing as transgender apprehended in Delhi,0,201,0.99,0,1742390353.0,False,t5_3d4x4,"Bangladeshi national Eme Khan, illegally in India for a decade, posed as transgender, apprehended in Delhi's Vikas Puri on January 16, 2025, after police tip-off; lacked valid ID, revealed Dhaka-origin, deported.

https://www.deccanherald.com/india/delhi/bangladeshi-national-posing-as-transgender-apprehended-in-delhi-3358820

https://timesofindia.indiatimes.com/city/delhi/5-bangladeshi-nationals-held/articleshow/118902455.cms


"
Smart-Savage,What are these yellow dots on my keyboard,0,1,1.0,0,1742493260.0,False,t5_3d4x4,
BROWN-MUNDA_,'A PM who can hug both Putin and Zelenskyy': Tharoor admits 'egg on face' moment on opposing India's Russia-Ukraine stance,0,634,0.98,0,1742365936.0,False,t5_3d4x4,"Congress leader Shashi Tharoor on Tuesday has acknowledged that his initial criticism of India’s stance on the Russia-Ukraine war has left him with ""egg on his face."" Speaking at the Raisina Dialogue in Delhi, Tharoor admitted that India's neutral policy has positioned it as a key player in fostering lasting peace and has a Prime Minister ""who can hug both the president of Ukraine and the president in Moscow"".

Source: https://timesofindia.indiatimes.com/india/a-pm-who-can-hug-both-putin-and-zelenskyy-tharoor-admits-egg-on-face-moment-on-opposing-indias-russia-ukraine-stance/articleshow/119167621.cms"
11Rorschach59,Ola’s Refund Process is a Joke – Refund Taking Over a Month!,0,5,0.86,0,1742456580.0,False,t5_3d4x4,"I booked a short ride from Mumbai Airport to a Hotel (around 2.7 km). The fare shown at the time of booking was ₹297, but when I reached my destination, the driver’s app showed ₹487. My app wasn’t displaying the fare, so I had no way to verify it immediately. Assuming it was an error, I paid the full amount via PayTM (₹300 first, then ₹187 more when he insisted).

The OLA Issue: Ride That Never Ended

After the ride, my Ola app never marked the ride as completed. For two days, I could see the cab’s location stuck on my screen, and the app kept saying the driver was “on the way” to pick me up. The ride hadn’t ended, and it hadn’t even officially started in my app.

Since this went on for 2–3 days, I got suspicious about the payment and tried reaching Ola customer support—but there was zero response.

Only Twitter Got Their Attention

With no other option, I posted the issue on Twitter and tagged Ola. Only after that, the back-and-forth emails started. If I hadn’t made it public, they probably wouldn’t have responded at all.

The Refund Saga:

	1.	Ola initially refused to refund me, saying, “any extra cash payment made to a driver is outside Ola’s system.”
	2.	After providing proof (PayTM transaction & bank statement), they finally agreed to refund ₹190.
	3.	They promised a refund via UPI within 20 working days. I waited.
	4.	After 20 days, nothing. I followed up.
	5.	Turns out, they never even attempted the UPI refund due to a ‘technical limitation’—something they never informed me about.
	6.	Asked for bank details and initially asked for 20 more working days. After I got rude, they cut it to 10.

Ola’s customer service is a complete disaster. If this is how they handle a small refund, I pity those dealing with bigger issues—especially Ola Electric users.

Kunal Kamra was right—this company is a mess.

TL;DR:
So, for a ₹190 refund due to their own app’s failure, I’ve had to:
	•	Go through multiple ignored support requests
	•	Post publicly on Twitter just to get their attention
	•	Deal with a ride that never officially ended for two days
	•	Follow up myself to even get a response
	•	Wait 20 working days for nothing
	•	Provide my bank details and now wait another 10 working days
"
Foreign_Angle_9042,"In Malappuram, drugs mixed in food and raped; Minor girl raped for five years",0,554,0.98,0,1742361327.0,False,t5_3d4x4,"On March 17, 2025, in Malappuram, Kerala, 23-year-old Abdul Gafoor from Vengara Cheroor was arrested under the POCSO Act by Kottakkal police, led by SHO Vinod Valiyattoor, for befriending a minor girl on Instagram in 2020, drugging her food with MDMA, sexually assaulting her for years, taking nude photos, selling her jewellery, and getting her addicted, until her family intervened with treatment and counselling, leading to his custody and additional robbery and drug possession charges in Parappanangadi.

https://www.southlive.in/newsroom/kerala/rape-by-giving-drugs-mixed-in-food-in-malappuram

https://malayalam.indianexpress.com/kerala-news/pocso-case-man-arrested-malappuram-8862059

https://malayalam.indiatoday.in/crime-news/story/accused-arrested-for-drugging-and-sexually-assaulting-minor-girl-for-years-vkr-1184995-2025-03-17

https://timesofindia.indiatimes.com/
"
AutoModerator,"r/IndiaSpeaks - What have you been Gaming, Listening or Watching lately ?",0,4,1.0,0,1742455829.0,False,t5_3d4x4,"Tell us about what TV Series or Songs/Artists you are hooked onto lately. Which YouTube creator got your attention? What have you planned to watch in the next days.

*  What games have you been playing (old or new, any platform) this weekend? Games you are looking forward to? Any game deal coming up ? 
* Don't just mention stuff, link it and feel free to talk anything but politics.
* You can also join our [Discord server Invite](https://discord.gg/V8sCPac)
* The ""Gaming, Listening or Watching lately"" thread is posted weekly on Thursday evening. [Previous Threads](https://www.reddit.com/r/IndiaSpeaks/search/?q=What%20have%20you%20been%20Gaming%2C%20Listening%20or%20Watching%20lately&restrict_sr=1&sort=new)"
Foreign_Angle_9042,Uttar Pradesh: Sitapur Congress MP Rakesh Rathore walks out of jail after getting bail in rape case,0,168,0.98,0,1742381561.0,False,t5_3d4x4,"Sitapur Congress MP Rakesh Rathore, arrested on Jan 30 for raping a 45-year-old woman, secured bail on March 11 from Allahabad HC but was re-arrested as police added BNS Sec 69 (sexual intercourse by deceit); granted bail again on March 18, he walked free Wednesday.

https://www.hindustantimes.com/india-news/uttar-pradesh-sitapur-congress-mp-rakesh-rathore-walks-out-of-jail-after-getting-bail-in-rape-case-101742359999003.html

https://timesofindia.indiatimes.com/india/congress-mp-gets-bail-in-rape-case/articleshow/119177305.cms


"
Foreign_Angle_9042,Video | 4 electrocuted during church fest in Kanyakumari,0,140,0.96,0,1742383216.0,False,t5_3d4x4,"4 people died by electrocution while preparing for an event at St. Antony’s Church in Enayam Puthenthurai, Kanyakumari district, Tamil Nadu on 1st March 2025. The victims, named Vijayan, Mano, Jestes, and Shivam, were shifting a metal ladder and it came in contact with a high-tension wire, causing deaths within seconds. The incident led to panic among the locals. Efforts to save them were unsuccessful.

https://timesofindia.indiatimes.com/city/madurai/4-electrocuted-during-church-fest-in-kanyakumari/articleshow/118654178.cms


"
BROWN-MUNDA_,"Merchant navy officer killed after London return: Wife, lover dismember body, hide it in cement drum in Meerut",0,631,0.99,0,1742351899.0,False,t5_3d4x4,"A 35-year-old merchant navy officer, Saurabh Rajput, was murdered by his estranged wife, Muskan Rastogi, and her lover, Sahil Shukla, in Meerut's Brahmpuri region. The accused dismembered the victim's body, sealed it in a cement-filled drum, and misled his family by sending messages from his phone.

Source: https://timesofindia.indiatimes.com/city/meerut/merchant-navy-officer-killed-after-returning-from-london-wife-and-lover-dismember-body-seal-it-in-cement-filled-drum-in-meerut/articleshow/119185438.cms"
tiwarinitin94,It's our country and our responsibility,0,94,1.0,0,1742386823.0,False,t5_3d4x4,"Have seen lots of people complaining and saying that they wanna leave as soon as possible from this country. Well I can't change their mind of doing it, and I don't wanna say that they are wrong of thinking about themselves. But I think there once was a time when every country was not at its best. Even now none of them, and there are so many problems in our country too. 

I just wanna give this post as a hope that we can do it if we want to. Maybe it won't happen in our lifetime but there have been so many improvement. So many people have gave their life and after they have gone their work started to appear. We started to praise them for their work. We all can be that too. "
ShooBum-T,I need packers and movers from Delhi to different Tier-4 city. Please suggest,0,3,1.0,0,1742444249.0,False,t5_3d4x4,"I got the quote from original agrawal packers, but it's almost twice what other local packers and movers are quoting me. Little terrified because of all the scan reviews. Will relying on highly rated JD trusted movers be enough? "
throwaway0x05,"Excerpts from Winston Churchill's 1931 speech: ""Our Duty in India""",0,19,0.63,0,1742380315.0,False,t5_3d4x4,"Speech on March 18, 1931 at Albert Hall, London

Title: ""Our Duty in India""

>To abandon India to the rule of the Brahmins would be an act of cruel and wicked negligence. It would shame for ever those who bore its guilt. These Brahmins who mouth and patter the principles of Western Liberalism, and pose as philosophic and democratic politicians, are the same Brahmins who deny the primary rights of existence to nearly sixty millions of their own fellow countrymen whom they call ‘untouchable’, and whom they have by thousands of years of oppression actually taught to accept this sad position. They will not eat with these sixty millions, nor drink with them, nor treat them as human beings. They consider themselves contaminated even by their approach. And then in a moment they turn round and begin chopping logic with John Stuart Mill, or pleading the rights of man with Jean Jacques Rousseau.

>While any community, social or religious, endorses such practices and asserts itself resolved to keep sixty millions of fellow countrymen perpetually and eternally in a state of sub-human bondage, we cannot recognise their claim to the title-deeds of democracy. Still less can we hand over to their unfettered sway those helpless millions they despise. Side by side with this Brahmin theocracy and the immense Hindu population – angelic and untouchable castes alike – there dwell in India seventy millions of Moslems, a race of far greater physical vigour and fierceness, armed with a religion which lends itself only too readily to war and conquest.

>While the Hindu elaborates his argument, the Moslem sharpens his sword.

>...

>There can be no doubt therefore that the departure of the British from India, which Mr. Gandhi advocates, and which Mr. Nehru demands, would be followed first by a struggle in the North and thereafter by a reconquest of the South by the North, and of the Hindus by the Moslems.

Source: [https://winstonchurchill.org/resources/speeches/1930-1938-the-wilderness/our-duty-in-india/](https://winstonchurchill.org/resources/speeches/1930-1938-the-wilderness/our-duty-in-india/)

  
What do you think?"
Akinato21,"Hatred for language not good for country', Naidu weighs in on language row",0,487,0.95,0,1742311784.0,False,t5_3d4x4,"Andhra Pradesh CM supports the Centre's three-language policy, emphasizing the importance of Telugu, Hindi, and English for communication and opportunities.

Source: https://www.hindustantimes.com/india-news/hatred-for-language-not-good-for-country-naidu-weighs-in-on-language-row-101742235968530.html

Other sources at : https://timesofindia.indiatimes.com/"
theanonymoussking,"Wife murders Husband with the help of her lover, chops body into pieces and throws them in a barrel filled with cement",0,194,0.98,0,1742325607.0,False,t5_3d4x4,"**A very horrific incident has come to light from Meerut in UP. Here, a wife who had a love marriage has killed her husband in a very brutal manner to hide her illegal relationship and to have fun with her lover.**


**First, she mixed a drug in the food of her husband who had returned from London. After this, she killed him and cut the body into pieces. She filled those pieces in a plastic drum and poured cement solution over it. Not only this, after such a heinous murder, she went to Shimla to have fun with her lover.**


**Everyone knew that she had gone to Shimla with her husband. She had made a complete plan for this too. She kept updating from Shimla from her husband's phone. On returning home, she informed her mother about the murder. As soon as the information about the horrific incident was received, there was a stir in the whole house.**


**The family itself informed the police. The police have arrested the woman and her lover. The drum has been recovered along with the dead body. Due to the cement setting, the pieces of the dead body could not be taken out from it.**

29-year-old Saurabh Rastogi, a resident of Indiranagar, was an officer in the Merchant Navy. In 2016, Saurabh had a love marriage with Muskan Rastogi. They have a six-year-old daughter who studies in class two. Saurabh was living with his wife and daughter in a rented house in Indiranagar for three years. His father Munnalal, brother Bablu and mother Renu live in a separate house in Brahmapuri.

Saurabh used to go abroad for work. Since 2019, Muskan had a love affair with Sahil Shukla, a resident of Shastri Ki Kothi in the locality. Muskan's birthday was on February 25 and Saurabh returned from London on February 24. Saurabh was aware of Muskan's affair, which also led to a dispute. After this, the wife and her lover decided to kill the husband who was becoming an obstacle in the illicit relationship.

On the night of March 4, Muskaan gave Saurabh an intoxicating drug in his food. After this, she called her lover Sahil. Both of them killed Saurabh by stabbing him repeatedly in the chest with a knife. After this, they cut the body into 10-12 pieces and filled them in a plastic drum. They filled the drum with a solution of cement and dust and put a lid on it.

After this, Muskan left her daughter at her parental home and went to Shimla with her lover. On returning, Muskan was talking to her mother on Tuesday. During the conversation, Muskan told her mother about the murder of her husband. On hearing this, there was a panic in the family. The family members themselves informed the police about this. The police rushed and recovered the drum from the house. The solution of cement and dust had dried up, so the dead body could not be taken out. SSP Dr. Vipin Tada also reached the spot. The drum has been brought to the mortuary. The police have arrested the accused Muskan and Sahil Shukla.

 

To Read The Whole Case 

[News Article [Source]](https://www.livehindustan.com/uttar-pradesh/wife-caught-in-illicit-relations-murdered-her-husband-who-had-returned-from-london-and-chopped-the-body-into-pieces-201742316277807.html)"
Foreign_Angle_9042,"Annamalai, other Tamil Nadu BJP leaders arrested ahead of protest against Rs 1,000-crore TASMAC ‘corruption’",0,305,0.98,0,1742315088.0,False,t5_3d4x4,"On March 17, 2025, in Chennai, Tamil Nadu BJP president K Annamalai, former Telangana Governor Tamilisai Soundararajan, MLA Vanathi Srinivasan, MLA Saraswathi, and party workers were arrested by police near Annamalai’s Akkarai home and elsewhere before protesting a Rs 1,000-crore TASMAC corruption scandal uncovered by ED raids on March 6, involving distilleries SNJ, Kals, Accord, SAIFL, Shiva, bottlers Devi and Crystal, fake invoices, and bribery; in Coimbatore, BJP’s P Durai and A Manivannan were arrested March 18 for inflammatory remarks against CM MK Stalin during a related protest, remanded to judicial custody.

[https://indianexpress.com/article/india/annamalai-tamil-nadu-bjp-leaders-arrested-protest-against-rs-1000-crore-tasmac-corruption-9890477/](https://indianexpress.com/article/india/annamalai-tamil-nadu-bjp-leaders-arrested-protest-against-rs-1000-crore-tasmac-corruption-9890477/)

[https://timesofindia.indiatimes.com/city/coimbatore/2-bjp-functionaries-arrested-in-coimbatore-for-inflammatory-remarks-against-tamil-nadu-cm-mk-stalin/articleshow/119143414.cms](https://timesofindia.indiatimes.com/city/coimbatore/2-bjp-functionaries-arrested-in-coimbatore-for-inflammatory-remarks-against-tamil-nadu-cm-mk-stalin/articleshow/119143414.cms)"
Foreign_Angle_9042,"7 illegal Bangladeshi immigrants caught in Delhi, to be deported soon",0,640,0.98,0,1742299561.0,False,t5_3d4x4,"Delhi Police detained seven illegal Bangladeshi immigrants, including minor, on March 16, 2025, from multiple locations in Delhi-NCR, initiating deportation via FRRO. In Gujarat, Devbhumi Dwarka SOG arrested five Bangladeshi women near Shri Rukmini Mata Temple, who paid ₹25,000 each to traffickers for illegal entry. Thane police apprehended 76 Bangladeshis in two months, surpassing 2024's total of 60, amid crackdowns on undocumented migrants. Odisha's STF nabbed 10 Bangladeshis at Bhubaneswar Railway Station. BSF arrested seven Bangladeshis, four Rohingyas, and four Indian touts at Meghalaya, Tripura borders, seizing 187 smuggled phones. ED's probe into a Hyderabad flesh trade racket revealed Bangladeshi girls trafficked via West Bengal for ₹4,000-₹5,000 per person, with money routed through Paytm wallets, banks, hawala, and bKash; six accused received life imprisonment.

[https://timesofindia.indiatimes.com/city/rajkot/five-bangladeshi-women-arrested-near-dwarka-town/articleshow/119125244.cms](https://timesofindia.indiatimes.com/city/rajkot/five-bangladeshi-women-arrested-near-dwarka-town/articleshow/119125244.cms)

[https://timesofindia.indiatimes.com/city/mumbai/thane-police-intensify-crackdown-on-illegal-immigration-76-bangladeshi-nationals-arrested-in-two-months/articleshow/118946578.cms](https://timesofindia.indiatimes.com/city/mumbai/thane-police-intensify-crackdown-on-illegal-immigration-76-bangladeshi-nationals-arrested-in-two-months/articleshow/118946578.cms)

[https://www.deccanherald.com/india/agents-paid-rs-4-5k-for-trafficking-bangladeshi-girls-into-india-ed-3445668](https://www.deccanherald.com/india/agents-paid-rs-4-5k-for-trafficking-bangladeshi-girls-into-india-ed-3445668)

[https://www.thehindu.com/news/national/odisha/ten-bangladeshi-nationals-arrested-from-bhubaneswar-railway-station/article69310292.ece](https://www.thehindu.com/news/national/odisha/ten-bangladeshi-nationals-arrested-from-bhubaneswar-railway-station/article69310292.ece)

[https://www.hindustantimes.com/india-news/7-illegal-bangladeshi-immigrants-caught-in-delhi-to-be-deported-soon-101742202507878.html](https://www.hindustantimes.com/india-news/7-illegal-bangladeshi-immigrants-caught-in-delhi-to-be-deported-soon-101742202507878.html)

[https://www.siasat.com/7-bangladeshis-4-rohingyas-held-along-india-bangladesh-border-3195657/](https://www.siasat.com/7-bangladeshis-4-rohingyas-held-along-india-bangladesh-border-3195657/)"
BROWN-MUNDA_,Mohammed Shami's daughter targeted for playing Holi: 'Crime...against Shariat',0,262,0.98,0,1742315309.0,False,t5_3d4x4,"The cleric had earlier claimed that Mohammed Shami had sinned by not observing a fast during the recent ICC Champions Trophy that fell during the ongoing month of Ramzan.

Source:https://www.moneycontrol.com/news/india/mohammed-shami-s-daughter-targeted-for-playing-holi-crime-against-shariat-12966325.html

And also can be find on major news outlets including https://timesofindia.indiatimes.com/"
BROWN-MUNDA_,"Nagpur violence: 'Chhaava' film reignited people's emotions, attacks seems 'premeditated,' says Devendra Fadnavis",0,161,0.93,0,1742319952.0,False,t5_3d4x4,"Maharashtra CM Devendra Fadnavis attributed recent violence in Nagpur to heightened emotions from the Chhaava movie, which depicts Maratha history. Violence erupted after protests against Aurangzeb's tomb, leading to curfew and multiple injuries. Authorities are investigating the premeditated attacks and ensure the responsible parties face consequences. Deputy CM Eknath Shinde also highlighted concerns about targeted conspiracies.

Source: https://timesofindia.indiatimes.com/india/nagpur-violence-chhaava-film-reignited-peoples-emotions-attacks-seems-premeditated-says-devendra-fadnavis/articleshow/119159533.cms"
BROWN-MUNDA_,"Telangana assembly passes 2 bills to up backward class quota to 42%, total reservation to 70%",0,576,0.98,0,1742290245.0,False,t5_3d4x4,"The Telangana assembly passed two landmark bills to hike reservations in education and jobs from 50% to 70%, surpassing the Supreme Court's quota cap. The decision received unanimous political support, expecting to back their constitutional amendment proposal with extensive survey data.

Source: https://timesofindia.indiatimes.com/india/telangana-assembly-passes-2-bills-to-up-backward-class-quota-to-42-total-reservation-to-70/articleshow/119139009.cms"
Foreign_Angle_9042,"Two drug peddlers including ""Hrithik Roshan"" fall off flyover while trying to escape from cops, suffer fractures",0,120,0.97,0,1742316555.0,False,t5_3d4x4,"On March 16, 2025, in Coimbatore, Chettipalayam police arrested M Deepanraj, 23, and N Hrithik Roshan, 21, from Ramanathapuram, who fell off a JJ Nagar flyover, fracturing Deepanraj’s leg and Roshan’s arm, while escaping on a motorcycle; 1.3 kg ganja and 3g methamphetamine were seized, linked to supplying college students and prior theft cases.

[https://timesofindia.indiatimes.com/city/chennai/two-drug-peddlers-fall-off-flyover-while-trying-to-escape-from-cops-suffer-fractures/articleshow/119126848.cms](https://timesofindia.indiatimes.com/city/chennai/two-drug-peddlers-fall-off-flyover-while-trying-to-escape-from-cops-suffer-fractures/articleshow/119126848.cms)"
Foreign_Angle_9042,Hyderabad | Passenger records cab driver playing PUBG while driving,0,878,0.99,0,1742273703.0,False,t5_3d4x4,"On March 17, 2025, in Hyderabad, a video captured a cab driver recklessly playing PUBG while navigating traffic, ignoring his passenger’s warnings, sparking outrage and calls for his license cancellation amid rising concerns over distracted driving.

[https://timesofindia.indiatimes.com/etimes/trending/passenger-stuns-internet-with-video-of-cab-driver-doing-this-safety-takes-a-backseat/articleshow/119120207.cms](https://timesofindia.indiatimes.com/etimes/trending/passenger-stuns-internet-with-video-of-cab-driver-doing-this-safety-takes-a-backseat/articleshow/119120207.cms)"
DarkMountain666,Rahul Gandhi says opposition's voice silenced in new India': ‘LoP not being permitted to speak',0,2,0.67,0,1742385739.0,False,t5_3d4x4,
BROWN-MUNDA_,"ED conducts raids against US billionaire George Soros backed OSF, linked entities",0,346,0.97,0,1742282792.0,False,t5_3d4x4,"Enforcement Directorate on Tuesday conducted searches against US billionaire George Soros backed firm Open Society Foundation in Karnataka's Bengaluru.

Source: https://timesofindia.indiatimes.com/india/ed-conducts-raids-against-us-billionaire-george-soros-backed-osf-linked-entities/articleshow/119148009.cms"
BROWN-MUNDA_,"Borrowing from RBI per month, says T'gana CM amid cash crunch",0,118,0.96,0,1742302226.0,False,t5_3d4x4,"Telangana CM Revanth Reddy cites cash crunch, relying on ₹4,000 crore loans to pay salaries, urging employees to defer DA demands amid financial struggles.

Source: https://www.hindustantimes.com/india-news/borrowing-from-rbi-per-month-says-t-gana-cm-amid-cash-crunch-101742236509320.html

Another source: can find below any major news outlets including https://timesofindia.indiatimes.com/"
SquaredAndRooted,"Mohali Momo Factory Horror – Dog’s Head in the Fridge, Maggots in the Chutney",0,125,0.98,0,1742295596.0,False,t5_3d4x4,"In a stomach-churning revelation, a momo and spring roll factory in Mohali’s Mataur village was raided, exposing nightmarish hygiene conditions. Health officials discovered a **severed dog's head in the refrigerator**, while the rest of its body was nowhere to be found. The incident has sparked widespread concern over whether **dog meat was being used in momos and spring rolls** supplied across Chandigarh, Panchkula, and Mohali.  

But the horror didn’t stop there—**fungus-covered cabbage, maggot-infested chutney, and reused, rancid oil** were also found at the site. Some spring rolls even showed signs of **rats chewing on them**. Authorities **seized over 35 kg of momos and spring rolls** and **50 kg of rotting meat**, destroying them on-site. The factory’s **Nepali workers fled**, leaving investigators scrambling to track them down.  

The **factory owner was fined Rs 12,000** for illegal slaughter and **Rs 10,000 for stocking plastic bags in bulk**. Meanwhile, Deputy Commissioner Komal Mittal has ordered a **crackdown on all such unhygienic and illegal food factories**. Officials are now investigating the factory’s licensing and **testing meat samples to determine its origin**.  

This incident has raised serious concerns about the **safety of street food in Mohali** and the **lack of stringent meat regulations**. If you’re a momo lover in the area, it might be time to rethink your snack choices.  

**Sources:**  
- [Free Press Journal](https://www.freepressjournal.in/amp/india/punjab-shocker-dogs-head-found-in-refrigerator-of-momo-factory-in-mohalis-mattaur-village-workers-absconding?utm_campaign=fullarticle&utm_medium=referral&utm_source=inshorts)  
- [Financial Express](https://www.financialexpress.com/trending/severed-dog-head-found-in-refrigerator-of-mohali-momo-factory-in-punjab-during-raid-authorities-crack-down-on-unhygienic-food-units-watch/3780569/)  
- [Times of India](https://timesofindia.indiatimes.com/city/chandigarh/stepping-out-for-momos-in-mohali-mind-the-health-risks/articleshow/119128908.cms)"
DarkMountain666,Rahul Gandhi hits out at PM Modi for not giving ‘shraddhanjali’ to Mahakumbh stampede victims in Lok Sabha address | Mint,0,1,0.6,0,1742385673.0,False,t5_3d4x4,
ninetails02132,"Can someone explain how yoga centers operate in Rishikesh? Also, pls suggest if you have experience.",0,1,1.0,0,1742381110.0,False,t5_3d4x4,"I have booked stay and visit in Rishikesh from 12 to 19 April. Now I am searching for affordable Yoga classes in my stay period. By affordable I mean, no more than 500 rs per person per day.

I am overwhelmed about what to do, how to book and find anything that matches my need. Anyone who have prior experience can please help?"
Select-Bat-9095,Indian government going to Crackdown on overstaying by foreign passport holders,0,25,0.91,0,1742311497.0,False,t5_3d4x4,
Foreign_Angle_9042,SLBC tunnel rescue operation enter 23rd day,0,28,0.97,0,1742304741.0,False,t5_3d4x4,"On March 16, 2025, the Srisailam Left Bank Canal (SLBC) tunnel rescue in Hyderabad, led by Nagarkurnool Collector B Santhosh, entered its 23rd day, with teams from SCR, NDRF, SDRF, Singareni, and other agencies expediting operations at D1 and D2 points. Approximately 650 personnel worked tirelessly, supported by nutritious food, medicines, and essentials, to locate 8 trapped workers, of whom only 1 body has been retrieved, leaving the fate of the remaining 7 uncertain as of Sunday.

The Srisailam Left Bank Canal tunnel, overseen by the Telangana government under CM A. Revanth Reddy and Irrigation Minister N. Uttam Kumar Reddy, is being constructed by Jaiprakash Associates Ltd. and The Robbins Company.

[https://www.newindianexpress.com/states/telangana/2025/Mar/17/slbc-tunnel-rescue-operations-enter-23rd-day](https://www.newindianexpress.com/states/telangana/2025/Mar/17/slbc-tunnel-rescue-operations-enter-23rd-day)

[https://timesofindia.indiatimes.com/city/hyderabad/slbc-tunnel-last-40-mtrs-prove-difficult/articleshow/119085594.cms](https://timesofindia.indiatimes.com/city/hyderabad/slbc-tunnel-last-40-mtrs-prove-difficult/articleshow/119085594.cms)"
BROWN-MUNDA_,Punjab cops gun down suspect in Amritsar temple grenade attack,0,98,0.97,0,1742262665.0,False,t5_3d4x4,"A man suspected of hurling a grenade at Thakurdwara temple in Amritsar on March 15 was killed in a shootout with Punjab Police early on Monday.

Source: https://timesofindia.indiatimes.com/india/punjab-cops-gun-down-suspect-in-amritsar-temple-grenade-attack/articleshow/119130962.cms"
Fantastic-Ratio-7482,"We need to talk more about sexism against men and how modern ""feminists"" are failing men.",0,3,1.0,0,1742324235.0,False,t5_3d4x4,"I realize that the title itself will trigger a lot of you. Many will see this post as some sort of retaliation or opposition to women's issues. For all of the people who feel this way, I promise you that I have no such intentions. Saying, ""We need to talk more about sexism against men"" does not mean, ""We need to talk less about sexism against women."" Both issues can coexist, and both deserve attention.

This post is referring to toxic feminists or toxic feminism in general and not all of feminism.

With that out of the way, let's begin.

Modern feminism, while advocating for equality, often dismisses or outright despises any discussion regarding men or men's health. This became glaringly apparent to me during last International Men's Day, where social media platforms were flooded with sexist comments, mockery, and hate speech against men. Instead of acknowledging the day as an opportunity to address issues like male mental health, suicide rates, workplace fatalities, or the struggles of single fathers, many chose to ridicule the very idea that men could face systemic challenges.

This isn’t to say that feminism hasn’t done incredible work for women’s rights—it has, and those achievements should be celebrated. However, there’s a growing trend within certain circles of feminism to demand equality while simultaneously dismissing or even perpetuating harmful stereotypes about men. For example:

Double Standards: Feminists often demand equal treatment, yet some also expect special treatment in certain scenarios. For instance, men are expected to be providers and protectors, but when they express vulnerability or seek support, they’re often met with ridicule or indifference.

Mental Health Stigma: Men are far less likely to seek help for mental health issues, partly due to societal expectations that men should be ""strong"" and emotionless. When men do speak up, they’re often told to ""man up"" or dismissed entirely.

Parental Rights: In cases of divorce or custody battles, men are frequently assumed to be less capable parents, even when evidence suggests otherwise. The system often defaults to favoring mothers, leaving many fathers fighting an uphill battle for equal rights.

Workplace Risks: Men make up the vast majority of workplace fatalities, often in dangerous industries like construction, mining, and manufacturing. Yet, discussions about workplace safety are rarely framed as a men’s issue, even though it disproportionately affects them.

Recently, I came across a YouTube reel where a woman argued that generalizing or using the term ""All Men"" is not just okay, but practical. She claimed that all men are equally accountable for the actions of one criminal. This kind of rhetoric is not only hurtful but also deeply unfair. It’s a form of collective punishment that no other group would be expected to tolerate.

This made me wonder: do women show the same level of accountability toward men who are victims of malicious women? The answer, unfortunately, is often no. Here are a few examples:

False Accusations: There have been numerous cases where men have been falsely accused of crimes like rape or domestic violence. These accusations can ruin lives, careers, and reputations, even when proven false. Yet, there’s little to no accountability for the women who make these false claims.

Financial Exploitation: In divorce cases, some women exploit alimony and child support systems, leaving men financially devastated. While this isn’t true for all women, it’s a significant issue that’s rarely discussed.

Emotional Abuse: Men can be victims of emotional and psychological abuse, but they’re often dismissed or laughed at when they try to speak out. Society tends to view men as perpetually strong and invulnerable, which makes it difficult for male victims to be taken seriously.

Parental Alienation: Some women use children as weapons in custody battles, alienating fathers from their kids. This form of emotional manipulation is devastating for both the fathers and the children involved, yet it’s rarely addressed as a serious issue.

Another glaring issue is how men are portrayed in media. Almost every TV show or reality show I’ve ever watched depicts men as humans with the emotional intelligence (EQ) of toddlers. They’re often shown as bumbling, clueless, and incapable of handling basic tasks without a woman’s guidance. This trope is not only insulting but also reinforces the stereotype that men are inherently less emotionally mature or competent than women.

Media seems to operate on a binary when it comes to portraying men: they’re either manipulative social predators (the ""fuckboy"" archetype) or emotionally stunted man-children with the EQ of a 5-year-old. There’s no in-between. Men are either depicted as toxic and dangerous or as bumbling idiots who can’t raise kids, navigate emotional situations, or function socially without a woman’s help.

Take The Big Bang Theory, for example. How many of you have watched it? Remember Leonard Hofstadter? Every time he opened up about his traumatic childhood, his struggles with self-esteem, or his complicated relationship with his mother, it was played for laughs. A laugh track would roll in, turning his pain into a punchline. Imagine if the genders were reversed—if a female character’s emotional struggles were treated with the same level of mockery. It would be rightfully called out as tone-deaf and cruel. Yet, when it happens to male characters, it’s just ""comedy.""

This kind of portrayal is damaging because it trivializes men’s emotions and reinforces the idea that men’s struggles aren’t worthy of genuine empathy or understanding. It sends a message that men’s pain is inherently funny or insignificant.

Now, let’s address another toxic notion: the idea that men cannot understand what it feels like to be discriminated against, and that only women can truly comprehend sexism. On the internet, feminists often try to gaslight men into believing that we can’t possibly understand women’s struggles.

Let me tell you a story.

A 26-year-old pregnant woman had to keep working while pregnant to support her family because her husband’s income wasn’t enough. She went through labor while teaching at school, came home, cooked a meal for her husband (who worked more than 14 hours a day), and only then went to the hospital when she could no longer bear the pain. In the worst medical conditions, she gave birth and then bled for the next three days. Due to the horrible medical care, she developed a nervous problem that made her lose control of her right wrist and palm.

She was a school teacher in the early 2000s and needed that job to survive. She cared for her baby, took care of her family, and stayed up at night practicing writing with her left hand. She mastered it enough within a week to not lose her job.

This woman is my mother.

Another tale: this woman had five kids. Her husband lost his government job due to the partition of the country, and they had to leave their land and travel hundreds of miles east to start life anew. Three of her children died, and she later had one more. They survived on the meager income from her husband’s homeopathic practice, which barely covered fuel costs. To save fuel, she and her husband’s meals consisted of raw dough with water. She nearly died from diarrhea twice, and her son almost died from malaria. She STILL raised three beautiful children and is still going strong at the age of 86, feeding her grandson until he can’t breathe.

This woman is my grandma.

I come from a long line of strong, independent women who did what they had to do to keep their families going. So please, pardon me when I refuse to call you independent and strong.

I will be lucky if I become half the man my mother was, and I will have won in life if I become a quarter of the man my grandma was. Feminists get triggered when they see a post that talks about men’s issues. Strong, independent? My ass! Whiny, selfish, narcissistic assholes running their own agenda under the guise of feminism. Shame on all of you.

I know more about the sexism that women face from watching the women in my life than most of you who call yourselves feminists ever did. I don’t need to have a daughter to realize the struggles that women face. Don’t come to ""womansplain"" to me what sexism is. You are not qualified to do so.

Of course, men are not without blame. Those who buy OnlyFans subscriptions, promote ""sigma male"" nonsense, or idolize Andrew Tate are equally responsible. These men are rightful predators, preying not just on women but on other men as well by perpetuating harmful stereotypes.

I want to be clear: this post isn’t about blaming feminism or women. It’s about recognizing that sexism isn’t a one-way street. Men face unique challenges that are often ignored or minimized, and addressing these issues doesn’t take away from the progress being made for women. True equality means lifting everyone up, not tearing one group down to benefit another."
Shak1196,"Nagpur Violence: 25 Cops Injured as Protest Over Aurangzeb Tomb Turns Ugly, Several Vehicles Set On Fire",0,105,0.94,0,1742246227.0,False,t5_3d4x4,
BROWN-MUNDA_,"Orry, 7 others booked for allegedly consuming alcohol near Vaishno Devi shrine; J&K Police promise 'strict' action",0,459,0.99,0,1742208956.0,False,t5_3d4x4,"Orry aka Orhan Awatramani, and 7 others, have been booked by J&K Police for allegedly consuming alcohol near Vaishno Devi shrine.
BJP MLAs condemned Orhan Awatramani and seven others for allegedly consuming alcohol near the Vaishno Devi shrine in Katra, sparking public outcry. An FIR lodged by Katra police on March 15 named the accused, who violated the shrine's sacred rules. Authorities have emphasized strict action against the offenders, highlighting the seriousness of the incident.

Source: https://timesofindia.indiatimes.com/city/jammu/their-bags-should-have-been-checked-bjp-fumes-over-liquor-consumption-by-socialite-orry-others-near-vaishno-devi-shrine/articleshow/119113574.cms

https://www.hindustantimes.com/entertainment/bollywood/orry-aka-orhan-awatramani-7-others-booked-for-allegedly-consuming-alcohol-near-vaishno-devi-shrine-katra-j-k-police-101742191008108.html"
theanonymoussking,Kerala woman arrested under Pocso Act for sexual exploitation of minor girl,0,87,0.96,0,1742240560.0,False,t5_3d4x4,"**A 23-year-old woman was arrested at Taliparambu in Kerala’s Kannur on Friday under the POCSO Act for allegedly sexually exploiting a 12-year-old schoolgirl.**

**Taliparamba police on Friday, March 14, arrested a 23-year-old woman for allegedly sexually assaulting her 12-year-old female relative multiple times.** (From another article)

The arrested woman, identified as Sneha Merlin, had been in the news recently for attacking a CPI leader using her helmet and the case is going on.

**The fresh case against her, under the stringent POCSO Act, came in the wake of a probe after the 12-year-old girl was found behaving in an unusual manner. Her class teacher, on inspecting her school bag, found her mobile and on checking it, found it contained pictures which were totally inappropriate, given the girl’s age.**

**The girl’s parents were taken into confidence by the authorities, who informed the Child Line. After a few counselling sessions, it surfaced that the girl was sexually exploited by Merlin.**

**On further probe by the authorities, it was found that Merlin had been abusing the young girl for a while now and the present arrest was made for her advancement towards the girl in February.**

**The probe has now revealed that Merlin had given a few gifts to the 12-year-old girl also.**

**The police team is now probing if there have been other innocent victims of Merlin.**

**Meanwhile, reports have now surfaced that Merlin, in the past, had sexually exploited a 14-year-old schoolboy also.**

**Officers also said she was earlier investigated for allegedly sexually abusing a 14-year-old boy and blackmailing him with videos** (From another article)

**He was threatened by Merlin that his pictures would be put out in public if he revealed the incident or made a complaint.**

The Protection of Children from Sexual Offences (Pocso) Act, 2012 is a landmark Indian law to protect children from sexual abuse, provide for their well-being and support, and ensure justice by a swift trial.




[NEWS ARTICLE ](https://www.thestatesman.com/india/kerala-woman-arrested-under-pocso-act-for-sexual-exploitation-of-minor-girl-1503408099.html)


"
BROWN-MUNDA_,"Tamil Nadu BJP leaders, including Annamalai and Tamilisai, arrested ahead of protest at Tasmac headquarters",0,337,0.96,0,1742211546.0,False,t5_3d4x4,"Several Tamil Nadu BJP leaders, including State president K. Annamalai and former Telangana Governor Tamilisai Soundararajan, were arrested by the Chennai city police on Monday (March 17, 2025) ahead of a protest against the alleged irregularities in the Tamil Nadu State Marketing Corporation (Tasmac). Mr. Annamalai was stopped by the police about 1 km from his house in Akkarai and was taken into custody as he was proceeding towards the protest venue in Egmore.

Source: https://www.thehindu.com/news/cities/chennai/tamil-nadu-bjp-leaders-including-tamilisai-vanathi-arrested-ahead-of-protest-at-tasmac-headquarters/article69339155.ece

Other source:https://timesofindia.indiatimes.com/india/1000-cr-scam-bjp-protests-alleged-corruption-within-tasmac-tamil-nadu-govt-arrests-annamalai-others/articleshow/119108131.cms"
BROWN-MUNDA_,Rape accused shot at while trying to escape from police custody in UP,0,908,0.99,0,1742190954.0,False,t5_3d4x4,"Aman Putra Chand Khan, accused of raping a seven-year-old girl, attempted to escape police custody in Hathras, Uttar Pradesh by snatching a policeman's pistol and firing at the police. The police retaliated, injuring him in the leg, and he was subsequently recaptured and taken to the hospital for treatment before facing legal procedures.

Source: https://timesofindia.indiatimes.com/city/agra/rape-accused-shot-at-while-trying-to-escape-from-police-custody-in-up/amp_articleshow/119095873.cms"
gunner0987,One of the best reform and I think all countries facing declining birthrate must do it.,0,453,0.89,0,1742192303.0,False,t5_3d4x4,More children for working class women is always the best. 
misterggggggg,New traffic fines 2025: Penalties increased 10 times for major violations - India Today,0,2,1.0,0,1742290721.0,False,t5_3d4x4,"  

- **Drunken Driving**: **Previous Fine:** ₹1,000-₹1,500 → **Updated Fine:** ₹10,000 and/or 6 months in prison; ₹15,000 and/or 2 years in prison for repeat offenses.  
- **Riding without Helmet**: **Previous:** No fine → **Updated:** ₹1,000 fine plus license suspension for 3 months.  
- **Not Wearing Seat Belt**: **Previous:** ₹100 → **Updated:** ₹1,000.  
- **Using Mobile While Driving**: **Previous:** ₹500 → **Updated:** ₹5,000.  
- **Driving Without a Valid License**: **Previous:** ₹500 → **Updated:** ₹5,000.  
- **Triple Riding on Two-Wheeler**: **Previous:** ₹100 → **Updated:** ₹1,000.  
- **Driving Without Valid Insurance**: **Previous:** ₹200-₹400 → **Updated:** ₹2,000 and/or 3 months in prison with community service; ₹4,000 for repeat offenses.  
- **No Valid Pollution Certificate**: **Previous:** ₹1,000 → **Updated:** ₹10,000 and/or up to 6 months in prison with community service.  
- **Dangerous Driving**: **Previous:** ₹500 → **Updated:** ₹5,000.  
- **Not Giving Way to Emergency Vehicles**: **Previous:** ₹1,000 → **Updated:** ₹10,000.  
- **Racing or Speeding on Public Roads**: **Previous:** ₹500 → **Updated:** ₹5,000.  
- **Overloading**: **Previous:** ₹2,000 → **Updated:** ₹20,000.  
- **Jumping Traffic Signal**: **Previous:** ₹500 → **Updated:** ₹5,000.  
- **Juvenile Offenses (Under 18 Years)**: **Previous:** ₹2,500 → **Updated:** ₹25,000 fine, 3 years imprisonment, cancellation of vehicle registration for 1 year, and no driving license eligibility until 25 years of age.  

"
BROWN-MUNDA_,Bull-tamer gored to death at TN Jallikattu event,0,158,0.92,0,1742200261.0,False,t5_3d4x4,"A bull gored a 22-year-old tamer to death during a Jallikattu event in Madurai Sunday. Deceased, Mahesh Pandian, of Kachirayanpatti in Madurai's Sholavandan, was working in Malaysia and had returned home for Pongal. He was rushed to Govt Rajaji Hospital but succumbed to his injuries en route

Source: https://www.google.com/amp/s/timesofindia.indiatimes.com/india/bull-tamer-gored-to-death-at-tn-jallikattu-event/amp_articleshow/119088597.cms"
madpool04,Why are people becoming,0,1,1.0,0,1742298148.0,False,t5_3d4x4,"Recently, most of the Instagram reels I see are just gender wars. People are going crazy over random stuff. Like, men keep talking about women with high body counts—why? If they don’t like a girl, just move on. Why even bother? And the same guys complaining about OnlyFans are the ones paying for it.

Then there's this one girl who told us she needs a guy who earns 1 crore LPA. So what? She is not stealing anything from anyone. If you do not like what she needs, scroll. Why shame her looks or lifestyle? If she finds someone like that, good for her. If she does not, then reality will take care of it. Why do people create reels only to shame people?

Bad things can happen to both men and women. It's not a matter of who suffers the most. Some are bad, and some are good—why generalize according to gender?

I watched this reel of a man and his mom hanging out, being buddies. He was applying her makeup, they were going shopping, and she had on a short dress. And people swarmed the comments, calling her a slut. Why? Do these men think women should be covered from birth to death and never be joyful, just because they can't keep their pants zipped?

And there was this other guy who was into makeup. He was bullied so severely that he committed suicide. Where was this ""men suffer too"" crowd then? Oh wait, they were bullying him.

And then there's Instagram itself. The algorithm continues to push these so-called ""sigma men"" groups, in which boys are stuck in an echo chamber of objectifying women further. They only perceive the world from that view and continue to reinforce that same poisoning way of thinking. It's a loop—Instagram gives them what they're interacting with, and they just go deeper and deeper.

And whenever we bring up development—how China or America is leading us—the only thing we can get out of people is, ""At least we don't have more than two genders"" or ""At least we don't eat dogs."" Like, that's all that matters. Can't we develop and simply not copy what we don't want? Singapore had a chewing gum issue and outlawed it in order to maintain their city cleanliness. Meanwhile, we can't outlaw paan despite the fact that it literally kills individuals."
BROWN-MUNDA_,Cops: SIT found 200 Azamgarh madrassas flouted norms,0,195,0.96,0,1742188838.0,False,t5_3d4x4,"Body: Police in Azamgarh, Uttar Pradesh, have booked over 200 madrassas for failing to comply with government standards. An investigation found that 219 out of 700 madrassas in the district had serious irregularities, with many granted recognition and funding without physical verification.

Source: https://timesofindia.indiatimes.com/india/cops-sit-found-200-azamgarh-madrassas-flouted-norms/articleshow/119089290.cms"
IcySeaworthiness7552,"Kidnapped girl from Zirakpur found near Chandigarh Banur, case registered against 4",0,57,0.97,0,1742211820.0,False,t5_3d4x4,"Didnt find any other news article related to this , nor in any other subReddit thus sharing for awareness "
Foreign_Angle_9042,"Telangana University bans protests inside campus; BRS, BJP slam Congress, ‘Rahul Gandhi holds a red Constitution’ | Today News",0,54,0.93,0,1742209525.0,False,t5_3d4x4,
Lazy-Discipline-4203,"Wife had an illicit relationship, husband caught her red handed, then wife cut off husband's private part",0,72,0.99,0,1742197950.0,False,t5_3d4x4,
Akinato21,"CM Mamata Banerjee to visit Furfura Sharif, attend meet & Iftar party",0,74,0.91,0,1742194569.0,False,t5_3d4x4,"CM Mamata Banerjee is set to visit Furfura Sharif to attend administrative meetings and an Iftar party, her first visit in nearly nine years. Though opposition links it to recent controversial comments by Suvendu Adhikari, TMC claims it is a scheduled visit aimed at addressing local concerns and maintaining community support

Source: https://timesofindia.indiatimes.com/city/kolkata/mamata-to-visit-furfura-sharif-today-attend-meet-iftar-party/articleshow/119081108.cms"
SquaredAndRooted,"Holi of Blood: Wife Butchers Husband in Vaishali, Bihar – Slits Throat, Crushes Skull and Mutilates Genitals",0,417,0.94,0,1742158090.0,False,t5_3d4x4,"
A horrifying murder took place in **Bhatoli Bhagwan village, Vaishali district, Bihar**, where **35-year-old Mithilesh Paswan** was brutally murdered by his wife, **Priyanka Devi**, in what appears to be a **pre-planned, sadistic killing**.  

**Motive and Events Leading Up to the Murder**  
Mithilesh reportedly caught Priyanka speaking to her **lover** and confronted her about it. A heated argument ensued, with **family members stepping in to defuse the situation**. Mithilesh **warned** Priyanka to stop the affair, but she was enraged by the restriction.  

**The Brutal Killing**  
That night, **inside a closed room**, Priyanka **attacked Mithilesh with bricks and stones**, crushing his **head**. After making him bleed, she **slit his throat** with a sharp weapon. But she didn’t stop there—**she then mutilated his genitals**, severing them completely.  

**Failed Escape and Arrest**  
Hearing **Mithilesh’s screams**, family members **rushed to the door** but found it **locked**. Priyanka **refused to open it**, forcing them to **break in**—only to discover **his blood-soaked corpse on the bed**. Priyanka was caught **trying to flee** but was quickly overpowered and handed over to the police.  

**Current Status of Investigation**  
Priyanka is now **in police custody**, and authorities are **interrogating her further**. The case has shaken the local community due to the **level of brutality involved**.  

**Sources:**  

1. **Jagran** – [Wife killed husband in Vaishali, crushed his head, cut his throat, then mutilated genitals](https://www.jagran.com/bihar/muzaffarpur-blood-stained-dead-body-of-married-man-found-on-the-bed-in-vaishali-wife-arrested-by-police-23666384.html)  
2. **Live Hindustan** – [Husband murdered in Vaishali, accused wife arrested](https://www.livehindustan.com/bihar/vaishali/story-wife-brutally-killed-her-husband-in-vaishali-cut-his-throat-crushed-his-head-5897915.html)  
3. **Zee News** – [Wife brutally killed husband, mutilated private part, locked room to stop intervention](https://zeenews.india.com/hindi/india/bihar-jharkhand/vaishali/vaishali-wife-brutally-killed-husband-cutting-his-private-part-neck-with-sharp-weapon-crushing-head-with-brick/2682468)  
4. **Times of India (TOI)** – [Woman slits husband’s throat in Bihar’s Vaishali, held](https://timesofindia.indiatimes.com/city/patna/woman-slits-husbands-throat-in-bihars-vaishali-held/articleshow/108443239.cms)  

---  

**Note on TOI's Coverage:**  
Unlike other sources, TOI **downplayed the affair angle**, making it seem like an **ordinary domestic dispute** rather than **a premeditated revenge murder over an illicit relationship**. Their framing appears **sanitized**, omitting the **explicit brutality of the attack**."
xarklymen,"DeepSeek gets ""'National Treasure in China"" status",0,647,0.98,0,1742147596.0,False,t5_3d4x4,"https://timesofindia.indiatimes.com/technology/tech-news/deepseek-gets-national-treasure-in-china-status-travel-ban-passport-taken-away-and-more-that-it-means-for-deepseeks-top-engineers/articleshow/119071391.cms

I wonder what would people who compare India with China has to say on this? Coz we are totally 2 different type of nations, and how there will be an outrage everywhere in the country if similar thing happens, hell there are riots in India for criminals/suspects getting arrested.
Although I get the sentiment it's a retort about always comparing with pakistan, but still. "
BusinessSilent,"Urgent Help Needed: Identify Brand Behind ""Fight FOMO"" Video  on Twitter (Might Feature My Friend)",0,1,1.0,0,1742273711.0,False,t5_3d4x4,
AutoModerator,"r/Indiaspeaks - Weekly Questions - Stupid , Too Afraid/Shy to Ask, Now is the Time",0,1,1.0,0,1742266834.0,False,t5_3d4x4,"Welcome to our Tuesday Stupid , Too Afraid/Shy to Ask, Now is the Time session

Often we have questions that we are afraid to ask for several reasons, leave them behind and just ask because now is the time....

The questions could be anything and not pertaining to a particular subject, be it History, Science, Politics, Sports , Movies, Music, Daily life related

***But just remember to be civil and follow the rules of the Sub***

* You can also join our [Discord Server Invite](https://discord.gg/V8sCPac)
* The ""Daily Discussion"" thread is posted Tuesday at 8:30 AM"
BROWN-MUNDA_,"Ayodhya's Ram Janmabhoomi Trust paid Rs 400 crore tax in last 5 years, says secretary Champat Rai",0,352,0.97,0,1742151675.0,False,t5_3d4x4,"The Shri Ram Janmabhoomi Teerth Kshetra Trust has paid around Rs 400 crore in taxes to the government over the past five years, trust secretary Champat Rai said on Sunday. He said that the amount was paid between February 5, 2020, and February 5, 2025.

Source: https://timesofindia.indiatimes.com/india/ayodhyas-ram-janmabhoomi-trust-paid-rs-400-crore-tax-in-last-5-years-says-secretary-champat-rai/articleshow/119082249.cms"
BROWN-MUNDA_,Sikkim introduces INR 50 entry fee for tourists from March 2025,0,841,0.99,0,1742131005.0,False,t5_3d4x4,"Sikkim introduces a INR 50 entry fee for tourists, charged at hotel check-in, excluding kids under five and official government visitors. The collected funds will enhance tourism infrastructure and environmental conservation, aiming to balance visitor demand with sustainable development, preserving Sikkim’s natural beauty and cultural heritage.

Source: https://timesofindia.indiatimes.com/life-style/travel/news/sikkim-introduces-inr-50-entry-fee-for-tourists-from-march-2025/articleshow/119043126.cms"
SquaredAndRooted,Codependency in Indian Men – The Uncomfortable Truth,0,2,1.0,0,1742248665.0,False,t5_3d4x4,"
The term **codependency** gets thrown around a lot, but let’s be real - most discussions tiptoe around the specific ways Indian men get trapped in it. **The focus is always on ""fixing"" men while ignoring how society gaslights them into being codependent in the first place**.

Here’s what’s missing from the usual take on codependency:

**Men Are Gaslit Into Codependency**.  
Everyone tells men that their worth is tied to **sacrifice and servitude**. A mother guilt-trips her son - ""Beta, ladke toh adjust karte hain."" A wife emotionally manipulates - ""Agar mujhse pyaar karte ho toh meri baat suno."" The underlying message? If you don’t tolerate **emotional and financial.  exploitation, you’re not a ""real"" man.  

**The Financial Codependency Trap**.  
It’s not just about emotional labor - men are **financially milked dry** in relationships. From funding not just their wife but her entire family, to getting legally extorted in case of divorce, men are turned into **walking ATMs with no escape button**. Even if a woman earns, the expectation remains that the man must provide.

**The ‘Silent Sufferer’ Conditioning**.  
Everyone tells men to ""communicate"" more, but where?  

* Friends mock them.  

* Wives use it against them.  

* Families tell them to shut up and ""be strong."". 

* There are zero safe spaces for Indian men to talk about their struggles. So, they bottle it up. And then when suicides skyrocket, society shrugs.  

**Reverse Codependency – When Men Are Kept Emotionally Starved**.  
Most Indian men aren’t in relationships because of deep emotional connection. They’re there because they have **nowhere else to go for emotional support**.  
Women have friends, family, societal backing. Men? If they leave a toxic relationship, they have no one. This fear of complete isolation keeps them trapped in bad relationships.

**The False ‘Dominance’ Narrative**.  
People act like men in Indian marriages are the dominant ones. But is that really true?

* Men are forced to make decisions, not because they want to, but because their wives and in-laws dump the responsibility on them.

* If anything goes wrong, they get blamed.

* They can’t refuse, because ""a man must take charge."". 

This isn’t ""dominance."" It’s **forced burden disguised as control**.

**The Problem With the Typical ‘Solutions’**.  

**""Men just need to recognize codependency!""**.  
No. Society needs to **stop** expecting men to be **givers by default**. The burden of fixing relationships shouldn’t always be on men.

**""Just set boundaries!""**.  
Sure, except what happens when women **don’t respect them**? Most Indian women have been conditioned to expect **unlimited male sacrifice**. The moment a man says ""no,"" **he’s met with guilt, shame, or outright hostility""*.  

**""Communicate more!""**.  
With whom? **Society dismisses men’s emotions**. Talking won’t fix a problem when **no one listens**.

**""Prioritize self-care!""**.  
In India, if a man prioritizes his own well-being, **he’s called selfish, irresponsible, or even abusive**. The only way self-care works is if men **stop seeking validation from those who exploit them**.  

**The Real Conversation We Need**.  

Codependency isn’t just a ""relationship problem""—it’s a **gendered power imbalance** where men are **set up to lose*"". The solution isn’t just ""men should change""—it’s **society needs to stop emotionally and financially exploiting them** in the name of love and duty.  

If Indian men actually start prioritizing themselves, **a lot of people will get very uncomfortable** - and that tells you everything you need to know.  

---

> **Disclaimer** – This post is a compilation of insights from various online sources and my own learning on the subject. I am not an expert, just someone exploring the topic. The focus here is on Indian men and how codependency affects them.  
>.  
 > Codependency can affect both men and women. If you're looking for discussions on codependent women, a quick Google search will give you plenty of results. This post is meant for men who rarely get this conversation centered around them.  
>  
> Not every relationship is codependent, and the intensity of codependency varies for different individuals. This post highlights common patterns. If it doesn’t apply to you, feel free to scroll.  "
BlitzKreig1947,"India - the duality. A country so attached to reminiscing past glories, the present is ignored.",0,3,1.0,0,1742233767.0,False,t5_3d4x4,"Every day, after I wake up, I look at the newspaper to start my day. Instead of news about economic growth, better infrastructure, justice being delivered, I am instead met with corruption, murders, rapes, and God knows what else goes on in this country on a daily basis. Worst part is these are the ones that are reported and actually get published for us to see. At this point, one starts to wonder if this country is truly as great as the media and everyone makes it seem.

Now if I call out acts of corruption, criticize projects or people, I get labelled ""Anti-National"". Keep in mind I am by no means trying to make this political, and those who politicize everything come under another one of the problems plaguing our ""great"" nation. Blaming the current or past governments and causing huge arguments stems away from the original topic itself. Ultimately, all this is doing is enabling politicians to not take responsibility for their actions. Who loses? Us. The public. I am not against or for any political party here, given the fact that both will screw you over, you have to choose which one screws you over less. It is truly astonishing to anyone when they truly look deep within society and its problems, especially when ever since you were a child, all you were taught was that India is a great country.

Politics aside, income inequality is another one of those societal evils that is prevalent in the country. The most well-known and easiest example is Mumbai. I won't hide the truth and say that I am a middle-class person, because I am not. I am relatively rich, and whenever I visit my uncle in Mumbai, from his balcony, right behind the boundary of the society, I can see that poor people have made their own makeshift tents. And apparently, they are going to bulldoze them away to make space for a new swimming pool. I am also not supporting this illegal occupation of land, simply stating an example of the wealth disparity that exists. India ranks 95th out of the 157 countries. 1% of the huge population we have owns 58% of the wealth.

Unemployment in India stands at a staggering 8.01%. This is attributed to skill mismatch, lack of education and training, but what almost no news article tells you about are freebies. Unemployment benefits, free money schemes, free rice, free electricity, all of these freebies further urge people to sit idle at home instead of actively searching for a job. Who pays for all of this? Us of course. Exorbitant tax rates leech off the working class to provide for these people. I don't have a problem with the money being used to help poorer people, but that's not the case here. Helping them would be improving education, giving training, not giving out freebies. How will the country grow if the population is encouraged to stay at home and get free stuff simply by voting for a party? Coming back to taxes, such high indirect taxes on goods only hurt the economy. Do we have any idea what is happening to all this tax revenue collected by the government? No. We don't, and we aren't bothering to question them either. We are too divided by religious issues, ""He said this, HAW!"" and too focused on literal comedy shows. If society is so hopeless, what can we expect from the government?

Coming to society and people, this is where things get heated, and I get personally attacked. The mindset of people in this country is just trash. Forgive my crude remark, but it's the truth. As Dr. Shashi Tharoor once said, ""You can piss in public, but you can't kiss in public."" I find this phrase to encapsulate the general mindset that is stuck in the country. The need to hold on to outdated societal norms is doing nothing but damaging us. For those of you arguing that you need to protect your culture, you may do so as you please in private with those who agree and support you. Enforcing your own culture and ideologies on someone else is not called protecting your culture. Women not being given free will to this day is not protecting your culture. If protecting your culture is so important, follow it then. In a country where women are supposed to be divine, she has to face judgement, stares, and literal sexual harassment from the very same society that wants to protect its culture.

On the topic of women's safety, let's talk statistics. Every single day in our ""great"" nation 86 cases of rape are \*\*officially\*\* reported. Even right now as you read this article a crime is being committed against women. What does society do? Victim blame. ""What was she doing there?"" ""Must've been asking for it."" The very same people that say, ""Not all men"" will say ""Why did she trust a random man"" and proceed to victim blame. For those of you who are going to say that this happens in other countries too, yes, it does, but at least their judiciary works, and we don't know how many cases of rape go unreported in this country. The legal system in this country is a joke. Corrupt and ignorant. The Kolkata case was such a heartbreaking incident for anyone to hear about. Women who want to pursue MBBS will have a second thought about it, leading to who knows how many potentially helpful people stepping back. Even for all those fake divorce cases about alimony. Look at society and the people. Nobody is scared of prosecution.

If criticizing problems in my country is anti-national, then I am anti-national and I will leave this country next year. We haven't even talked about pollution and the innumerous other problems that persist. Anyways, thank you for reading.

Signing off,

An ""Anti-National"""
theanonymoussking,"Wife had an illicit relationship, husband caught her red handed, then wife cut off husband's private part",0,149,0.98,0,1742145033.0,False,t5_3d4x4,"**Bihar Crime: In Vaishali, Bihar, a wife brutally killed her husband. First, the murderous wife crushed her husband's head with bricks and stones, making it bleed, then she cut his neck with a sharp weapon. Even after this, when she was not satisfied, she killed her husband by cutting off his private part.**


**A sensational case of murder has come to light from Vaishali district of Bihar, where the wife has brutally killed her own husband.** 

This incident is from Bhatoli Bhagwan village of Kartahan police station area. Where the wife played Holi with blood instead of colors on the day of Holi with her husband. 

**The murderous wife first made her husband bleed by hitting his head with bricks and stones, then slit his throat with a sharp weapon. When she was not satisfied with this, she also cut off her husband's private part.** 

**It is being told that Mithilesh Paswan saw his wife Priyanka talking to her lover and there was an argument between the husband and wife regarding this matter.** 

**The husband objected to his wife talking to someone else and warned her not to do so again. The family members pacified the matter by convincing both of them.**

**The wife, angry at being forbidden to talk to her lover, first attacked her husband's head in a closed room, leaving him bleeding, and then slit his throat with a sharp weapon.**

**After this, the murderous wife brutally cut off the private part of the husband. After hearing screams coming from the room, the people of the house asked to open the door, but the wife did not open the door. When people forcibly opened the door and looked inside the room, they were shocked to see the blood-soaked dead body of Mithlesh Paswan lying on the bed.**

**After the incident, wife Priyanka was trying to escape.** With the help of local people, the murderous wife has been handed over to the police. The police is continuing to interrogate the whole matter. The police is engaged in further action in the case. 


This article is from ZEE NEWS




News Source - Times of India & ZEE news 

[News Article [Times of India]](https://timesofindia-indiatimes-com.cdn.ampproject.org/v/s/timesofindia.indiatimes.com/city/patna/woman-kills-husband-after-heated-argument-in-bihars-vaishali/amp_articleshow/119074302.cms?amp_gsa=1&amp_js_v=a9&usqp=mq331AQIUAKwASCAAgM%3D#amp_tf=From%20%251%24s&aoh=17421405865809&csi=1&referrer=https%3A%2F%2Fwww.google.com&ampshare=https%3A%2F%2Ftimesofindia.indiatimes.com%2Fpatna%2Fwoman-kills-husband-after-heated-argument-in-bihars-vaishali%2Farticleshow%2F119074302.cms)"
Hairy-Barracuda1712,Turned 18 sometime ago! What should I do?,0,11,0.82,0,1742193402.0,False,t5_3d4x4,"Scrolled quite a bit on Reddit and here's what I've found-  
Update Aadhaar and passport  
Get a PAN Card (will hold off on it for a while though)  
Apply for Voter ID (tried to apply online but it's only allowing till October 2006?)  
Apply for LL then DL  
Apply for a domicile certificate  
Open a zero balance bank account

  
Anything else that I'll have to do? Any help is appreciated!"
indra_sword_rises,Narendra Modi: Pakistan remains the epicenter of terror. We have urged them to abandon the path of state sponsored terrorism,0,100,0.96,0,1742148951.0,False,t5_3d4x4,
Yogi-Rocks,I had a chance to play Holi in Indonesia,0,15,0.76,0,1742187041.0,False,t5_3d4x4,"I was on a work trip to Jakarta and it was my first holi away from home. To my pleasant surprise, a few of my Indian colleagues invited me to the Holi party organised by Indian Club in Jakarta. I must say it was an eye opening experience. 

1. Tolerance for all - Biggest Islamic nation by population, yet much more tolerance/ appreciation for all religions. The club booked a campsite where they had music, dance, food and area to play colors. That too during the Ramadan Period. No objections. Even the Indonesian Shahrukh khan team (the one who did Indonesian version of mohabbatein song) danced on stage. 

2. Real unity in diversity - Everyone including Indonesians invited. You could see people in their traditional Indonesian dress, including those in hijab, dancing and enjoying. While they didn’t eat because of Ramadan, they fully were enjoying the vibe, playing with colors.  No question of this is your festival vs mine. 

3. Civic sense/ Respect - People were mingling. Of course not everyone knew everyone but no hesitation to get to know each other and apply rang/ gulal. But everyone respected boundaries. No leching, no jabardasti and no sexual harrassment in guise of applying color. Plus every one (almost) was cautious to drop all waste (color packets, food plates etc) in the dustbin. 

4. Bureaucracy takes a backseat - The Indian ambassador and his family was there, playing colors with the crowd, not surrounded by police, approachable. No distinction between who is local, nri and what job he does. 

This was a very enlightening and welcoming experience. Wish we could replicate this in our nation some day. 

"
Akinato21,"Palghar man kills wife, beheads her, stuffs skull in travel bag",0,176,0.96,0,1742131704.0,False,t5_3d4x4,"The crime came to light two months after the incident when a skull was found inside a travel bag in Virar, police said.

Source : https://www.hindustantimes.com/india-news/palghar-man-kills-wife-beheads-her-stuffs-skull-in-travel-bag-101742056637135.html

https://timesofindia.indiatimes.com/"
BROWN-MUNDA_,"Hafiz Saeed's aide, key Lashkar-e-Taiba terrorist Abu Qatal killed in Pakistan",0,675,0.98,0,1742104552.0,False,t5_3d4x4,"A top Lashkar-e-Taiba terrorist, Abu Qatal, known for his involvement in numerous attacks in Jammu and Kashmir, was shot dead by unidentified assailants in Pakistan's Jhelum Sindh. Qatal, a close aide of Hafiz Saeed, recently led proxy terror outfits PAFF and TRF to conceal activities of other terror groups.

Source: https://timesofindia.indiatimes.com/world/pakistan/key-lashkar-e-taiba-terrorist-abu-qatal-killed-in-pakistan/articleshow/119065076.cms"
BROWN-MUNDA_,"Kerala man gives triple talaq via phone; booked for assault, dowry demand",0,262,0.98,0,1742120279.0,False,t5_3d4x4,"The Kalpakanchery police registered a case against Shahul Hameed, a native of Edakkulam, who divorced his wife via phone.

Source: https://www.hindustantimes.com/india-news/kerala-man-gives-triple-talaq-via-phone-booked-for-assault-dowry-demand-101742052894215.html

https://timesofindia.indiatimes.com/"
OrchidAltruistic8982,"Woman pushes 8-year-old daughter to death from 29th floor apartment in Panvel, jumps after her",0,510,0.98,0,1742104840.0,False,t5_3d4x4,Source: https://timesofindia.indiatimes.com/city/mumbai/woman-pushes-8-year-old-daughter-to-death-from-29th-floor-apartment-in-panvel-jumps-after-her/articleshow/119019903.cms
Best-Project-230,"'Ties hands, drowns them': Father kills 2 sons, ends life over ‘kids’ bleak future in busy world'",0,102,0.91,0,1742128457.0,False,t5_3d4x4,"A man killed his two sons, aged six and seven, fearing their future would be bleak in a highly competitive world. 

Later, he hanged himself and left a suicide note stating that he realised his two sons, who were in upper kindergarten (UKG) and class I, would struggle to establish themselves in a competitive world. 

The gruesome incident unfolded at Ramanayyapet, in Kakinada town of Andhra Pradesh, on Friday.

""He killed his two sons by tying up their hands and legs and drowning them in two buckets of water. The family is financially stable, so his actions are surprising,"" the police officer added.

As Friday was a holiday for Holi, Kishore along with his wife and children had gone to the ONGC office at Vakalapudi village, in Kakinada rural mandal, to celebrate the festival with his colleagues. A few minutes after reaching there, he told his wife that he would take the children to a tailor to get new school uniforms stitched. He left her in the office and went out with the children.

When they didn't return for a long time, she called her husband on his mobile repeatedly, but he did not respond. After some time, Kishore sent a message that he would be back in 10 minutes. But he did not return. A worried Tanuja, along with one of his colleagues, went to their house and found the doors closed from inside.

When there was no response from inside even after loud knocks and calls, Kishore's colleague called some locals and broke open the main door. 

While Kishore was found hanging from the ceiling fan in one of the rooms, Joshith and Nikhil were found dead in the bathroom. Their hands and legs were tied and their heads were dumped in buckets full of water.

Source: https://timesofindia.indiatimes.com/city/hyderabad/father-kills-2-sons-ends-life-over-kids-bleak-future-in-busy-world/articleshow/119055386.cms"
mortiestrick137,Whats the cure to this unique feeling of emptiness in life?,0,1,0.57,0,1742201483.0,False,t5_3d4x4,So recently consulted a friend of mine whos a doctor. He did a lot of questioning and even he couldn't fix it. So turns out all I lack is a girl who can send me a voice note of her singing Paththavaikkum 💔
BROWN-MUNDA_,"Will strip, thrash you: Telangana CM Revanth amid row over journalist's arrest",0,355,0.98,0,1742096912.0,False,t5_3d4x4,"Don't think I'm silent because I am the chief minister. I will strip you and have you thrashed. There are lakhs who will take to the streets to beat you up. But I am being tolerant because of my position,"" stated Revanth. Amid journalist derogatory post.

Source: https://www.siasat.com/will-strip-thrash-you-telangana-cm-revanth-amid-row-over-journalists-arrest-3194951/

Other source:https://timesofindia.indiatimes.com/india/those-who-post-abusive-content-will-be-stripped-paraded-in-public-revanth-reddy/articleshow/119059673.cms"
BROWN-MUNDA_,"Narendra Modi: Prime Minister of India - Power, Democracy, War & Peace | Lex Fridman Podcast #460",0,41,0.9,0,1742138549.0,False,t5_3d4x4,"SS: Prime Minister Narendra Modi recently appeared on Lex Fridman's podcast, where he discussed various aspects of his personal journey and India's global perspective. Key highlights from the conversation include:

- **Early Life and Personal Journey**: PM Modi shared insights into his humble beginnings, his experiences growing up in Vadnagar, and his formative years, including his time spent in the Himalayas. 

- **Philosophy on Criticism and Democracy**: He emphasized the importance of criticism in a democratic society, stating that ""criticism is the soul of democracy."" 

- **Decision-Making Approach**: The Prime Minister discussed his decision-making process, highlighting his reliance on grassroots experiences and a commitment to transparency, acknowledging that mistakes can occur but emphasizing the need for accountability. 

- **Global Peace and India's Heritage**: PM Modi underscored India's longstanding association with peace, referencing figures like Gautam Buddha and Mahatma Gandhi, and reiterated India's role in advocating for global harmony. 

For a more comprehensive understanding, you can watch the full podcast episode below:
https://youtu.be/ZPUtA3W-7_I?si=x3dTpyVSccRC6MyI

0:00 - In this episode...

3:07 Introduction

9:19 - Fasting

21:38 - Early life

33:33 - Advice to Young People

39:16 - Journey in the Himalayas

50:45 - Becoming a monk

52:33 RSS and Hindu nationalism

1:00:17 Explaining India

1:04:27 Mahatma Gandhi

1:16:23 Path to peace in Ukraine

1:19:37 India and Pakistan

1:25:16 Cricket and Football

1:29:41 Donald Trump

1:40:51 - China and Xi Jinping

1:47:56 Gujarat riots in 2002

2:03:33 Biggest democracy in the world
2:13:48 Power

2:18:34 Hard work

2:21:42 - Srinivasa Ramanujan

2:23:48 Decision-making process

2:31:35 - Al

2:41:50 Education

2:52:06 Learning and focus

2:57:56 Mantra

2:59:41 Meditation

3:05:38 Lex visiting India

3:10:04 Siddhartha

Edit mod don't see this as politics. He talk about geopolitics to enjoy

Source: https://www.google.com/amp/s/timesofindia.indiatimes.com/india/pm-modis-podcast-with-lex-fridman-released-talks-about-early-life-journey-in-himalayas-rss-and-hindu-nationalism/amp_articleshow/119075634.cms
And other major news outlets for summary of podcast "
BROWN-MUNDA_,"West Bengal's Birbhum tense after Holi clash, internet suspended; BJP slams TMC",0,119,0.98,0,1742117243.0,False,t5_3d4x4,"Tensions escalated in West Bengal's Birbhum on Saturday after violent clashes between two groups led to the suspension of the internet in parts of town. The state government also deployed a huge contingent of security forces to maintain law and order

Source: https://www.hindustantimes.com/india-news/violence-in-west-bengals-birbhum-after-holi-clash-internet-suspended-bjp-slams-tmc-101742030092277.html

https://timesofindia.indiatimes.com/"
Akinato21,"Woman chooses 7-day 'digital custody' over police custody for 3 months, duped of Rs 34 lakh",0,288,0.99,0,1742098343.0,False,t5_3d4x4,"A woman, 49, from Andheri ended up losing Rs 33.5 lakh to fake cops and CBI officials recently. She was accused of being involved in 'money laundering' and the fake officer gave her a choice - she could either choose to be in police custody for three months or opt to be in digital custody for seven days until the probe is completed.

Source: https://www.google.com/amp/s/timesofindia.indiatimes.com/india/woman-chooses-7-day-digital-custody-over-police-custody-for-3-months-duped-of-rs-34-lakh/amp_articleshow/119056673.cms"
BROWN-MUNDA_,"'Never opposed Hindi, only against making it compulsory': Pawan Kalyan defends stance amid NEP row",0,369,0.96,0,1742090829.0,False,t5_3d4x4,""" Amid the ongoing debate between the Union government and Tamil Nadu over language policy, Andhra Pradesh deputy chief minister and Janasena Party chief Pawan Kalyan said on Saturday that claims of Hindi being imposed are misleading"" 

Source: https://timesofindia.indiatimes.com/india/never-opposed-hindi-only-against-making-it-compulsory-pawan-kalyan-defends-stance-amid-nep-row/articleshow/119048283.cms"
OrchidAltruistic8982,"Ranya Rao's father, DGP Ramachandra Rao, sent on compulsory leave",0,161,1.0,0,1742105895.0,False,t5_3d4x4,"Source: https://www.indiatoday.in/india/karnataka/story/ranya-rao-gold-smuggling-case-father-dgp-ramachandra-rao-compulsory-leave-2694050-2025-03-15#?utm_source=Story_hp&utm_medium=Story&utm_campaign=home_Story

https://timesofindia.indiatimes.com"
Foreign_Angle_9042,In Pratapgarh a Muslim woman was brutally beaten up by her family for marrying a Dalit man,0,38,0.98,0,1742103030.0,False,t5_3d4x4,
Akinato21,Dance or I'll suspend you: Tej Pratap to policeman at Holi event,0,1048,0.99,0,1742035199.0,False,t5_3d4x4,"In the video, Tej Pratap Yadav, seated on a stage, can be heard telling the uniformed officer, ""Ae sipahi, Deepak, ek gana bjayenge uspe tumko thumka lagana hai. Bura mat mano holi hai. Aaj nahi thumka lagaoge toh suspend kar diye jaoge. (Will play a song and you will have to dance, if you don’t dance, you will be suspended).""   

Source :
http://timesofindia.indiatimes.com/articleshow/119041204.cms?utm_source=contentofinterest&utm_medium=text&utm_campaign=cppst"
BROWN-MUNDA_,Frequent visits are curious': BJP slams Rahul Gandhi for visiting Vietnam 'more than his constituency,0,550,0.94,0,1742040102.0,False,t5_3d4x4,"BJP criticizes Congress leader Rahul Gandhi for frequent visits to Vietnam, questioning his fondness for the country. BJP MP Ravi Shankar Prasad expressed concerns about the trips' timing, including one during a national mourning period.Congress defends Rahul, stating he was there to study Vietnam's economic model.

Source: https://timesofindia.indiatimes.com/india/frequent-visits-are-curious-bjp-slams-rahul-gandhi-for-visiting-vietnam-more-than-his-constituency/articleshow/119040465.cms"
Foreign_Angle_9042,"In Churu a woman committed suicide due to relentless rapes, tortures and pressure to change her religion",0,18,0.96,0,1742103101.0,False,t5_3d4x4,
Realboy000,Top LeT terrorist and Hafiz Saeed’s trusted aide Abu Qatal killed in Pak,0,9,1.0,0,1742119761.0,False,t5_3d4x4,
OrchidAltruistic8982,Kerala woman arrested for abusing 12-year-old girl,0,456,0.97,0,1742040504.0,False,t5_3d4x4,"A 23-year-old woman was arrested at Taliparambu in Kerala’s Kannur on Friday under the POCSO Act for allegedly sexually exploiting a 12-year-old schoolgirl.

The arrested woman, identified as Sneha Merlin, had been in the news recently for attacking a CPI leader using her helmet and the case is going on.

The fresh case against her, under the stringent POCSO Act, came in the wake of a probe after the 12-year-old girl was found behaving in an unusual manner. Her class teacher, on inspecting her school bag, found her mobile and on checking it, found it contained pictures which were totally inappropriate, given the girl’s age.

The girl’s parents were taken into confidence by the authorities, who informed the Child Line. After a few counselling sessions, it surfaced that the girl was sexually exploited by Merlin.

On further probe by the authorities, it was found that Merlin had been abusing the young girl for a while now and the present arrest was made for her advancement towards the girl in February.

The probe has now revealed that Merlin had given a few gifts to the 12-year-old girl also.

The police team is now probing if there have been other innocent victims of Merlin.

Meanwhile, reports have now surfaced that Merlin, in the past, had sexually exploited a 14-year-old schoolboy also.

He was threatened by Merlin that his pictures would be put out in public if he revealed the incident or made a complaint.

The Protection of Children from Sexual Offences (Pocso) Act, 2012 is a landmark Indian law to protect children from sexual abuse, provide for their well-being and support, and ensure justice by a swift trial.

Source: https://www.thestatesman.com/india/kerala-woman-arrested-under-pocso-act-for-sexual-exploitation-of-minor-girl-1503408099.html

https://timesofindia.indiatimes.com/city/kozhikode/woman-arrested-for-abusing-minor-in-thaliparamba/articleshow/119018499.cms

https://www.indiatoday.in/india/kerala/story/kerala-kannur-woman-arrested-under-pocso-act-for-allegedly-sexually-abusing-12-year-old-girl-in-kannur-2693730-2025-03-14"
Foreign_Angle_9042,Video | Punjab Shiv Sena leader Mangat Rai assassinated in Moga by 3 assailants,0,635,0.99,0,1742029229.0,True,t5_3d4x4,
BROWN-MUNDA_,PM Modi's podcast with AI researcher Lex Fridman to be out tomorrow: 'One of the most powerful conversations of my life,0,168,0.9,0,1742052850.0,False,t5_3d4x4,"Prime Minister Narendra Modi responded to podcaster and MIT researcher Lex Fridman’s announcement about their upcoming podcast episode, calling it a ""fascinating conversation."" The discussion covers Modi’s childhood, his time in the Himalayas, and his journey in public life.  

Fridman described the three-hour conversation as one of the most powerful of his life. The episode is set to release on Sunday at 8 AM EST (5:30 PM IST). This marks Modi’s first appearance on a podcast with a foreign host. Fridman, known for his deep discussions with global leaders and tech pioneers, visited India for the first time for this podcast.

Source: https://timesofindia.indiatimes.com/india/a-fascinating-conversation-pm-modi-responds-to-lex-fridmans-post-on-their-epic-podcast/articleshow/119047980.cms"
Akinato21,Grenade attack on Hindu temple in Punjab's Khandwala,0,261,0.98,0,1742035363.0,False,t5_3d4x4,"Unidentified attackers threw a grenade at the Thakurdwara temple in Amritsar early Saturday morning, causing an explosion but no casualties. Police are examining CCTV footage, and investigations are underway to identify the assailants.   

Source: https://timesofindia.indiatimes.com/city/amritsar/grenade-attack-on-hindu-temple-in-punjabs-khandwala/articleshow/119032825.cms"
Antique-Plum-1573,What is the reason for such hostility?,0,13,0.94,0,1742087279.0,False,t5_3d4x4,"As a northie I won't even bat an eyelid if any southie celebrates his festival in north India, on the contrary I would be curious and excited to join them."
BROWN-MUNDA_,"No need for moon mission, Isro just drive here!': Residents cry over Bengaluru's crater-riddled roads",0,589,0.98,0,1742012793.0,False,t5_3d4x4,"Frustrated Bellandur residents in Bengaluru protested against crater-filled roads, comparing them to lunar terrain and demanding urgent repairs. Despite a scheduled visit by Deputy CM DK Shivakumar, he did not show up, further fueling public anger.

Source: https://timesofindia.indiatimes.com/city/bengaluru/isro-urged-to-conduct-lunar-terraintest-on-bellandur-crumbling-roads/articleshow/118945783.cms"
Foreign_Angle_9042,"Horrific Accident in Mangalore | Speeding car crashes into a woman and a biker, the woman is thrown onto a fence",0,221,0.99,0,1742029548.0,False,t5_3d4x4,
Akinato21,Karnataka cabinet approves amendment to KTPP Act for 4% quota for Muslim contractors,0,312,0.95,0,1742022403.0,False,t5_3d4x4,"Karnataka's cabinet has approved three significant bills including the Karnataka Gram Swaraj and Panchayat Raj (Amendment) Bill, 2025 to tax nearly 90 lakh unauthorised properties while not regularising them. Also sanctioned were a bill for 4% reservation for Muslim contractors in government tenders and one for an integrated agriculture-horticulture university in Mandya.

Source: https://timesofindia.indiatimes.com/city/bengaluru/cabinet-approves-bills-on-b-khatas-quota-for-muslims-in-contracts/articleshow/119019540.cms"
oar_xf,The dwindling art of making 'manjha' - the string used to fly kites. Wazir Ali or Battu bhai is the last of his kind in Lucknow.,0,165,0.98,0,1742032128.0,False,t5_3d4x4,
BROWN-MUNDA_,"Indian scholar at Columbia University Ranjani Srinivasan self-deports after visa revocation, accused of supporting Hamas",0,703,0.97,0,1742003406.0,False,t5_3d4x4,"The US DHS announced that Indian doctoral student Ranjani Srinivasan from Columbia University self-deported after her visa was revoked for alleged Hamas support. Her departure follows increased scrutiny of foreign students in the US amidst pro-Palestinian protests on campuses

Source: https://timesofindia.indiatimes.com/world/us/indian-scholar-at-columbia-university-ranjani-srinivasan-self-deports-after-visa-revocation-accused-of-supporting-hamas/articleshow/119024743.cms"
VacationMundane7916,9 Indian varsities make it to top 50 in QS rankings,0,2,1.0,0,1742116087.0,False,t5_3d4x4,https://www.hindustantimes.com/india-news/9-indian-varsities-make-it-to-top-50-in-qs-rankings-101741805843239
BROWN-MUNDA_,Acid attack in Telangana: Temple accountant suffers burn injuries on face,0,261,0.98,0,1742020212.0,False,t5_3d4x4,"An unidentified assailant threw acid on a temple accountant, Narsing Rao, in Hyderabad, causing burn injuries before fleeing on a bike. Security has been heightened after CCTV footage of the attack went viral.

Source: https://timesofindia.indiatimes.com/city/hyderabad/acid-attack-in-telangana-temple-accountant-suffers-burn-injuries-on-face/articleshow/119031088.cms"
Routine_Hat_2399,"Modi has served two full terms, how would you rate his premiership so far?",0,0,0.5,0,1742118921.0,False,t5_3d4x4,"I do remember in 2014 people are real hyped about his premiership, with the expectation of bold market reform and fast economic growth. People compare him to Deng Xiaoping and Lee Kuan Yew. 10 years have passed, has he delivered? How did he perform relative to 2014 expectation?

"
Akinato21,Artificially created to divert attention': BJP's Annamalai slams DMK over 'Rs' row,0,141,0.93,0,1742018325.0,False,t5_3d4x4,"Tamil Nadu BJP president K Annamalai on Friday claimed that the ""ruckus over the rupee"" was ""artificially created"" by the Tamil Nadu government to divert attention from the ₹1,000 crore kickbacks identified by the Enforcement Directorate in the state-run liquor corporation, TASMAC

Source: https://www.hindustantimes.com/india-news/artificially-created-to-divert-attention-bjps-annamalai-slams-dmk-over-rs-row-101741960401040.html

Another source: https://www.google.com/amp/s/timesofindia.indiatimes.com/city/chennai/ed-claims-rs-1000-crore-booze-scam-in-tamil-nadu/amp_articleshow/118988760.cms"
Foreign_Angle_9042,Video | Riot erupts in a Ghaziabad village over a drain construction,0,78,0.95,0,1742028872.0,False,t5_3d4x4,
MadAxe786,Defying Age-Old Traditions,0,706,0.98,0,1741977987.0,False,t5_3d4x4,"For centuries, widows in India have been expected to live a life of silence, dressed in white, avoiding celebrations, and often living in isolation. This was especially true in Vrindavan, a city known as the ""City of Widows,"" where thousands of women, abandoned by their families, seek refuge in ashrams.

But in recent years, change has arrived in the form of colors. Breaking old traditions, widows in Vrindavan now celebrate Holi with vibrant gulal (colors) and flower petals, symbolizing freedom, joy, and a new beginning.

The celebration takes place at the Pagal Baba Ashram, where hundreds of widows gather, smear colors on each other, dance, and sing devotional songs. By stepping into the light, these women are rewriting their stories. Their Holi is a symbol of hope, a reminder that traditions can evolve, and that every woman deserves happiness, regardless of her marital status."
Equivalent-Note-7177,"A 23-year-old law student, Rakshit Chaurasia, allegedly in a drunken state, rammed his car into three vehicles, injuring eight people and killing one woman in the Karelibaug area late Wednesday night.",0,2111,0.99,0,1741955688.0,False,t5_3d4x4,"Source :
 https://timesofindia.indiatimes.com/city/vadodara/screams-another-round-drunk-driver-kills-woman-injures-8-others-in-gujarat-thrashed-by-locals/articleshow/119005090.cms"
Lazy-Discipline-4203,"Internet suspended in Bengal's Birbhum till March 17 after Holi clash, BJP likens state to Bangladesh",0,31,0.98,0,1742036145.0,False,t5_3d4x4,
mistiquefog,Holi a Brutal Legacy: How British Sexual Exploitation Stole Women’s Freedom to Celebrate,0,32,0.69,0,1742035203.0,False,t5_3d4x4,"
🔥 **Trigger Warning: Colonial Violence, Sexual Exploitation** 🔥  

Did you know that the shadows of British colonialism still haunt Indian women’s freedom to celebrate festivals like **Holi**? Behind the vibrant colors lies a dark history of trauma—one that began with the British army’s systemic sexual exploitation of Indian women.  

During colonial rule, the British enacted laws like the **Contagious Diseases Acts (1860s)** and **Cantonment Regulations**, which **legalized the forced prostitution of Indian women** to ""service"" British soldiers. Vulnerable women—especially those from marginalized castes, famine-stricken families, or widowhood—were coerced into military brothels. These women were labeled ""tools"" for soldiers’ ""health,"" stripped of autonomy, and trapped in cycles of violence.  

**How did this genocide of dignity affect festivals like Holi?**  

1. **Fear of Public Spaces**: Holi is a festival of communal joy, celebrated in open streets. But for generations, mothers and grandmothers warned daughters to **avoid public gatherings**, fearing British soldiers would abduct them. This terror of being targeted for prostitution turned festivals from celebrations into sites of trauma.  

2. **Internalized Shame**: Survivors of British sexual exploitation and their families were branded ""impure"" by society. Over time, this shame led to restrictive norms, where families barred women from participating in Holi to ""protect"" them—a trauma-driven practice mistaken for ""tradition.""  

3. **Cultural Erasure**: The British didn’t just exploit bodies—they shattered cultural confidence. By reducing Indian women to objects of colonial violence, they poisoned the perception of female joy. The message was clear: *A woman’s visibility is dangerous*.  

**The Trauma Lives On**:  
Even after independence, the **generational PTSD** of colonial rape culture persists. Many women still fear Holi’s crowds, associating public celebration with ancestral memories of violence. Others internalize the myth that ""good women"" avoid being ""seen""—a lie invented to justify British crimes.  

**Reclaiming Our Power**:  
It’s time to:  
✅ **Name the crime**: British colonialism weaponized sexual violence to control women and break communities.  
✅ **Reject victim-blaming**: The stigma around women’s freedom isn’t ""Indian culture""—it’s a colonial scar.  
✅ **Celebrate fearlessly**: Let’s rebuild Holi as a protest—where women reclaim streets, colors, and joy without fear!  

Holi symbolizes the burning of evil (Holika) and the triumph of love (Radha-Krishna). Let’s burn the legacy of colonial shame next. 🌈✨  

*(Sources: Historical accounts of Cantonment Acts, colonial-era survivor testimonies, and works by Dr. Tanika Sarkar & Dr. Durba Ghosh.)*  

For further information:- https://youtu.be/_BMc--xTE88?si=5TGqsa9oKZv1w6Ti 

There is more detail on this from the book: The Queen's Daughters in India by Elizabeth W. Andrew

[https://www.gutenberg.org/files/47288/47288-h/47288-h.htm](https://www.gutenberg.org/files/47288/47288-h/47288-h.htm)"
Regular_Confusion544,How many of you agree with this statement?,0,811,0.85,0,1741971301.0,False,t5_3d4x4,
Sea_Albatross_3053,A Hard-Hitting Cadbury Ad on the North vs. South Divide,0,2238,0.99,0,1741938967.0,False,t5_3d4x4,
BROWN-MUNDA_,"President approves FIR against AAP leaders Manish Sisodia, Satyendar Jain in Rs 1,300 crore classroom scam case",0,143,0.96,0,1741984814.0,False,t5_3d4x4,"The President approved an FIR against AAP leaders Manish Sisodia and Satyendar Jain over an alleged ₹1,300 crore classroom scam. The case involves irregularities in the construction of classrooms in Delhi government schools.

Source: https://timesofindia.indiatimes.com/city/delhi/delhi-police-cracks-down-on-illegal-bangladeshi-immigrants-24-held/articleshow/118922702.cms"
frosted_bite,China is trying to kneecap Indian manufacturing,0,22,0.87,0,1742017217.0,False,t5_3d4x4,
Lazy-Discipline-4203,"25-Year-Old Dalit Woman Raped In UP, Forced To Convert; Accused Arrested: Police",0,226,0.97,0,1741968956.0,False,t5_3d4x4,
lelouch_0_,Update: RPF has filed an FIR against the man who got sexually assaulted for violence.,0,206,0.98,0,1741969613.0,False,t5_3d4x4,
nethical09,Ek baar insaaf mil jata toh .....,0,2,1.0,0,1742056988.0,False,t5_3d4x4,
BROWN-MUNDA_,"Demand for irrigation denied, Maharashtra farmer kills self",0,189,0.97,0,1741967545.0,False,t5_3d4x4,"Maharashtra farmer Kailash Nagare, a 2020 Young Farmer Award recipient, died by suicide after years of demanding irrigation for 14 villages, blaming government inaction in his note. His death sparked protests, with farmers holding authorities responsible and demanding accountability.

Source: https://timesofindia.indiatimes.com/india/demand-for-irrigation-denied-maharashtra-farmer-kills-self/articleshow/118994090.cms"
rishinator,So fair and lovely cream changed its name to glow and lovely in order to appease the new wave of feminists but now there are ads everywhere of a new cream whose name is even more racist called 'white tone'. What?,0,2,1.0,0,1742054800.0,False,t5_3d4x4,"I totally disagreed with fair and lovely's decision. Whatever you may think fair and lovely was an iconic name and in order to appear hip and appease woke they changed their name which IMO destroyed all their brand. I don't even remember seeing their ads on TV anywhere while before fair and lovely ads were everywhere.

Now I see this new cream ad on hotstar called white tone so I wonder did fair and lovely really needed to do that when other companies just simply don't care? Also what were the white-tone cream company people smoking to come up with like the most racist name you can have of a cream. More importantly why is there no outrage about this anymore? No one is talking about this, am I the only one who was expecting some sort of backlash for this? May be the new feminist don't care anymore and all these social movements were hip pre-corona times.

Also me personally I am totally against worshippping white skin and white craze. I feel women of all color should be celebrated."
Lazy-Discipline-4203,"11-year-old girl assaulted at Bengaluru madrasa, CCTV captures attack; accused arrested",0,141,0.97,0,1741968549.0,False,t5_3d4x4,
SquaredAndRooted,MP High Court Grants Divorce Over Wife’s Vulgar Chats – Wife's Mental Cruelty or Privacy Breach?,0,41,0.86,0,1741989678.0,False,t5_3d4x4,"
The Madhya Pradesh High Court upheld a family court's decision to grant a man a divorce, citing mental cruelty due to his wife's alleged vulgar chats with other men. The case was heard by Justices Vivek Rusia and Gajendra Singh, who dismissed the wife's appeal against the lower court's ruling.  

**Key Details of the Case**  
- The couple married in 2018.  
- The husband alleged that his wife engaged in inappropriate WhatsApp conversations about her sex life with her male friends, including ""old lovers.""  
- He claimed this caused him mental distress, constituting cruelty.  
- The wife denied the allegations, stating that her husband had hacked her phone and fabricated evidence.  
- She also accused her husband of domestic violence and demanding ₹25 lakh in dowry.  
- The High Court noted that the wife’s father, a senior lawyer, had admitted that his daughter had a habit of talking to male friends.  
- The family court found the WhatsApp messages vulgar and ruled in favor of the husband, a decision upheld by the High Court.  

**Court's Observations**  
1. **Marriage Requires Mutual Respect** - The court stated that while both spouses have the freedom to communicate with friends, the conversations should remain ""decent and dignified,"" especially with members of the opposite gender.  
2. **Mental Cruelty Defined** - If one spouse continues engaging in behavior that the other finds objectionable—despite being asked to stop—it can be considered mental cruelty.  
3. **Privacy vs. Evidence** - The wife’s claim that her husband violated her right to privacy by accessing her messages was dismissed since her father had confirmed she frequently spoke to male friends.  
4. **Lack of Legal Counterclaims** - While the wife accused the husband of domestic violence and dowry demands, she did not file a formal complaint (such as an FIR or domestic violence case), which the court took as a weakness in her claims.  
5. **Father’s Statement Weakened Wife’s Case** - The court pointed out that her father, a senior lawyer, did not refute his own previous statement about her conversations, further solidifying the husband's case.  

**Takeaways**  
- **Vulgar conversations with the opposite sex can be grounds for divorce if they cause mental distress.**  
- **Courts are considering emotional and psychological harm as significant factors in marital disputes.**  
- **Privacy arguments may not hold if other evidence supports the claims of misconduct.**  
- **Failure to file a countercase (e.g., domestic violence or defamation) may weaken a spouse’s position.**  

**Sources:**  
- [Latestly](https://www.latestly.com/socially/india/news/no-husband-can-tolerate-wifes-vulgar-chatting-with-other-men-says-madhya-pradesh-hc-agrees-with-family-court-order-to-grant-divorce-to-man-6709766.html/amp?utm_campaign=fullarticle&utm_medium=referral&utm_source=inshorts)  
- [India Today](https://www.indiatoday.in/india/law-news/story/madhya-pradesh-high-court-husband-cannot-tolerate-wife-vulgar-chats-male-friends-divorce-cruelty-2693636-2025-03-14)  
- [Bar & Bench](https://www.barandbench.com/news/no-husband-can-tolerate-wifes-vulgar-chatting-with-other-men-madhya-pradesh-high-court)"
BROWN-MUNDA_,Don't forcibly apply colours': Uttar Pradesh CM Yogi Adityanath says 'celebrate Holi in harmony',0,748,0.98,0,1741928462.0,False,t5_3d4x4,"Uttar Pradesh chief minister Yogi Adityanath on Thursday called for harmonious Holi celebrations in line with Sanatan Dharma's age-old traditions, urging people to respect each other's choices and avoid forcibly applying colors.

Source: https://www.google.com/amp/s/timesofindia.indiatimes.com/india/dont-forcibly-apply-colours-uttar-pradesh-cm-yogi-adityanath-says-celebrate-holi-in-harmony/amp_articleshow/118984855.cms
"
BROWN-MUNDA_,Kashmir fashion show row: CM Omar Abdullah acknowledges relatives own hotel where models stayed,0,363,0.98,0,1741936638.0,False,t5_3d4x4,"Jammu and Kashmir Chief Minister Omar Abdullah confirmed that his relatives own two hotels in Gulmarg, including Nedous Hotel, where models from a recent fashion show stayed. The event, held during Ramzan, sparked political backlash and criticism from religious leaders due to images of scantily clad models circulating online. 

Source: https://www.google.com/amp/s/timesofindia.indiatimes.com/india/omar-acknowledges-relatives-own-gulmarg-hotel-amid-fashion-show-row/amp_articleshow/118990085.cms"
Akinato21,Attack at Golden Temple: Man wielding iron rod injures 5 devotees celebrating Sikh New Year,0,91,0.99,0,1741961448.0,False,t5_3d4x4,"An unidentified man armed with an iron rod attacked devotees at the Golden Temple in Amritsar, injuring five people. One victim is in serious condition. The assailant, identified as ""Julfan"" from Haryana, has been detained while further investigation is underway.  

https://timesofindia.indiatimes.com/city/amritsar/attack-at-golden-temple-man-wielding-iron-rod-injures-5-devotees-celebrating-sikh-new-year/amp_articleshow/119014322.cms"
Realboy000,Holi shouldn't be banned uncivilized activities during holi should be.,0,71,0.91,0,1741965011.0,False,t5_3d4x4,"I have seen a lot of people in internet and influencers saying holi should be banned. Their arguments for banning holi include a lot uncivilized activities done by people in the name of holi celebration. But is it actually the problem? Are these uncivilized activities part of holi? Is consuming alcohol part of holi? Is vulgar dance part of holi? Obviously not.


Holi has remained the same it's people who have changed. *Apne byabahar badliye tyuhar nahi* (change your behaviours not the festivals). Don't drink in holi, don't watch vulgar dance of woman, don't do any other uncivilized activities just celebrate it normally with colours and sweets. And only colour your family members and friends. If you jump onto a random stranger on the street and mess up his clothes and face with colours won't he feel bad just because you said don't feel bad it's holi (bura na mano Holi hai). 


**So my point is holi shouldn't be banned these uncultured activities during holi should be. We should also raise our voice against such people who do these activities and govt should also take action against such people they are ruining the image of our festival, our culture and also our country to an extent.**"
OrchidAltruistic8982,Woman kills twin daughters in Haridwar after they cry continously,0,617,0.98,0,1741923317.0,False,t5_3d4x4,"Source: https://www.newindianexpress.com/nation/2025/Mar/09/woman-kills-twin-daughters-in-haridwar-after-they-cry-continuously

https://timesofindia.indiatimes.com/city/dehradun/haridwar-woman-arrested-for-strangling-6-mnth-old-twin-daughters/articleshow/118822641.cms"
Anvesana,Centre sets tough conditions for India entry by Starlink,0,212,0.97,0,1741940886.0,False,t5_3d4x4,
oar_xf,Archie and friends learn about Holi in new edition of comic,0,5,0.73,0,1742011485.0,False,t5_3d4x4,
Witty_Pomegranate987,indian railways providing pets to company you,0,129,0.98,0,1741947425.0,False,t5_3d4x4,
Witty_Pomegranate987,That's right I guess,0,1,1.0,0,1742039799.0,False,t5_3d4x4,
ramesh423,Please suggest best white shade color codes for living room and Bedroom for great look,0,2,0.75,0,1742025420.0,False,t5_3d4x4,"I am looking for paints for new house and i am exporing different neutral color codes which is confusing. Most houses and malls in cities have white shade color and there are different white shades like morning glory.

I am looking for neutral color codes which can give luxurious look to living room and bedroom. Those who have good knowledge in color paints, please suggest which color code is best and suitable for living room and bedroom for great look."
Fancy_Leadership_581,"""Holi in the Royal Courts ; Indian Kings & Queens Celebrating the Festival of Colors with their Subjects"". (Compilation)",0,103,0.98,0,1741943974.0,False,t5_3d4x4,">**Prince celebrating Holi in his harem, Golconda, c 1800**

>**Rana Raj Singh of Kishangarh celebrating the Holi**

>**A Prince and his courtesans playing Holi festival.**

>**Maharao Ram Singh Ji II of Kotah playing Holi with his subjects.**

>**Portrait of Rawat Gokal Das of Devgarh Celebrating 'holi' with his consorts, dated 1808.**

>**Raj Singh and Shivdas Jodhpur Maharaja Man Singh's Holi Procession. c.1810**

>**Maharaja Man Singh of Jodhpur (reg. 1803-43) celebrating the festival of Holi.**

>**Maharana Amar Singh II Celebrating Holi with his Courtiers Udaipur, Mewar, Rajasthan, about 1708-1710.**

>**Maharana of Mewar Celebrating Holi festival with his subjects.**

>**Maharaja Sansar Chand playing Holi with his courtiers c.1780-1790, Kangra.**

#Happy Holi To Everyone From My Side

**May this Holi festival bring lots of colours to Everyone's Lives**"
Foreign_Angle_9042,"Video | Students were fighting, pelting stones, damaging trains in Tamil Nadu due to some gang rivalry, few of them were caught and arrested",0,263,0.97,0,1741925801.0,False,t5_3d4x4,
BROWN-MUNDA_,"Puducherry to adopt 3-language policy, mantri says Cong imposed Hindi on Tamil Nadu",0,65,0.89,0,1741949648.0,False,t5_3d4x4,"Puducherry will implement a three-language policy, allowing students to choose a third language, but not mandating Hindi. Minister A Namassivayam refuted Congress' allegations of Hindi imposition, instead blaming Congress for past language policies.

Source: https://www.google.com/amp/s/timesofindia.indiatimes.com/india/puducherry-to-adopt-3-language-policy-mantri-says-cong-imposed-hindi-on-tamil-nadu/amp_articleshow/118996363.cms"
Vegetable_Art5532,(1930s) Holi in Jaipur,0,112,0.99,0,1741935547.0,False,t5_3d4x4,
inki1328,"Swiggy makes customers pay full fee even for instant cancellations, how is this fair?",0,58,0.93,0,1741944714.0,False,t5_3d4x4,"I placed an order and within one minute, I clicked the cancel order option as I ordered the wrong item. But instead of canceling it without a charge, Swiggy claimed that the food would go to waste and charged me the full cancellation fee. How does food go to waste in just one minute? Most restaurants don’t even acknowledge the order that quickly, let alone start preparing it. If Swiggy is charging a full cancellation fee without any proof of food being prepared, isn’t that just an excuse to take money from customers?

Before canceling, I asked them if they could modify the quantity of my order, so I wouldn’t have to cancel. But they said they have no such policy and told me I’d have to cancel and pay the full fee anyway. Then they went ahead and canceled it and said I have to pay the fees. 

A fair business should have policies that balance the interests of both customers and restaurants. 

\>> Why is there no grace period for cancellations? Even airlines and hotels allow some flexibility

\>> Why is there no transparency on when food actually starts getting prepared? 

\>> Why is the customer forced to pay even if they cancel within seconds? 

If a service is designed in a way that traps customers into paying unnecessary fees, isn’t that just an unethical business practice? A fair policy would allow cancellations within a reasonable time, at least before the restaurant starts cooking. This isn’t about just one order, it’s about how big platforms exploit customers with rigid and one sided policies. 

"
Lazy-Discipline-4203,"Drunk driver's rampage caught on camera, kills woman, screams 'another round'",0,46,0.94,0,1741942332.0,False,t5_3d4x4,
Agreeable_Site_7675,Daughter in Law assaults FIL and MIL,0,85,0.97,0,1741926946.0,False,t5_3d4x4,
Striking-barnacle110,AirFIber: An ongoing scam on next level,0,14,0.89,0,1741960717.0,False,t5_3d4x4,"In the recent times I have seen this massive push of this crap by Indian telecom providers. Air fiber is in itself a misleading term. Fiber refers to a material which is as thin as hair used as means to provide internet using optics while air fiber is nothing but a fancy dongle and elaborated setup to use 5G protocol. On the head paying extra charges for a thing which can be done by simply buying the cheapest 5G smartphone and putting it on a place where it can get signals and using that smartphone as a hotspot!!. As airfiber provides same data plans which work on same technology but with extra cost. Your opinion or experience with this.

EDIT:
3 of my friends have airfiber and one of them lives in Delhi in karolbagh. Ping is always above 60-70. Upload speed is very unstable especially for large files. And the other two have not much different experience. Compare the price to performance ratio and you will see the difference. And not my just 3 friends. Majority of the people who purchased airfiber are disappointed now. Check it on various forums. Even my local airtel vendor in Chennai who has become quite friendly with me clearly said people are not satisfied with this. Companies have launched this service to reduce their overhead cost of laying the fiber lines plus one single unit of transmission of mobile signals and airfiber would mean less upfront cost for them. Plus no underground permission hassle for laying wires."
Dev1412,"Notion That Indian Women Won't Make False Sexual Assault Allegations Outdated; In Recent Years, False Rape Cases Being Filed : Kerala High Court",0,33,0.92,0,1741940016.0,False,t5_3d4x4,
Realboy000,"Karnataka Movie Ticket Price: Karnataka govt caps movie ticket prices at Rs 200 across all theaters, multiplexes | Bengaluru News",0,8,0.9,0,1741965695.0,False,t5_3d4x4,
,"Convicted rapists should be executed, no clemency whatsoever: CMV",0,2,1.0,0,1741987973.0,False,t5_3d4x4,"Every new case of rape in this country stirs its collective consciousness. A news reader reported from data with crime records bureau that a rape happens every 16 mins in this country. Those are just the ones that’s reported. What about the many 1000s that go unreported due to stigma, fear for life, etc.

How many brutal rapes should take place before we put a definitive end to it. The efforts should be 2 pronged - a. Catch them young - teach your boy child that consent is everything and no is a no. b. convicted rapists should be executed. No mercy in this regard.

As a man, I have had a couple gay encounters, somebody trying to put their hands near and around my trousers to slide further up. Even that disgusted me like super crazy. To be touched without consent will kill you from the inside. There is only one thing that’s truly ours - our bodies. Not our parents, not friends, not our possessions. It’s only our own body.

I could only imagine what someone might go through while or after being raped. They are never going to be the same person again. If someone is so sinister to violate our bodies, they deserve to die.

I’m not advocating for instant justice. There should be norms where rape cases are attended to with urgency, the accused be given all legal recourse. But in all courts, the only punishment for rape conviction should be death. Rapes don’t and can’t happen by accident, late night nor circumstances. There should be no clemency for such convictions.

This is the 3rd sub I’m posting this in, the earlier ones got removed by mods. I’m not complaining, but we can’t be hesitant to even have a debate on the topic. "
Mittrron,How Lord Rama missed Sita during this season of Spring? (From Valmiki Ramayana),0,25,0.83,0,1741935885.0,False,t5_3d4x4,
BROWN-MUNDA_,Bangladeshi convicted for illegal entering India | Thane News - The Times of India,0,46,0.93,0,1741923224.0,False,t5_3d4x4,
BROWN-MUNDA_,70% of Manipur weapons surrendered after guv call came from 4 valley districts | India News - The Times of India,0,50,0.94,0,1741910431.0,False,t5_3d4x4,
BROWN-MUNDA_,'Dangerous mindset': Finance minister Sitharaman slams MK Stalin for dropping rupee symbol in Tamil Nadu budget logo | India News - The Times of India,0,133,0.9,0,1741889505.0,False,t5_3d4x4,
Arav_Goel,Crazy newspaper - Holi edition,0,10,0.86,0,1741939553.0,False,t5_3d4x4,
OrchidAltruistic8982,Ghaziabad: Woman says 400 people in highrise manhandled and sexually harassed her after plaint on dogs,0,328,0.94,0,1741871101.0,False,t5_3d4x4,"According to police, they have booked 400 people under Bharatiya Nyaya Sanhita sections 115(2) (voluntarily causing hurt), 74 (assault or criminal force to a woman with intent to outrage her modesty) and 75(1)(i) (physical contact and advances involving unwelcome and explicit sexual overtures; sexual harassment) on March 8 on the basis of the complaint filed by the woman.

Source: https://www.hindustantimes.com/cities/others/ghaziabad-woman-says-400-people-in-highrise-assaulted-her-after-plaint-on-dogs-101741629974979.html

https://timesofindia.indiatimes.com/city/bhopal/beaten-with-sticks-by-daughter-wife-morena-suicide-case-takes-turn-as-assault-video-surfaces-days-after-mans-death/articleshow/118889531.cms"
Shak1196,Hindi vs Tamil Debate worsens: Tamilnadu replaces national rupee symbol in it's state budget logo [thetatvaindia instagram] . Swipe for more.,0,563,0.95,0,1741859619.0,False,t5_3d4x4,
AutoModerator,r/IndiaSpeaks - Sept 2024 | Do you want become Mod of our Community ? Apply Now - Please help us out in building the Community further,0,2,1.0,0,1741964469.0,False,t5_3d4x4,"### Namaste Everyone

We have made it this far and reached 887k members , Almost reaching a million soon. 

So do you want us to help and get us better and reach newer milestones and want to mod a sub this large ?

### We need your help !!!

Some things to remember:
Apply only if you think you would have enough time to help out!
- One of the main requirement is being available at least once day on discord to check the queries/discussion of the Mods
- Being available everyday for minimum an hour for moderation duties
- Being active and initiating or helping in organizing Debates/Cult-ex/AMAs or other threads

Please fill out the Application Form below if you think you would be a perfect fit for us,

https://form.jotform.com/242605856424459

The last date for filing application closes on 30th Oct 2024!


Thank you so much, and good luck to all!
Regards,
The Mod Team"
KrishGuptIN,"Imagine China offers to put a stop on its 'Five Fingers of Tibet' Policy and in return, ask India to leave the 'Free Tibet Club', should we do it? Let's assume there are genuine in their offer?",0,0,0.35,0,1742013015.0,False,t5_3d4x4,
New-Dimension-726,Why everything is so toxic or sexualized? Maybe rape is the only problem we have?,0,7,0.89,0,1741938554.0,False,t5_3d4x4,"I hate that I even have to think about this, but lately, I feel weird about something that should be completely normal, just touching a kid’s shoulder, giving them a high five, or picking them up. It’s not because *I* have bad intentions, but because the internet has made me *paranoid* about how it might be perceived.

It’s like every other day, I see posts screaming about how ‘all men are predators’ or how ‘if a man so much as looks at a child, he’s a creep.’ I get that child abuse exists, and it’s horrific, but not every adult is some monster waiting to pounce. Most people aren’t predators. But spend too much time in these toxic spaces, and you start seeing the world through that warped lens.

And that’s the real problem, these echo chambers take extreme cases and act like they’re the norm. They don’t just warn about real threats; they breed *paranoia*. One bad experience, or even just *hearing* about one, and suddenly *everyone* is a threat. It’s not even about reality anymore; it’s just feeding collective outrage.

The worst part? This kind of fear poisons normal human interactions. It isolates people, makes them distrust each other, and turns kindness into suspicion. And yet, people eat it up, because it’s easier to live in fear and hate than to think critically. It’s exhausting.

It’s the same pattern everywhere, fear over reality. Now, men hesitate to compliment women, help a lost kid, or even be alone in certain situations. Not because they’ve done anything wrong, but because they *know* how easily things can be misinterpreted. And when everything is viewed through the worst possible lens, people stop acting naturally.

The worst part? Kids *need* that affection, that playfulness, that sense of trust. But now, thanks to this overblown paranoia, even something as innocent as picking up a kid or patting them on the back comes with hesitation. And that’s the real damage, not from normal people, but from a culture that makes people afraid to be human.

I don’t know if I’ve just become numb to it or what, but I feel like everything is about rape now. It’s everywhere, every discussion, every outrage post, every so-called deep poem getting upvoted like it’s the greatest thing ever just because it talks about rape. And yeah, I get it, it’s a horrible crime, but is this really the *only* thing in life? The way people talk, it’s like nothing else matters. I see these posts, these debates, this constant cycle of outrage, and I don’t even react anymore. It’s just noise.

rape isn’t the only issue in life, but outrage culture makes it *feel* like it is. People pick one emotionally charged topic and make it the *center* of every discussion because it guarantees reactions. And yeah, rape is horrible, **but so are murder, war, poverty, child abuse, homelessness, and thousands of other issues people conveniently ignore.**

The problem isn’t caring about rape, it’s the *obsession* with it at the cost of nuance. It becomes less about solving the issue and more about *performing outrage*. That’s why mediocre poetry about it gets overpraised, people don’t care about the actual quality; they just want to signal that they’re “on the right side.”

When a topic is shoved down your throat 24/7 in the most exaggerated, manipulative ways, it stops feeling real. It turns into noise. And that’s dangerous, because when everything is turned into outrage, *nothing* actually gets fixed. It’s just a loop of empty anger, while real issues (even *within* the topic itself) get buried under performative nonsense."
SwatCatsDext,Marathi language debate: 'Why should I speak in Marathi': Airtel store employee's rant sparks row in Maharashtra,0,13,1.0,0,1741922065.0,False,t5_3d4x4,
OrchidAltruistic8982,"Ghaziabad Woman Frames Husband, His Friends In False Gang-Rape Case, Arrested",0,839,0.98,0,1741837840.0,False,t5_3d4x4,"This is Jyoti Sagar. She filed an FIR in Ghaziabad, UP against three youths
for gangraping her in a car, injecting her with drugs, pouring chemicals or her body and inserting a bottle in her private parts.


All the allegations were found to be false in the police investigation.


Police claim - The woman has a dispute with her husband. First she sent her husband to jail, now she wanted to recover the money by sending her husband's friends to jail.

Source: https://www.news18.com/india/ghaziabad-woman-frames-husband-his-friends-in-false-gang-rape-case-arrested-9245117.html

https://timesofindia.indiatimes.com/city/noida/woman-who-alleged-kidnap-rape-in-car-held-for-false-complaint/articleshow/118634123.cms"
Realboy000,Stalin government replaces Rupee symbol with Tamil letter in state budget amid language row | India News - The Times of India,0,149,0.95,0,1741870431.0,False,t5_3d4x4,
Lazy-Discipline-4203,Scientist Dies After Neighbour Assaults Him During Parking Row In Mohali,0,199,0.99,0,1741857837.0,False,t5_3d4x4,
AutoModerator,r/IndiaSpeaks - What happened in your State or City this week ?,0,5,1.0,0,1741926629.0,False,t5_3d4x4," Tell us anything noticeable big or small, funny or strange happened in your city/state/region. Please remember to state the city/state/region in your comment and it would be great if you link to some news article or a source to it.

&#x200B;

* You can also join our [Discord server Invite](https://discord.gg/V8sCPac)
* The ""What happened in your State or City"" thread is posted weekly on Saturday evening
*  [Previous Threads](https://www.reddit.com/r/IndiaSpeaks/search/?q=What%20happened%20in%20your%20State%20or%20City%20this%20week&restrict_sr=1&sort=new) can be found here"
DarkMountain666,"Amid row, Gandhi’s great-grandson stands by his RSS remark – ‘will continue to expose traitors’ | India News",0,0,0.48,0,1741953471.0,False,t5_3d4x4,
oar_xf,"Britannia Marie Gold proudly takes the shape of Avani Lekhara's target., with her final 10 shots etched onto the biscuit. Recreating Avani's gold.",0,271,0.99,0,1741841079.0,False,t5_3d4x4,
Foreign_Angle_9042,Two women journalists arrested over alleged defamatory video on Revanth Reddy,0,98,0.95,0,1741860462.0,False,t5_3d4x4,
Frequent-Hunter532,This time the motives are clear,0,24,0.96,0,1741885748.0,False,t5_3d4x4,
phantsam,seedhe maut live technovate 2025 first time in chhattisgarh,0,0,0.44,0,1741942293.0,False,t5_3d4x4,"🔥 **21st - 23rd march | iiit naya raipur** 🔥

it's happening. the **goats of indian hip-hop, seedhe maut**, are coming to **chhattisgarh for the first time ever**, and it's going down at **technovate 2025**! this is your chance to witness the most **insane live performance** of the year. you do **not** wanna miss this.

🎟 **early bird passes are live!** 🎟  
**get them now at a discounted price** before they’re gone: [technovate.iiitnr.ac.in](https://technovate.iiitnr.ac.in)

expect **crazy music, electrifying performances, and a festival vibe like never before**. if you’re not here, where even are you?

**tbsm4l🐍**"
Nazz911,"""we don't need feminism""",0,50,0.89,0,1741857189.0,False,t5_3d4x4,
Baba_boong,My girlfriend's ex is blackmailing her of leaking their private photos,0,9,0.68,0,1741887842.0,False,t5_3d4x4,"So recently I met with the love of my love in November 29th. And I swear I could have never found someone like her , she is the best girl , the most innocent soul that could have existed in this world. But she has a very dark past. The first one was a abusive one who physically abused her and tried to convert her to a different religion. The 2nd one was good but once they got intimate (didn't have sex) and he has some photos of her. That guy forces her to meet her and blackmails her with her nudes. She didn't tell that guy that she was in a relationship with me cause she was afraid so today I told her to be strong and call her ex and tell him everything. She did it but that mf guy called her parents and blackmailed them and her of leaking their private photos. He also threatened her of attacks and other felonies. What should I do please help."
paxx___,And they are busy fighting for language,0,8,0.67,0,1741883564.0,False,t5_3d4x4,
JUNK1e276,Looting in the name of blessings,0,57,0.91,0,1741848936.0,False,t5_3d4x4,"Why even ask for 300rs. ???  

Could have said you can donate here or just let it go. !! 

PAYING FOR THE BLESSINGS??? is this culture? 

"
No-Counter2380,why is this happening ? are we realling goin into North vs South India in the future??? Wouldnt it lead it to a more unified india (i get the language part but its nit like we want them not to use telugu )? i also get that part where they say northerns are noit learning our language why should we,0,12,0.84,0,1741871126.0,False,t5_3d4x4,
OrchidAltruistic8982,"'Beaten with sticks by wife and daughter', man commits suicide in Morena",0,1846,0.97,0,1741751890.0,False,t5_3d4x4,"Source: https://timesofindia.indiatimes.com/city/bhopal/beaten-with-sticks-by-daughter-wife-morena-suicide-case-takes-turn-as-assault-video-surfaces-days-after-mans-death/articleshow/118889531.cms

Video link: https://np.reddit.com/r/GossipUnfiltered/s/ux43qe5JuW"
AutoModerator,"r/IndiaSpeaks - What have you been Gaming, Listening or Watching lately ?",0,8,1.0,0,1741851029.0,False,t5_3d4x4,"Tell us about what TV Series or Songs/Artists you are hooked onto lately. Which YouTube creator got your attention? What have you planned to watch in the next days.

*  What games have you been playing (old or new, any platform) this weekend? Games you are looking forward to? Any game deal coming up ? 
* Don't just mention stuff, link it and feel free to talk anything but politics.
* You can also join our [Discord server Invite](https://discord.gg/V8sCPac)
* The ""Gaming, Listening or Watching lately"" thread is posted weekly on Thursday evening. [Previous Threads](https://www.reddit.com/r/IndiaSpeaks/search/?q=What%20have%20you%20been%20Gaming%2C%20Listening%20or%20Watching%20lately&restrict_sr=1&sort=new)"
ChanakyaZ,India arrests man accused of running $96 billion crypto exchange at request of US | CNN Politics,0,23,0.86,0,1741826225.0,False,t5_3d4x4,
Feisty_Mud4187,How do u keep your self “ice cool” during summer ?,0,1,0.67,0,1741888555.0,False,t5_3d4x4,"My way to myself ice cool =  half ltr cold coffee with half dozen of ice  
Sorted for 2 hrs from here "
Responsible-Plant573,People with glasses what is the best brand for lenses in your opinion?,0,1,0.67,0,1741877359.0,False,t5_3d4x4,Just the title tbh. In my experience LK’s lenses are really bad. I want good quality lenses. Drop your suggestions below:)
karanthsrihari,First Look: At 2.16 KM Its Karnataka's Longest (India's 2nd Longest) Cable Bridge Connecting Sagar-Siganduru in Shivamogga District.,0,382,0.99,0,1741760515.0,False,t5_3d4x4,
economysuck,"A viral clip sparked debate over Indian tourists in Pattaya. They were not even Indian. Nepali, Bangladeshi.. etc etc",0,20,0.95,0,1741814107.0,False,t5_3d4x4,
romejawan,"Let's have a civil, fair & open Discussion : Why should Hindi be a link language? When English will suffice.",0,26,0.96,0,1741802487.0,False,t5_3d4x4,"To a Tamil or a malayali Hindi is a foreign language 

The Mughals and other islamic invaders did not succeed in invading/ colonising Travencore, parts of Northeast hence their locals were not exposed to Urdu and it's dialect/derivative Hindi

But British invaded all of us and we were all exposed to English.

Hence, why can't we adopt English as the Link language and teach it effectively in all schools.

I am not saying all schools must be English medium. But all schools must teach English effectively, that way we don't need a third language for inter state discussions.

At this point the 3 language debate is basically boils down to hindi states people can study only one language effectively that is Hindi --- To compensate for this all other states must study 3 languages one their mother tongue, one english to speak to the world and one Hindi to speak to Hindi states who refuse to budge from their position that they will speak only Hindi.

Let's try and have a civil discussion even if this is reddit."
bloomberg,An Investor’s Guide to India,0,2,0.63,0,1741834366.0,False,t5_3d4x4,
adamfloyd1506,SNL openly being Hinduphobic and misusing “Om Namah Shivaya” as a “demonic chant”.,0,31,0.94,0,1741774398.0,False,t5_3d4x4,"We can't just let them get away with it, we have to do something about it. We have to take a stand."
Parrypop,Only passengers with confirmed tickets allowed at 60 stations,0,2222,0.98,0,1741681098.0,False,t5_3d4x4,Source: https://timesofindia.indiatimes.com/life-style/travel/destinations/indian-railways-new-policy-only-passengers-with-confirmed-tickets-allowed-at-60-stations/articleshow/118823572.cms
OrchidAltruistic8982,Supreme Court exempts wife from paying stamp duty for flat acquired as part of compromise in divorce case,0,787,0.97,0,1741695053.0,False,t5_3d4x4,Source: https://timesofindia.indiatimes.com/city/nagpur/class-11-student-runs-away-with-mother-of-3-in-maharashtra/articleshow/118802074.cms
AshutoshRaiK,With English subtitles from EVR on Tamilians and Tamil,0,10,0.92,0,1741774781.0,False,t5_3d4x4,"Sharing an old video in context with our finance minister statement in parliament 
https://x.com/nsitharamanoffc/status/1899493289159774677?t=FIOO40tKAwGAIvNIKrRGRA&s=19"
misterggggggg,"""Do not ask for reducing GST and taxes; it is a continuous process. If we reduce the tax, you will ask for more, because this is human psychology"": Nitin Gadkari",0,206,0.92,0,1741710150.0,False,t5_3d4x4,
kamikaibitsu,HTS militants beating Alawites with large sticks who are forced to crawl on the ground next to the corpses- Fate of some called majority when ceratin mazhub comes to power-WAKE UP!!,0,10,1.0,0,1741767908.0,True,t5_3d4x4,
Ok_Jacket5969,A viral clip sparked debate over Indian tourists in Pattaya. But were they really Indian? Watch to find out!,0,8,1.0,0,1741769656.0,False,t5_3d4x4,
monkaXxxx,Airtel partnerships with Starlink,0,412,0.98,0,1741691971.0,False,t5_3d4x4,
blattodea13,Need Help with Opening a Secondary Bank Account,0,1,0.67,0,1741806916.0,False,t5_3d4x4,"Hello, I’m looking to open a secondary account with banks like HDFC, SBI, AXIS, or any other. My key requirements are:

- No minimum balance requirement
- Ability to open the account online
- Low or no annual charges

So far, Kotak 811 seems like a good option.

Any suggestions are welcome. Thank you!"
OrchidAltruistic8982,False Rape Accuser Honoured On Women's Day In Haryana: CM Orders Probe,0,716,0.98,0,1741676710.0,False,t5_3d4x4,"Source: https://www.etvbharat.com/en/!state/false-rape-accuser-honoured-on-womens-day-in-haryana-cm-orders-probe-enn25031000677

https://timesofindia.indiatimes.com/city/chandigarh/controversial-woman-awarded-at-womens-day-event-in-pkl-probe-ordered/articleshow/118823811.cms"
Street_Gene1634,Indian states by %of urban population,0,5,1.0,0,1741773187.0,False,t5_3d4x4,
PlantTreesEveryday,Amul cow ghee contains pesticide which is beyond the normal limit.,0,3,1.0,0,1741771101.0,False,t5_3d4x4,
FearlessHamster2192,Pakistan was converted by force or they accepted naturally,0,2,1.0,0,1741777998.0,False,t5_3d4x4,I want to know that if people living in pakistan naturally accepted islam or they were forcefully converted. If yes can you guys provide link from authenticate sites to reference from.
njan_oru_manushyan,We need to stop self loathing,0,399,0.91,0,1741668281.0,False,t5_3d4x4,"We aren't perfect neither are them. I have seen so many videos like this with all funny , positive and laughing emojis. If indians were to do this in Canada, Australia or even India , we would be absolutely trolled by these very people. Along with that so many "" self righteous"" Indians. We need to stop self loathing, it's just us bending over for them to troll us more. Yes we need to improve but please don't comment "" we indians don't have civic sense"" or "" we deserve the hate "" . "
raginglasers,"Ganga Water Was Fit For Bathing During Maha Kumbh, Parliament Told",0,127,0.9,0,1741689705.0,False,t5_3d4x4,"New Delhi:
The central government on Monday cited a new report from the Central Pollution Control Board (CPCB) in Parliament and said the water in the Ganga at Triveni Sangam in Prayagraj was fit for bathing during the recently concluded Maha Kumbh.

Triveni Sangam is where the Ganga meets the Yamuna and Saraswati rivers.

The government also said it had provided a total of Rs 7,421 crore to the National Mission for Clean Ganga (NMCG) for cleaning the river in 2022-23, 2023-24 and 2024-25 (until March 9).

In response to a question from Samajwadi Party MP Anand Bhadauria and Congress MP K Sudhakaran, Union Environment Minister Bhupender Yadav said that according to the CPCB report, the median values of pH, dissolved oxygen (DO), biochemical oxygen demand (BOD) and faecal coliform (FC) at all monitored locations were within the permissible limits for bathing.

DO refers to the amount of oxygen in water, BOD measures the oxygen needed to break down organic matter and FC is an indicator of sewage contamination. These are key indicators of water quality.

In a report dated February 3, the CPCB had informed the National Green Tribunal (NGT) that water at several locations in Prayagraj during the Maha Kumbh did not meet the primary bathing water quality standard due to high faecal coliform levels.

However, in a new report submitted to the tribunal on February 28, the CPCB said statistical analysis showed that the water quality during the Maha Kumbh was fit for bathing.

The report said that the statistical analysis was necessary due to the ""variability of data"" in samples collected from the same locations on different dates and even from different spots on the same day. This variability meant the samples did not fully reflect the ""overall river water quality throughout the river stretch"", it said.

In the case of ""Kamlesh Singh vs State of Uttar Pradesh & Others"", the NGT had on December 23, 2024 directed that water quality monitoring of the Ganga and Yamuna should be conducted regularly at frequent intervals during the Maha Kumbh to ensure compliance with primary water quality criteria.

Yadav said that in response to this order, the CPCB carried out water quality monitoring at seven locations twice a week, from Shringverpur Ghat (upstream of Prayagraj) to Deehaghat (downstream), including at Sangam nose (where the Ganga and the Yamuna meet). Monitoring began on January 12 and covered auspicious bathing (Amrit Snan) days.

The CPCB submitted its initial monitoring report to the NGT on February 3, which included water quality data collected between January 12 and 26, 2025. The report also included monitoring data from 10 sewage treatment plants (STPs) installed in Prayagraj and seven geosynthetic dewatering tubes (geo-tubes) used for filtration, Yadav said.

Later, the CPCB increased the number of monitoring locations to 10 and began testing twice daily from February 21 to improve water quality data availability.

The minister said the Uttar Pradesh government installed 10 STPs for the Maha Kumbh to treat wastewater, ensuring that effluents met environmental standards before being released. Also, seven geo-tubes were installed as a temporary solution to treat wastewater from 21 untapped drains.

Three prefabricated temporary STPs, each with a capacity of 500 kilolitres per day (KLD) and three faecal sludge treatment plants with a total capacity of 200 KLD were installed in the mela area.

Yadav said the UP Jal Nigam used advanced oxidation techniques to treat wastewater and prevent untreated water from entering the Ganga.

A sufficient number of toilets and urinals were set up across the mela area to accommodate the large number of pilgrims. Dustbins with liner bags were also placed strategically for waste disposal, he said. 

(Except for the headline, this story has not been edited by NDTV staff and is published from a syndicated feed.)

Link - https://www.ndtv.com/india-news/ganga-water-was-fit-for-bathing-during-maha-kumbh-mela-2025-parliament-told-7892159"
Numerous_Staff7503,These are the parents of victims their  girl was raped by goons and 15 year old son was also killed as he was the only spectator,0,101,0.99,0,1741690470.0,False,t5_3d4x4,
RushBoring6347,Will we ever understand?,0,10,0.92,0,1741720127.0,False,t5_3d4x4,
Practical-Plate-1873,Opinion on the stagnancy of real wages and about the government artificially pumping the market to maintain the demand,0,64,0.96,0,1741683458.0,False,t5_3d4x4,
criti_fin,"West Bengal: Hindu shops and properties under attack in Muslim-dominated Murshidabad, BJP demands deployment of central forces",0,122,0.97,0,1741667844.0,False,t5_3d4x4,
yatracharsi,Indians Are not safe in India!,0,9,0.92,0,1741714406.0,False,t5_3d4x4,"Indians Are Not Safe In India!
Everyday We are getting these kind of news But why We are Not understanding this “Hindi is Not a regional Language But It is To unite Bharatiya”.
I respect every regional language of Bharat but feel sometime shame when I hear these kind of NEWS. 
"
Dk_dk_01,I don't understand why do people in modern times still idolize a guy like him?,0,9,1.0,0,1741712436.0,False,t5_3d4x4,
SquaredAndRooted,"Decoding 6,000-Year-Old Language Can Bury North-South Divide",0,327,0.93,0,1741633733.0,False,t5_3d4x4,"**Source:**  
*Given the immense interest sparked by Nirmala Sitharaman’s post, The Times of India has made this piece free to read*. 
[Times of India](https://timesofindia.indiatimes.com/toi-plus/society-culture/decoding-6k-year-old-language-can-bury-modern-myths/amp_articleshow/118790879.cms)

**Short Summary of the article **  

Yajnadevam (Bharath Rao), a cryptographer, claims to have deciphered the Indus Valley script using information theory. His research suggests that Sanskrit, not Dravidian languages, was the language of the Indus Civilization as early as 4000 BCE. The deciphered inscriptions reference Vedic deities, rituals, trade, and sea voyages. He also found that Brahmi script evolved from the Indus script, challenging the Aryan invasion theory and the North-South divide narrative.  

**Key Takeaways from the article**  

- **Deciphering Method:** Used cryptographic analysis instead of conventional linguistic comparisons.  
- **Sanskrit Connection:** The Indus script’s structure aligns with Sanskrit, contradicting theories of Dravidian origins.  
- **Historical Continuity:** Inscriptions show evidence of literacy, Vedic traditions, and international trade.  
- **Brahmi Link:** Indus symbols resemble Brahmi script, supporting a continuous linguistic evolution.  
- **Impact on History:** If verified, this research negates the Aryan invasion theory and redefines India’s linguistic and cultural heritage.  "
bloomberg,China Piles the Pressure on India in Its Own Backyard,0,1,1.0,0,1741746918.0,False,t5_3d4x4,
abcxyz123890_,"Speaking at an event at a local educational institution, Bhopal BJP MLA told the audience to build a Hindustan where those praising Aurangzeb will be sent to graveyards",0,7,0.82,0,1741702133.0,False,t5_3d4x4,
Kushagra3007,"Train Hijack in Pakistan, similar thing happened in India in 2010",0,3,1.0,0,1741720213.0,False,t5_3d4x4,
InnocentFireDragon,Are We Creating a Generation of Simps?,0,3,1.0,0,1741716546.0,False,t5_3d4x4,"So this is a heavy topic and I have been pondering about it for a while now, just wanted to write this up and get others' views on it

I've been thinking—how excessive porn consumption is reshaping male behavior, possibly even contributing to the rise of ""simp"" culture in India.

Back in the day, men had to develop social skills, confidence, and real-world interactions to attract women. They had to do ""real work"" to have sexual gratification but Now? ... You have a generation of guys glued to their screens, consuming endless explicit content, literally frying their dopamine receptors, and getting sexual gratification for ""no effort"".

Consequences? We are producing a generation of delusional men who lack ambitions. People have started harbouring weird fantasies and are confusing fantasies with reality. Porn is being used as the Bible for women's reactions to something sensual and this mentality is eating India from within like termite.

The recent case of the Israeli girl speaks lengths about it, whenever indian men see ""gori ladkiyan"" they start behaving in a weird way and this is because they conditioned themselves to think like that, by consuming loads and loads of pornography. Just like they display in porn, many men think that the saying ""no"" is just a facade and women actually enjoy those acts. And I am keeping the global embarrassment out of it, earlier people used to have an opinion that India is not safe for solo female traveller but now the recent case has proved that even having a few female travellers and male travellers won't assure your safety.

People will fight to death over religion but none have the guts to actually follow it. They don't realise that the it's not ""then"" that are the real threat  it's ""us"" that actually threaten the principles of our religion.

Should we ban porn like what Russia, China, Israel and other such countries did or is it time to inculcate some sex education into the system? I know things like unemployment, weak judiciary are also to be blammed but is there anything which normal people can do? At times as a brother I am really afraid for my sister's safety.

If you have reached till here, thanks for reading my long rant! To all the girls out there, stay safe this Holi!"
Lazy-Discipline-4203,"'Azad Kashmir', 'Free Palestine' Graffiti At Kolkata's Jadavpur University Sparks Row",0,33,0.9,0,1741666003.0,False,t5_3d4x4,
sohang-3112,TIL Kashmiri influenced Punjabi & other fascinating Indo-European languages,0,3,1.0,0,1741711241.0,False,t5_3d4x4,
CourtroomBatman,Train Hijack in Pakistan - Jaffar Express in Balochistan hijacked by Baloch freedom fighters. 400 passengers aboard including Pak Army officers.,0,5,1.0,0,1741700490.0,False,t5_3d4x4,"https://theprint.in/world/baloch-separatists-hijack-express-train-hold-over-100-pakistan-military-police-personnel-hostage/2543558/

The Jaffar Express, a train often suspended due to security concerns, has been hijacked by the Baloch Liberation Army (BLA). The BLA had recently announced that Baloch Liberation outfits would now fight under a unified command. 

400 passengers are believed to be aboard the trains along with some serving members of the Pakistani Army. The BLA has threatened to execute hostages.

The train is trapped in a tunnel with Pakistani Army elements currently surrounding it in what appears to be a standoff. It is believed there is a media cordon in place to hide what happens in the tunnel from the Pakistani public and the world. "
,Is this a good solution? I dont think so!!,0,2,1.0,0,1741703337.0,False,t5_3d4x4,
Leadbwfu,A nice insight and discussion,0,1,1.0,0,1741712556.0,False,t5_3d4x4,
OrchidAltruistic8982,Thane court acquits stepfather after teen admits to filing false POCSO case,0,756,0.98,0,1741582920.0,False,t5_3d4x4,"The case, which led to the stepfather's five-
month imprisonment, was filed in early 2021.

The initial complaint alleged inappropriate
touching and showing of obscene videos,
accusations that both the girl and her mother
later retracted in court.

During the court proceedings, both key
witnesses-the victim and her mother-
testified that the complaint stemmed from
anger over the stepfather's disciplinary
actions.

The mother admitted to filing an ""exaggerated
version"" of events, believing the police would
only detain him briefly.

Source: https://timesofindia.indiatimes.com/city/thane/thane-court-acquits-stepfather-after-teen-admits-to-filing-false-case/articleshow/118102217.cms"
AutoModerator,"r/Indiaspeaks - Weekly Questions - Stupid , Too Afraid/Shy to Ask, Now is the Time",0,10,1.0,0,1741662034.0,False,t5_3d4x4,"Welcome to our Tuesday Stupid , Too Afraid/Shy to Ask, Now is the Time session

Often we have questions that we are afraid to ask for several reasons, leave them behind and just ask because now is the time....

The questions could be anything and not pertaining to a particular subject, be it History, Science, Politics, Sports , Movies, Music, Daily life related

***But just remember to be civil and follow the rules of the Sub***

* You can also join our [Discord Server Invite](https://discord.gg/V8sCPac)
* The ""Daily Discussion"" thread is posted Tuesday at 8:30 AM"
radialangel,Run It Up - Hanumankind,0,1,1.0,0,1741696884.0,False,t5_3d4x4,Just sharing with anyone who may have missed out. 
DarkMountain666,Several Congress leaders injured after stage collapses during protest in Bhopal | Bhopal News - The Times of India,0,80,0.95,0,1741604710.0,False,t5_3d4x4,
OrchidAltruistic8982,Class 11 student runs away with mother of 3 in Maharashtra,0,2478,0.97,0,1741517501.0,False,t5_3d4x4,Source: https://timesofindia.indiatimes.com/city/nagpur/class-11-student-runs-away-with-mother-of-3-in-maharashtra/articleshow/118802074.cms
SquaredAndRooted,Bhagalpur Suicide Case: Another Tragic Tale of Harassment & Hopelessness,0,6,0.87,0,1741629311.0,False,t5_3d4x4,"
Deepak Kumar, a 26-year-old grocery shopkeeper from Bhagalpur, Bihar took his own life after enduring relentless harassment from his wife and in-laws. Before his suicide, he documented his suffering in an **8-page suicide note over 8 days**, detailing the abuse he faced at the hands of his wife, mother-in-law, brother-in-law, and sister-in-law.  

**Key Details of the Case:**  
- Deepak was married to **Rakhi Roy** from Sahebganj, Jharkhand, in 2020. Their marriage took a dark turn after three years when his wife began harassing him and ultimately left him.  
- His wife **blocked his number for 9 months**, cutting off all communication, which led to ridicule from others.  
- When Deepak went to bring her back, **his mother-in-law, brother-in-law, and sister-in-law beat him up**. His wife also **physically assaulted him and threatened to frame him in a false liquor case**.  
- His mother-in-law repeatedly taunted him, saying he **wasn’t earning enough to support her daughter**, which further added to his distress.  
- His in-laws allegedly sent a **police notice with false accusations** against him.  
- Deepak wrote that his wife's family demanded he **earn ₹1 lakh per month** before they would allow her to return.  
- His brother-in-law **Pintu Mandal allegedly assaulted him** multiple times.  
- Deepak blamed his wife and mother-in-law for his **mother’s death**, stating that their harassment had worsened her health.  
- He had initially planned to end his life on **January 31**, as indicated in his suicide note, but ultimately did so on **March 1**.  
- His **family discovered his body hanging from a ceiling fan**, after which the police and Forensic Science Laboratory (FSL) team arrived for investigation.  

**Key Takeaways:**  
- **Escalating cases of male suicide due to marital abuse** – This case is eerily similar to the **recent suicide of AI engineer Atul Subhash** in Bengaluru, who also cited harassment by his wife and in-laws.  
- **Weaponization of false cases** – Deepak’s note indicates that his wife and in-laws threatened to frame him, a tactic increasingly used in marital disputes.  
- **Financial expectations and extortion** – The demand that Deepak must earn ₹1 lakh per month reflects the growing trend where men are **pressured to meet unrealistic financial expectations** or face abandonment.  
- **Legal system’s inaction** – Despite his repeated attempts to reconcile and the **continuous abuse he suffered, there were no legal avenues to protect him**.  

This tragic incident once again raises serious concerns about **male victims of domestic abuse** and the lack of support systems to address their struggles. While laws exist to protect women, **men facing similar abuse are left to suffer in silence, often with fatal consequences**.  
  
**Sources:**  
- [Zee News Hindi](https://zeenews.india.com/hindi/india/bihar-jharkhand/crime/bhagalpur-man-committed-suicide-for-torchered-his-in-laws-man-wrote-an-8-page-suicide-note-for-8-days/2675465/)  
- [Dainik Bhaskar](https://www.bhaskar.com/local/bihar/bhagalpur/news/a-young-man-committed-suicide-his-body-was-found-hanging-from-a-noose-in-bhagalpur-134617644.html)  
- [Punjab Kesari](https://m.bihar.punjabkesari.in/national/news/in-bhagalpur-a-young-man-committed-suicide-2117738)"
Fancy_Leadership_581,"Rani Durgavati: ""The Fearless Rajput Queen Who Shattered the Might of Mughals and Malwa Sultanate.""",0,8,1.0,0,1741619294.0,False,t5_3d4x4,"**Rani Durgavati:-The Fearless Warrior Queen Who Defied the Mughals**

*Rani Durgavati Chandel remains one of the most inspiring warrior queens in Indian history, known for her valor and sacrifice against the Mughal forces. A descendant of the legendary Chandela Rajputs, who built the famous Khajuraho temples, she ruled the Gondwana kingdom (present-day Madhya Pradesh) with courage and wisdom. Her defiance against Akbar's general Asaf Khan in 1564 is a testament to the Rajput warrior spirit and resistance against imperial expansion.*

*Sources of Claims*:

>*Abul Fazl, Akbarnama*

**Early Life and Ascendancy to the Throne**:-

*Born in 1524 CE, Rani Durgavati was the daughter of a Chandel Rajput king Raja Salbahan Chandela of Mahoba, a descendant of the mighty Chandela Rajput dynasty that had once ruled Bundelkhand. She was married to Dalpat Shah, the ruler of the Gondwana kingdom, who was a Kachwaha Rajput, as mentioned in Akbarnama.*

*After Dalpat Shah's untimely death in 1550, Rani Durgavati became the regent for her minor son, Vir Narayan. Instead of succumbing to political pressure, she ruled with remarkable administrative skills, expanding the kingdom and maintaining its sovereignty.*

*Sources of Claims*:

>*Abul Fazl, Akbarnama*

>*K.K. Datta's, Rani Durgavati and Her Times*

>*Satish Chandra's, History of Medieval India*

**Her Victory Over Baz Bahadur of Malwa Sultanate**:-

*Before facing the Mughals, Rani Durgavati defeated Baz Bahadur, the Sultan of Malwa, when he attempted to expand his territory into Gondwana. This victory not only protected her kingdom from Sultanate aggression but also demonstrated her military brilliance. While this event is not detailed extensively in Mughal sources like Akbarnama, it is widely acknowledged in regional historical traditions.*

*Sources of Claims*:

>*K.K. Datta, Rani Durgavati and Her Times*

**The Mughal Threat and Rani's Defiance**:-

*By the 1560s, Emperor Akbar had begun expanding his empire aggressively. His general, Asaf Khan, the Mughal Subedar of Malwa, set his eyes on the wealthy kingdom of Gondwana. Using the pretext of a weak ruler (her minor son), Asaf Khan led a massive invasion in 1564 CE.*

*Despite being heavily outnumbered and lacking Mughal artillery, Rani Durgavati refused to submit. She led an army of 20,000 soldiers, comprised of Rajputs and Gonds (Tribals/Adivasis), and confronted Asaf Khan near Narrai (Jabalpur district). The battle is well-documented in Abul Fazl's Akbarnama and Firishta's chronicles, which acknowledge her bravery.*

*Sources of Claims*:

>*Abul Fazl, Akbarnama*

>*Firishta, Tarikh-e-Firishta*

>*R.C. Majumdar, The Mughals and the Marathas*

**The Battle of Narrai (1564 CE)**:-

*Rani Durgavati adopted guerrilla warfare tactics, using the hilly terrain to her advantage. On the first day of battle, her forces inflicted heavy casualties on the Mughals, forcing them to retreat temporarily. However, the next day, Asaf Khan returned with fresh reinforcements and artillery, overwhelming Rani's forces.*

*Realizing that victory was impossible, she personally led the charge, fighting bravely alongside her soldiers. When she was severely wounded, she chose self-sacrifice over capture, following the Rajput tradition of Saka. She plunged a dagger into herself on June 24, 1564, refusing to surrender to the Mughals.*

*Sources*:

>*Abul Fazl, Akbarnama*

>*Firishta, Tarikh-e-Firishta*

>*Satish Chandra, Medieval India*

>*K.K. Datta, Rani Durgavati and Her Times*

**Legacy and Historical Recognition**:-

*Rani Durgavati's sacrifice remains a symbol women courage and resistance against Mughal expansion. Even Akbar's court historians, including Abul Fazl, recognized her bravery. Her legacy continues to inspire generations, and the Rani Durgavati University and Rani Durgavati Fort in Jabalpur stand as tributes to her courage*

*Her resistance against the Mughals proves that Rajput and indigenous rulers fiercely defended their sovereignty, challenging the idea of an uncontested Mughal expansion in India.*

*Sources*:

>*Abul Fazl, Akbarnama*

>*R.C. Majumdar, The Mughals and the Marathas*

>*Government of India, Commemorative Stamp Issue, 1988*

**Conclusion**:-

*Rani Durgavati's story is one of defiance, sacrifice, and heroism. Unlike many contemporary rulers who submitted to Mughal dominance, she chose to fight till her last breath. Her legacy stands as a testament to the indomitable Rajput women spirit and India's long tradition of resistance against foreign invasions.*

**""Her story is a reminder that true strength lies in resilience and courage. On this Women's Day, let's celebrate the indomitable spirit of women who, like Rani Durgavati, refuse to bow to oppression.""**

*Personal Note from my side*:-

(*""I have put a lot of effort into researching and compiling this post to ensure Rani Durgavati's story is told with accuracy and honor."")

(*I don't know when it will be approved so wishing you all a Happy women's day/belated women's day.*✌️)
"
CautiousMulberry2915,Allow women to commit one murder without punishment: NCP-SP leader Rohini Khadse urges President Murmu,0,1,1.0,0,1741649625.0,False,t5_3d4x4,Same should allowed to were 
SatoruGojo232,This feels so surreal. Proud of my country's team,0,266,0.94,0,1741539709.0,False,t5_3d4x4,
Beneficial-Brother87,Sad to see what is happening to our Country,0,2,1.0,0,1741628702.0,False,t5_3d4x4,
SquaredAndRooted,False Rape Case Extortion Racket Exposed – Allahabad HC Orders CBI Probe into Serial False Rape Cases,0,2,0.75,0,1741619001.0,False,t5_3d4x4,"
The **Allahabad High Court** has ordered a **CBI investigation** into allegations of **false criminal cases** being systematically filed by a woman, **Pooja Rawat**, and her lawyer, **Parmanand Gupta**, to **extort money** from multiple individuals.  

#### **Key Facts**  
- **Repeated False Allegations** – The woman has allegedly filed **12 FIRs** against different people, all through the same lawyer.  
- **Extortion Racket** – The duo is accused of targeting individuals, filing **serious criminal charges** (including **rape** and cases under the **SC/ST Act**), and then using these cases to demand money.  
- **Legal Manipulation** – The court noted that **51 such cases** were reported in a **single district**, with **36 lodged at one police station** alone. The accused would allegedly **threaten victims and their lawyers** if they refused to comply.  
- **Judicial Concerns** – The High Court found a **clear pattern of abuse**, deeming it a **misuse of the legal system**, and called for a **CBI probe** to **prevent wrongful prosecution** and **protect innocent people from harassment**.  
- **Immediate Relief** – The **petitioners** in this case, **Arvind Yadav and another**, were **granted protection from arrest**, pending the CBI’s findings.  

### **Key Takeaways**  
1. **False Cases Are a Serious Issue** – The scale of this case highlights how **legal provisions meant to protect real victims are being weaponized for financial gain**.  
2. **Systemic Abuse** – The involvement of a **lawyer filing multiple cases** suggests a **well-organized racket** rather than isolated incidents.  
3. **Judicial Crackdown** – The High Court’s **CBI intervention** signals that **courts are no longer taking such misuse lightly**.  
4. **Implications for Men's Rights & Legal Reform** – Cases like these **reinforce the need for legal safeguards** against **false accusations**, including **stricter penalties for misuse**.  
5. **April 10 Deadline** – The **CBI has been ordered to submit a report by April 10, 2025**, meaning **more details will emerge soon**.  

This case is a **watershed moment** in tackling **false allegations** and **restoring trust in the justice system**.

Sources:
- [Law Trend](https://lawtrend.in/allahabad-high-court-orders-cbi-investigation-into-woman-and-lawyer-for-filing-repeated-false-rape-and-other-charges/)  

- [Live Law](https://www.livelaw.in/high-court/allahabad-high-court/allahabad-hc-orders-cbi-probe-against-woman-her-counsel-for-filing-false-firs-containing-rape-allegations-286097)  

- [The Economic Times](https://m.economictimes.com/news/india/allahabad-high-court-orders-cbi-probe-into-cases-filed-for-extortion/articleshow/93667340.cms)  

- [The Week](https://www.theweek.in/news/india/2025/03/10/allahabad-hc-orders-cbi-probe-against-woman-lawyer-for-filing-false-rape-cases.html)  "
future-minister,"Nashik :cricket fans literally burned someone's house by aiming skyshot firecracker towards home . When fire brigade arrived ,cricket fans climbed up on fire brigade vehicle to dance and someone's home 100% burned . No FIR",0,1,1.0,0,1741628904.0,False,t5_3d4x4,
Unlikely_Drawing999,"Andhra MP Offers ₹50,000 for Third Child, Plus a Cow if It's a Boy",0,1,1.0,0,1741628251.0,False,t5_3d4x4,"An Andhra Pradesh MP is offering ₹50,000 to mothers who have a third child, along with a cow if it's a boy. The move aims to boost the state's declining birth rate.

Is this a response to the Centre’s delimitation plans? It seems like states that have successfully controlled their populations might now be penalized, reducing the South’s political representation. Schemes like this could be an attempt to counter that.
"
ProfessionalAside834,"The daily ridicule, distasteful memes on India and Indians on social media especially in western countries (ignore our neighbours for awhile) - how does it make you feel ?",0,1,1.0,0,1741623353.0,False,t5_3d4x4,"Many of us are used to poor quality of life, lack of public sanitation, people spitting, zero civic sense, construction dust/debri, potholes....

Staring at white skinned foreigners, unhygienic street food

Lack of intellectual depth in political and public disclosure to address REAL issues

Othering, teasing of Muslims in particular, calling them babar ki aulat etc

Self congratulatory mode, chest thumping, ""is India the next China"" hype and such making us look dumber ?

Do you feel communal harmony and tolerance in Christian majority western countries is way higher than India in a general sense?"
MutedFig790,What do you think? Instagram audience supporting Sexual harrasment,0,2,1.0,0,1741609616.0,False,t5_3d4x4,Recently I came across this video where an influencer (maybe) was sharing her personal experience on how she got sexual harrassed by his own uncle and that's how the Instagram Audience responded.
OrchidAltruistic8982,"India has agreed to cut tariffs 'way down', declares Trump",0,887,0.98,0,1741487824.0,False,t5_3d4x4,Source: https://timesofindia.indiatimes.com/india/india-has-agreed-to-cut-tariffs-way-down-declares-trump/articleshow/118794135.cms
OrchidAltruistic8982,Chandrayaan-3 data suggests ice brneath Moon's surface at more locations,0,790,1.0,0,1741489067.0,False,t5_3d4x4,Source: https://timesofindia.indiatimes.com/science/chandrayaan-3-data-suggests-ice-beneath-moons-surface-at-more-locations/articleshow/118780331.cms
bhooteshwara,Looking for Advice: Trouble Closing Paytm Merchant Account and Soundbox Charges,0,1,1.0,0,1741618738.0,False,t5_3d4x4,"I am reaching out for help regarding the closure of my father's Paytm merchant account. An agent visited our shop in September or October 2023 and installed the device. He told us that there would be a one-time payment and no rental fees, and he showed me the plan on his Paytm app, which indicated a ""zero rental plan."" However, there was a hidden term that required us to perform transactions of certain amount to avoid rental charges.

Since the soundbox didn't work, we were unable to use it. We contacted the agent and also reached out to customer support informing that this is not working, but we were still charged rental fees, which contradicted the agent's promise of no charges. I paid the amount and requested the closure of the account through customer support, which was confirmed after some back-and-forth communication.

Fast forward to 2025, someone else visited our shop to install the device. My father informed them that we had already installed it earlier, but it didn't work, and we had closed the account. The new agent checked his app and told my father that there were outstanding dues of over 1,000 rupees and that the account was not closed. I installed the app back and checked and saw the same information. When I tried to access my older tickets, I couldn't find any. I requested the closure of the account again, stating the above facts, but the ticket was closed with the response that I needed to clear the dues first.

As all communication happened through the app, I don't have any email records. Although I received a call confirming the account closure, it was a long time ago, and I don't have a record of the call or the phone number from which the call came. I believe my account was indeed closed, which is why my older tickets were deleted, and I couldn't access them. It seems that the account was reopened somehow.

Can anyone help me escalate this issue, which appears to be a case of malpractice? I would appreciate any assistance in this regard. Thank you!"
ProfessionalMovie759,Maharashtra Minister Introduces ‘Malhar Certification’ For 100% Hindu-Run Meat Shops - News18,0,1,1.0,0,1741615890.0,False,t5_3d4x4,"The Malhar certification is similar to the existing halal certification in India, where meat is prepared according to Sharia or Islamic law. Islam stipulates that an animal is to be sacrificed in a certain manner before it can be consumed by members of the community.


Contrary to the halal way of slaughter, jhatka meat is prepared after killing the animal in a painless way with a single blow."
dparag14,An IRCTC employee disposing of garbage by throwing it out the door.,0,2,1.0,0,1741600530.0,False,t5_3d4x4,
san__man,Canada's New PM Mark Carney Invested Billions in India - Can He Rebuild Ties?,0,1,1.0,0,1741613195.0,False,t5_3d4x4,
Opposite_Science4571,How the Indian states grew from 2023-2024,0,1,1.0,0,1741612349.0,False,t5_3d4x4,
Realboy000,"₹150 cr for Waqf, ₹1000 cr for minorities, ₹100 cr for Urdu schools, hike in Imam salaries, and more: Karnataka govt announces in budget",0,1,1.0,0,1741611391.0,False,t5_3d4x4,
Lazy-Discipline-4203,"A rally celebrating India's win was passing through the Jama Masjid area in Mhow, Madhya Pradesh when some individuals from the vicinity started throwing stones at them.This led to clashes between both groups. Several vehicles were vandalised, and miscreants set two vehicles and two shops on fire.",0,6,0.8,0,1741573351.0,False,t5_3d4x4,
DarkMountain666,"Gulmarg fashion show row: Not just Ramadan, shouldn’t have taken place in any month, says JK CM Omar Abdullah | Today News",0,1,1.0,0,1741604403.0,False,t5_3d4x4,
freeze_ninja,Policy bazar or ditto ?!,0,1,1.0,0,1741585061.0,False,t5_3d4x4,
SoftwareHatesU,Wanna fix Alimony? Fix the underlying issue.,0,1,1.0,0,1741576441.0,False,t5_3d4x4,"Many people complain about how Alimony laws are abused to take revenge in relationships. 

Read the above sentence again and you will find the underlying issue. 

Yes, it is ""Revenge"".  Assuming most people, including both genders are decent human beings,  revenge cases are rarely due to monetary value but due to an urge to take revenge on your partner. 

But why? Why reach a stage where you absolutely hate each other before divorce? Why not divorce early  when you start to sense incompatibility? Societal stigma. Most of us young folks don't hold much stigma against divorces. But if you ever overhear your mother or aunt talking with other members of society, you will quickly realise that divorced people are treated like absolute shit. This leads to couples trying their best to try to ""work out"" their relationship. But the thing is if you cannot stant something about your partner, you will have to compromise, and after enough compromises you will start to hate the partner. Which leads to things like these. 

Solution? Remove societal stigma against divorced people. Also, change the law to make it easier to divorce. 

People flaunt how divorce rates are extremely low in India compared to other countries like it is a good thing. But is it? Considering that every human being is equal, and has equal probability of being incompatible with their partner, it is easy to figure out that a good chunk of marriages in India are forced where either or both partners are compromising a lot and are not happy at all. 

There are many divorced couples in the US or Germany who stayed friends after divorce just because they discovered they weren't compatible early on. There are also people who took some time to find that they aren't compatible, hate each other, but not to the extent where they would go out of their way to make others life miserable. There are also people who will make other's lives miserable after a divorce, but they are a minority unlike India where this is a norm. 

TLDR: Remove stigma against divorces. Make getting a divorce easy. Once couple can divorce without any consequences on society, they will divorce before they start to absolutely hate their partner's gut, leading to a healthy separation. "
Lazy-Discipline-4203,"Clashes at rally in Mhow after India's win; vehicles set on fire, stones thrown
A rally celebrating India's win was passing through the Jama Masjid area in Mhow in Indore, Madya Pradesh when some individuals from the vicinity started throwing stones at them.",0,1,0.66,0,1741572190.0,False,t5_3d4x4,"Clashes broke out during a victory rally celebrating the Indian cricket team's ICC champions trophy victory **near Jama Masjid in Madhya Pradesh’s Mhow**.

A rally celebrating India’s win was passing through the Jama Masjid area in Mhow when some individuals from the vicinity started throwing stones at them. This led to clashes between both groups. Several vehicles were vandalised, and miscreants set two vehicles and two shops on fire.

According to locals, as the victory rally approached the Jama Masjid area, a large group of individuals began throwing stones at them, leading to chaos and forcing them to abandon their motorcycles and flee.  
Following the violence, a heavy police force from Indore rural and Indore city was deployed in the area to control the situation. Army personnel are also present in Mhow, but as it is an army cantonment, military units are always stationed there, so there was no need for a separate army deployment.

sources: [https://www.indiatoday.in/india/story/clash-mhow-stones-thrown-vehicles-set-on-fire-india-champion-trophy-win-rally-2691321-2025-03-10](https://www.indiatoday.in/india/story/clash-mhow-stones-thrown-vehicles-set-on-fire-india-champion-trophy-win-rally-2691321-2025-03-10)  
[https://news.abplive.com/cities/clashes-broke-out-in-mp-s-mhow-over-rally-celebrating-india-s-champions-trophy-win-1756542](https://news.abplive.com/cities/clashes-broke-out-in-mp-s-mhow-over-rally-celebrating-india-s-champions-trophy-win-1756542)"
OrchidAltruistic8982,'Tmmunity to commit one murder': NCP (SP) leader's women's day demand from President over crime against females,0,409,0.96,0,1741439968.0,False,t5_3d4x4,Source: https://timesofindia.indiatimes.com/india/immunity-to-commit-one-murder-ncp-sp-leaders-womens-day-demand-from-president-over-crime-against-females/articleshow/118803249.cms
DarkMountain666,Get rid of leaders colluding with BJP: Rahul Gandhi's brutal message to Gujarat Congress,0,1,1.0,0,1741556087.0,False,t5_3d4x4,
Latter_Possession786,Social Media is slowly transitioning towards a platform for discreet erotic content.,0,1,1.0,0,1741551488.0,False,t5_3d4x4,"My instagram got banned a week ago for god knows what reason. So, I created a new account because you don't have any options do you. If you ever created a fresh account and dig through 'explore page' you notice that the amount of erotic and lubricious content you find without your consent is just absurd. And, it's not just for IG, Snapchat and facebook wear the same shoes.

Recently Mark Zuckerberg and his company (META) had to go through a lawsuit for the same, company changed their guidelines and policies ever since. However, they are still discreetly getting away with it. I know that their users (mens in especially) get captivated through these types of content for more attention and for these companies more attention equals more money. But the problems remains, why they do it without the consent of the users, if a user search for these type of content then algorithm push more similar content to his feed, that's reasonable. But there are underage kids which force to see this content, I know that their parents should be the one monitoring their activities but nevertheless they still surf the internet and these content plays a vital role in desensitize their growing brains. During teen in when we have the most neuroplasticity (I don't go into detail but someone's interested [here](https://www.verywellmind.com/what-is-brain-plasticity-2794886).)

So, with this type of content our own media is shaping our own children's brains which they will shape our country's future. What are your take on this neglected issue? What parameters to be taken to protect our children."
OrchidAltruistic8982,"Mumbai Man Hangs Himself, Posts Suicide Note Blaming Wife On His Company's Website",0,850,0.98,0,1741412591.0,False,t5_3d4x4,"Source: https://timesofindia.indiatimes.com/city/mumbai/harassed-by-wife-her-aunt-media-firm-exec-kills-self-in-hotel/articleshow/118765929.cms

According to the NDTV, his mother is a noted women’s right activist."
ProfessionalAside834,"A reminder - nothing succeeds like success | It is about getting things done when stakes are high (be it important exams, interviews, career / business-related, family issues), of course legitimately. Nobody likes whiner, cribbers and cry babies...",0,1,1.0,0,1741542588.0,False,t5_3d4x4,
ivoryshopindia,"Shower fittings - Jaquar, Hindware, Bathsense?",0,1,1.0,0,1741539590.0,False,t5_3d4x4,"Hi, looking for suggestions on which are some good shower sets available.

I was impressed by Kohler Anthem Series but its quite expensive. 

My budget is around 50k (+10k if required)

Looking for rain shower ( >12 inches), and body showers(jets).

Have you installed body jets. Are they any good?

Has anyone installed Hindware or Bathsense showers? Are you facing any issues?

Whats your opinion on nickel, gold, etc finishes?

Please share recommendations. Thank you very much!"
Background-Card-9548,West Bengal has become Islamic Caliphate in effect where Muslims have free hand to rape and molest Hindu women and law will punish the Hindu women for vote bank,0,2,1.0,0,1741524842.0,False,t5_3d4x4,"Remember how the infamous Sandheskhali mass gang rape of Hindu women by Muslim ganglord was covered up last year as a “BJP/RSS conspiracy” ?

Well if you don’t learn from History, History will repeat itself.

Few days ago a Hindu Bengali women travelling in local train in Malda (a Muslim majority area of West Bengal) caught an elderly breaded Mullah sitting opposite her to be filming her front part. She immediately caught that Mullah and slapped him, in the bystanders video recording it’s clearly shown that the Mullah was under recording the video. You would have thought that’s the end of it. Well guess what it was NOT.

Enter vote bank politics. 2-3 days after this incident a local Muslim TMC leader in Malda made a social media post doxxing the victim (exposing her real name) and threatening West Bengal law enforcement that if that women is not arrested then the “Minority community” of the state will start violent protests. And suddenly all TMC leaders have started to support the molestor. It’s only one year from West Bengal state elections next year so ……"
beautifullifede,Here’s my attempt at preserving ancient Indian art,0,3,1.0,0,1741512204.0,False,t5_3d4x4,"I am not a trained artist but I’m obsessed with our folk art forms. I use and combine art forms like Pattachitra (Orissa), kalamkari (Andhra Pradesh), Gond art (Madhya Pradesh), Mughal art, Madhubani (Bihar), Mithila art (India and Nepal) and Kerala mural art 
We have such beautiful art forms and reach region has its way of showing how human beings or gods interact with nature. Here’s some of my art. Let me know what you think. I want to start painting digitally and print them on some merchandise.. any more ideas are welcome "
Mandy1538,Is our country's reputaion in regards to cleanliness and civil manners valid? Read the comments,0,1,1.0,0,1741531607.0,False,t5_3d4x4,
OrchidAltruistic8982,Omar Abdullah to Centre: Reclaim PoK but also get back areas in Chinese grip,0,1335,0.99,0,1741388594.0,False,t5_3d4x4,Source: https://timesofindia.indiatimes.com/india/omar-to-centre-reclaim-pok-but-also-get-back-areas-in-chinese-grip/articleshow/118768785.cms
sleepy_go_bye_bye,India's Ongole face decline while becoming most expensive cattle in Brazil,0,219,0.98,0,1741422532.0,False,t5_3d4x4,Source: https://www.business-standard.com/india-news/ongole-cattle-decline-india-thrives-brazil-most-expensive-cow-125030800167_1.html
Harry_1920,Is this Zomato's scam or not?,0,1,1.0,0,1741527970.0,False,t5_3d4x4,"So , i'd recently tried to order food from zomato of worth Rs 553.87. Then the payment was shown failed and order unsuccessful on Zomato. But the money waa already deducted from my account to zomato. I tried Zomato support but they said that it will took 5-7 days for refund. So , i contacted bank customer care to help me in  getting refund. But they said that i should wait 5-6 days for refund. Then i tried to contact zomato care on twitter and they asked for my order details in DM and i send them. Today i messaged them again and they said they were checking internally about the order. It's been more than 10 hours since they messaged. So, what should i do know? Please help me. Will i get my money back after 5-7 days or not? "
Signal_Obligation79,"Why have LOUD crackers become the default celebration for any ""happy"" event?",0,0,0.25,0,1741539998.0,False,t5_3d4x4,"22F. Not a cricket fan but feel happy when India wins a match. Cricket is like a religion in India and winning/losing apparently matters a lot to the public (the players are raking in their gold anyway and the public is not but that's for another day). It's everybody's favourite pass-time, I get it.

What I have noticed is the ABYSMALLY LOUD crackers that are burst after every victory, big or small. Not even at the city centre or an open field or anything - loud Diwali bombs just about anywhere - on the roads, in residential colonies, near hospitals and other civic amenities. India wins - two to three hours of BOMBS follow. Even if you discount the smoke and tolerate the boom-boom-boom every 3 seconds, shit like this sets off car alarms and gets the dogs in the neighbourhood crazy. They either hide under the bed (pets) or bark incessantly.

*""Yes, an hour or two of this is okay"" / ""Let people live"" / ""This is fun"" / ""Dont be a spoilsport"".* But is this all there is to our idea of ""fun""?

When I was younger, crackers were a Diwali, New Year and wedding novelty. Probably Shivratri and Ram Navami in select locations. I enjoyed watching them, hearing them, bursting them.

Now, crackers - *and not even the glittery, sparkly ones* \- the **meaningless, loud ones** \- are the **default** celebration.

India wins any goddamn match - CRACKERS.

Any random regional celebration that **suddenly** became popular in the past few years - CRACKERS.

500 weddings? 500 CRACKERS.

5 days before Diwali? CRACKERS. 5 days after Diwali? CRACKERS.

1 week to new years? CRACKERS. A week after new years? CRACKERS.

Got nothing going on in your life so need to hear a loud noise? CRACKERS.

This rant is hopeless. Making noise will carry on forever in India and even get louder and more disruptive. My question is - why is our idea of fun almost always at the expense of someone else? Why does anybody other than you need to hear the crackers that YOU burst? Why does anybody need to hear your bhajans on loudspeakers, your 5-time daily Azaans, your wedding processions, your Melody Arkestras? I get these are forms of public religious propagation and public entertainment, but I believe it has started to **assault one's private space too**.

Especially boring people in their 20s like me who would pay a fee every month just to ensure some peace and quiet."
,Another day Another Incident,0,1,1.0,0,1741525756.0,False,t5_3d4x4,"Just half an hour ago before stumbling upon this news articles I was scrolling instagram where I found a post where a woman posted a video of how men stare at her in Delhi Metro and instead of supporting her or criticizing the men ...

Men in the comments said stuff like western kapde pehnogi to dekhenge hi ..... Camera leke baithogi to dekhenge hi ....itni takleef hai to Ghar sambhalo etc etc 

At this point of I completely believe that we deserve the racism we deserve the hate because no one can defend this country"
whoshitisthis,Political leaders seen supporting molestor,0,3,1.0,0,1741503641.0,False,t5_3d4x4,
polopiko,Most comments wondering how India is above some EU countries,0,1,1.0,0,1741514725.0,False,t5_3d4x4,
metamind_ed,"Counties like Iceland have achieved great outcomes by reducing work hours and days. Here in India, a working week of 70+ hours is being promoted. What's wrong with us?",0,1,1.0,0,1741512636.0,False,t5_3d4x4,
Conscious_Crazy5546,Police Asking money for stolen bikes,0,1,1.0,0,1741512368.0,False,t5_3d4x4,"So my dads bike got stolen 4 days ago we filled FIR. yesterday police found our bike saying someone left it in a chowki 20-30km away from where its stolen. today my dad went to pick up his bike and i found out the police asked 5000rs from my dad in the end he had to pay 4000rs. That 1/6th of the bikes value.
I am just really disappointed and wanted to rant as i used to respect police alot for the hard work they do."
_Tan___,"SLBC tunnel tragedy in Telangana - 16th day, 8 trapped men declared dead, zero bodies found. Rescue operation continues.",0,1,1.0,0,1741509076.0,False,t5_3d4x4,
ProfessionalAside834,"Too much cricket? Also, I don't like the commentary, the build up of the matches and annoying graphics - why does Star Sports infantilize its audience ?",0,1,1.0,0,1741508366.0,False,t5_3d4x4,"There was a time when cricket was everything. Would finish all my work, and studies just to ensure I wouldn’t be disturbed during the game. Even a league match felt monumental, and a final was almost sacred.  
  
Now, things are different. Still love the game and feel happy when India wins, but it no longer reaches the level of euphoria. A loss doesn’t pain, and a win doesn’t make ecstatic.    
  
Is it just aging? Overexposure and commercialization of cricket? Or has Indians found new avenues of recreation and achievement, diluting cricket’s emotional impact?

[https://x.com/theskindoctor13/status/1898646283163685034](https://x.com/theskindoctor13/status/1898646283163685034)"
Lazy-Discipline-4203,Karnataka Congress Govt. to introduce 4% quota for Muslim contractors in tenders.,0,2,1.0,0,1741492218.0,False,t5_3d4x4,
OrchidAltruistic8982,"Income Tax officials may be able to access your email, Facebook, Instagram and other social media accounts starting FY2026-27 if they suspect",0,351,0.97,0,1741388015.0,False,t5_3d4x4,Source: https://timesofindia.indiatimes.com/technology/social/explained-new-income-tax-rules-that-will-allow-it-officials-to-access-your-email-facebook-instagram-and-other-social-media-accounts/articleshow/118739135.cms
gangubai22,Is this true?? This is so disappointing.,0,1,1.0,0,1741499743.0,False,t5_3d4x4,"I saw this video of this man being creepy and recording this lady inappropriately, now TMC is supporting him? Why?? First RGK college now this!! And people are voting for such party? This is very much concerning these assholes are supporting a culprit, you can clearly see evidence of him recording that lady inappropriately. Such support will only fuel to more crimes. "
prachanda_Ravanaa,Husband residing in Europe tells judge he does not believe in Indian judicial system,0,2,1.0,0,1741485213.0,False,t5_3d4x4,
ProfessionalAside834,"Do you feel there is palpable decline in having thought provoking, nuanced and intelligent discussions - be it on social media or otherwise - without it quickly turning into whataboutery and mudslinging campaign ?",0,1,1.0,0,1741494135.0,False,t5_3d4x4,"Weaponization of agencies - legal and extralegal measures, including harassment, imprisonment, and intimidation, trivial charges - ""process is the punishment"" - adding to self censorship

Credibility of news channels low - rise of Godi media - softball interviews - lack of depth in discussion - TRP chase / Struggle to be profitable - ill-informed debates / shouting match in the name of prime time programs

""""Hindu-Hindi-Hindutva"" domineering notion is all pervasive -- othering and demonizing of Muslims - ""Babar ki aulat"" insults + polarization, intolerance to differing view points is not good

Little to no urgency to address pollution and civic issues (state govts, municipal corp. must be pulled up)

No deliberative debates in the parliament of late

No outrage or accountability sought from state govt, municipal corp, village panchayat

government’s focus on populist strategies to secure electoral victories -- bashing Pak, temple-mosque issues, CAAs barely help

Lesser attention on substantive democratic engagement + public participation in democracy is increasingly limited to voting | Less  active civic engagement or intellectual discourse, isn't?

Sharp outrage towards easy targets like comedians, podcasters but mum on other real issues, says alot of the people and politicians in general

Manipur -- took more than a year to impose President's rule - why? Because there is BJP govt

North -South divide, south subsidizing the north for being poor, laggard, having higher population --

concern over Delimitation + higher Lok Sabha seats for the north just because they have higher population (US has electoral college system to prevent this kind of domination in some sense)

creamy layer for SC/ST ?

Have equal cut offs for everyone - at least start having informed debates to reform reservations, increased focus on merit

Obfuscations, whataboutery, mudslinging, personal and below the belt comments, attacking the messenger instead of focusing on the message, dare I say paid and unpaid trolls / narrative control exercise

it is GDP per capita that matters (not GDP), HDI -- money can't buy class, decency civic sense and sense of responsibility and belonging

Enough of triumphalism, chest thumping, forever self-congratulatory mode...

BJP and Congress needs to develop young second of leadership - you expect Modi to win again because of TINA (There Is No Alternative), again ? He will struggle to win the third time I feel"
Yogi-Rocks,Horror as Western tourist is gang-raped and her companion killed in attack while stargazing in India,0,1,1.0,0,1741483548.0,False,t5_3d4x4,
sqiriyt,IRHS officer got harrassed.,0,1,1.0,0,1741465021.0,False,t5_3d4x4,YouTube- https://youtu.be/qDubKrwgIVI?si=IWPVpnMe4R7nlL9H
OrchidAltruistic8982,"Woman joins dismissed cop, his wife to start flesh trade, ropes in daughter too",0,589,0.98,0,1741338672.0,False,t5_3d4x4,"The woman's daughter is a rape survivor as per the article. The daughter has been rescued from Kolkata by the police.

Source: https://timesofindia.indiatimes.com/city/nagpur/woman-joins-dismissed-cop-his-wife-to-start-flesh-trade-ropes-in-daughter-too/articleshow/118654345.cms"
MagneticElectron,"Woman, Who Thrashed 'Pervert' Man In WB Train, Getting Threats After Local TMC Leader Leaked Her Personal Details: BJP",0,2,1.0,0,1741448970.0,False,t5_3d4x4,
economysuck,What the hell is happening in this country : https://timesofindia.indiatimes.com/city/bengaluru/karnataka-lake-horror-2-arrested-for-raping-israeli-tourist-in-karnataka/articleshow/118805650.cms,0,1,1.0,0,1741461053.0,False,t5_3d4x4,These people should be hanged
Ill_Comparison1408,Share the struggle behind your success.,0,1,1.0,0,1741456850.0,False,t5_3d4x4,
BitterAd6419,"I built a tool to stop scams, totally free. What do you think ?",0,1,1.0,0,1741447463.0,False,t5_3d4x4,"I was tired of amount of scams happening in India. Literally our hard earned money is looted by these criminals. crores of rupees of lost every month. They are only getting smarter with new types of scams being invented every day. One of my uncle lost 5 lakhs a few months back to a fake SMS pretending to be from SBI. 

So I built a free tool where you can take the screenshot of sms, WhatsApp conversations, messages or just upload any suspicious pics and our tool will tell you if it’s a scam or not with detailed steps on what to do and what kind of scam it is

This could be very useless for your parents and even youngsters. Scammers are getting very smart and it’s hard to detect their intentio

Btw it’s completely free. 

Not posting the link here as I don’t know if it’s allowed, maybe mods can help ?

Also let me know your feedback "
ShiroBarks,"Rs 55 lakh, 8 months, and nothing: The story of illegal immigrant Satpal Singh",0,2,1.0,0,1741433497.0,False,t5_3d4x4,"Satpal Singh, an Indian illegal immigrant, was deported from the US on February 28. He recounted his harrowing experience at the India Today Conclave 2025. From spending Rs 55 lakh and eight months, some of it in detention in tortuous conditions, Singh's story is a tale of warning to others."
imhariiguess,This is plain embarrassing at this point,0,851,0.93,0,1741315301.0,False,t5_3d4x4,"The study quoted in the og tweet is a bogus one with a clear agenda of defaming indian pharma regardless of facts. And it's boosted by none other than president musk himself. Whoever is putting out hits on us, they're clearly succeeding "
KalkiKalpa,Looking for suggestions - Best Standing Desk Brands in India,0,1,1.0,0,1741442076.0,False,t5_3d4x4,"# I am new to the StandingDesk concept and looking to upgrade from my current Ikea setup.

# Can anyone here suggest a few great brands/models I should research, that would be highly appreciated. "
WPmitra_,"Man said to be in coma walks out of ICU, exposes alleged Rs 1 lakh hospital scam in Madhya Pradesh",0,373,0.99,0,1741324317.0,False,t5_3d4x4,"https://indianexpress.com/article/trending/trending-in-india/man-in-coma-walk-out-of-icu-expose-hospital-scam-in-madhya-pradesh-viral-9873379/

According to a report by the Free Press Journal, Banti Ninama, a resident of Deendayal Nagar, was admitted to the hospital after getting injured in a fight. His family was told that he had a severe spinal fracture and had slipped into a coma, requiring immediate and expensive treatment. Fearing for his life, his wife and mother scrambled to arrange the hefty sum, borrowing from friends and relatives.

However, what happened next left everyone stunned. In a viral video circulating online, Ninama—who was supposedly unconscious—was seen casually walking out of the hospital room, showing no signs of the severe condition the doctors had described.

Ninama said that he was forcibly restrained by five hospital staff members while they pressured his family for money. Desperate to escape, he seized an opportunity and made his way out of the ICU, blowing the lid off the alleged scam.

Confirming the ordeal, his wife said, “They told us he had a spinal fracture and had fallen into a coma. They handed us prescriptions, and we bought everything they asked for. Then, they told us to pay Rs 1 lakh for the treatment. We had to beg our relatives for money. We ran from one place to another and"
sleepy_go_bye_bye,"Punjab police fouls target killing plot, arrests 3 linked to Babbar Khalsa",0,171,0.99,0,1741339280.0,False,t5_3d4x4,Source: https://www.business-standard.com/india-news/punjab-police-foils-babbar-khalsa-bki-target-killing-plot-arrest-three-125030700323_1.html
That_Nevyn_Guy,Former employee of Embassy of India exposing corruption,0,1,1.0,0,1741439879.0,False,t5_3d4x4,
frosted_bite,"Several dogs attacked a security guard who started defending himself with a stick, then a dog lover came and beat the security multiple times because of using stick against the dogs.",0,1486,0.99,0,1741289370.0,False,t5_3d4x4,
KrishGuptIN,Is it just me or the number of Rape and child molestation news have increased exponentially since the beginning of this year?,0,1,1.0,0,1741430565.0,False,t5_3d4x4,Same as the title
SlightlySimp,"Israeli tourist, homestay host raped in Hampi, male friend's body found in canal",0,1,1.0,0,1741429080.0,False,t5_3d4x4,
ProfessionalAside834,Have there been such precedents for not travelling to a particular country in world cricket or sports in general?,0,1,1.0,0,1741428615.0,False,t5_3d4x4,"""It's incredibly easy to guilt-trip some Indians, especially those who still believe that whatever the Whites think and do is evolutionarily superior and that siding with them will make them see us as one of their own.

We're seeing it in cricket now. Some English, Australian and SA voices are claiming that India has an unfair advantage in the Champions Trophy by playing all its matches in the UAE, and, as usual, some of our own are feeling guilty about it. This isn’t new.

A decade or so ago, when India toured Australia, South Africa, or England, they prepared extremely fast pitches to suit their strengths, and Indians never complained. But when India made spinning pitches to suit ours, visiting teams, along with many of our so-called intellectuals, called it unfair.

Let’s be clear: We refused to play in Pakistan because they sponsor terror on our soil, not to gain an advantage in the Champions Trophy. If England, South Africa, and Australia were truly concerned about fairness, they should have also refused to play in Pakistan, which would have moved the entire tournament to the UAE. Why cry foul now, when you are out?""

[https://x.com/theskindoctor13/status/1898059486512005434](https://x.com/theskindoctor13/status/1898059486512005434)"
SnooCompliments8409,Ongoing orchestrated narrative that white washes Mughal brutality and downplays resistive movements from Marathas and Rajputs,0,1,1.0,0,1741426966.0,False,t5_3d4x4,"There is ongoing online orchestrated narrative that downplays Mughal brutality while portraying certain Mughal rulers like Akbar and Bahadur Shah as benevolent and tolerant.

***Tactics they are using -***

**Whitewashing Mughal Rule** – By focusing on ""what if"" scenarios (e.g., ""If Prince Akbar had overthrown Aurangzeb, things would have been better"") they are shift attention away from the inherent imperialism and oppressive policies of the Mughals.

**Selective Neutrality** – They claim to be ""neutral"" or against black-and-white portrayals, but their arguments consistently try to soften Mughal excesses while questioning or downplaying resistance movements like the Marathas and Rajputs.

**Shifting Blame** – By saying *""Aurangzeb was the real problem, others were not so bad,""* they attempt to isolate Mughal atrocities to a single ruler rather than acknowledging that Mughal rule itself relied on expansionism, taxation, and forced submission of native powers.

**Creating False Equivalence** – They compare Mughal rulers to European or Ottoman rulers (*""everyone was brutal, so why single out the Mughals?""*) to dilute the discussion instead of addressing the real impact of Mughal rule on India.

This is a classic tactic used to control historical narratives , The tactic is called - ""Selective Historicism"" or ""Strategic Omission""

**Some more Key tactics they are using -**

**Selective Emphasis** – Highlighting the ""good"" parts of a ruler’s reign while downplaying or outright ignoring their brutal policies. (e.g., *""Aurangzeb would have been remembered as a good ruler if he died earlier.""*)

**Counterfactual Speculation** – Creating ""what-if"" scenarios to shift focus from actual historical consequences. (e.g., *""If Prince Akbar had overthrown Aurangzeb, things would have been different.""*)

**Moral Relativism** – Arguing that ""everyone was brutal"" to dilute specific criticism of Mughal atrocities. (e.g., *""Europeans and Ottomans were also brutal.""*)

**False Equivalence** – Equating expansionist Mughals with native rulers defending their land. (e.g., *""Shivaji and Akbar both wanted power.""*)

**Strawman Arguments** – Claiming that critics are making figures like Shivaji or Maharana Pratap into ""demigods"" to dismiss their historical significance.

**Why It’s Important to Show Real History** \-

Distorting history for political or ideological agendas misleads people and can be used to justify oppression, erase atrocities . Whitewashing history leads to repeated mistakes. Recognizing past injustices helps prevent similar patterns of oppression and expansionism in the future. Acknowledging the struggles of real freedom fighters and victims ensures their sacrifices are not forgotten or misrepresented.

Selective Historicism has been used to whitewash or downplay many brutal events throughout history. For Eg . The Turkish government and its supporters argue that the 1915 Armenian Genocide was simply a result of wartime chaos rather than a systematic extermination. Some historians and political groups claim that Stalin’s purges and the Ukrainian famine (Holodomor) were not deliberate but rather unfortunate results of mismanagement.

**How can we counter These Tactics -**

**Exposing Selective Narratives** – Pointing out when they are cherry-picking facts(e.g., *""If Aurangzeb died early, he’d be remembered as a good ruler""*) while ignoring his decades of brutal policies.

**Asking Counterfactuals Back** – If they using ""what if"" scenarios, we can counter with our own (e.g., *""What if Mughals never arrived? Wouldn’t that have avoided a lot more brutality?""*).

**Demanding Full Context** – When they highlight Akbar’s so-called tolerance, remind them of his massacres and conquests (e.g., Chittorgarh siege, Hemu’s execution).

**Call Out False Equivalence** – When they equate invaders with native defenders, highlight the difference between expansionism and self-defense(e.g., *""Shivaji fought to free his land, while the Mughals fought to expand their empire.""*).

**Use Their Logic Against Them** – If they claim ""everyone was brutal,"" remind them that brutality doesn’t justify brutality(e.g., *""Just because others committed atrocities doesn't make Mughal actions excusable.""*).

We should stay factual, expose contradictions and refuse to let them dictate the terms of the debate.

British historians framed the Mughals as the ""last great rulers of India"" to justify their own rule. Some historians glorify their rule to maintain a narrative of 'cultural harmony', ignoring forced conversions, temple destructions and oppressive taxes like Jizya. By downplaying Shivaji, Maharana Pratap, Guru Gobind Singh and other indigenous leaders, they are trying to portray resistance as insignificant or merely ""power struggles"" while elevating Mughals as ""nation-builders."" They are twisting history for their ideological reasons, but facts remain fact - Mughals were invaders, their rule was not peaceful and their brutality was real."
lunatictornado,Does PM Modi have a preference for bureaucrats with hair and not the bald ones?,0,1,1.0,0,1741420111.0,False,t5_3d4x4,Don't remember seeing him with a bald official tbh
OrchidAltruistic8982,Mission Yamuna cleanup: All drains in city to be connected to sewage treatment plants,0,1577,0.99,0,1741274042.0,False,t5_3d4x4,Source: https://timesofindia.indiatimes.com/city/delhi/mission-yamuna-cleanup-all-drains-in-city-to-be-connected-to-sewage-treatment-plants/articleshow/118741253.cms
SoakingEggs,"General geopolitcal question to my Indian bros and siss (sorry if this post is not original, I'm not a regular in here)",0,1,1.0,0,1741417398.0,False,t5_3d4x4,"What do you Bharati think about the current clash between European and American values atm?

I'm from a large European country and I personally would rather have closer ties with India and even China tbh, since my personal moral, ethic and social compass DOES NOT come from anything religious, but rather philosophical and from experience I found Asian countries (anything east of the Muslim world) to have more philosophical and therefore sometimes even more scientific and rational world views (with exceptions, but generalizing ofc).
Basically I love anything east of the Indus countless times more than anything west of Europe: food, culture, philosophy, science, history, languages, the people. yeah.

Interested to hear your thoughts, since I'd like more of that exposure here in Europe, since everybody I've known to have gotten in contact with any one of these things from East and South Asia, has loved it, it's just that it's not as prevalent or relevant over here unfortunately."
Shak1196,"Dalit Girl Gang-Raped In Moradabad; One Accused, Salman, Arrested: 'Forced To Eat Beef, Om Tattoo Erased With Acid'",0,362,0.99,0,1741301390.0,False,t5_3d4x4,
nshsnh6,My Friend is in a Serious Debt Trap – Seeking Advice on How to Help Him,0,1,1.0,0,1741415475.0,False,t5_3d4x4,"[CIBIL](https://preview.redd.it/scf5xdyytene1.png?width=1066&format=png&auto=webp&s=e3c1d8c2b6cdf90c0f7ac0dcb4721a9cf4dd1472)

  
  




Hey Reddit,

I'm seeking financial advice for my friend who is in a **serious debt trap** and struggling to make ends meet. His financial situation is really bad, and I want to help him figure out a way to break free from it.

# Background

* He comes from a **very poor family** and started working while still in school to support them.
* His father became **paralyzed during COVID-19**, which made things worse.
* Due to **job loss during COVID**, he had to take multiple loans to support his family.
* To repay some loans, he had to **take new loans**, creating a **never-ending cycle of debt**.

# Current Situation

* In **January 2024**, he got a **government job in the Civil Court** with a salary of **₹30,000 per month**.
* He pays **₹20,000 per month in loan installments**, leaving very little for food, rent, and medical expenses.
* He has **two types of loans**:
   1. **Small Finance Bank Loans – ₹3,15,180** (with high interest)
   2. **Loans from Locals & Neighbors – ₹2,65,300** (they demand full repayment, not installments)

# Breakdown of Loans

Loans from Small Finance Banks – ₹3,15,180 - None of these loans are on his name but on his illiterate mother's name. These banks target illiterate house wives in village or poor localities. (He has paid those loans on his name already but with delayed payments)

1. **Muthoot:** ₹2,140/month – 6 months left
2. **Muthoot:** ₹2,910/month – 34 months left
3. **Fusion:** ₹4,000/month – 17 months left
4. **Fusion:** ₹3,000/month – 12 months left
5. **Ashirvaad:** ₹1,900/month – 26 months left
6. **Utkarsh:** ₹1,000/month – 2 months left
7. **SKS:** ₹570/month – 2.5 months left
8. **Janalakshmi:** ₹4,000/month – 12 months left

# Loans from Locals & Neighbors – ₹2,65,300

1. ₹72,000
2. ₹25,000
3. ₹20,000
4. ₹25,000
5. ₹20,000
6. ₹7,000
7. ₹20,000
8. ₹12,000
9. ₹15,000
10. ₹12,000
11. ₹7,000
12. ₹3,000
13. ₹7,500
14. ₹8,800
15. ₹11,000

# Why This Is a Crisis

* He can **only afford to pay his bank loans (₹20K EMI per month)**, while locals & neighbors **demand lump sum repayment** (not installments).
* If he **tries to pay partial amounts**, the locals **keep it as interest**, meaning the principal never reduces.
* His **CIBIL score is 695** and has many delayed payments, so **banks won’t give him new loans.**
* After paying EMIs and also some amount to local lenders to shut their mouths (else they do a lot of drama) he is left **with less than ₹5,000 for rent, food, and medical bills (paralyzed father and Diabetic/BP mother)**.
* He has **no savings, no emergency funds**, and struggles to pay for medical expenses.

# What He Has Tried So Far

* He has **requested local lenders to accept installments, but they refused**.
* He asked banks for **loan restructuring** but was denied due to his bad credit score.
* He tried to **look for side jobs** but has very little time due to his full-time government job.

# What Can He Do?

I’m trying to help him figure out the best way to **escape this debt cycle**. The biggest challenges are:

1. **Locals and neighbors demanding lump sum payments** instead of installments.
2. **No access to new bank loans due to bad credit.**
3. **High-interest rates on small finance bank loans.**
4. **Very little money left after EMIs.**
5. **No support from family or relatives.**

I’d love to hear from anyone who has **been in a similar situation or has experience dealing with debt in India.**

Please share any advice, experiences, or strategies that might help him get out of this mess. I really want to help him **before things get worse.**"
PsyFyi-er1,"Since Holi is coming up, made this Pushkar Guide for you guys",0,1,1.0,0,1741410075.0,False,t5_3d4x4,
aristotle2155,"Israeli Tourist, Homestay Owner Gang-Raped While Stargazing In Karnataka",0,1,1.0,0,1741408364.0,False,t5_3d4x4,
AutoModerator,r/IndiaSpeaks - Sept 2024 | Do you want become Mod of our Community ? Apply Now - Please help us out in building the Community further,0,8,0.91,0,1741359717.0,False,t5_3d4x4,"### Namaste Everyone

We have made it this far and reached 887k members , Almost reaching a million soon. 

So do you want us to help and get us better and reach newer milestones and want to mod a sub this large ?

### We need your help !!!

Some things to remember:
Apply only if you think you would have enough time to help out!
- One of the main requirement is being available at least once day on discord to check the queries/discussion of the Mods
- Being available everyday for minimum an hour for moderation duties
- Being active and initiating or helping in organizing Debates/Cult-ex/AMAs or other threads

Please fill out the Application Form below if you think you would be a perfect fit for us,

https://form.jotform.com/242605856424459

The last date for filing application closes on 30th Oct 2024!


Thank you so much, and good luck to all!
Regards,
The Mod Team"
Massive-pp-2905,"These people can't even protect their daughters,why exepect them to protect our ministers ?",0,2,1.0,0,1741387765.0,False,t5_3d4x4,
iruvar,Erasing Indian Muslims in the Hindu Nationalist Past and Present,0,1,1.0,0,1741399783.0,False,t5_3d4x4,Audrey Truschke doing her thing 
HaroldTheGambler2211,Are there any subreddits to expose Pakistani islamic oppression of non muslims?,0,1,1.0,0,1741399273.0,False,t5_3d4x4,"I found a new subreddit called r/ hindutva files, where people are posting videos of supposed Hindutva being violent assholes to everyone, and I dont have a problem with the subreddit for doing that, if there are Hindutva out there being violent assholes to people then they should be exposed. The issue I have with that is that it seems to be part of a propaganda campaign to label Hindutva as the most religiously intolerant people in south asia, which is ironic because most of these posts are coming from either Pakistanis or Pakistan supporters, and Hindutva are way more religiously tolerant than Pakistani Muslims are. BJP the ruling party of india, follows Hindutva ideology, and under BJP rule, all non Hindu religious minorities have the same rights as Hindus. Some non Hindu religious minorities like Muslims even have more rights than Hindus because they have all the extra marriage and inheritance laws. 

Yet under Pakistani Muslim gov, Pakistani Hindus and other non Muslim face constant and state sponsored persecution, from lynching, to blasphemy laws, to Pak funded terror attacks, to social exclusion, kidnapping and force converting Hindu and non Muslim children, to the destruction of non Muslim religious sites, and the exclusion of non Hindus from government positions. So is there a subreddit to catalog all of the persecution of Hindus and other non Muslims in Pakistan in order to counter this islamic propaganda campaign?"
Dev1412,"Man Spends 4+ Yrs In Jail Without Trial For Offence With Max 5 Yrs Sentence, P&H High Court Laments ₹1 Crore Bond Condition For Default Bail",0,1,1.0,0,1741396381.0,False,t5_3d4x4,The judiciary is as good as dead
OrchidAltruistic8982,"3x higher than India: At $245 billion, China hikes defence budget by 7.2%",0,683,0.99,0,1741262747.0,False,t5_3d4x4,Source: https://timesofindia.indiatimes.com/india/3x-higher-than-india-at-245-billion-china-hikes-defence-budget-by-7-2/articleshow/118744599.cms
OrchidAltruistic8982,'I will drink your blood': Daughter brutally beats mother in Haryana; video goes viral,0,876,0.98,0,1741251109.0,False,t5_3d4x4,Source: https://www.deccanherald.com/india/haryana/i-will-drink-your-blood-daughter-brutally-beats-mother-in-haryana-video-goes-viral-3428196
Natural-Evidence-440,"I believe Pitbulls, Bulldogs and all these aggressive breeds should be banned",0,167,0.84,0,1741282852.0,False,t5_3d4x4,"Yup. I said it. They should be euthanized and be erased from the earth. I see so many cases where innocent civilians are being mauled. Kids as young as 3 are mauled to d3ath. Where are we heading as a society ? Do we not have morals anymore ? What status is it that has to come after you k1ll so many people ? Plus the lack of accountability and responsibility amazes me. 

""Don't blame the breed, blame the owner"" 

Sir/mam I believe you should do your research before keeping an aggressive dog. Just because I find a Lion royal, I'm not going to keep it in my bedroom for people to gawk at. Understand this. Go for indie breeds. They need our attention. Besides, technologies are equipped enough to track any sort of mishappenings be it robbery. What is stopping you ? "
UnsuccumbedDesire,Women Rishis in the Vedas – Brahmavadinee Gargi & Maitreyi’s Story,0,2,1.0,0,1741369100.0,False,t5_3d4x4,
Lazy-Discipline-4203,"A 14-year-old Dalit girl was allegedly kidnapped and gang-raped in Uttar Pradesh and ""Om"" tattoo on victim's body was burned by accused. The accused-identified as Salman, Zubair, Rashid, and Arif -allegedly forced her into a car, made her unconscious using an intoxicant and committed crime.",0,716,0.98,0,1741249199.0,False,t5_3d4x4,"A 14-year-old Dalit girl was allegedly kidnapped, tortured, and gang-raped repeatedly over two months in Uttar Pradesh's Moradabad district. According to the police, four men were involved in the crime, and while one has been arrested, three others are still at large.

As per the complaint filed by the survivor's family, the girl was abducted on January 2, while she was on her way to a tailor. **The accused-identified as Salman, Zubair, Rashid, and Arif** \- allegedly forced her into a car, made her unconscious using an intoxicant, and took her to an undisclosed location, where they confined her in a room and repeatedly assaulted her.

**And family claims 'Om' tattoo on victim's body was burnt with acid on purpose.**

  
source : [https://www.indiatoday.in/india/story/up-minor-dalit-girl-gang-raped-in-moradabad-family-claims-om-tattoo-burnt-with-acid-by-accused-2689707-2025-03-06](https://www.indiatoday.in/india/story/up-minor-dalit-girl-gang-raped-in-moradabad-family-claims-om-tattoo-burnt-with-acid-by-accused-2689707-2025-03-06)"
Appropriate-ASS-824,Guy hitting a watchman who is defending himself,0,2,1.0,0,1741363413.0,False,t5_3d4x4,
Low-Beautiful-7230,The insane fuckery my college(JECRC) is doing for money,0,1,1.0,0,1741369527.0,False,t5_3d4x4,So our annual fest is ongoing and in addition of taking compulsory event charges (₹600) from everyone.....they are literally charging ₹50 for a small water bottle....like really they just shut down all the water coolers and deploy guards there so we can't drink water and go to toilet....eventually forcing us to buy water from stalls.......how someone can be so mad after money??.....How can I raise voice against it coz everyone here is a pussy?
,"I dont feel like making friends in office , is this normal?",0,1,0.66,0,1741367664.0,False,t5_3d4x4,"In college I used to have many friends in my hostel room playing and ejoying!

But in corporate life ( 1year+) I don't feel like putting effort to make friends or to jell with other teammates.

I still meet two friends who live in Bangalore who are from my college ( we go on trips locally)

But in office , hell nah! , man hi nahi karta kisi se baat krne ka , it feels so plastic and transactional to me.

Opinion?

PS: I am a techie in an MNC"
snehasish_mukhherjee,ECI says it will “fix the issue” of duplicate EPIC numbers within next 3 months by ensuring unique national EPIC number to existing electors having duplicate EPIC number and for future electors -ECI PRESS Release 07.03.25,0,1,1.0,0,1741364572.0,False,t5_3d4x4,
Wolf_RedditBoi,The Dharmasthala situation,0,1,1.0,0,1741363842.0,False,t5_3d4x4,"This post is regarding the ongoings of Dharmasthala, a temple town located in the Dakshina Kannada district of Karnataka. To the outsider, it seems like a busy temple town, teeming with worshippers wanting to visit one of the most revered temples in the region, the Manjunatheshwar Temple. However, locally, the situation is a lot more insidious.

The family in charge of the temple is the Heggade Family, with its head being Veerendra Heggade. His PR has been built in such a way that people regard him to be a philanthropist. However, the true reality is that him, along with his family is teeming with corruption.

Firstly, every temple is supposed to be under the Government's control. However, the temple is privately owned and managed by the Heggade Family. How? You see, the Heggade Family are proclaimed jains, and thus have declared the temple to be a ""Jain"" religious site (not the exact words, I'm paraphrasing). In other words, the most prominent Hindu temple in the region is legally considered a Jain temple. This has allowed them to collect and manipulate money donated by worshippers to their own benefit. In short, they're using the temple as their cash cow. They've opened numerous educational institutions and other business related pursuits using the devotees' money as capital.
Also, this legal technicality has allowed them to keep temple lands which were supposed to belong to the tenants of those were lands (in other words, the lands they ""owned"" under the zamindari system did not go to the farmers who'd worked on those lands for generations)

However, that's not the end of it. The Heggade Family are not shy to use Mafia-esque techniques to get their end of the deal. They're known to use extortion, blackmail, harrasment and even rape and murder to get what they want. How is this known?

The most recent and well known crime they've committed is the Sowjanya case. A young girl, returning from college was abducted, brutally raped, tortured then murdered. It was a barbaric spectacle, and the perpetrators were smart enough to destroy the DNA remaining in her vagina by filling it up with mud. After her body was found, the police miraculously found the culprit the next day. How? A group of men had found the culprit, deemed him dangerous, beat him up then presented him to the police. The supposed ""culprit"" was a mentally disabled devotee who'd come to Dharmasthala on his day off. Yep, that was the entire reasoning behind him being caught. When a sperm sample was collected, the sample supposed to be delivered to the lab within 72 hours was withheld by police for 14 days, by which time it was worthless. Also, the security recordings of the victim going home were miraculously destroyed and not found. In short, the evidence was systematically destroyed, until nothing was left, and the police was involved in it too. This was not some mentally disabled person's doing. A larger, more insidious entity was systematically orchestrating a cover up. 

However, some time later, a person came up who to be one of the ACTUAL perpetrators (Emphasis on ""one of""). Who did he acquit? A Heggade Family member, along with some of his close friends. However, before he could deliver a detailed testimony, he'd mysteriously committed suicide. Not only that, the day after the victim was found, the Heggade family member had gone abroad. 

By this point, we would've assumed that the poor girl had been tortured and killed for the sake of entertainment and lust. However, that's not what the actual motive was. You see, she had a friend with whom she would go home with. That friend's family had been harassed by the Heggade family to give up some of their land. In order to send a message, the Heggade family must've planned on targeting the girl. However, the victim had been going home alone that day, thus the perpetrators must've mistaken her. This may be, in the reader's perspective, pure speculation. However, this is not the only crime committed by that family. Numerous crimes have been committed before, with nearly the same tactics used.

A teacher, who was overqualified for her position was passed up for the position of principal based on her caste. She protested this development outside the school, which was incidentally owned by the Heggade family. What happened to her next, you may ask. Well, when she was alone at home (her husband, a doctor was away at a conference), the house was broken into, and the invaders raped and tortured the poor teacher before setting her on fire, which killed her. Who got acquitted? The poor doctor, who came home later that night to find his wife charred to death.

An elephant mahout, who's family had been mahouts for the temple for many generations, resided on land gifted to one of his predecessors by a temple head.
However, in lieu of recent developments the Heggade family wanted that land back. The mahout refused to do so, as the land was registered in his name. For a long time, he was endlessly harassed, however, one day, someone broke into his house, murdered him, raped his wife(or sister, Ive heard differing accounts) then murdered her aswell. The police termed it a burglary, however what was burgled? Not money, not jewellery, but property papers. 

This is not even scratching the surface of their ongoings. The Heggade Family act as dictators in Belthangady taluk. Neither political heads nor police do anything about it, rather they're all on his payroll. They have connections to some of the most powerful people in the nation, and even buddy up with the PM. Even my family has had close brushes with these people (We're natives of the neighbouring town). My family has kept me in the dark about this situation until now, however, after I found out, when I went to speak to my mother about it she was terrified and tried to change the topic at every possible chance. That family's situation as boogeymen has been firmly entrenched in the locals' minds, so much so that they believe any public dissatisfaction shown towards the Heggades will bring immediate consequences.

People have not stayed quite, ofcourse. Multiple people from our community have stood up to protest, however their families have been endlessly harassed and at present they're mostly mum about the situation. Thus this scandal is not known on a nationwide level. However, recently, a video posted by a kannada youtuber has gone viral, where he exposes the family. I myself learned about this situation from it, even though my family's a native of the immediate region. For those who know kannada, here's the video:
  https://youtu.be/Z4gmb9dlJZ4?si=kUe8-JvL3bz6_hSI

If a popular content creator specialising in crime, or atleast someone close to them reads this post, please do make a translated version in your own language or english. The video has reached 10m+ views already, thus it would go viral nationwide if a video is made on it in hindi or english.

The local people have tried to stand up, they've been silenced. The news channels don't want to highlight the story, as they've been paid off by the family. The case has never been more popular, thus, i think now is the chance to bring the deserved infamy to the family. I'm posting this here, and any other Indian subreddit I can find. Please, to those who are popular, or have a penchant for viralisation, or have an activist mindset, help us by sharing about the incident as much as you can. If their entire history of scandals is exposed beyond their sphere of influence, some greater action can be done against them. I do not mind anyone copying or reposting this, infact it would be appreciated. Let us spread awareness.

For the exploitation of devotees, for those who've been harassed and for the victims who suffered, please, help us spread awareness."
realbadhorse,Has anyone came across this yet? If not do give it a watch,0,1,1.0,0,1741358335.0,False,t5_3d4x4,
AutoModerator,r/IndiaSpeaks - What happened in your State or City this week ?,0,8,0.9,0,1741321831.0,False,t5_3d4x4," Tell us anything noticeable big or small, funny or strange happened in your city/state/region. Please remember to state the city/state/region in your comment and it would be great if you link to some news article or a source to it.

&#x200B;

* You can also join our [Discord server Invite](https://discord.gg/V8sCPac)
* The ""What happened in your State or City"" thread is posted weekly on Saturday evening
*  [Previous Threads](https://www.reddit.com/r/IndiaSpeaks/search/?q=What%20happened%20in%20your%20State%20or%20City%20this%20week&restrict_sr=1&sort=new) can be found here"
ActiveCommittee8202,Why Are Consumer Rights Taken Less Seriously in Some Countries? Europe Seems to Have It Right,0,1,1.0,0,1741356095.0,False,t5_3d4x4,"It honestly blows my mind how little consumer rights are taken seriously in many places, especially in countries like India. People are constantly getting scammed, and the system for protecting consumers is weak, to say the least.

Take e-commerce in India, for example. Many consumers end up receiving faulty, damaged, or even counterfeit products. When they try to get a refund or replacement, they face an endless cycle of poor customer service where no one takes responsibility. Even if you escalate the issue, you often just get a generic response that delays the process even further, and at times, nothing is done at all. It’s a huge hassle to even get a simple issue addressed, and far too many people are left with no solution.

In India, while we technically have laws like the **Consumer Protection Act (2019)**, they’re often ineffective in practice. There’s little enforcement, and companies continue to get away with misleading practices. Major e-commerce platforms like Flipkart and Amazon frequently sell products that don't match their descriptions, are of poor quality, or even counterfeit. Refunds or exchanges are often delayed for weeks or denied altogether. In fact, many people are forced to settle for partial refunds or no resolution at all, despite the law being on their side. The lack of meaningful follow-up from these platforms shows just how little they respect consumer rights.

India also faces issues beyond just e-commerce. Misleading ads and shady financial schemes are rampant. People are often tricked into signing up for services or products that don’t exist, or that don’t work as promised. Telecom companies, for instance, often overcharge customers, and despite the **Telecom Regulatory Authority of India (TRAI)** setting rules, enforcement is weak and complaints are often ignored.

Contrast that with Europe, where things are very different. The **EU Consumer Rights Directive** guarantees that consumers can return products within 14 days for a full refund, giving people peace of mind when shopping. And when it comes to faulty goods or services, the process is clear and often handled with ease. There's no endless back-and-forth or endless hold times. Companies are legally obligated to take responsibility, and they face serious consequences if they don't.

Then there's **GDPR**, which gives consumers in Europe full control over their personal data. It's a major step forward in data protection, something India is still lacking. There is no robust data protection law in India, which leaves people vulnerable to having their data misused or exposed in leaks.

Additionally, Europe’s **European Consumer Centres Network (ECC-Net)** provides a solid support system for cross-border disputes. If you buy something from another EU country and run into problems, the ECC-Net helps resolve the issue. In India, however, even resolving disputes within a single state can be a nightmare, especially when the companies involved have no incentive to do the right thing.

The problem in India isn’t that there aren’t laws; it’s that the enforcement is weak and the system is often set up to benefit businesses over consumers. Strong consumer protection laws with real consequences for companies would make a massive difference.

Europe has shown that consumer rights can be protected through strong laws and proper enforcement. If India took steps to implement similar systems and held businesses accountable, it could drastically improve the consumer experience and prevent people from being constantly taken advantage of."
Lazy-Discipline-4203,Active Khalistani Terrorist With Links To Pak's ISI Arrested In UP,0,169,0.98,0,1741251557.0,False,t5_3d4x4,
fragrantbelief,This is getting out of hand now,0,1,1.0,0,1741350765.0,False,t5_3d4x4,
Monkey_Paralysed,"Quilted Armour of Babu Veer Kunwar Singh ( housed at Surrey Infantry Museum, England) The armour was captured by Major Vincent Eyre of the 70th Foot at the Relief of Arrah on the 12th of August 1857",0,88,1.0,0,1741259479.0,False,t5_3d4x4,
Anvesana,Khalistani extremists attempt to breach Jaishankar's security in London,0,95,0.98,0,1741257489.0,False,t5_3d4x4,
Dalbus_Umbledore,Desi Rice based Fryums! What do you call these in your language?,0,325,0.99,0,1741232491.0,False,t5_3d4x4,"Made from Rice flour and set out in to dry in the sun.
Once dried they are stored and fried when needed."
Next_University_9750,If most of the employment opportunities are in these states then why shouldn't one of these 4 languages be taught in Hindi belt as the 3rd language instead of imposing Hindi on us?,0,1,1.0,0,1741345150.0,False,t5_3d4x4,
ActiveCommittee8202,"Income Tax Bill: ‘No warrant, no notice, this is surveillance’, Cong slams govt on 'unrestricted access' to emails, social media posts",0,1,1.0,0,1741338994.0,False,t5_3d4x4,
Complex_Handle1373,Langauge war damaging India,0,21,0.71,0,1741267556.0,False,t5_3d4x4,"Hi All,

Where we are going with langauge war. Look at china’s development and look at our’s. 
State where are most natural resources are poor what if state asking high price for coal or ask private industry to shift to these state, will India grow?"
