author_fullname,title,downs,ups,upvote_ratio,total_awards_recieved,created_utc,over_18,subreddit_id,selftext
t2_6l4z3,"r/IndianTeenagers Late Night Discussion Thread (Share Your Days!!!) [March 13, 2025]",0,5,1.0,0,1741883434.0,False,t5_2zhzn,"Keep the following points in mind:

* Keep it civil and family friendly (mostly)
* Only reveal information which you are comfortable revealing
* Report a comment if you feel it violates any rules"
t2_6l4z3,"r/IndianTeenagers Late Night Discussion Thread (Share Your Days!!!) [April 04, 2025]",0,2,1.0,0,1743784252.0,False,t5_2zhzn,"Keep the following points in mind:

* Keep it civil and family friendly (mostly)
* Only reveal information which you are comfortable revealing
* Report a comment if you feel it violates any rules"
t2_kwmf6f1nw,Wildest thing u've seen in school bathroom?,0,707,0.97,0,1743762543.0,False,t5_2zhzn,
t2_1a2wcyh0st,Reddit nowdays,0,237,0.96,0,1743776717.0,False,t5_2zhzn,
t2_bgobr44ru,Guys would you believe i got hate for my laugh 😭,0,835,0.81,0,1743750854.0,False,t5_2zhzn,
t2_1cl7hpg65d,Were just friends 😁,0,179,0.92,0,1743774327.0,False,t5_2zhzn,No offense plzz 😂
t2_j1bfz64w,Computer Tutor cheated on his Wife.,0,116,0.98,0,1743778917.0,False,t5_2zhzn,"This happened back in 2022, when I was in the 10th standard. I belong from ICSE board, and I had computer as a subject. For our syllabus we have Java programming and honestly, I was pretty shit at the programming part. I could NOT do programs on my own at all.



We had our Half-Yearly exams, and I did pretty shit in that. So, my father, along with my friend's father decided to send me and my friend to a computer tutor. He was a pretty reputed tutor here and several batchmates of mine used to go there. So, me and my friend were given a seperate date where he used to teach the both of us only.



Honestly, my first impression of him was not that great. I had heard that he could turn a 20/100 student into a 100/100 student. I had high hopes, and I was kinda disappointed when he asked me to do a program, and he was engrossed on his smartphone all the time. Obviously, I was not able to do it. Me and my friend stared at eachother, not being able to do it but we tried hard. He didn't even ask if we could do it or not. After 30 mins, we finally solved by seeing examples and shit. Then he gave us more programs and went back to his phone. It was irritating. Sure, he used to clarify our doubts time to time, but it was kinda frustrating. He used to go inside to his room as well from time to time.



This went on for like a couple of weeks and apparently, I had become better in computer BUT not because of him. I will forever be grateful to Amplify Learning for the 99/100. But him? He was always on his phone. And what was he doing all the time? Texting... Texting who? We thought that it might be his wife; the DP was of a middle-aged woman. We had a couple of glances at his screen where he used to use hearts and shi. Does his wife live away from the house? Some job maybe? We had no clue. Our confusion got clear and a new suspicion arose when we SAW his wife calling him from the other room, while he was busy texting with hearts.



Holy shit. We were fucking confused.



Days passed like this and our preboards were done. After the preboards, we went to him for like 3-4 days. On the last day, what we witnessed was CRAZY...

So, we were practicing programs as usual, and he was texting this mysterious woman. Suddenly, he went to the room and took much longer than usual.

After a while, we heard a woman sobbing. His wife. She was fucking shouting at him as well. We thought that it might be due to some fight or something. There were 2 junior boys in the class along with us that day. They were giggling.

But what his wife shouted that time stunned us all. It was in Bengali.

""How could you do this to me? You fucking cheater. She is a mother of two! And their kids are your students...""



Absolute Cinema 💀



SO... YEAH... Apparently, he cheated on his wife WITH the mother of his students. Crazy. Crazier thing is that he has a 7th or 8th standard boy.

Now, we finally got the answer that who he was texting all this time. Apparently, he used to meet her secretly as well. I genuinely felt bad for his wife. She was so heartbroken and crying her heart out... She was betrayed and it's really overwhelming for anybody to accept.



We could hear our teacher saying. ""Quiet! My students are here"" and she was like, ""I will kill everybody!""... গাঁড় মেরেছে 💀... (Idk how to express the গাঁড় মেরেছে expression in English 😭)



We just stared blankly at each other. We were judging him so hard. We could hear everything. Everything she was accusing him of. Cussing and everything. She was saying that she'll go to the police. We were unsure if to go home or not. After a while, he came back, sweating buckets. He tried his best to act that nothing happened and tried to act normal with us. LMAO...

Then, he said that the class is dismissed, and we literally ran away from there 💀... After that I have no idea what happened at the end... But yeah, this whole experience was crazy... Thinking about his wife's cries breaks my heart all the time. I hope wherever she is, she's doing well and him? To fuck with him, I don't care.



L Teacher. L Husband."
t2_y5lvy7ccs,Rate this out of ten,0,95,0.85,0,1743775596.0,False,t5_2zhzn,
t2_6miuwtqne,"""Enter the last password you remember"" 💀🙏",0,30,0.95,0,1743786671.0,False,t5_2zhzn,
t2_15j9aaf9ka,Im terrified 💀,0,37,0.97,0,1743782371.0,False,t5_2zhzn,"So yesterday i was alone at home and then meine kitchen mai glass girne ki aawaj suni . I was chill thinking ki mera billa hoga usne giraya hoga. To mai dekhne gayi vo nhi tha glass aapne aap gira. Tab mujhe thoda dar laga. And raat ko i experienced sleep paralysis for 3 times in 10 mins. 3rd time to mai jagi huyi thi ankhe band bhi nhi thi . Mujhe aachanak meri wall pe deformed shadow dikhne lagi . Well i brushed it off thinking ki sleep paralysis ki wajah se hua hoga. Aabhi thode time pehele mai gharpe wapis aakele hu aachanak mere room mai rakhi moisturizer ki bottle giri.
Idk why this is happening.
Mujhe dar lagra h 💀🙏🏻 
And now i wonder meine jo raat mai figure dekha vo sleep paralysis ki wajah se tha ki sachmai kuch tha....."
t2_wncev6clc,Anybody else remembers this?,0,44,0.98,0,1743777917.0,False,t5_2zhzn,
t2_a6qkth7w,Send your funny doraemon screenshots/memes,0,143,0.96,0,1743754219.0,False,t5_2zhzn,
t2_1jb5ep2a4s,True,0,2598,0.91,0,1743699308.0,False,t5_2zhzn,
t2_1jb5ep2a4s,idk but its nice,0,55,0.98,0,1743771210.0,False,t5_2zhzn,
t2_1hw1rdedth,Found the lord of incels.,0,267,0.88,0,1743739137.0,False,t5_2zhzn,"
'i kinda act toxic sometimes so she doesn't become one of those girls'

'so she listens to everything I say'

'it only took me two days to make her mine'

He doesn't like her. He likes the idea of being in power. I see a controlling pattern here and not a dude that genuinely likes his girlfriend. It doesn't end here tho!

Go to the next slide :3

'who has no clarity of regarding their future' and who is he to decide? If she is serious about CA she'll pretty much be burnt out and this guy's negativity will only bring her down. help!

'you're probably one of those girls who guys to talk to when they lose a bet'

Now we're attacking because we know we're wrong? That seems the case to me.

Do you guys claim him? Because to me he's the epitome of insecurity. This is your guide to 'what not to be in a relationship' He's doing anything but uplifting her.

If you're seeing this do your girl a favour and leave her.

Have a good day everyone!"
t2_fghbfrsk2,I have these four reasons and it's enough.,0,139,0.92,0,1743751804.0,False,t5_2zhzn,"Life is good, you know what I mean?"
t2_17g8w9t15t,"Boys & Girls. Let’s swap those strange, intrusive thoughts no one talks about.",0,196,0.84,0,1743744915.0,False,t5_2zhzn,"we all get weird, random, or even dark thoughts sometimes.  
Or we’ve had questions about the opposite gender (or even our own) that we never asked because… well, *it might sound creepy*  
This is your space to drop those unspoken thoughts and questions. No shame. No filters. Just curiosity, weirdness, and a little human chaos.

Let’s see what we’ve all been keeping in the vault."
t2_1l516cjddk,I should probably limit my reddit usage 😕,0,84,0.97,0,1743761273.0,False,t5_2zhzn,
t2_9f67a4fq,Ek aur Doggy ji,0,27,0.94,0,1743782123.0,False,t5_2zhzn,
t2_1hyzxjs7pu,I have a crush on this boy,0,31,0.9,0,1743779987.0,False,t5_2zhzn,"IN 10TH I HAD A NOT SO BIG CRUSH ON THIS BOY

bro was good in studies, was popular, knew how to sing and play guitar he was around 5'7-5'8, had curly hair and he was so CUTEEEJEOEOEJEJKSBDJWIWIE😭😭

he barely noticed me, we talked only 1-2 times and YOU KNOW WHAAATT?

he had this friend, let's call her (P) so whenever P used to come in our class all those stupid boys started shouting my crush's name basically every one used to ship both of them AND I HATED IT SO MUCHhhahs 

I wasn't so popular so I never had courage to talk to him

I thought I moved on from him but I got to know he is leaving school cause his dad got transferred to different city and now I miss him 

He doesn't even use instagram i wish I could talk to him
😭😭😭😭😭"
t2_1hoksx84ai,Met a redditor..,0,126,0.91,0,1743749692.0,False,t5_2zhzn,"So a few days ago, I met someone on Reddit. Random, right? But from the very first convo, it was like talking to someone I have known forever. We just clicked like we we r long-lost besties. Same humor, same interests, same way of thinking and many other similarities which we got to know with time. It was almost scary how much we had in common.

At first, it was just casual talking, but then the conversations got longer, funnier, and way more meaningful. The kind where u don’t even realize how much time has passed bc u r so caught up in the moment. The kind where u wake up excited just to talk to them again.

Now let me tell u about him, This man has the kind of lean build that makes u wanna stare just a little longer than u should. And his smile is just perfect. Like, the kinda smile that makes u forget what u were even talking about. He’s from U.P.,  I’m from Punjab, and somehow the distance doesn’t even feel like a thing bc talking to him just feels right. He is very sweet and kind. His voice is very attractive and he sings songs for me too. But beyond all that, he’s wise too. Like, actually wise. 

He dared me to write something about him on here. So here I am, publicly admitting that this internet stranger is actually kinda awesome"
t2_kuh80emh,Here with me - dv4d (cover)✨,0,52,0.97,0,1743765718.0,False,t5_2zhzn,
t2_xqfwezkfl,Yt ads are getting out of hands,0,102,1.0,0,1743748072.0,False,t5_2zhzn,
t2_atc743fl,Househusband,0,57,0.98,0,1743758813.0,False,t5_2zhzn,Sorry (in advance) if you find it offensive.
t2_97mg36st,Suggest Names For These Kitties Please! 🐱,0,62,1.0,0,1743756122.0,False,t5_2zhzn,
t2_9gs5awpj,Sperm cramps😩😔,0,33,0.92,0,1743769346.0,True,t5_2zhzn,Does anybody else get sperm cramps esp when u edge for too long?
t2_gj5vb9u74,My Roommate’s Eyes Were Empty | Part 1,0,12,0.88,0,1743787793.0,False,t5_2zhzn,"

So, moving into college was like my big chance, you know? New place, new people, finally some freedom from home. I got allotted Room 824 in the hostel. The warden gave me the key and said something vague like, “Last guy left because he wasn’t into studies anymore.” Arre, people drop out all the time, so I didn’t think much of it.

I opened the door, and there he was! my new roommate. Sitting on his bed, bent over his phone like it was his whole world. Didn’t even look up at first. “You’re the new guy,” he said, voice totally flat, like he didn’t care one bit.

“Yeah, I’m—”

“Karan,” he cut me off. “Saw your name on the list.”

I just stood there, blinking. “Uh, okay, cool. And you are…?”

No reply. He just went back to scrolling.

Bhai, what a weird start, but I thought, fine, maybe he’s just the silent type. I can handle that.

First few days were normal enough. We didn’t chat much,just stayed in our own lanes. But then I started noticing things. Like, I’d wake up at night, and he’d be sitting up in bed, staring at the wall. Not moving, not blinking… just staring like a statue. One day, I came back from class and caught him at my desk, flipping through my notes. He didn’t even react when I walked in, just looked up and said, “You’re going for  dinner ?”

I gave a nervous laugh. “Haan, bas ek minute.”

He nodded and walked out, cool as anything.

I kept telling myself it was nothing. New place, new guy,maybe I was overthinking. But then, one night, I woke up to this dim light in the room. Karan was at his desk, laptop on, screen flickering like it was possessed. His hands were shaking over the keys, but he wasn’t typing….just sitting there, frozen like a ghost.

I rubbed my eyes. “Oye, you okay, bro?”

His head turned towards me, slow and creepy, like in some horror movie. His eyes weren’t on me! they were fixed on something behind me, over my shoulder.

My heart stopped. I didn’t turn around. And then…. (To be continued)

✨~ F I C T I O N A L ~ ✨ 

So I don’t think people read much stories on Reddit, I’m giving it a shot as my friend almost forced me to write one here, lol. If you’ve a story in your mind, and don’t know how to put it through words, then dm me and I’ll make one story out of your experience!


"
t2_1fjv3ss9d9,Movie after a long time (95F),0,22,0.93,0,1743773624.0,False,t5_2zhzn,"It’s been so long since I’ve got to a movie. Plus it’s a horror show, my favourite type. "
t2_12ixx645se,I LOVE YOU GUYS,0,180,0.93,0,1743732690.0,False,t5_2zhzn,HOW IS THIS?
t2_8sf6njuf,Op turns 16 today 🥳🥳🎉,0,59,0.9,0,1743749616.0,False,t5_2zhzn,
t2_1ayrvtm6n5,I just woke up.,0,17,0.84,0,1743773115.0,False,t5_2zhzn,"Nothing i just woke up at 6:48 pm it was a beautiful elegant awesome mesmerizing fabulous fantastic mind-blowing mind goggling sleepy and mmmmuahh sleep

Maja aya soke "
t2_1eodowzk5o,How many of y'all sleep naked?,0,522,0.94,0,1743705230.0,True,t5_2zhzn,"I started sleeping naked few months back, and istg it's been a wholesome experience. And no- it's not gross, here's what my hygiene habit looks like: 

1:) Taking a proper shower before going to bed. 

2:) Covering the bed sheet with an additional sheet for the night, and removing the sheet when I wake up. 

3:) Washing the bedsheet and additional sheet atleast once a week. 

4:) Having a robe next to me just in case I'll have to get up during an emergency (tho if a thief breaks out, i'm pretty sure i'm gonna get out without robe cos there's nothing more scary than a naked man chasing you with a pan) 

5:) I use organic cotton sheets and blankets cos they allow the air to circulate and feel more comfortable against your skin. 

Was in this international gc, and honestly none of the indian fellas responsed anything when the convo was randomly about ""sleeping au naturel."" So was just wondering how popular it's amongst the Indian teens lol. 

Not sure if I should tag this NSFW cos this post is just about the healthy habits. Your inputs are welcome. "
t2_9rpckg5n,"*BOYS YOU CAN SKIP THIS* girls, why is period cups so unpopular in Indian teens?",0,7,0.77,0,1743789165.0,False,t5_2zhzn," I don't understand why menstrual cup in India isn't popular cuz this is the best purchase of my life. I bought this cheap 200 rupees cup and since using it I just noticed that all my period problems have been reduced by a lot ( I had to trim down the stem of the cup tho). I have never used tampons and period panties in my life, I hated the feeling of blood rubbing on my whole vulva and sticking onto my pubes. I felt so unclean and dirty whenever I got my periods and that's why I switched to a cup. It also makes you forget that you are on your periods. I told my school friends that I started using a period cup and some of them looked at me like this 😑 and said "" itna hassle kon karega? Pad pehno phir phek do "" and they also said "" yeh sab andar daalke wahape infection hojayega"" like what? I don't understand why there's so much negativity and fear around period cups among teens? And why we judge products before even understanding it? I'm saying only teens cus I have read about many adult Indian women talking about their cups online. But when I bring it up in front of my female friends they act like I'm using a condom as a pad. Like they are so horrified that it's gonna be lost in their vaginas even though I explain to them that it's not possible. I have never heard from a single indian teen like me who uses a cup and it seems like I'm the only one who uses it.... You are not gonna get an infection nor its gonna get lost inside you."
t2_jerxh777,"I would do this to my gf, if i had one",0,14,1.0,0,1743774281.0,False,t5_2zhzn,"https://preview.redd.it/p3isoqg0otse1.jpg?width=2448&format=pjpg&auto=webp&s=71c17a1f685867a08328a75b61f652ae54b4e843

"
t2_1k0zyvk4yi,fap material shows up when lady police check my gallery.,0,5,0.86,0,1743790934.0,False,t5_2zhzn,2021 incident
t2_doh2xv2n4,Khada hu aaj bhi vahi💔💔,0,6,1.0,0,1743787331.0,False,t5_2zhzn,"Purani recordings spam krungi😝😝

Feat my noisy neighbourhood. (Ending mai fuck krdiya pta hai)"
t2_fghbfrsk2,Our media is unreliable.,0,405,0.99,0,1743704697.0,False,t5_2zhzn,
t2_14sbn07ebk,White dude is just depressed :(,0,19,0.96,0,1743763564.0,False,t5_2zhzn,
t2_xbjcd45zl,"Aura So Strong, It’s Invisible",0,6,1.0,0,1743785185.0,False,t5_2zhzn,"Built the blueprint.
Set the pace.
Still not in the race?
Classic India moment."
t2_1fvvpbnuq2,Some people hate you for simply existing...,0,4,0.84,0,1743785153.0,False,t5_2zhzn,"I don't usually let these things get to me, but this makes me feel sick to my stomach. 

There is this guy in my class, let's call him 'F'. I don't know what beef he has with me. I don't even interact with anybody in my class much, just me and my bestest friend 'M'. We bro's are always together no matter what. He goes around telling people not to interact with us or talk to us. I thought he was just jealous of my friendship with 'M'. But that's not the case. 

In September 2024, I had a bestest friend (17F), let's call her 'Z' who was a really great friend of mine and really supportive. This guy spread rumors of us all over the school and we had to stop talking. She was kinda popular all over the school so it affected her a lot. This guy ruined everything and just laughed it off. 

Today, my friend 'M' texted me saying that he met 'F' today. 
'M': _Are aaj 'F' mila tha yk boht der tk baat ki hmne aadhe ghnte se upar_

_wo bhi jb bhi mujhe akele em milta to acche se baat krta h tmhare saath hota to ekdm dushman jaise baat krta_ 😭

I thought he was just jealous of our brotherhood, but then my friend said this. 

'M': _Bol raha tha (me) pura ghiss gaya h 11th me bolraha tha tm attention seeker ho tmko sb ldkiyo/ldko ka attention chhaiye_

He called me an attention seeker 🤡 
The thing is, I don't even talk to any guys in my class. I'm always busy talking with my bestest friend 'M'. We don't interact with other PPL much. 

Now my take is, he's just jealous because he's an incel with no female interaction. 

I just wanted some advice on what to do about this? I don't even do anything to anyone, still PPL badmouth me🥲"
t2_abex566c,Went on a date…it went wierd?,0,4,0.83,0,1743789030.0,False,t5_2zhzn,"Today i went on a date, wasnt my first tho but found the girl on bumble she was extremely interested in me calling me, video calling me and stuff. She said we should connect on whatsapp and insta so i dont use bumble cus she wanted me to just talk to her not other girls. So she saw me in pics and how i look irl in video calling too. Let that settle in.

So while we were on call she was saying that we could meet during fests, i felt that was wierd cus she kept saying fests when i thought we should meet and get to know each other as well not just fests. Im not against fests n all but just ulterior motive..


So we were talking on call today and i asked her if she is free n wonna hangout n see each other irl first time. So we decided that i come to her nearest metro station n we can get something to eat cus she didnt eat all day. So i went thr n we decided to go to dominos. Settled down n saw the prices, they were 300+ n i wasnt that hungy. 
So i insisted to cashier if there is some small pizza combo. She said they did on app. WTF man just to get your downloads they keep it only on app. They were trash too. I personally like my dates smoothly flowing, not sit there n download the goddemn app. 


She downloaded the app n said she doesnt wonna eat no more. She said she regrets calling me, cus she was feeling sleepy. I was like im here for you so we could see each other, she said she was greatful of that n that she disnt mean regret wala that way.

Then we came out n thought of looking for another place to eat. When we were out n looking for another place she gets a call n she says her Roomate wants to go shop for dressing up in some event. Her roomate is her cousin so she said when she goes out she goes with her too. We grabbed a kulfi from vendor n went to where the cut to her PG was. Then she said goodbye n went will meet some other time for longer time.
We literally spent like 30mins together and she went.

From pics n video call i did saw of hers i didnt expect what she would look like tbh n when i saw her irl i just got to figure out she was almost like that expect that i expected her height to me more but it wasnt n she was a bit skinny thaf was still okey for me. She was 22f and i was 19m fyi. 
Umm now after a few hrs when i reached home i found that my texts wernt double ticking so i thought id give her a call, busy it said. Umm then i open her pfp it was default. Checked on insta i was blocked. Well i am not sad or anything guys but this was wierd n never ever happened to me before lmao. I called her w my friends phone she picked up n said whyre u still calling me. I said why am i blocked like lmk what went wrong, did i say something wrong or didnt look as you expected. She says no that wasnt the case, i wasnt getting the vibe. Umm…. What…? 

Guys lemme tell you the convos we had were generic. And it wasnt such a short time w her while she was acting sleepy looking in her phone mostly. Kya bolun mei… i acted like myself she was being sleepy, even on call she claimed we vibe before we met. 

While on the way back i got approached by a girl who asked for my id. She was cute but other than this meet with her was wierd af. Ive been on few dates but all were nice, always made good impression so this is something different. Anyways im unaffected by it but wanted to share this.

"
t2_e7hvvvtz,LONELY RANT,0,4,1.0,0,1743788798.0,False,t5_2zhzn,"So.. imy third year of college and I basically feel like I have no friends at all. 

Let me get to my point- I talk with a lot of people in my class, im an extrovert ,but I don't have a girlfriend, I am also in a club and I talk with them too a lot but apart from the classes or the club sessions , I basically do not have anyone to talk with. I used to have a pretty good room mates and friends in the hostel but due to familial reasons I had to become a day scholar due to which I lost an entire half of my friendships. 

I am also very depressed nowadays and have continuous thoughts of  uk ( 💀) . Ig there is a clinical term for this kind of depression. I just don't know what to do. I just don't know what to do. I just keep finding myself alone in situations like eating in the canteen or like just generally going out , I have no one to do it with. I also have no one to chat with and before u ask about school friends, I changed cities after 12th , so there's very little contact. 

I .. like want someone to talk with after my club sessions or chat with during the day ... Like I do sometimes basically ask my club mates and classmates - "" hey do u wanna go out to eat , my treat"" and they just answer - ""nah man I am meeting my friends"" .. like that just makes me wanna end it right there

I do not know what to do, I just want help , an app or idk just any suggestions. "
t2_urwrzegw,RANDOM DOODLE,0,27,1.0,0,1743752068.0,False,t5_2zhzn,Kuch khaas nhi hai isme par karne mein accha laga guys what do u think about this ??
t2_101p2e4n64,"I'm dumb, help me with this please!!",0,6,1.0,0,1743782590.0,False,t5_2zhzn,
t2_f7qn1l28,Perfect song for this weather?,0,12,0.93,0,1743765153.0,False,t5_2zhzn,
t2_vn0rzaja,fav song of OP 😔🥀,0,23,1.0,0,1743751230.0,False,t5_2zhzn,tanhaii 😡💔
t2_93k4p0axc,Cause she said she likes the moon 🌙,0,4,0.84,0,1743780979.0,False,t5_2zhzn,"Clicked by IQOO, edited by PicsArt @digantapal08"
t2_gxpf21x6,Teaching my 9yo niece how to make ghibli art,0,917,0.89,0,1743679102.0,False,t5_2zhzn,I thought it was easy almost took 1 hours kbhi photo add nhi ho rhi kbhi kuch
t2_qvigsvub,Unpopular Opinion,0,5,1.0,0,1743780215.0,False,t5_2zhzn,"It's not original, but I agree with it

There should be a compulsory course or some type of program that people have to attend or complete before becoming a Parent

"
t2_90t489vs,OP FELT SOMETHING HEAVENLY,0,20,1.0,0,1743754071.0,False,t5_2zhzn,
t2_u0hk4xv2,Help me approach her (please consider reading),0,3,1.0,0,1743789535.0,False,t5_2zhzn,"Its I guess the fifth time I am rewriting this in span of months but finally posting today

I will try to make it as small as possible so please bear with me🙏🏻

So there is This one girl in my school and tuition who is one year younger than me whom I like a lot 
Its almost a year now when I first saw her. So I first saw her in my tuition and at the first glance she didn't look less then an angel itself but whatever I later got to know that she is of my school also

So now the main part, basically from the day she first came to our tuition I instantly started noticing alot of stares from her even my friend noticed because it sometimes was soo obvious that the teacher herself had to look what mischiefs I was doing to get this much attention. And I really liked her too so it was good but then later the stares got less often and shorter but to this day she makes sure if I am there in the tuition by glancing here and there and then calming down when she spots me

So I am actually a funny guy with a good humor I believe cuz I am able to make the class laugh pretty often and she also laughs and tries her best not to show it ( I wrote this cuz I find This as a hint)
 Also I rarely see her in the school but when I do she is looking at me

Ok this is long please read😭🙏🏻

so I asked my friend if she knows her or something about her cuz I like her duhh. And he said that she has a bf that broke me 

but I still refuse to believe this bcuz of the amount of stares from her is unlikely from a committed person and my friend is not 100% sure and I never saw her with any guy 

A classmate of mine is her friend so maybe I can ask her about her (if this helps) 

I think that she is pretty innocent but the classmate I am talking about isn't. She might reject the offer cuz of studies or because she is not that mature to think in that way

so here I am now writing this out of desperation cuz I really want her in my life bro. I care so much about her because she walks her way to tuition and back to home alone at 7pm which isnt safe I  dont know What will i do if something happens to her cuz the choices of her clothes are also appealing. All of my idiot friends ask infuriating question like howd you do it? Or what is your choice bro she isnt like the typical girl we see on chrome how can you like her etc. Which makes me angry. Idk what to do now cuz we have zero convos and yeah absolute zero and also What if she has a bf? What if all these stares and laughs werent related to any kind of attraction?

I really like her man and I also care a lot about her I would treat her like no other man of our age can 

I wish she is seeing this which is very unlikely💔

help a guy out here reddit do your work and I hope you read all of this. I hope I didnt made any of you guys cringe with my english or tone idk🙏🏻

I tried to shrink this and add as much info I could I just now hope this doesn't gets ignored cuz that would hurt and guys and galls I am expecting serious answers.  No saans lets hu toh wali memes please🙏🏻"
t2_161gwoi2ay,I'm genuinely unfunny.,0,3,1.0,0,1743786523.0,False,t5_2zhzn,"Basically what the title says. I'm unbearably unfunny. It always feels like I'm trying to fit in everywhere. Whenever my friends are cracking jokes and I try to be a part of it, I always end up ruining it and then they tell me ""bhai tu funny nahi hai"". I try my best to be on par with them but I can't. Nahi hu bhai mai funny. Hadh se zyaada lame hu. Sorry for the rant."
t2_11zffztbv1,Why are indian parents like this man :/,0,7,0.82,0,1743766168.0,False,t5_2zhzn,"I have studied the whole 10th ka session with my complete dedication. Also ive had just one friend all my life who has recently switched schools, so basically im a loner now. 

During the exam days i kept telling my mother how i'll go to play to the park (5 minute drive on scooty) with my friend and then get back to the same chair i had been on for the past 10 hours (I had studied like 5 hours on normal days and about 15 hours after mid December). She would agree and send me back to studying.

And guess what...she denied and told me akele kahi ni jaana ghar me reh :)"
t2_14bcb0pkj2,"koi GC me add krlo, dost nahi hai mere...🥲🥲💔👍/s",0,2,1.0,0,1743791387.0,False,t5_2zhzn,
t2_1gpxtcas3e,Wow a Title,0,16,0.9,0,1743750559.0,False,t5_2zhzn,I am thinking of not taking PCB probably 
t2_bcdbgivs,Tried to recreate MJ's Human Nature intro (Gone Wrong ig) (Need Help and Suggestions),0,3,1.0,0,1743782415.0,False,t5_2zhzn,"Things ik for now to fix:  
1. Bells intro  
2. Guitar tone"
t2_90t489vs,OP made a JOKER drawing video several years ago,0,3,1.0,0,1743782279.0,False,t5_2zhzn,
t2_kp5nn1kc,Look I met someone really special 😭😭😭😭😭,0,437,0.99,0,1743684217.0,False,t5_2zhzn,I met my hero 😭😭
t2_1m07oapu2r,Statue of david,0,18,1.0,0,1743747267.0,False,t5_2zhzn,
t2_bp7udkht,Show me some of your memes !,0,19,1.0,0,1743744757.0,False,t5_2zhzn,
t2_w8598xeln,"“A Heart in Bloom, From Chaos to Serenity""",0,3,1.0,0,1743780618.0,False,t5_2zhzn,Do give reviews !!
t2_1hyzxjs7pu,Found these cuties infront of my house!!<3,0,6,0.87,0,1743769246.0,False,t5_2zhzn,"In the third photo, it's their mom

I wish I could take them home but I already have two dogs"
t2_1jybwgeifp,What is one non-negotiable in a partner,0,6,0.88,0,1743765395.0,False,t5_2zhzn,"other than a decent human being and them having respect for you

for me having the same music taste or similar atleast  
bc koi bhi dhh nhi sunta 😭😭😭💔"
t2_12ixx645se,PLS HELP ME GET OVER THIS *IT WAS LONG AGO BUT STILL*,0,28,0.9,0,1743734794.0,True,t5_2zhzn,"plot twist:- she had lied that her mom found out, her bestie revealed this to one of my friends purposely after some months"
t2_1jzwdl947h,"my homie’s grandma passed away, we tryna cheer him up any ideas?",0,2,1.0,0,1743786158.0,False,t5_2zhzn,"one of my boys from school just lost his grandma, man’s been real down lately, me and the gang tryna come up with some way to lift his mood or at least let him know we got his back and shi we ain’t tryna be all sappy but fr we want him to feel some love, yk?

any ideas on what we could do? like maybe a lil care package, a letter, or just chill time? just tryna be there for the bro without making it weird. appreciate any suggestions fr."
t2_1je8trjecv,तेरा वो नूर......,0,2,1.0,0,1743784856.0,False,t5_2zhzn,
t2_lrlihngy,Comment any pic and i'll draw it( idk how to draw),0,321,0.99,0,1743685787.0,False,t5_2zhzn,
t2_y8paxjx9p,shifting to india,0,3,1.0,0,1743776827.0,False,t5_2zhzn,"hey guys so ive lived all my life in dubai and now I'm shifting to mumbai for uni, cause my parents want me to experience life in india, im kinda scared honestly cause i cant handle change well, like as much as i love visiting for vacay it's like gonna.be sm more different when i have to stay permanently mainly cause ive lived all my life abroad, also like how is college life here?, which unis do yall reccomend for commerce?"
t2_19c2ee094b,Unexpected Collab 🗿,0,7,0.77,0,1743757215.0,False,t5_2zhzn,"Gopi bahu, Bhupendra jogi, Vijay3Guy, aur wo mic wala in panchayat new session announcement 💀"
t2_1ayrvtm6n5,The best mobile game in my opinion,0,2,0.67,0,1743784010.0,False,t5_2zhzn,It's very relaxing and calm
t2_14df7c3qdm,Day-8 posting from my sketchbook.,0,9,1.0,0,1743759292.0,False,t5_2zhzn,These are selected at random. The second page was ruined so I just rolled with it.
t2_vn0rzaja,send a pic ill *try* to draw it,0,8,0.84,0,1743754113.0,False,t5_2zhzn,"well I used to doodle but i stopped doing it like an year ago but now i get urges to draw cute stuff so send a pic and I'll *try* to doodle it for you. again, please don't expect too much but I'll try my best 😭🙏"
t2_15yj5j6kh7,Finally After almost a Decade Kevin De Bruyne is leaving Man City.,0,3,1.0,0,1743775485.0,False,t5_2zhzn,This was posted in X by Kevin himself. Sad to see him go...
t2_q7k9bf4ng,"OP is finally in a relationship, after 18 long years!!",0,3,0.56,0,1743783192.0,False,t5_2zhzn,"So, there's this guy in my college, it's been several months since we have known each other and our vibes were/are also matching. And i really like him! Today, we both were hanging outside the college, like, there was a street bookshop and motherdairy icecream stand nearby. And small kids were selling pens and roses. So I really wanted to buy a particular book, so i was searching for it. He was with me at that time. I got busy searching, for a moment, I looked at the side where he was standing before, and he was not there. then he came out of nowhere on the other side, and his hands were at the back, and then he said ""waise mujhe kuch batana tha kuch time se"" (""by the way, I wanted to tell you something for a while now"")  
i said go on  
and then, he brought his hands forward and he was holding a rose, he gave it to me and said ""I really like you"" and then he got all shy.

And you know what's the best part 😭😭😭 >!**I AM JUST KIDDING, NOTHING LIKE THIS HAPPENED , I WAS JUST BORED 😜😠**!<"
t2_1i0sjzge46,A creep followed me to my house.,0,261,0.95,0,1743687913.0,False,t5_2zhzn,
t2_1bwoyvioml,Why has struggle been romanticized? I just want peace,0,18,0.85,0,1743740781.0,False,t5_2zhzn,"Can someone please explain why people have normalized grinding? Why does everything have to be a struggle? Why is it that if you’re not constantly working or pushing yourself to the edge, you’re seen as lazy or unmotivated? I’m so tired of that mindset. I don’t want to live in survival mode. I just want peace.

And no, my peace doesn’t come from money or a fast-paced, high-status lifestyle. I can find peace in a slow-paced life on a farm, surrounded by nature, living simply. I don’t want to chase things that don’t bring me genuine joy just to meet society’s idea of success. I want to wake up without pressure, breathe without guilt, and just exist without constantly proving myself.

I don’t think peace should be something we have to earn through burnout or struggle. It should be a basic right, to feel okay, to feel calm, to live life without running ourselves into the ground. I’m exhausted by this constant pressure to grind. I don’t want a “hustle.” I want a life that feels good to live.

Is that really too much to ask for?"
t2_vhuusn6f4,Straw hat luffy,0,3,1.0,0,1743774633.0,False,t5_2zhzn,
t2_14ibuxsbwh,What is one thing ....,0,2,1.0,0,1743782033.0,False,t5_2zhzn,U know that one thing about urself that u wish to change about yourself but can't . For me it's  my height and laziness. You guys?
t2_wdg7pfryk,Got a fkn creepy phone call,0,2,1.0,0,1743780655.0,False,t5_2zhzn,"So i were reading manhwa and out of the blue a creep triple dialed me, and cut before i could pick it up.
Then when i did, drunk in dunno what a guy said ""han kon bolda"", to i said' tusi kon' and he started saying shit usi time like wtf bro? He had dp of gurus and mereko ma behan ki gali dene laga bematlab! 
Am still shocked dude, ab lagra ptani kab firse vaisa koi call ajaye am scared, like hell pehle v aye the call aise but this one was so scary and weird. 👨‍🦯‍➡️🕳"
t2_f5r03nko,"jee b arch on april 9th, i have no hope of doing well, i probably failed boards as well, dont wanna say anythin else, i have got 4 days, i dont think i can do anything meaningful with that but. what stuff should i study up? maths formulas ?",0,2,1.0,0,1743780181.0,False,t5_2zhzn,
t2_1fvjoev59l,Rate this out of 10,0,2,1.0,0,1743779991.0,False,t5_2zhzn,
t2_koakkri25,"Anyone here into indian philosophy? here's my collection of vedanta literature,Vedanta sutra with the bhasya of baldeva vidhyabhusna(1700-1790) of gaudiya vaishnava sect, bhasya on gita by viswanath chakravarthy (1626-1708ad), again gaudiya vaishnava sect,all major10Upanishads,and Gopal tapani Upani",0,2,1.0,0,1743779493.0,False,t5_2zhzn,
t2_1ck12gv57l,Can anyone tell me how to stop insta addiction??,0,2,0.75,0,1743778465.0,False,t5_2zhzn,"

Hey guys, I'm a 17M  preparing for JEE, but I'm struggling with distractions. I've already overcome my Rells and short-video scrolling addiction, but I'm having a tough time with Instagram. It's not the reels that are the problem, but rather this girl I might (or might not) have feelings for. Honestly, I'm not even sure if it's just a physical attraction thing. Anyway, I find myself constantly checking her Instagram stories, along with those of my other friends, to see what they're up to. I never respond to their reels, btw. This behavior is basically an addiction that's stopping me from studying. I've tried uninstalling the app, but I keep mindlessly opening it on Chrome. Do you guys have any tips or tricks to help me out?"
t2_1jb5ep2a4s,Suggest me a title for my poem,0,2,1.0,0,1743778209.0,False,t5_2zhzn,"I thought I was a flower  
buried in debris,  
but then I saw  
the debris was me—  
and the flower lived within,  
quietly.

When sunlight came,  
the ruins blocked its flight,  
but winds arose  
and carried my plight.

My petals—wrinkled,  
stained with pain—  
still stretch toward life,  
free of chain.

Debris is my truth,  
soil is my dream.  
What lies between—  
I’ve yet to see."
t2_13impxpvep,PRETTY PRIVILEGE IS REAL AND THOSE WHO DENY IT ARE PRETTY THEMSELVES...,0,1,1.0,0,1743791665.0,False,t5_2zhzn,"Hey everyone! I want to talk about a friend of mine, let’s call him ""T."" He’s incredibly attractive—good-looking, fit, and has a great physique with abs. His curly hair and striking features really stand out. He’s also got a decent height at 5'8"", which is above average. T has a ton of girls following him on Instagram, and his girlfriend is from Pakistan. He’s not just good-looking; he’s also a great friend. 

As for me, I’m just an average-looking guy at 6 feet tall who enjoys playing football. I’ve had three unsuccessful attempts at talking stages , and it feels like love is just out of reach for me while my friends are thriving in that area. Sometimes I tell myself, ""I should focus on my career first; I’m still young,"" but then I think, ""Come on, people can achieve great things with a partner by their side."" It’s not like relationships are just distractions. 

While my friend is getting attention from girls, I often feel like the nerdy guy who just plays football and basketball. I hit the gym, but I don’t have much to show for it. There are times when I feel jealous, frustrated, and sad, making it hard to find motivation. It’s true what they say about pretty privilege."
t2_1b6pb67io0,Found this while walking through dubai streets,0,1,1.0,0,1743791617.0,False,t5_2zhzn,
t2_1dpk8ibivz,It's my Bday. And 5 people have wished me till now🙂,0,684,0.93,0,1743664267.0,False,t5_2zhzn,"I asked people from my family to not put any status or story on my birthday. I was just testing if anyone remembers it or calls me.

The only people who called me were my cousin Bhaiya, his wife, my bua and two friends🙂. 

I am not the guy to whine about this. But I genuinely expected it to be more. It sucks!.

I will update the post in the night.. will reveal how many more wished me."
t2_1d10nwaypm,Someone please guide me,0,3,1.0,0,1743769396.0,False,t5_2zhzn,"This is about my girlfriend, around 2 weeks ago she stopped talking to me, she said she had to prepare for mains i was like ok go, we had already been arguing a lot for the past couple of weeks before. She did not tell me when her mains is, neither did she ask me how my CS board went, infact she had the same room as me but didnt even bother to look at me? She tells me she loves me but at this point im not sure at all. I had access to her NTA id and pass so I logged in to check when her mains is, it was today, 1st shift. My mains was yesterday, I thought she would text me right after her exam but there is 0 response, she did not even see any of my texts. What should I do? I love her a lot I don't want to let go of her

Edit : We were arguing about how ignorant she is, she just played victim card atp.

Deleting this in a few hours"
t2_lazwxdry,approached a girl today!!!!,0,3,0.71,0,1743777283.0,False,t5_2zhzn,so there's a girl in class who think is kind of cute so i decided to approach her i said ''hello'' she smiled at me and replied ''hii'' then i got scared and ran away so yea thanks for wasting 30 seconds of your life (yes i fucked up hard ik)
t2_f7qn1l28,Bhai 3rd class me kya peak pe the number,0,3,0.72,0,1743763639.0,False,t5_2zhzn,Ab to pass hone ki bhi umeed nahi hai 👁👄👁
t2_1dxch6npwk,Releasing Soon.... Any suggestions 🤣,0,0,0.33,0,1743790165.0,False,t5_2zhzn,
t2_d81zb4p5,Anyone else not vibing with Reddit's new logo? Feels like a downgrade—what do you all think?,0,2,1.0,0,1743776546.0,False,t5_2zhzn,"The new Reddit logo just dropped, and I’m not feeling it—looks off compared to the old one. What’s your take on it, folks?

"
t2_1hlw6kwwv3,anyone up?,0,1,1.0,0,1743790050.0,False,t5_2zhzn,"bored or perhaps lonely? 16m, how’re you doing?"
t2_9bw9tc8ps,anyone up to play geoguessr?,0,1,1.0,0,1743789796.0,False,t5_2zhzn,
t2_rq26gt7pp,First day of 11th. 🙏,0,1,1.0,0,1743789249.0,False,t5_2zhzn,"Today was the first day of class 11th. **I feel so lost.** (pcm+ai) (i like the subjects no complains).

1. My bitchass school decided to do smth different so they've made 3 sections in 11th                             pcm, pcb and the 3rd section in which they've COMBINED commerce and humanities as ''Interdisciplinary stream'' (???).  All my friends have taken bio and i felt like a loner today. Plus. **All my ex-friends I'm not on talking terms with are in my class.** They've got a bigger grp now and they were acting rowdy and shit.
2. More than half of the girls (its a girls school 😀) have chosen science for some reason especially pcm and most of them act so fake it's actually tiring. idk how am i gonna survive 2y in this.
3. Almost all ppl my age have started coaching etc..therr batches are starting soon.. and i'm still **confused** about what should i go with..I was gonna do allen but idk my dad wasnt into it. Now we're thinking bout PW online but I've absolutely no idea regarding it. I feel like I'm missing out/ falling behind.

**TL;DR:** First day of 11th was rough. School changed stream system, friends took Bio, ex-friends are in my class, and I feel alone. Most girls are fake, coaching confusion is real, and I feel super behind."
t2_8qy2hh44s,Finished Binge Watching Star Wars (Episode 1-6),0,1,1.0,0,1743789209.0,False,t5_2zhzn,"https://preview.redd.it/c45yd1ndwuse1.jpg?width=265&format=pjpg&auto=webp&s=3439fe8d9829d213598911dff5d5034495fe4f88

Watched it for the first time I did  
Like Yoda the most  
Ask me anything, try to answer like Yoda I will"
t2_7xeyo402,Can you be caught for sms bombing,0,0,0.5,0,1743788317.0,False,t5_2zhzn,Yes I know it is illegal but hypothetically speaking has anyone ever been caught for this? Because ive heard it is a bit more difficult to track down so hypothetically would they not have a high chance to get away with this cybercrime?
t2_1i52c0fnk8,My father cried because of me and guilt is killing me from inside...,0,1,1.0,0,1743788229.0,False,t5_2zhzn,"
 
Recently, I got a job and moved to a different city. I came back home on leave for a few days and bought my brother an expensive shirt as a gift. But he didn’t like it because he thought it was too expensive. We argued about it since I wanted him to accept it, and I got a bit too rude. Suddenly, my dad got angry at me for arguing with my older brother.

I felt bad and left the conversation. After that, I started ignoring both my dad and my brother for 3–4 days. On my last day at home, I felt guilty and decided to talk to my dad. I sat near him for a few seconds and told him it was my last day at home. There was an awkward silence—until I suddenly heard him weeping. In that moment, I hugged him, and he broke down crying.

Seeing my dad cry shattered my heart, and I started crying too, hugging him tightly. My dad never cries, and watching him like that hurt me so deeply that I can’t get it out of my mind.

I don’t know why I avoided talking to him for days. Am I really a bad son? I can’t express this feeling, and I don’t know how to cope with it. Just because of me, a man who never cries broke down, and this incident still haunts me. I don’t know what to do…"
t2_1b37mx0itm,Help me to create a Playlist!!!,0,2,0.67,0,1743764898.0,False,t5_2zhzn,Drop your fav songs (any genre)
t2_1hvl1p0m4k,I chose the Bio + Computer Science group in 11th and 12th instead of Maths + CS... I’m really interested in programming and want to become a full stack developer in the future,0,2,1.0,0,1743772034.0,False,t5_2zhzn,"Some people are saying that without Maths in 12th, I won’t be able to get software or engineering jobs. Is that true? Will it be harder for me to get a job compared to someone who took Maths + CS? Would really appreciate advice from anyone who's taken a similar path or working in the software industry"
t2_gt80f8jg,Went on a kfc date with my girl-friend,0,0,0.5,0,1743785396.0,False,t5_2zhzn,I had bought my girl-friend/female friend a shade of lipstick she wanted and she took me on a kfc and bought me chicken nuggies ✨
t2_bb54czer,"Lazy evening, and my friend",0,2,0.75,0,1743771622.0,False,t5_2zhzn,
t2_opoh33fhs,Why isn't he giving me the letter?,0,71,0.98,0,1743701323.0,False,t5_2zhzn,
t2_1617nvow8d,What my bestfriend gave me on my birthday 🧿🧿🧿🧿,0,55,0.97,0,1743706155.0,False,t5_2zhzn,"And he searched for all this for soo long and then he is like he wanted to give you a letter and a bangle but he couldn't and this that omg 😭💖💖💖
First off please anyone any totka for evil eye
Second of all 😭😭 how can someone be this cute guys?? 😭😭"
t2_ubvs6oq4s,"I just bought new bike hero hf delux and dealers didn't gave me any user manual, or any service book they said ajkal service ""book nhi milti",0,1,1.0,0,1743784019.0,False,t5_2zhzn,"Is this true? And how many service are free? How they record that' this guy first, second free service is done. If anyone recently purchased bike from hero please help. Response"
t2_fibi09dy,The chadest designer award goes to✌️,0,2,0.75,0,1743769664.0,False,t5_2zhzn,
t2_16z6cg44lm,My mother said something to me and I don't know what to think about it.,0,1,1.0,0,1743783181.0,False,t5_2zhzn,"Hello everyone! I'm 18M here and if it's relevant, my mother is a working woman. So I finished board exams last week and gave one entrance exam on 2nd, prepping for other exams towards the end of April, so I was just talking with my mother about college and all. She suddenly said something, even though it was in a lighthearted and unserious tone. She said ""when you start earning for the first 8-9 years give your paycheck to me."" I said why should I do that? She said ""you're a young and naive boy who is unassuming, whenever you start dating a girl, or get married to one she would try to scam you out of your wealth/take away your property/ruin my life my filing false cases. So you put your money in my name to save up a corpus or something like that it will be safe with me."" Isn't this too much though to literally generalise? I understand that it's one thing to be cautious but seriously, I don't think women are some evil monsters designed to destroy men's lives. Like yeah I understand that there have been some cases and all, but still the whole gender is not responsible for actions of some people? I have believed in this simple mindset that good and shitty people exist across all races, genders etc. and that actions of some don't define others. Basically if a woman files a false case or something, blame that particular woman, not the whole gender. I mean I have known some pretty great women myself, one of them being my mother and I also have a female bestfriend who is awesome, I don't think it would be rational to label females as monsters?And secondly,the literal thought of having to surrender control of my life as an adult by giving my money to my mother and taking pocket money from my own income in my 20s just idk creeps me out. Makes me uncomfortable. I don't want to hand controls of my life to someone when I'm an adult. Ik I haven't started earning yet but just thinking about it makes me uncomfortable.
What do you people think? Please keep the discussion civil, I'm looking for your opinions, not looking to cause a controversy. Thank you."
t2_a41kji5v,Ai images dekh ke pet bhar gaya ho to ye bhi dekhlo 🫠,0,217,0.99,0,1743678169.0,True,t5_2zhzn,"Just a random art dump of some drawings I made. 

17F nhi likha hai so i don't expect it to get much attention sadly"
t2_6t6pblv6z,Caught by police,0,1,1.0,0,1743782950.0,False,t5_2zhzn,"Caught by police

Have you even been caught by police in car or bike for driving license or any documents?

How much fine did you pay?

How were you able to escape?"
t2_6miuwtqne,Historical memes are not understood by everyone...,0,4,0.84,0,1743755301.0,False,t5_2zhzn,"

Context : The provinces of Maharashtra, Saurashtra, Andhra, and Karnata broke away from the Mauryan Empire after the death of Ashoka (during the reign of Dasharatha Maurya). Samrapati Maurya, the successor of Dasharatha Maurya reconquered these lost territories. According to Jain texts it is said that the Mauryan soldiers, who were sent on the conquest were disguised as Jain monks.
"
t2_1l516cjddk,"Everyone keeps flaunting their drawings, let me flaunt my diagrams",0,79,1.0,0,1743696948.0,False,t5_2zhzn,Bss yhi hai flaunt krne ko 🫩
t2_cnfkjpjy9,"Hey guys , My crush asks me who is my crush ...",0,2,1.0,0,1743768729.0,False,t5_2zhzn,"Pls tell what to do 3 times she had asked....
Guys please suggest me smthing ...."
t2_lrlihngy,"I don't get philosophical poetry, stories etc 🥀 am i possibly dumb?😞",0,7,1.0,0,1743744217.0,False,t5_2zhzn,"I see people writing and reading poetry and telling the deep meaning behind them. I always found poetries weird and never understood the ""dohe, poems, kavita"" in books. Ik my thought process is weird but i always thought that poetries are hypocritical(not a bad thing).i cringe so hard seeing someone make poetry for their love (mostly one sided)😞

 i see people discussing philosophies, nihilism, stoicism etc and i always wonder why would a person choose one philosophy? Imo we are nothing just a tiny speck which live for a tiny amount of time but that doesn't mean I don't value my life. Also there is almost never a right and wrong answer.. so i never take someone's advice.. i just listen it and just maybe think about it and shape it in my way(which i assume everyone does)

Idk what i'm writing"
t2_a609ziwg,Yo guys need academic help pls,0,1,1.0,0,1743782022.0,False,t5_2zhzn,"In class 8th, my weak points are physics/chem numericals (no worries about theory), obv same issue with mathematics, also not great at comp sci theory, but logic is fine, by far I'm doing worst at history/civics. I used to be the prodigy smartass in my junior classes but fell off real bad so I'm sincerely asking you guys for any support you can give 🙏🏻🙏🏻 aap log experienced ho toh please meri bhi thodi help kardo, much appreciated<33"
t2_dks2yhed,IM BAAAAAAAAAAAAAAAAAAAACK,0,1,0.67,0,1743781788.0,False,t5_2zhzn,does anyone know me lol
t2_12lene288w,Why BROTHERS ARE LIKE THIS ?😭😭,0,590,0.96,0,1743656853.0,False,t5_2zhzn,"So me and my brother just playing cards then randomly my brother said : didi if there is someone behind you

I said  NOPE !

HE replied CAUSE EVERYONE IS AHEAD OF YOU

i mean whyyy😭😭

and yeasss today i asked him what should i draw (like my exams are over)

he casually said your future (means nothing) !!

😭😭i mean WHATTT"
t2_19uxduyhqk,"What to do when you feel useless, depressed, sad and fell in despair? I wrote these qoutes offcourse not mine but man i feel so sad after it",0,3,1.0,0,1743759280.0,False,t5_2zhzn,
t2_1elgoutvwa,yayyyy cooked up a sae art,0,2,1.0,0,1743767163.0,False,t5_2zhzn,first drew black n white then I overlayed that shit w colour. anyone know blue lock here?
t2_18craz7o0d,My Dad ordered 30 cokes,0,123,0.96,0,1743686401.0,False,t5_2zhzn,
t2_1bffbsi34f,"My fellow 17, 18, 19 year old",0,3,1.0,0,1743758763.0,False,t5_2zhzn,"What did you thought becoming at the current age which are would be like and what is it actually like? 


For me I thought that it would be so cool growing up but no it's just bland piling up of responsibilities upon me

So wbu you'll?"
t2_m6hld6loq,I drew this 6 a.m. in the morning.,0,2,1.0,0,1743766133.0,False,t5_2zhzn,
t2_uo6huwaq3,Tell me(or show)your hear me outs,0,26,0.96,0,1743713711.0,False,t5_2zhzn,Venommm👁️👄👁️
t2_ufdzsxr8u,Ye konsa subject hai ( which subject is this now??),0,5,1.0,0,1743745737.0,False,t5_2zhzn,I found this new subject planning to do graduation in this! Suggest collegea for this!!!! Except reyansh college
t2_1m1ghylq0y,Dear mom,0,1,1.0,0,1743777173.0,False,t5_2zhzn,"Dear mom,


I don’t know what should i do to deserve your love or get to be treated nicely. You’ve always compared me to everyone else but you never ever looked that I’m your daughter and I’m trying hard too. 

You sometimes cry saying that I’m rude. But mom, haven’t i apologised? but do you ever realize I’m your daughter too. 

Why should i always compromise? Why is my brother treated way better than me? When I’m the one who works hard, gets perfect grades, does household chores.

Please mom, just hug me and console when I’m crying because the reason for my tears is you. Mom it’s you. You have never consoled me, just once do it mom. I’m your daughter. Why do you think i can act like an adult at this age. Yes, I’m childish. So what? Is this my fault? I’m just 15. Why is my brother treated so nicely, not me? 
Why did you gave birth to me?


"
t2_1jb5ep2a4s,continue with your story,0,1,0.67,0,1743777046.0,False,t5_2zhzn,
t2_l6bsbdf0v,Made this recently 😋,0,3,1.0,0,1743755563.0,False,t5_2zhzn,
t2_1ipt9fygwe,WHY PEOPLE IN THIS COUNTRY JUSTIFY CHILD ABUSE.,0,49,0.71,0,1743700612.0,True,t5_2zhzn,"MAAN WHAT THE FUCK IS WRONG WITH PEOPLE.

BEATING SOMEONE IS ABUSE INDEED.


EVEN BEATING A CRIMINAL IS CONSIDERED AN OFFENCE AND IS INDEED WRONG.

BUT BEATING AND ABUSING YOUR CHILD IS ""DICSIPLINE""?

IN WHAT WORLD DICSIPLINE BRINGS METAL PROBLEMS?
IN WHAT WORLD DICSIPLINE BRINGS TRAUMA?

CHILD ABUSE IS NOT A FORM OF DICSIPLINE.



DICSIPLINE MAKES A PERSON STRONG NOT WEAK.

SAME WITH BULLYING AND RAGING."
t2_jtv13li2,I HATE MATHSSSSSSSS TO THE CORE FROM THE BOTTOM OF MY HEART!!,0,1,0.67,0,1743776546.0,False,t5_2zhzn,I just hate maths! How are people able to do maths😭😭🙏🏻 can't wait to get over with this shit
t2_7pujau23l,tell me your story,0,1,1.0,0,1743776249.0,False,t5_2zhzn,"https://preview.redd.it/9abkch52utse1.png?width=431&format=png&auto=webp&s=10dc05b68c2b32c6ad7169055319ca64d308af99

"
t2_18epyvngve,Fell down in the corridor in front of my crush,0,0,0.5,0,1743775336.0,False,t5_2zhzn,"Damn bro, aaj toh aura ka bhang bhosda ho gaya sahi mein.....

So, it was 4 in the evening, we were coming out from the lecture theatre when my friend started teasing me because he got 1 mark more than me in some random class test.....

Me being mischievous thought of doing something to tease him back..... so he was walking right infront of me (the whole class was walking together) maybe 3 feets ahead.... I lifted my right leg to kick him (lightly) in his butts but since he saw me lifting my leg, he dodged my kick and I fell of on my left side like THAPPPPP!!!!!

The sound was so intense that everyone walking there stopped for a couple of seconds to see what happened.... and since I was surrounded by alot of girls at that time so without wasting any time I got up like nothing happened (mard ko dard nahi hota).....

Like it took me 0.69 seconds to stand after falling down and I laughed it off infront of others so that they don't make fun of it (atleast not infront of me)......

But the worst part, yk, my crush was walking just ahead of me with her friend and the moment I slipped, she turned back for a millisecond and when she saw that it was me who fell down, she and her friend smiled and turned back straight in another millisecond.... Like I know she doesn't like me and even I respect her decision and all but still this was way tooo embarrassing infront of a girl whose friend circle already makes fun of me (since I approached her indirectly, tbh I dont know much about how to ask out and all so the attempt was pretty bad ik).....

Now I'm in a generational debt of aura.... anyway to cope with it?"
t2_iyvr8q05,need help regarding Instagram PLEASE!!!!!,0,1,1.0,0,1743775067.0,False,t5_2zhzn,"how many followers should an average person have? 
more importantly who should I allow on my account?
everyone that requests to follow?
mutuals through some other people?
people who I know?
just friends?

this question has been bugging me for 4 years and I still don't have an answer
first I thought just friends but then I realised I'll get lesser likes coz less followers lol but I haven't really posted any post in the last 1 year

but college starts this year so I might post some stuff and Kam likes mei awkward ho jayega (usually 140-160 aati hai jab post karta tha)
"
t2_g0nwd5x6z,I Accidentally Became a ‘Bad Boy’… and It Completely Backfired,0,0,0.5,0,1743774994.0,False,t5_2zhzn,"So, I’ve always been the chill, nice guy type. Never been the mysterious, bad boy that girls seem to love. But one day, I thought, “Let me switch it up.”

I was texting this girl, and she asks:

“Why do you seem so mysterious?”

Now, I could’ve told her the truth—I’m not mysterious, I just overthink my responses for 10 minutes before replying.

But instead, I decided to play along. I hit her with:

“Some things are better left unsaid.”

Tell me WHY this worked. She starts getting all curious, asking questions, saying I have “dark, main character energy.”

I’m thinking, “Okay, this is it. I’ve unlocked the bad boy era.”

Then I completely ruined it.

Because she goes:

“So… what’s something you’ve done that’s actually bad?”

… I had nothing. I literally had no crimes.
So, in a panic, I said the first thing that came to mind:

“One time I didn’t return my shopping cart.”

…She unmatched me.

Ladies, tell me—do I need to go commit a felony real quick, or is there still hope for me?

(Bonus: If you like nice guys who at least TRY to be bad, let’s talk.)"
t2_d666m4bbj,What do you guys think about this,0,337,0.89,0,1743660873.0,False,t5_2zhzn,
t2_91ciodq1,Do you all take film critics seriously???,0,5,1.0,0,1743746855.0,False,t5_2zhzn,"I tho only take PJ seriously. Nowadays, I watch good and controversial movies. I was, for a very long time, in false belief that controversial movies are bad movies."
t2_q5p8dsxh,Ye kis tarah ke machhar hain,0,64,0.96,0,1743692552.0,False,t5_2zhzn,
t2_u4hmmk87,👀,0,48,0.98,0,1743694353.0,False,t5_2zhzn,😼
t2_1aowx3zarw,What the f is cool about cutting your skin!?,0,98,0.9,0,1743680988.0,False,t5_2zhzn,"Today at school, when I was walking around during lunch period, I saw two seventh graders. I was curious about what they were doing so close together; when I asked them, I was shocked because they were cutting each other's arm skin (not too deep, lightly, but blood was coming out), I asked why they were doing it, and they said the scar looked cool... Like what the fuck is wrong with these kids."
t2_1ld1k0x1ci,My Friend’s School Justified This in the Name of Discipline…,0,192,0.99,0,1743666142.0,False,t5_2zhzn,"My friend told me that at their school, some female teachers actually peek between students' shirt buttons inside a separate classroom to check if they’re wearing a slip (shemmi) underneath. When a few students questioned it, the teachers just said, ""*We’re following management’s instructions. It’s for your own good.""*  
  
Now, some parents have started confronting the school about it. Honestly, this sounds so uncomfortable and weird. Has anyone else experienced something like this in their school?"
t2_8njln692,WE are behind.,0,0,0.5,0,1743768074.0,False,t5_2zhzn,"I think Indian development has not happenned to scale of other nations. The media fools us telling us that we have developed far beyond any country but when we run the numbers things dont match. We are still behind nations like Japan and germany who were absolutely devestated in wars. We dont develop any new technology that is actually significant to the entire world(Now those who are jumping with anger about how I forgot about UPI?? no one exept us uses it on a wide scale ).

China has been developing AIs , Fusion reactors , Better EVs and what other tech!, yet we still are left comparing ourselves to pakistan a country which lost ages ago and is on the verge of collapes.

We rejoice once a ISRO mission is successful but never question why it takes so long to do one misson? We never ask why ISRO is so under funded. We never ask why everyone is running around after engineering degrees and not actually exploring other fields out there? why do parents dont encourage their children to think beyond?

India being a unique country requires unique solutions, who asked for bullet trains when we could have developed airports and replaced our 100 to 50 year old tracks? who is asking for a new parliament? who is asking for more taxes when all of it disapperes? As Indians we require newer and better developed roads, lesser buerocracy , more government employees , more intensives to start buisnesses in India and not go abroad.

WE dont think , WE sit around , WE run after hopeless goals , WE believe in news said by the media not actually cross check it , WE dont educate our own parents why this is happenning.

Yet we sepend our time thinking about why comedians should go to jail, we spend our time aimlessly following government ministers.

I probably will not get jailed for this as no one actually likes posts 

Meh this was a rant shesh I like ranting so much man, also again any critisism let me know cause I like to read."
t2_1eln3qr4nv,what are your high scores in the dino game mine is 15482,0,2,0.75,0,1743753138.0,False,t5_2zhzn,yes me hu berozgaar aur nalla
t2_171ulfnxgh,I am done with people saying this country is doomed,0,5,0.58,0,1743734658.0,False,t5_2zhzn,"Like what the hell most of the people who say this are either unemployed, living on there fathers money or just dont care about there life. Never have i ever noticed a well educated tax paying person say these things like this. Like ohk every country has some flows no country is perfect and india is still groing like lets just compare it with america who got it independence around 1680s it took them 300 almost some years to come where they are right now and if you wanna talk about china then lets also talk about the goverment of china dude everything cant go perfectly in a country unless everyone changes and thats gonna happen someday . Grow up if you wanna leave this country go ahead dude no one is stopping you but other countries do have there problems too. In my opinion i am gonna live in this country no matter what you say and see this country grow or either atleast be a part of the change ."
t2_soxdiwmks,Ladka hona itna bhi aasan nahi,0,11,0.87,0,1743720405.0,False,t5_2zhzn,
t2_1abbl6ll40,Jhijhiya,0,1,0.6,0,1743765019.0,False,t5_2zhzn,
t2_tpg4mmv9,Am I the only one who prefers to keep silent about my birthday?,0,41,0.96,0,1743691712.0,False,t5_2zhzn,"Almost every day on Reddit, I spot the suited frog, the same old message as the bottom text.

It amazes me, do birthdays really mean so much to you guys?

Whenever I go to school on my birthday, I literally wish no one brings up the topic, I hate chaos and commotion. I spend my birthday just like any other day of the year (except for probably some pizza at night )

Don't get me wrong, my parents and friends are very supportive of me, it's just that, ever since the age of 12/13, I have never felt special on my birthday.

Is it just me?"
t2_1abbl6ll40,"Heels, Culture, and the Missing Boys: A Fun Yet Thought-Provoking Annual Function",0,0,0.5,0,1743764740.0,False,t5_2zhzn,"

Hey everyone! So today I went to the annual function at my cousin sister’s school. She’s a teacher there and invited me. Honestly, I was excited to go, but when I got there, I noticed something that made me think a lot.

The event was packed with cultural performances—songs, dances, and all that. But here’s the thing: all the performances were done by girls! Not a single boy was on stage. Even though the anchoring was done by one boy and one girl, which seemed balanced, I couldn’t help but wonder, if the purpose was to showcase our culture, why weren’t more boys involved? It kind of felt like the girls were doing everything while the boys were just sitting and watching.

On a positive note, I did see something I really appreciated: both boys and girls were working together behind the scenes, helping with food, setting up chairs, and managing the event. That was refreshing to see. It showed that both genders were equally contributing in the background, even if the stage performances didn’t reflect that.

It also reminded me of when we had our annual function at school. There, both boys and girls were involved in everything—from cultural performances, whether Bollywood dances or singing, to even honoring freedom fighters. Boys and girls were equally represented on stage, and it felt like everyone had a chance to showcase their talent. That balance really stood out to me.

And you know what? I also wore heels for the first time today! I had actually bought them for my mom when we were supposed to go to a cousin’s wedding, but today, I had nothing to wear, so I decided to try them. At first, I was nervous, thinking I’d fall or feel uncomfortable, but I ended up walking confidently without a hitch! It was a small but sweet moment of joy for me, embracing a little part of womanhood.

So yeah, while the event had its amazing moments, it also made me think: why aren't boys as involved in representing our culture in performances? Everyone should have the chance to show what they’re made of, and it’s important for both genders to be equally represented, not just behind the scenes, but also on stage.

What do you all think about this? Let’s discuss!
"
t2_vn0rzaja,i met this cutie today and i did feed him biscuits 🥹🎀,0,30,0.94,0,1743695803.0,False,t5_2zhzn,
t2_1g8k83azpm,"What’s the Best Moment You’ve Had in a Relationship? (Or If You’re Single, Your Dream Moment!)",0,1,1.0,0,1743764023.0,False,t5_2zhzn,"No matter what kind of relationship you’ve been in, whether it was serious, FWB, LDR, or a situationship, there’s always that one moment that stands out. Maybe it was a deep 3 AM conversation, an unexpected romantic gesture, or just a feeling you never want to forget.

If you’ve been in a relationship, what’s one moment you’d want to carry into every future relationship? (And if you’re currently in a healthy relationship, I hope it keeps bringing you happiness! 😊)

And for the singles, what’s your dream moment? What’s something you’d love for your future partner to do that would make you feel special?

Let’s hear your best or dream relationship moments!

"
t2_nohz9mhq8,Spitfire - SKRILLEX X Virtual Riot,0,0,0.5,0,1743761477.0,False,t5_2zhzn,"This song goes unethically hard omg. I swear every dubestep lover is going to love this song. 
Virtual Riot and SKRILLEX on the beat... This is the biggest Collab I can imagine. Old dubstep god x Melodic Dubstep Legend. 
I think 2025 is going to start the era of a lot of unexpected collabs and great music.

Arijits Collab with Ed Sheeran, Martin Garrix..
Now this. 
2025 is already the best one for me 🙏🏻

"
t2_au99opyqo,when will PMBDY 2025 forms be out?,0,1,1.0,0,1743760902.0,False,t5_2zhzn,"There has been so delay this year

then they say why people leave India"
t2_cre3gxbp,I am freaked out 😭,0,2,1.0,0,1743746676.0,False,t5_2zhzn,"Bruh I was watching shinchan  

And then I suddenly remember a cringe moment from 10th 
I feel so weird for doing that btw I am in 12th 😭"
t2_803dnwsv,Can somebody tell from which year this 10 rupee note is from and how rare it is? My mom gave this to me.,0,3,1.0,0,1743737862.0,False,t5_2zhzn,
t2_toyap6yb0,Urgent,0,1,0.67,0,1743758714.0,False,t5_2zhzn,"I wanna watch a bollywood movie, like right now. Please take one name that you think everyone should watch. I have almost seen pretty much every movie though"
t2_aztlnbbyl,Interesting incident,0,34,0.97,0,1743689420.0,True,t5_2zhzn,"So this is an interesting story from school time. When, I was in 9th 3 years ago, I went to a school ""Falcon Blue""

Now, in 10th we had 6 sections each having 30-40 students. Now, I was in section 'A' and this other section 'D' had been making a lot of noise. 

Now, we didn't mind them making that much noise since we ourselves were doing timepass. This was the time when we were preparing for our school's annual concert and we were waiting for our class teacher to come with the speaker. We were playing cricket with a lab manual and a crumbled up aluminium foil ka ball. Here's what happened....

Out of the blue, Headboy of the school (part of our class) comes and orders us all out. At first we thought we did something crazy so we started arguing with him. But then principal comes from behind him and we hurry out of the classroom to the nearby hall and wait. They then, proceed to search our bags and then tell us to go inside.

Obviously being 14 year olds we come up with shitty theories about what exactly happened ""Guns?! Bombs?!"" 
That type of shit. Anyways.

After half an hour, I get news from one of my ""informants"".
Apparently section 'D' and 'E' had brought beer cans and were drinking those in school. And they had gotten approx 30 cans☠️.

The principal had caught on, since the idiots were openly distributing this stuff to their friends, and made reels and insta stories out of this. Posted that shit on insta and tagged our school's official ID☠️.

Well, that day I came home and didn't tell my parents. But they found out from ""school group"" and they were mad at me for not telling them earlier. But hey, you might be wondering, how tf did the assholes get alcohol?

Well, one of them let's call him ""Mukesh"" had a father who drank alcohol and so this idiot stole those beer cans from his father. And the crazy thing is, his mother was a teacher in the school. 

Now, every parent wanted to involve police in this case. Sadly, the thing was a bit suppressed and police never got involved. They were not rusticated and were suspended for only 3 days. They unfortunately escaped without consequences. Crazy shit!"
t2_16107fnc5d,UNDERRATED!! anyone else lovess this song?,0,2,1.0,0,1743744356.0,False,t5_2zhzn,
t2_uo9boj77,angles fr 🥰🎀,0,68,0.86,0,1743674583.0,False,t5_2zhzn,brainrot shitposting day 130630
t2_boi1d4duo,Drop your fav song from your mother tongue 🎀,0,52,0.88,0,1743676918.0,False,t5_2zhzn,
t2_slf0wuy4h,Parents said they are gonna eat everything 🫠...,0,0,0.33,0,1743754001.0,False,t5_2zhzn,"Banana and it's peel 🙃...
Is it even digestible?
"
t2_1bffbsi34f,Come on show what cards have you'll got,0,1,0.6,0,1743752823.0,False,t5_2zhzn,This is mine card the most powerful nothing can beat it but still if anyone has anymore cards closer to this then show em to me 
t2_15yj5j6kh7,That one Blade Runner 2049 edit...,0,8,1.0,0,1743712102.0,False,t5_2zhzn,
t2_smnr2u6m,Suddenly din suhana ho gaya,0,29,0.98,0,1743686213.0,False,t5_2zhzn,
t2_1fd4akc1gt,Reddit interface changed?,0,19,0.88,0,1743696137.0,False,t5_2zhzn,Why
t2_1jit0tf4of,did i make a mistake?,0,39,0.88,0,1743681958.0,False,t5_2zhzn,"bro i(17f) have a friend(18m) who kept telling ki he was ugly wagera wagera and when i told him he wasn’t he kept on telling that he was. mera ex aisa kaam karta tha and mai gusse me boldi ki “i feel like im talking to my ex wtf” when he kept insisting how he couldn’t get a girlfriend and was ugly. and usko gussa agaya. he hasn’t talked to me since days and im apologised the next day for lashing out like that, he sent two reels 1. “no more memes for you go think about your actions” 2. some long reel which basically said how he was sorry for me for being his friend idk if it makes sense but yeah. bhai every single time he said he was ugly i try and make him feel better about himself but he keeps pushing that away. AND HERES THE THING. I find him cute tbh. i am sorry for the rant i just had to get it off my chest. "
t2_14df7c3qdm,"Day-7, posting from my sketchbook.",0,7,0.9,0,1743710266.0,False,t5_2zhzn,These are selected at random.
t2_ddi70hdy,"DEAR TEENS , NEVER SMOKE !",0,27,0.88,0,1743686477.0,False,t5_2zhzn,"https://reddit.com/link/1jqiab7/video/jqk9xrdpemse1/player

"
t2_v1kjyr6lc,What I've baked so far this year :P,0,88,0.99,0,1743664044.0,False,t5_2zhzn,
t2_1mdt4g3zip,"Food is fooding but youtube isn't youtubing, suggest some videos to watch while eating.",0,1,1.0,0,1743750207.0,False,t5_2zhzn,NO TMKOC COMMENTS PLS 🙏
t2_d9hb7zim,Meal After My Mains Attempt,0,19,1.0,0,1743692479.0,False,t5_2zhzn,
t2_1a078nx1dt,Badminton with a new dost✨,0,5,0.86,0,1743716630.0,False,t5_2zhzn," So recently I've got a friend, simple cute funny easy going shant bdia a guy friend who is 8 months younger to me on instagram. He is kinda vlogger and uski ke jariye we started to talk .
Bta dungi ki iske phle bhi hum ek baar 'ganne ka juice bada gilas 20 rupee ka idhr chale aaiye😭 ""pine bhi ja chuke hain .
Maje ki baat yeh hain ki usko phle hi me yh clear krchuki hun ki koi vesa intention Mt rkhna me tumhe as a bhai dekhti hun, or vo bhi yahi sochta hain ,jisse mere man me thodi Shanti mili atleast koi to normal dost hain. 
2 days back he asked me for badminton qki me vese bhi roz walk krke or thoda basic open garden gym krne jati hu hun.to i was thike chalte hain.
Abhi aaj me 12 bje soi and 10 min phle mko yaad aaya ki aaj subh hi mera exam hai ab merko smjh nhi aarha ki me jau ya na jau abhi last moment usko mna Kia to acha nhi lgega or chli gyi to fir pdhugi kab, smjh nhi aarha . Fir meri nind khuli and i realised ki jane ki excitement ya pressure tha isliy mene spne me vahi sb dekha . 
Abhi idhr aake likh rhi hun. 
Jaanti hu bhai mana hain lekin irl kisi se dosti banana bhot jyda difficult hota hai online se qki idhr aap apni fake personality rkh skte ho lekin udhr irl aapko bhot patience dikhana pdta hai 1 bhi glti aapko or apki personality ko ek dum se khrb krskti hain kidhr krwa skti hain . 
Ek normal dost hone ke naate kya kya chije hi skti hain ki me kru or koi galat intention na dikhe koi bta skta hai?? I wld love to hear your suggestions.
Thanks for hearing me out✨💅🏻
Sojao pdh ke , good night 🌉"
t2_fwv0tycei,Why do indian colleges love maths?,0,2,0.75,0,1743748017.0,False,t5_2zhzn,"So im a 12 student preparing for entrance exams 
My biggest mistake was not taking maths in 11,12 
Because i knew since 10 i suck at it

But mostly every college in India has maths in the entrance exam, yk i dont mind that 

But why do the best colleges require me to also have taken maths as a subject in 12, I can't even apply to these colleges, even government colleges require maths like bruh

Like for kids who are bad at maths, india has no place for them"
t2_1a5pgx4kyz,smart guys are hot as hell man,0,457,0.92,0,1743627230.0,False,t5_2zhzn,"rant hai. i just love smart guys. bonus if they're smarter than me. fbjsjdbdc. so good. idec if he's the most boring guy in existence, if he's smart I'll probably develop a crush. all i really want in a guy is atleast average looks + intelligence + matching humour + empathy 

do not try to imply I'm shallow just because I included looks. it matters to everybody on some level, I'm just being honest about it.

also this is not an invitation to slide into the dms tyvm"
t2_opoh33fhs,Nothing. I just have 32K likes on my comment on KSI's Thick of It,0,54,0.85,0,1743667838.0,False,t5_2zhzn,
t2_qvigsvub,Any other that should be included,0,7,1.0,0,1743706842.0,False,t5_2zhzn,
t2_1k4jh719qk,I guess I ain't stripping nak*d,0,14,0.8,0,1743691271.0,False,t5_2zhzn,"So, today was JEE (3 s2)

Physics - 24/25  
Chem - 15/25  
Maths - 15/25

Ek bhi tukka nahi mara "
t2_bepc19zf,Kim Dokja journal spread(???) cuz we share the same birthday no way 😨😨😨,0,6,0.8,0,1743708955.0,False,t5_2zhzn,
t2_1ksc3tfz7x,I HAVE VITILIGO??,0,7,1.0,0,1743705911.0,False,t5_2zhzn,"yesterday my friend told me that there r afew white spots near my lips n said it might be vitiligo and today also a friend of mine said the same thing....I'm so stressed, tomorrow I'll be going to a dermatologist... hopefully it's something else and not as bad as vitiligo 
If anyone knows what it could be then pls tell me."
t2_jtv13li2,Made this for the first time!,0,154,0.99,0,1743645411.0,False,t5_2zhzn,
t2_15j9aaf9ka,My guy frnd proposed me and basically ruined frndship,0,1,0.53,0,1743743359.0,False,t5_2zhzn,"
I (17F) have this friend (16M). We were in the same coaching class, but we literally never talked or even looked at each other. I only knew him because the teacher used to call out his name in class, that’s it.
So on my birthday, he randomly sent me a follow request on Instagram. I didn’t accept it immediately ,was planning to do it the next day, but when I checked, the request was gone. I told one of my friends about it, and I think she might’ve told him because he sent the request again.
After that, he DMed me with a simple “hi,” and I replied. We started casually talking and sharing reels it was nothing serious, just friendly vibes. He was just a friend to me . I never, ever gave him any reason to think I liked him. He also knew I don’t like younger guys.
At one point, he even told me he liked a girl, said he talks to her but she doesn’t really give him much attention. I was like, cool and he started asking for advice on how to impress her. And guess what—I actually helped him. Gave him tips and everything. 

Then one day, out of nowhere, he called me. I didn’t pick up. He called again, i was frustrated because i dont like to talk with anyone specially on calls but still  I answered. He said he wanted to tell me something about that girl he liked, that something had happened. I told him to just text me, but he insisted he couldn’t, so I said, “Fine, send a voice note.” He agreed.

I ignored the voice note for two days—wasn’t in the mood to deal with anything. But eventually, I listened to it. At first, he started talking about his board exam struggles and how stressed he was. Then he said he saw this girl during boards—they had the same center and were in the same class. He wanted to ask for her Insta ID but didn’t have the confidence. Later, he somehow found her ID and said when i see her i feel like “meri berang si duniya mein rang bhar gaye.”

I literally started laughing and making fun of that line in my head… but then.... He says, “I guess you’ve figured it out by now who I’m talking about… yeah, it’s you. I like you.”

I was just sitting there thinking what the actual hell did I just hear? I was laughing but also lowkey annoyed. Shocked. Then he texts me asking if I heard the whole thing. I didn’t even reply. 
But even after that, he kept sending reels and random DMs. After like a week, I opened our chat. I turned off read receipts so he wouldn’t know I saw his messages. He had sent this long message about how he’s trying to “change himself” for me, working on his looks, and how I was his “motivation.” And then he asked if I wanted to date him. On the same day he confessed. Dude like wtf?

He knew I wasn’t interested in a relationship. He knew I wasn’t into younger guys. He knew all that, and still.

Then like three days later, he messages again, saying, “Why aren’t you talking to me… tanha mat chhod do hame…” and “Kabhi to dekhegi na message, tab tak I’ll keep my hopes up.”

 I feel like he ruined the friendship. And now I probably won’t talk to him again.

Guys, please don’t confess your feelings if there’s no clear sign your crush feels the same. Not every girl who’s kind to you likes you. Don’t take basic friendliness as flirting. It make things awkward.

TLDR- my guy frnd proposed me even though he knew i saw him as frnd "
t2_rqtnssr1,Kya ismaartt lag raha hai,0,14,0.95,0,1743692435.0,False,t5_2zhzn,
t2_jvq1ahvg,"AI 'art' isn't real art, anyway look at the manuscript of the comic I'm making for a change",0,2,0.67,0,1743728943.0,False,t5_2zhzn,"AI doesn't make a base, and then a manuscript and then a finished lineart for those AI comics you generate on chatgpt. It compiles stolen art together and mashes it into something all you normies can all gawk at because it's something new, and post it online. I don't care if it's ""just a trend"" AI 'art' will never be real art because it doesn't actually draw, layer by layer like we do. It just... Mashes existing art together. And that's devoid of any beauty we give to art. "
t2_15vkhhq05n,My brother started watching andrew tate,0,0,0.5,0,1743739770.0,True,t5_2zhzn,"Idk what my brother is upto. I just saw his feed and it is filled with misogyny/ hate/ porn memes and I dont know what to do.  
He is my younger brother (16 yo) and very dear to me. People say its the age and he will get better with time but the way he acts now is breaking my heart.   
I am his ""bachpan mein kandhe pe bitha kar duur tak le jane wali"" sister and seeing him be misogynist and treat me like that too is hurting a lot. He started saying everyone ""bitch/R word"" and says women should not wear skirts and grape can be justifiable sometimes.  
Please tell me what to do. I already blocked many ""sigma males"" he followed and I am trying but he is being so ""women are emotional b\*tches"" day by day. I am now seeing the Jamie from that adolescence in him. I know it may be because of his immature age but 16 aint that young and it is not a way to justify misogyny. Everytime I try to clear his mind he says that I am a woman and women are trash/ idiots.  
Please only ""real"" comments and no npc chigmas I am really serious rn."
t2_m1xczdgw,What Are You Picking First ❔❔,0,60,0.99,0,1743656978.0,False,t5_2zhzn,What are you picking first guys ❔❔
t2_qhjeyxutn,I cannot pursue my dream career because of one childhood incident.,0,11,1.0,0,1743692414.0,False,t5_2zhzn,"When i was probably 1yo, i fell from the bed and my brain had to be operated. Doctors thought that my growth will be not be normal but luckily I am normal. Since i was a kid i wanted to join the armed forces, i never wanted to do anything else except joining the forces. In 2022, I got diagnosed with epilepsy, so i became medically unfit to join the forces but there is a slight chance that it might get cured with meds so i still kept my hopes high. Today i went for regular eye checkup and the doctor noticed that my eye nerves are little bit out of place probably because of the incident. Now there is no way i can join the forces. Nothing ever fascinated me except this, I don't know what will i do, i am gonna end up in the rat race."
t2_19c2ee094b,Name?,0,0,0.5,0,1743735146.0,False,t5_2zhzn,
t2_16af0he699,"TURNED 20, TIME TO LEAVE THIS SUB BUT HEAR ME OUT",0,360,0.97,0,1743617916.0,False,t5_2zhzn,"Hey guys, I turned 20 on April 1st, and in these 20 years, many things have happened. After having one girlfriend and two casual relationships, scoring 95% in 10th grade and 90% in 12th, failing terribly, working in a women's NGO, fighting against child marriage for six months, and working as a part-time freelancer earning 20K a month, I've learned a lot.

So, I’m just going to list a few things that happened to me and the lessons I’ve learned:

* Never chase someone who isn’t meant for you, especially just because others are chasing them.
* Please take care of your mental health and academics.
* School friends are real friends.
* Before getting into a relationship, be clear about your relationship **title** and boundaries. Whether it’s flirting or hanging out with an ex, you need to set and communicate your boundaries.
* You need to take a stand against toxic relatives and cousins.
* Don’t ever suppress your feelings.
* Always be kind.
* For both girls and boys, freedom comes with money.
* Communication is the key.
* Never let ego get in the way of your success, friendships, or relationships.
* Only your parents and siblings will truly care about you.



"
t2_cm75bnga,Is any of your known or family mumbers affected by 25000 teachers scam in west bengal? What is your condition? What do you plan in? Did he/she actually bribe the officials?,0,1,1.0,0,1743732475.0,False,t5_2zhzn,"Ps-this is notpolitics post, wanted to know the condition "
t2_i8pdgz1i,People say stupid things to make sense of the world.,0,11,0.92,0,1743686855.0,False,t5_2zhzn,"Secretly in their heart of hearts, almost everyone believes that there's some meaning, some willfulness to life.

Fairness.

Basic decency. 

Good things happen to good people. 

Bad things only happen to bad people.

No one wants to believe that life is random.

It’s all just noise, an attempt to turn chaos into a story, to pretend suffering has a purpose, to convince themselves that the world isn’t just indifferent.

It's similar to how people use the almighty to justify all their petty prejudices and awfulness in his namesake.

And yet, people cling to the illusion, not because it’s true, but because it’s easier.

Coz facing a world without cosmic fairness i.e. taking responsibility...for justice, for morality, for each other. It means acknowledging that the scales won’t balance on their own. 

That sometimes, bad people win. That sometimes, the good are left with nothing but their goodness. 

But what does the wise one choose?

She chooses integrity, kindness, and fairness.

Not coz there’s a reward, not coz karma will set things right, but simply coz it’s the right thing to do.

 She holds onto her moral compass, even in an indifferent universe."
t2_9qhq3jy9,Some Indians criticize things they do themselves,0,22,1.0,0,1743671417.0,False,t5_2zhzn,"Yesterday i saw some ragebait video containing indian girls with their obsession with koreans and was smtg like ""indians se shaadi kyu karna korean se karungi mai yah fir at least american"" trans:- why would i marry an indian rather i would marry a korean or at least an american , and in comment section everyone was criticising it , which sounds okay until....you get into depth , the thing is everyone was saying that ""khud aisi dikhti hai aur korean chahiye"" ""koi korean tumhe kyu pasand karega"" and many other things which concludes that koreans are superior? What does it mean ki koi korean tumhe kyu pasand karega , is it that koreans are superior and why would they like someone inferior than themselves? Supporting your own countrymen is good but you are literally just degrading us and saying koreans/americans are better and they won't pick you or smtg . Some of us are just dumb and want to defend ourselves with just degrading ourselves "
t2_e4hiouxc0,Ever had some cool script or idea for a video but dont know editing? I will do it for you.,0,4,1.0,0,1743704376.0,False,t5_2zhzn,"Just as the title says if i like your script or idea (script is preferred), I will try to edit for you. It can be anything, a video essay, a story you made or anything. Share it in the comments.

  
I will give you credits and if I earn something from the video I will share it with you."
t2_o9l0lqedp,"Forget Ghibli, look at my art",0,40,0.93,0,1743659755.0,False,t5_2zhzn,
t2_1auakv48q3,From Tommorrow I'll start doing yoga .....,0,3,1.0,0,1743708925.0,False,t5_2zhzn,"Yeh bolke ek saal se jyada hua abhi tk chalu nhi kiya (I said this more than one year ago, I haven't done anything till now) 😭🔫"
t2_8qxr2m6s,Anyone who's chronically online?,0,5,1.0,0,1743703078.0,False,t5_2zhzn,18m looking for people who are chronically online and would watch random stuff on yt and random shows with me and idk just cringe out to infinity or smth 😔 (12.6ft btw)
t2_8qy2hh44s,First Post (0 confidence),0,4,0.83,0,1743708146.0,False,t5_2zhzn,"I have been here for a while, I always wanted to share something, anything, and see the engagement, but could never muster the courage. Today I break it. Let's start with book-reading. I have been gifted 6 books (Divine Comedy by Dante, Politics by Aristotle, Poetics by Aristotle, Nationalism by Rabindranath Tagore, Moon Mountain by Bibhutibhushon Bondopadhyay, and The Psychology of Money by Morgan Housel). Tell me which of these should I read first"
t2_uo6huwaq3,Knock knock,0,4,0.75,0,1743701512.0,False,t5_2zhzn,
t2_e90jdbcc,"OP has Celebrated Birthday on Reddit for 3 years , best way to get wishes to an introvert person ,🙂",0,55,0.95,0,1743650499.0,False,t5_2zhzn,I will be 19 now 🥲
t2_zud5xv1uo,How does paneer in maggie sound,0,4,1.0,0,1743701059.0,False,t5_2zhzn,Thinking of doing it 
t2_uu53bjzj,These are my favourite nights but sadly the end🥲🥲,0,3,1.0,0,1743705742.0,True,t5_2zhzn,
t2_ncawon4c,Shakti ya shama?,0,5,1.0,0,1743699367.0,False,t5_2zhzn,"It's a poem by Ramdhari singh dinkar basically it talks about how one individual can have both characteristics shakti and shama according to circumstances. Its good to be kind- hearted,tolarant ,respectful and forgiving.But if somebody just ignores or doesn't put an ear to our requests,you have to be stern,brave,bold and raise your point in a very confident way. I found it quite interesting socha share krdu it's very subjective and could spark a good conversation as shama ke liye bhi shakti chaiye hoti h but shakti ke liye shama bhav hona imp h these both are correlated to each other"
t2_d9qkowzm5,Thoughts on this guy,0,727,0.99,0,1743597317.0,False,t5_2zhzn,
t2_slf0wuy4h,Pinky pinky what colour?,0,3,0.72,0,1743697623.0,False,t5_2zhzn,"Haha...stuck in an endless loop of engineering entrance exams and here i am hearing the sounds of neighbourhood children playing pinky pinky what colour.....

Haha...the nostalgia hitting hard...i have never played any sports after class 9th lol....it hurts to remember all those times where i could have played or could have enjoyed a lil bit with other children....but coz of being an introvert and always being at home...i never actually enjoyed my childhood after 9th ....haha

Atleast my neighborhood kids are enjoying their childhood....

'woh din bhi kya din the ' 🥲"
t2_1b3naqknxm,I tried something new with my poetry!,0,2,1.0,0,1743710927.0,False,t5_2zhzn,I will love to hear reviews
t2_cy5e4ipm,Istg ts pmo,0,37,0.93,0,1743654315.0,False,t5_2zhzn,
t2_eswzswiv,School drama got bullied by popular children but came back stronger,0,5,1.0,0,1743692274.0,False,t5_2zhzn,"Alright, so let me take y’all on a ride… aka, the worst two years of my school life. Buckle up.

This is my experience after joining another school as an 11th grade new student since my previous school was only till 10th, and all the names here are used as fictional because I wanted to put the message across without revealing any identities.

So, I joined a new school in 11th class because my old one only went up to 10th. Walked in thinking, new beginnings, fresh start, maybe I’ll make some cool friends. WRONG.

This school had two types of students:

1. The “old batch” (aka, they ran the place like some monarchy).
2. The “newbies” (aka, us poor souls just trying to exist).

Enter Chameli. Self-proclaimed popular girl (mean girl). Walks around like she owns the school just because she’s been there longer. And because the universe LOVES messing with me, we had our first clash over the class rep election.

Now, Chameli’s squad was OBSESSED with the idea that she’d obviously get picked. But our teacher? She had other plans. She wanted a new student to step up. Guess whose soul left their body when she made eye contact? Me.

I had NO clue what a class rep even did, so I asked. Instead of answering, Chameli dramatically passed the mic to her sidekick Gattu (ex-head boy, now professional instigator). He gave me a rundown of the “responsibilities,” which basically included snitching on classmates (writing names on the board if they were being loud, so kindergarten, I know). I wasn’t about to be THAT person, but I still took the role because, idk, peer pressure?

Biggest. Mistake. Ever.

Chameli hated that I got the role. Like, full-on evil glares. Every tiny thing I did? She made it a HUGE deal. I forgot my graph book once? The world was ENDING. Meanwhile, half the class also forgot, but guess who got singled out? Yep, me.

Then there was Champak (class clown, now boys’ rep, also on Chameli’s side). Did he ever do his job? Nope. Did he mock me instead? Absolutely. And let’s not forget Gattu, who pretended to “help” but actually made things worse with his useless advice, just to mess with me.

Oh, and then there was Violet. I THOUGHT she was my friend. Spoiler: She wasn’t. The moment Chameli’s squad welcomed her, she turned into their biggest cheerleader. Even when they were straight-up bullying me.

Now, when I say bullying, I mean brutal. They called me names, laughed at me for the smallest things, and even used abusive words in my mother tongue. Chameli? Oh, she joined in on that too. And the worst part? Nobody stood up for me. A few people acted nice in private, but in public? Silence.

It got so bad that I considered just not showing up to school. Felt like an outcast. No real friends, just people waiting for my next “mistake” so they could have a good laugh.

But you know what? I said screw it. I stopped reacting, focused on my studies, and by the time school ended, the bullying? It faded. And I realized… none of it even mattered.  
Chameli, Gattu, and the rest? Irrelevant. Their words? Worthless.

So if you’re dealing with people like this—just remember:

• Their words don’t define you.

• Their drama is temporary.

• Your glow-up is gonna be permanent.

They peaked in high school. You? You’re just getting started.

  
Has anyone else been through something similar? How did you handle it?

"
t2_v1ltuyo0x,Periods and mood swings are weird,0,5,0.79,0,1743685688.0,False,t5_2zhzn,"I'm on my periods rn and I just completed crying over the fact that the notebooks I bought have 400 pages and they're heavy and I can never fill all these pages with just writing notes. 

Yeah I cried over that "
t2_12uy106a0a,20+ Year olds predating on 16-17 year olds outside Allen,0,5,1.0,0,1743691361.0,False,t5_2zhzn,"On my 1st day of Allen after returning home. I got to know from a friend of mine who had a friend whose elder sister was in the evening batch.

He told me that his friends sister and her friends plus some other girls were approached by 20+ year old boys right outside Allen. They asked for their numbers and socials + line maarni wagera. One of the girls like a total retard gave her number. After  giving the number she took a public bus in which the guys followed her. Staring at her the whole time. When she got down the guys also got down laughing while looking at her and catcalling etc.

She told her father who was in Military and he reported it to allen and the police. 
Today armed guards were standing infront of Allen 💀"
t2_cimqnj36,Newly opened mall clicks,0,5,0.86,0,1743691273.0,False,t5_2zhzn,
t2_1bfi83gkru,guys drop favourite artist + song,0,2,1.0,0,1743707897.0,False,t5_2zhzn,need song recs 
t2_ex859qx5,indian universities for international students,0,2,0.62,0,1743720920.0,False,t5_2zhzn,"
hi! i (18f) literally right now had this realisation that india is the perfect place for me to study in. i mean, it's close to home, it's far enough in the sense that it is another country, i can speak and understand hindi, i love the culture, i am a sucker for south asian men in general-- india just sounds like the dream. soooo here's the thing: where do i begin? 

i am an alevel student atm, i'll be done with 2 subjects this august and the third one by jan next year. what are some areas i should look into? and universities too. i'd like to study econ/business/statistics. i dont think i'll settle there, i'll move back home once i'm done. pls give me an overview of what to do and what not to. oh and, lmk if the india-bangladesh tension can hamper my experience over there. i swear i dont bite :3

hope you guys are doing well in that side of the border! <3"
t2_1ayrvtm6n5,I need a phone under 15k. Please recommend what you guys have as a 15 yr old,0,9,0.81,0,1743672617.0,False,t5_2zhzn,"It's my first phone 
Please give good recommendation "
t2_qvigsvub,What do u watch on youtube while eating ??,0,3,1.0,0,1743697605.0,False,t5_2zhzn,Tell karo
t2_1j8p449fws,What's with the hype of Invincible,0,2,0.75,0,1743704422.0,False,t5_2zhzn,"I don't get it. I binged the whole season 1, yet only the last episode was good. But everyone is so hyped up about it. Like why? Does it get better? I've started season 2 and it's kinda looking promising but still, not so sure. There are more cliffhangers by the end of each episode in season 2 which I like but that wasn't the case for the first season. 
Also the animation... It looks like Ben 10 alien force. The only good part (animation wise) was when >! Cecil hits Omni-Man with the lightning strike from outer space or whatever !< I liked the animation of that whole sequence. But other than that it was meh.
Does it get better? Why so much hype? 
Also why does Amber look so ugly? I don't like her one bit. Eve's so much better and fitting as Mark's girlfriend."
t2_x2co4ur0r,Any of u guys are earning money on your own?,0,2,1.0,0,1743702081.0,False,t5_2zhzn,Well my parents want me to start earning in late teenage idk what to do
t2_15u7s6njgh,made these for an order <3,0,32,1.0,0,1743647263.0,False,t5_2zhzn,
t2_18mbfe564s,Help me show my girlfriend what goes on reddit,0,512,0.96,0,1743592985.0,False,t5_2zhzn,"I will be sharing her top 5 most upvoted memes in the comment section.

She's definitely gonna leave me after this /s."
t2_rdk75gsb0,"19 Year Old Feeling Pressured, Stressed, and Taunted by My 11 Year Old Brother",0,20,1.0,0,1743657121.0,False,t5_2zhzn,"Hey everyone, I’m 19, and honestly, I’m just fed up with everything. My 11 year old brother is really angry all the time, doesn't listen to anyone, and spends his whole day watching Facebook shorts or whatever random videos. He doesn’t study, doesn't care about anything, and still gets treated like the golden child by my mom. On top of that, he taunts me, calling me an idiot, saying I'm a ""waste"" of the family, and making fun of my JEE results. I’ve always felt pressure to do well, but it feels like nothing I do is enough. Even though I took the JEE under a lot of family pressure, my results weren’t what they expected, and it’s hard to deal with the constant comparisons.

I’m really struggling with this, especially when my brother's behavior just adds more to the stress. I feel like no matter how hard I try, I'm always falling short. But at the same time, I wonder if his actions come from being ignored or treated differently in the family. It’s draining, and honestly, I’m fed up with being the one who has to constantly prove myself. Do I deserve to live more?"
t2_uo9boj77,IndianTeenagers core 🐝 (pause to read pls),0,329,0.99,0,1743598992.0,False,t5_2zhzn,"I didn't want to post this cause ik I've messed up so bad but posted it anyway lol, y'all free to judge this shitpost 🎀"
t2_q1jomo9x,Help! Skin care,0,4,1.0,0,1743684982.0,False,t5_2zhzn,17m...never tried skin care ...any home remedies to de tan myself? (Don't call me gae for doing skincare...the tan diff is crazy..I wanna get rid of it🥴🙏🏻)
t2_6l4z3,"r/IndianTeenagers Late Night Discussion Thread (Share Your Days!!!) [April 03, 2025]",0,2,1.0,0,1743697836.0,False,t5_2zhzn,"Keep the following points in mind:

* Keep it civil and family friendly (mostly)
* Only reveal information which you are comfortable revealing
* Report a comment if you feel it violates any rules"
t2_g705ok7d,Very happy today,0,4,1.0,0,1743683995.0,False,t5_2zhzn,"Got 2 papers published and my team also did well in the presenting a lot about a project that we are making in a competition.
Don't know if we'll be selected or not but happy with my team's efforts"
t2_7279auuq,Just realised that Virat and Kohli are the same person,0,1,0.55,0,1743697167.0,False,t5_2zhzn,Yes I'm a guy I was talking to someone and I realised that Virat and kolhi is one person 'virat kolhi'
t2_17ehbvevy9,"After a long time, here’s another one for you guys!",0,16,0.91,0,1743654969.0,False,t5_2zhzn,
t2_vat4of2k,Is this happening in your society or only my neighbourhood are dumb,0,22,0.96,0,1743648970.0,False,t5_2zhzn,"It's disheartening to have endured this situation for so long. For the past 13 years, the plot opposite my house has been a persistent dumping ground due to the neighborhood's irresponsible disposal of waste. Adding to the problem, for the last five years, an elderly resident, living five houses away, has been compounding the issue by daily setting fire to this accumulated garbage in a misguided attempt to clean it. Despite my efforts to explain the detrimental effects of burning waste – the significant air pollution and the release of harmful microplastics – the community's lack of understanding is deeply concerning. As someone who has suffered from sinusitis for the past four years and experiences breathing difficulties, the smoke from these fires directly impacts my health, especially as it drifts towards my home. While I am relocating in two months, I remain troubled by what seems to be a widespread lack of environmental awareness and civic responsibility within our society. It's frustrating to witness such a disregard for basic logic and a seeming unwillingness to consider the impact of their actions on the environment and their neighbors.
"
t2_g3jdl449,"Fuck Uni, fuck Studies, fuck responsibilities. I just want to rot in bed😭",0,20,0.96,0,1743649653.0,False,t5_2zhzn,
t2_bui9vw5i,"Anyone going for ""A MINECRAFT MOVIE"" tomorrow?",0,3,0.8,0,1743694182.0,False,t5_2zhzn,Im soo excited ✨✨
t2_r8syzsra8,Random edit I made a few days back...,0,10,0.86,0,1743662727.0,False,t5_2zhzn,
t2_mj4i4lu5,The police ain’t that bad TW: Suicide,0,589,0.99,0,1743582181.0,False,t5_2zhzn,"Last night I(m17) was feeling real shitty. I decided to take my scooty out for a ride at like 1:45AM. I was getting suicidal thoughts, a lot of mental pressure(due to magnitude of reasons. Main being NEET and my family) P.S I am diagnosed. So I live in Mumbai and I was driving around Colaba area. My dumbass could have gone for a walk but I’m kinda retarded so yeah. The police were stopping people for a check which is a common thing in cities late at night. But the thing is… I don’t have a license. So the police stopped me, asked me for a license… and I was trying my hardest not to panic and shit. Just said things like “I’m sorry chacha, meri galti hi hai”. Then, the two saving graces arrived. A younger male officer and another female one. They realised something was wrong, made me sit down, gave me water. And they just listened to me cry and vent. They didn’t even give me a fine. But the thing I am most happy about, is that they actually took time to listen for a good half an hour. Then I went back home and slept peacefully. "
t2_7s6etbdp,was searching for some common indian names bc i was writing a skit,0,2,0.76,0,1743692716.0,False,t5_2zhzn,"https://preview.redd.it/dn26ebmlxmse1.png?width=841&format=png&auto=webp&s=84b15f9893a59766047b8e3fa4e8c4339e36c6a1

"
t2_vjaynkwfe,Just watched Laila Majnu (Any reccomendation for more movies??),0,2,1.0,0,1743692648.0,False,t5_2zhzn,"The movie was such a roller coaster for me. I still can't believe the ending. Its a bit sad, but amazingly awesome at the same time. I liked the concept. I am not familiar with the story of the original Laila and Majnu. So I don't know whether or not this was directed in to match the real story. But I enjoyed it. Shed few tears.

I was wondering what movie I should try next. So, I am all ears. 

PS: Any other amazing masterpiece movie is just as welcome. Thank you  
"
t2_1je8trjecv,ना होते हम.....if we didn't exist....,0,4,0.84,0,1743674250.0,False,t5_2zhzn,
t2_1b8x7g6tr4,Wrote this poem on space 🌌!?,0,3,0.81,0,1743683213.0,False,t5_2zhzn,
t2_u1f3ug2sr,a piece of writing that i've worked on extensively for the last couple weeks. i've put alot into this and i'm very content sharing this out here now. what do you guys think? <3,0,2,1.0,0,1743689512.0,False,t5_2zhzn,disclaimer: explicit language.
t2_1080iulp3e,Scar from “Fullmetal alchemist”,0,7,1.0,0,1743664706.0,False,t5_2zhzn,drew him form using the manga as reference
t2_1ipzjv1w9q,a minute for Kancha Gachibowli forest,0,1,1.0,0,1743701844.0,False,t5_2zhzn,
t2_rdk75gsb0,17f is really super overpowered,0,10,0.92,0,1743655863.0,False,t5_2zhzn,"When I made post like this, very less interaction

https://preview.redd.it/h3vt375xvjse1.png?width=765&format=png&auto=webp&s=4504dc7f51137ad1616d88beac0773a34b8d180d

When used 17f ,

https://preview.redd.it/2kuyff31wjse1.png?width=753&format=png&auto=webp&s=fd467435426fd302b5d7522c4af12b418f459f4e

  
17f is overpowered."
t2_opoh33fhs,Tried my hand at product photography. How is it?,0,1,0.67,0,1743700365.0,False,t5_2zhzn,
t2_we2gzy1q8,How many of you have DECA @ your school/college and is it worth it?,0,1,1.0,0,1743700299.0,False,t5_2zhzn,"After searching, I found out that we indeed do have DECA in Indian schools. I really want to participate but my school doesn't have it. I want to start a chapter, but I don't know how to find other people who want to join DECA and also, the prices sound a bit too much and I'm not sure my school will agree. If you started a DECA chapter at your school or if there is a DECA chap at your school, please tell me your experience. Also, does your school cover all the expenses or do you have to? If you have to, how much does it all cost?"
t2_1dr97pz7mv,Which type of dad do you have?,0,1,0.54,0,1743700200.0,False,t5_2zhzn,
t2_15m21b5o3w,my plaster isn't clean anymore,0,7,1.0,0,1743661878.0,False,t5_2zhzn,"thanks for all your wishes.!!! this is how my plaster look rn thanks to my sisters .

also dear mods why did i got my post deleted it wasn't rate my pic at all ,get some help fr!"
t2_7pujau23l,shiposts dose,0,3,1.0,0,1743678036.0,False,t5_2zhzn,"https://preview.redd.it/w27h4hrpplse1.png?width=736&format=png&auto=webp&s=bcf705751db91f68b67477b002496f09e276b757

https://preview.redd.it/j6s4qbuvplse1.png?width=474&format=png&auto=webp&s=a71423e944b08afcdf36f79270021ad78889f9d1

https://preview.redd.it/uvumkfdxplse1.png?width=236&format=png&auto=webp&s=d73c4ee03c225eccb54e463d92428859fb50a4bf

https://preview.redd.it/7xgjo9s0qlse1.png?width=236&format=png&auto=webp&s=1ba8057f12aa2dd4508c00515599bfd0ead9ed15

"
t2_14bcb0pkj2,"I wonder if i had cousins of my around age, how fun it would have been.....🙂",0,2,1.0,0,1743684998.0,False,t5_2zhzn,"Yeah, so, the cousins i have either are too young for me or too old.   
There isn't anyone in my neighbourhood or I say in my village whom I can say is my friend or I can friend with, because again they are younger and those who are big or around my age,  
Since childhood, my parents have never allowed me to play with anyone in my area. Even if I ever went out to play, I was only allowed to play inside the home of theirs or mine, or in front of the home

so for a very long time I wasn't in much company of boys and males. It sucks, I know nothing now, neither I am good at sports, neither I have street smartneed, as I was never part of boys companies, I have very less boys traits, it also resulted in bad physical health, 

in my school too, the only so called male friends I had were too toxic and more I can say they were bullies, so at the very end I am left with a group of 4-5 friends in which only one is boy, in whom I started losing interest because he also becoming the one toxic male....  
and all these resulted into me being gay, it sucks dude really sucks.... its not even a month of my board exams are over and there are conversation in the friends group. So the only one I am left with is my family, which is not one to enjoy with. All I wished from childhood was an older brother, which was technically Impossible.  "
t2_aispnwr4b,So true,0,74,0.98,0,1743614922.0,False,t5_2zhzn,
t2_1fpbzglunx,WTF IS MOMENT OF SILENCE?!,0,513,0.97,0,1743575975.0,True,t5_2zhzn,"**MY MIND IS GOING SCHABOINK WITH THE ADS 😭 I dont want to learn about hookup friendly underwear, what's it with you if i dont go to therapy?**

EVERYTHING FROM YOUR CHEAP GIRLY GIGGLE TO YOUR MASCARA RUSE IS IRRITATING AS HELL. I WANT SPOTIFY MOD 😭ON IOS

(16M HU, AND I ONLY WANNA SAY- FXCK YOU MOMENT OF SILENCE)"
t2_11tuomqvjg,Mentally stuck. Need guidance.,0,3,1.0,0,1743676176.0,False,t5_2zhzn,"Hello, it's me, your friendly internet 10th grader, whose demonic school decided to start classes on April 4th, who has had a problem with studying for the past few months.

Alright so this story starts around December. Until December, I was able to study well; pick up a book, read, absorb, and retain knowledge properly. However, something changed in January. I suddenly lost all my focus. When I picked up a book, even before boards, I couldn't absorb information. Before, I used to study and learn something (even if I did get up on occasion, go check the fridge, whatnot), but now, I can sit for 3 hours straight at my desk, and end up not learning a single thing.

Now, I have correlated this to something my parents did- but it's probably not the cause.

On Jan 1st, my parents took away my laptop. What they intended was for me to actually study, but I did need my daily digital fix, so I switched to using my mom's phone. On my laptop, I usually used Discord, Youtube, and Reddit to pass time. I watched longer-form content with less cuts. However, when I used my mom's phone, I spent more time on Instagram, which probably wrecked my attention span. Combine that with stress and you have the recipe for garbage studying.

My problem may also just be a case of burnout, but that's beside the point

My question now is: How do I deal with this?"
t2_z5tjdcfv2,True isn't it,0,314,0.99,0,1743584962.0,False,t5_2zhzn,
t2_1ejb2aqk4l,i was just trying to access this subreddit bro😭🙏,0,2,0.75,0,1743683869.0,False,t5_2zhzn,"https://preview.redd.it/e7txhsw67mse1.png?width=1919&format=png&auto=webp&s=c6fd6c15ed3d7d9212fa461cf4bd55276360e982

"
t2_uw296bco,"I am dark, unattractive and a loner with no one to look upto",0,178,0.91,0,1743595944.0,False,t5_2zhzn,"I (16M) went to my first day of class 12 with high hopes but as usual I had to sit alone in the corner of the class with no one to talk to me 

I look ugly, fat and dark skinned compared to other fair skinned boys&girls of my class.. they all have many friend groups and mingle with them all the time and as I always try to put my head down to not feel lonely I only hear their laughing and spending good times and nothing more 

I have no serious friends, I am not respected in any friend group and just because I considered having self respect I don't get to be in any friend group because they troll me and I only have 2 friends who are always mostly active in different friend groups leaving me alone as always 

Today as I was sitting alone, a few girls were talking on where to sit together in eco's period.. One girl said 'jaa iske saath baithja' and they all started laughing after saying that.. I had put my head down and was almost on the verge of tears as I have never had anyone to call my true friend or talk to anyone, I am the perfect definition of an incel (I don't hate women) because I hit all the checkboxes of being ugly and no girls

I have never had any female friend in my entire life, no one ever liked to talk to me... I liked a girl but I will never be able to even talk to her because of my looks and she will reject me even if she knew me because no girl will like to be with me..
I have never talked to any girl online.. my DM's are empty for days no matter the social platform.

I never got to experience teenage love, Teenage relationships, Movie outings, Going to trips and restraunts with my friends and the thing which hurts me the most is that my cousin who was from the same school was one of the popular kids and did all this stuff while no one even looks at me

I vanish for a month, no one cares, I was admitted in the hospital for 2 weeks, came back to school and no one even asked where was I but fought with me to sit on the seat I used to sit on 

There's a big mirror on one of the buildings in my school and when I pass through that area... I turn my head down because I don't want to look at my reflection... the sole reason behind my miserable life

Sometimes I think of ending this all but I can't... I am nothing but a loser and nothing more "
t2_1i7wfx0iyt,Looks pe nhi jaate...tt tt,0,1,1.0,0,1743697292.0,False,t5_2zhzn,"Kaiae needs

so Bohot bhadi kahani h isliye shuru se. Toh mere coaching me ek bhaiya the Jo avarage tryna be cool type h aur dressing sense h, dikhte bhi thik the. And that's it, i thought if I would consider him as a 'ache' bhaiya tho i knew date toh mujhe UNHE karna nhi tha. NOW at the end of october mene ek Karate class join Kari AUR agle din vo bhaiya vaha the TT TT i was a horrible introvert at that time and felt at unease. He was red belt (second highest. Before black) and hence trained me and fight ke time bohot politely bolte. So i STARTED thinking if I like him. ON nov 17 i decided to prank call him as unka no. Karate group me tha. My friend called him. Conversation - ""Hello"" ""Hello kon🤓?"" ""Mai apke ghar ka bhoot👽"" ""Hain🙂?"" ""Mai apke bed ke bagal mein hu😏"" ""Maine check karliya tum nhi hu😊"" ""Mai fridge mein hu😈"" PAPAAAA💦💦💦"" And the call ended. Now mere andr ki chul khatm hoi nhi ki maine usse message bhi kar diya Meri dost banke.SS humne daal diye. Ab mera vishvas tut chuka tha. Aur humne DOOBARA CALL KARKE MAJE LE LIYE,😭 She called him asking kya kar rahe hu and all that. Call ended. Then after sometime i made a Snapchat account and started following him, he asked who mi. Maine bola karate mei hu and sent him these SSs bro started explaining and all that ki why his texts were so sus. So i just sent ""🥰"" and bro be panicking so hard. After that I didn't see him at tution and he stopped coming to karate too. I was SO RELIEVED. But it was just during his 10th boards. He started coming to karate again recently.. Now I thought bro would target me but bro being so noob, laat marte hoye jameen pr lait gaya. Today i went to buy books for my new session in my most idgaf outift in which I looked like shit and GUESS WHAT?! I saw that BITCH in a nice causal kapde but I continued walking like a idgaf. Jab book store puche I was so relaxed that he wasn't in sight. AND THEN OUT OF NOWHERE BRO DECIDED TO TRAVEL 500+KM DUKAAN TAK.🤬🤬WITH HIS MFking FRIENDS. (exaggerated value)🗣️ Maine kadha khod ke ghus Jana thaa👁️👁️👄. So i decided to keep a poker face and act like I didn't notice him. Later when he passed by i thought isse bura kya ho sakta h. And started walking around. AT THE SAME FUCKING MOMENT A BOY FROM MY KARATE CLASS ARRIVED ON A SCOOTY WITH HIS FATHER.😖 dusri taraf se cocain bhi aa raha tha. Maine hath jode now I don't know how tf i m going to go to karate tomorrow pray for me. aur bhag gayi 💪🏼"
t2_6t6pblv6z,In search of this jacket,0,4,1.0,0,1743668991.0,False,t5_2zhzn,"Need this jacket

I saw this website
Is this trustworthy?
And if not then any online place from which I can buy."
t2_14duthju3l,What is something cute I can gift my bf that's the equivalent of flowers?,0,1,1.0,0,1743695376.0,False,t5_2zhzn,"He takes really good care of me and gave me flowers a while ago, and while we have only dated for about a month right now, I just wanted to gift him something too.

Something that's not that expensive like below 500 please but something cute that he'll like, diy gifts are welcome too."
t2_gt80f8jg,I made cheesey egg toast,0,1,0.54,0,1743694380.0,False,t5_2zhzn,
t2_1d5kqhbevl,Which one of these looks better,0,4,0.76,0,1743658867.0,False,t5_2zhzn,I'm buying 2 phone cases for me and my girlfriend 
t2_13wekcugq3,Success is best revenge,0,7,0.82,0,1743657820.0,False,t5_2zhzn,"I'm 17m and I don't have a single friend or anything I left every social media after a breakup lost my grandmother in September every friend left me now I'm alone idont need anyone of them but I need a motivation bcz I want to clear my exams which is in next 40days I want to show them that I'm better without you too after exams I want to improve in my social life social media and all 
Post your 'success is best revenge' Stories in comments so everybody can get motivated "
t2_f5ybg2rkw,MY GIRLFRIEND TRAVEL 600 KM JUST TO MEET ME 😭🙏🏻,0,2944,0.91,0,1743537411.0,False,t5_2zhzn,"We first met on Instagram stories, started talking, and got into a relationship. I proposed to her on October 20, and it's been about 5 months since we've been together. Recently, she traveled 600 km just to meet me for an hour at a famous religious place near my city, as her mother was coming there too. We had an amazing time, and she looked even more beautiful in person. Although we couldn’t go anywhere else, we spent that hour roaming around the place, enjoying a 30-rupee ice cream and a 30-rupee badam shake, even though they weren’t great. We shared a hug, and she felt so soft. I brought her chocolates, and she gave me a bracelet as a gift. It was such a simple yet perfect day, and I’m so happy.

"
t2_17r58id1sa,my book (from 7th grade),0,10,1.0,0,1743646887.0,False,t5_2zhzn,"hey guys, this is a book i wrote when i was in 7th grade (basically 3 years ago). hope yall enjoy it, gonna release only 2 chapters of it now as i need to modify some things. there are 4 chapters

# Chapter 1

# The Science Exam

“The Mechanical Advantage is the ratio between resistance overcome and effort applied. It is also load/effort and effort arm/load arm,” I murmured while I was fast asleep. I had a science exam that day. I was ready to attempt the paper.

  A few minutes into my sleep, my mom furiously came into his room, filled with vivid colors all over, with a large car poster beside the writing table. She pushed me hard and woke me up. She said that it was 8 o'clock in the morning and that I had I exam at 9:00. She asked me how I would get ready. I replied, ”Sorry mom, I will wake up early tomorrow.” After she went away, I looked at my watch to check the correct time, and it was only 7 o'clock! I got ready for school and got onto my bus, which looked gauche from the outside, especially with the yellow color scheme, but it was elegant from the inside. The least amount of plastic was on the inside. The main dashboards and the windowsills of the bus had vibrant colours. The bus was waiting outside for me. It honked 5 times in front of my house.

I got in and started revising everything again. Just as I completed it, I reached the school.  

# Chapter 2

# Teleportation

I went up the stairs to my classroom, but to my amazement, no one was there. I roamed all around that floor and did not find any single person. I remembered the people at the front desk, who was there even at midnight. I came near the stairs. OH NO! “There were no stairs that go up or down!” I cried. I was terrified now because I wouldn’t be able to escape and would be trapped here my whole life! I looked all around the floor. I opened all doors. I went near a yellow door and stepped in. As soon as I touched the door, I teleported to my classroom. “Oh my God,” I whispered to myself.

I was relieved now and cooled down. I knocked on the door and requested the invigilator, ”Good morning ma’am, may I come in?” I was pretty sure that the teacher would shout at me because I came late, but to my amazement, time stopped when I was in the basement, and I wasn’t late. I completed the science paper, and it was very effortless for me. I started to wonder what I could do if I was able to freeze time by doing something. ‘Something’ is what I don’t know right now.

The class lined up for the bus after completing the paper. As soon as I got on the bus, he started thinking about what I had stepped on which teleported him to the basement. Then I realized that he had stepped on a button that was a button in disguise. The button was shaped like a leaf, and it was placed in a way that no one would ever observe it. 

  
When my best friend Samuel got onto their bus, I explained to him, “Bro, you know what I discovered this morning? I-.”  
“-Even I did see something amazing this morning, Ok, Ok, continue.”  
“So what happened is that I went to the classroom door next to our classroom accidentally thinking it was our class. AND then it teleported me to a secret basement that is below the floor we get into when we enter the school. If you go touch a yellow door, you go back to the entrance. Isn’t it amazing?!” Samuel said, “Yes, isn’t it AMAZING?! Guess what, even I teleported this morning. I think I stepped on something and teleported there. Also what I noticed was that the time had stopped when I was in the basement!” “Yeah I know. We should not tell this to anyone. Let us keep it a secret between ourselves."" Divit accepted. He then questioned me, “Why do you think anyone even built this basement? Who even built the basement?” Hmm. A wonderful question I thought. “I don’t know,” I replied, “Maybe we should find out?” He did not speak for some time. And I knew that meant a yes.

Thanks for reading!"
t2_qvigsvub,What India will be in next few days,0,4,0.84,0,1743659809.0,False,t5_2zhzn,
t2_cy5e4ipm,OP found a treasure,0,0,0.5,0,1743691205.0,False,t5_2zhzn,Holy shi bro i found my lost silvermedal this was my first one also this I won in interschool competition I'm from sjs and went dbs for fizza rangmanch :3 
t2_z3t35aq7j,Happy one month anniversary to me 🎉(not what you think),0,1,1.0,0,1743688083.0,False,t5_2zhzn,"Happy month anniversary to me yay but not for the duration of my relationship but my breakup yes you heard that right today is my 1 month anniversary of my breakup and i just want to write how i am dealing with my feelings 

Refer to this post url if you want to know abt my breakup 
In a nutshell we had to breakup because her abusive parents found out abt us and took away her phone atleast thats what i thought a few weeks ago i follow requested her instagram profile from my friend’s account (i don’t have a insta account) and today i saw that she has accepted the follow request which means she does have a phone but she chooses not to reach out to me rn idk how to react at all it’s one of those things that i can understand why she isn’t texting me again but also i mean she would have done smth 

But enough is enough now atleast i got some sort of closure that she chooses not to reach me out good for her idc i have to move on. She does not love me anymore or if she does it’s not strong enough for her to fight in front of her parents or she is just a weak person not my fucking problem atleast now i can move on in peace knowing she doesn’t love me anymore and tbh i am happy for her and good for her atleast she does not have to deal with the drama with her parents everyday happy for me and as far as my feelings are a concern it doesn’t matter :)"
t2_1080iulp3e,A few nice pics I’ve taken over the years,0,3,0.67,0,1743665778.0,False,t5_2zhzn,
t2_dkq1jdn7,OP’s gaming collection,0,11,0.72,0,1743638392.0,False,t5_2zhzn,"PS2 from Switzerland, PS4, PS5 Slim, and PSVR. Girlfriend borrowed the PS3 with its games and never returned it 😔"
t2_1gnuu4pilh,awwww 😶‍🌫️,0,495,0.96,0,1743565737.0,False,t5_2zhzn,
t2_1ig0p4y37w,Is it a red flag if someone exclusively draws girls?,0,37,0.87,0,1743615554.0,False,t5_2zhzn,
t2_379mpqdk,SCREW ur Ghibli Art trend. DOMAIN EXPANSION!!,0,84,0.92,0,1743598566.0,False,t5_2zhzn,
t2_9rpckg5n,How many of y'all still drink milk 🥛 everyday?,0,152,0.86,0,1743585544.0,False,t5_2zhzn,"I'm almost 18 and I still drink milk everyday 🥛😋, and I'm never gonna stop drinking it even when I reach 90 years of age. It's the best drink ever , it's hydrating and has almost all the vitamins that you need ( except vitamin C). My friends tell me to grow up and to drink chai like an adult cuz I'm not a baby anymore but I hate the taste of chai, it's so bitter and even if you put sugar in it, it just tastes weird. Milk tastes so good plain, warm or chilled. It's also so healthy for you, I drink 1-2 litres of milk everyday and once I get a job I'm gonna drink 3 litres of milk everyday. I don't care if it will cause kidney stones. I will still drink milk 🥛 everyday 😋😛. Even on my wedding day, the birth of my children or at my funeral, I will drink milk at any occasion. 

Btw oat milk, almond milk and coconut milk aren't real milk, they are just nut water. Real milk comes from mammals. I always wonder why I'm so addicted to milk but then I remember that I was breastfed by my mom until I was 5 years old. But then one day my mom asked me "" you should ask your school friends if they still drink milk from their mothers, if you are too embarrassed to ask that then maybe you should quit getting breastfed by me"" and that was the day I realised that I need to stop drinking from my mother and finally lock in but I still love milk to this day.

I'm gonna get addicted to milk instead of alcohol when I grow up and then I will beat my husband after getting drunk on milk 🍼😛 /s

So yeah fuck chai, I'm milkpaglu."
t2_1jbwf2n7qz,guys can i pass? CBSE Class 12th Accountancy Board,0,2,1.0,0,1743669881.0,False,t5_2zhzn,"17F  
Im scoring above 65-70+ out of 80 in theory + 20 internal. in every other subjects except accountancy.  
i had my accountancy board on 26th march but due to anxiety i pulled 2 all nighters and my mind went blank in the examination hall.  
im scoring around 24 including step marking i need 26 out of 80 to pass can i pass will they provide grace marks or no? 24 marks ka chorke jo mera theek hai i attempted 8 marks ka extra 2 questions of 3 marks and 1 questions of 2 marks.. they are wrong but can i get 0.5 for attempting ? im scared please HELP  
i have to focus on my CUET."
t2_gj5vb9u74,How many of y’ll are gonna try this?,0,2,0.63,0,1743668024.0,False,t5_2zhzn,"Honestly, don’t know if should"
t2_l91ayf9s,I just want these electricity people suffer,0,2,0.75,0,1743666398.0,False,t5_2zhzn,"These mfs cut my electricity daily, these fuckers don’t cut the electricity of 2 kms ahead and i cant fucking go there, my pc is getting slow and slow because these peeps cut it like that even my ups cant handle and goes 0. My electricity cuts every day for 25 mins like they cant swallow their food without doing this. My 2L pc works like a 70k one"
t2_d666m4bbj,Guys he is literally me,0,246,0.96,0,1743571917.0,False,t5_2zhzn,
t2_110huonuww,Fuck AI. I made Ghibli art myself,0,18,0.91,0,1743621823.0,False,t5_2zhzn,Potraits of my mother and teacher.
t2_146v95esek,'sup shorties.,0,0,0.5,0,1743677957.0,False,t5_2zhzn,"Just wanted to ask how is the world down there?
Bet it's pretty warm since for me it is pretty cold up here(6'3""). I have a cold. 

At first I just wanted to make a post making fun of ya'll for being short but now I had an Idea to ask what problems you guys have down there. As a gracious person of 'taller' intelligence I do need to ask for your problems to understand them."
t2_7pujau23l,clearing my gallary #2,0,1,1.0,0,1743677855.0,False,t5_2zhzn,"https://preview.redd.it/jeewo4xdplse1.png?width=236&format=png&auto=webp&s=dc42f86b0b1cf6cf5f06046c02b58adef35cca93

"
t2_aylyhqte,This edit took me 6 hours to make,0,226,0.95,0,1743571558.0,False,t5_2zhzn,Can you guys please rate it
t2_paq2tbsxd,"""Adolescence"" dekhi Netflix pe? Your views on it!",0,120,0.88,0,1743583373.0,False,t5_2zhzn,Has anyone seen it yet??? Do you agree with the matter it speaks about or do you consider it a propaganda? AND IS THE SAME MINDSET PROBLEM PERSISTENT AMONG INDIAN TEEN TO?
t2_7pujau23l,clearing my gallary on reddit #1,0,1,0.67,0,1743677474.0,False,t5_2zhzn,"https://preview.redd.it/5pl28a5colse1.png?width=700&format=png&auto=webp&s=1de915f81eafb8b2e9b93706b44531c312d65b2c

"
t2_1gnuu4pilh,It's like never ever.....,0,14,0.86,0,1743624316.0,False,t5_2zhzn,
t2_1bwoyvioml,Big Sister Advice for 11th & 12th Graders…Don’t Make the Mistakes I Did,0,49,0.93,0,1743600344.0,False,t5_2zhzn,"Okayy so listen up, 11th and 12th entering kids. Here’s some advice from your big sister who fucked up, and a reminder of what to do and what not to do. Learn from my mistakes, so you don’t have to make them yourself.

Don’t take 11th as a break. I know you just gave your 10th boards, and you feel like you deserve to chill. And you do. But if you slack off now, 12th will hit you hard. I wasted 11th thinking I had time..I didn’t. Don’t do that to yourself.

Even if you did waste 11th, don’t panic…just focus on 12th. And for the love of god, don’t underestimate boards. I thought, “Arey, boards hi toh hai, last 2 mahine mai ho jayega.” NHIII HOGA. Boards need effort, just like entrances do.

And remember why you started. All those years of studying weren’t for you to just settle now. If you’re tired, take a break, but don’t quit. What you do now will shape your future. It hit me soo freaking hard cause i never got that bad grades but achanak se got them in the most important exam of my life.

But also, your life doesn’t depend on marks. If you don’t get into your dream college, try again. A bad result doesn’t define you…how you move forward does.

If you’re in a relationship, enjoy it, but don’t let it be a distraction. You can love someone and still do well. Push each other to be better instead of wasting time. If your relationship is pulling you away from your goals, fix your priorities. The right person will understand. You can either have each other as study buddies and study in libraries and on vc. And i know it’ll be hard for you two but sometimes you have to have other priorities.

I won’t sugarcoat it…I messed up, and I regret it. I don’t want you to feel the same. So work hard, stay focused, and take care of yourself. You got this. And if you ever need advice, I’m here for you.

Thank you ☺️ i love you ❤️"
t2_1k0zyvk4yi,"My girlfriend blocked me everywhere, so I sent a letter to her postal address.",0,2444,0.93,0,1743523592.0,False,t5_2zhzn,my bad she cheated
t2_aaj3enb6,chicks,0,10,0.92,0,1743631693.0,False,t5_2zhzn,Chicks
t2_j4yjlb5j,🌞🌞 A New Beginning 🌞🌞,0,3,1.0,0,1743651141.0,False,t5_2zhzn,"Greetings, fellow members of r/IndianTeenagers. For those of you who are observant, you may have noticed something about Reddit, and all of social media and mass media in general. There is just WAY too much negativity being posted day in and day out out there. This very subreddit is not free from its occasional North vs South, Male vs Female, Hindoo vs Moslem wars and conflicts. And guess what reading nonstop negative stuff does? Does it actually *solve* any problems? Nope. Does it make your *day* any better? Nope. Does it cause you unnecessary *anxiety* and *stress?* (Very much) yes.  


Don't get me wrong here. I'm not telling you to bury your heads in the sand like an Ostrich or anything. But there are other Indian subreddits already to cover the depressing stuff, the saddening news, the negativity, and the debates. Why not keep at least *this* subreddit free of all the drama? Unless of course, you actually have a SOLUTION to a problem facing our world, in which case, it's already a *positive* thing to post.    



And given that *today* is as good as *any* other day to begin changing things, here's what I propose: That we fill up this subreddit with all *kinds* of positive things, starting this very *day.* Things the likes of cool art, fun poetry, innovative music, uplifting news, pretty photography, and even the occasional kitty pic. We could even have a daily jokes thread to keep those vibes up. Make this sub so very **positive** that it literally uplifts depressed people and brings hope, laughter and *joy* to all. Make it so **fun** that other similar subreddits want the same for themselves. You know that *FOMO.*   


Most of our daily lives suck donkey balls as it is. Why do we still need the extra negativity? And yes, if you're still inclined towards addressing our collective issues, you could still do such by posting SOLUTIONS to said issue or inviting people to debate what we can DO about something, rather than post about it nonstop and suffer forever. Good ol' St. Broseph (u/st_broseph) from Bengaluru comes to mind whilst typing this.  


So yes, let us begin this new (and utterly delightful!) journey, right here, right now. Make sure to upvote this (for visibility) if you're game.    


Happy Thursday! 🌞🌞🌞   


---   

**P.S.** Honestly, it's a *beautiful* thing to start spreading this wave of positivity and upliftment across other social media platforms too. For those of you who have experienced something known as ""Law of Attraction"", you'll know exactly *why* I'm even *saying* this."
t2_tfhr1lx71,"Our college is having ""UTKANSH"" as annual function.",0,1,1.0,0,1743670829.0,False,t5_2zhzn,"So, from 10 to 14 The annual function of NIT J will be held and this would be my first first tym being a part of it.
But I guess I won't be able to attend this as we are having a marriage in our family.
As far as of my knowledge, Jubin Nautiyal is invited as the main singer and all that.
There will be many events ,both technical and cultural 
I wanted to take part in BGMI event ,eventhough we play like shit... ;(  
What's your college is having as annual function and who is invited as main guest..??"
t2_1hefpwro0z,Aaj Maine banaya...,0,26,0.97,0,1743607463.0,False,t5_2zhzn,
t2_db71yaf5,The duality of bro,0,1,0.6,0,1743669966.0,False,t5_2zhzn,"Talks about it being sexiest , casteist , misogynistic but himself is posting racist posts ."
t2_9tc39is6i,tried covering from the start by laufey,0,54,0.94,0,1743591406.0,False,t5_2zhzn,
t2_dde7dn0w,Spotify Family plan(?),0,1,1.0,0,1743668597.0,False,t5_2zhzn,[16F] How do yall share plans? Like 30/- per person? Spotify says they all should live at the same address?
t2_cnoulleu,Became an arrogant kid in front my mom's friend!,0,72,0.99,0,1743583897.0,False,t5_2zhzn,"One regular day last year, I was chilling when someone suddenly knocked on our door. Usually, we check through the camera to avoid beggars and salesmen, but for some reason, my mom, who had a fever and didn’t want to deal with anyone, told me, *""Jo bhi ho, mujhe bulaye toh keh dena mummy ghar par nahi hai.""* So, I did exactly that.

When I opened the door, I saw an aunty standing there. I asked who they were and why they were here, and she asked for my mom. I repeated what my mother had told me. After a few minutes of conversation, I found out that they were part of a kitty group and had come regarding some money collection for a party. I told them my mother wasn’t available and that they could come back later. However, one of the aunties insisted on coming inside and waiting for her.

Since my mother was actually home, letting them in would have made her a liar. But the aunties kept insisting, and I told them, *""I can’t let you in because I don’t know you. Maybe my mom does, but I don’t, and without her presence, I can’t allow you inside.""* They kept pressuring me, but I didn’t back down. Eventually, they decided to stay outside my house and wait for her return.

I went back inside and shut the door, but my mother was furious. She started scolding me, asking why I couldn’t just make them leave. No matter how much I tried to explain, she wouldn’t listen and kept berating me. At this point, I was exhausted, so I told the aunties that I had spoken to my dad and that my mother was in the hospital for a routine check-up. That finally made them leave.

Later, when they returned, my mother spoke to them. At some point, one of the aunties complained that I hadn’t let them sit inside or offered them water. My mom called me over and asked why I hadn’t done so. I repeated my reasoning ""I didn’t know them, and without her presence, I couldn’t allow them in."" Instead of supporting me, she told me to apologize.

That was my breaking point. After everything I had done to handle the situation for *her*, she expected *me* to say sorry? I refused, I just said while looking at the aunty who complaint ""NO, I will not"" and explained the same thing again. A brief argument followed, but I stood my ground and my mom after me to leave. Predictably, the aunties started badmouthing me, calling me arrogant and *batameez*. Later, my mother lashed out at me again, and my father reprimanded me too, accusing me of being disobedient.

Was I really in the wrong here? Or was what I did justified? I don’t know—I just needed to get this off my chest.

  
"
t2_bzqqb0tc,my day went horrible,0,21,1.0,0,1743608805.0,False,t5_2zhzn,"bhai, today is the worst day of my life.
i woke up and went to get my fav breakfast (dosa) then raaste me, the bag in which my dosa was broke. all the sambar was spilled on the road and also my computer broke, so i decided to to give my computer for repair and while coming home i got caught by the traffic police.



ahhhhhhhhhj i just want some peace."
t2_1evnfvurni,I called my mom for help at 4 am in the morning,0,25,0.97,0,1743604390.0,False,t5_2zhzn,"okay so i was alone in my room for almost the whole day i had been feeling bad its not something new thing is due to this dump hole pollution has developed

bronchitis basically kinda like asthma i do not have a inhaler btw

  
but i was gasping i had little strength i yelled no on hear me mom nor dad my phone was not near me i somehow managed to get out my room  

even my cats were yelling meowing maybe they understood i went to my parents room 

  
but guess what 



my dad got angry he said he was ready to bury me here , he said thats all we needed to see to run around at night for a hospital i honesty wanted to call a ambulance 



but i know they wont come its india they will come to pick up a body at best 



so while i was gasping and listening to my parents fight my mom tryna tell my dad i need the hospital

  
thank the lord my situation got better the flare up was calming down 

  
mom sat near me all morning until our near hospital would be open and we went there i was put on a Nebulizer 

  
even at the doctor my dad was saying he will beat me with his shoe (hes not bad okay wait he is bad but not always)



anyways i am now better but idk for how long i just wish to have a clean air wanna get out of this dump"
t2_uuqpcifqm,BhojpuriPaglu 🎀🎸,0,15,0.94,0,1743613327.0,False,t5_2zhzn,
t2_1khtbywqyq,"Considering the fact that most of the conversations taking place today are recorded in some way, it'd be too damn easy to cancel the next generation of celebrities who are in their teenage phase rn.",0,1,1.0,0,1743664665.0,False,t5_2zhzn,"We tend to use texts and voice messages very frequently to talk to our friends. And throughout the conversations, we crack jokes that could easily to be taken out of context and presented as problematic statements. Not even jokes, but statements in general. 

Imagine u become a celebrity in 10 years, and one of your friends just starts spreading portions of your conversations that u had in your teenage phase without any context. I'm pretty sure it won't be very difficult for them to tarnish your social image. 

Even rn, most of the celebrities get cancelled bc of sum shit they tweeted 10 years ago. 

Imagine how crazy cancel culture is going to be once people start spreading texts and voice messages 


May Mark bless the next generation of celebrities 🙏"
t2_q5ap0ryo1,Self Respect (update): 👽👽🤡🤡,0,21,0.97,0,1743604913.0,False,t5_2zhzn,It's Wednesday today... Hahahahahaha >!Mar chuka hun thoda sa andar se!<
t2_g46fk15xr,Got called “gawaar chutiya” for taking a look at my book (image unrelated),0,3,1.0,0,1743642867.0,False,t5_2zhzn,"Yesterday was day 2 of school. I was just taking a look at my physics book since the period was close. 

Two “shitty grade shitty behaviour” boys walked in front of me and I heard one of them directly point at me and say “ye dekh gawaar chutiya padh raha he” (look at this illiterate fucker studying) while directly pointing at me.

I didn’t take it to heart but of course it kinda annoyed me."
t2_1lvpbziy8c,Aaj mai roi,0,69,0.95,0,1743579790.0,True,t5_2zhzn,"Context :- this is my first time writing a post so if something goes wrong please bear it ,( maaf kar Dena muje ) . I m older sis (18 ) to my younger brother who is(16).

This is not the first time I cried bcoz of my brother nor it is going to be the last . While writing this I am crying again . Despite being the elder one I get humiliated , physically  and mentally assaulted. This is not enough he even manipulates my mom and gaslights her in a way that she believes I m the one who's wrong . And you know what breaks me the most is my parents even corner me , never in my entire life any one of them supported me . Also after physically assaulting me , when I am at this point crying,he's making fun of me like kya hua  bura lg gya . 


Today , he crossed all the limits he tried to choke me so bad that at this point I was struggling sm ( while my mom was there ) .idk kitne logon k lie yeh pyaar pyaar mai marna hoga but clearly for me isn't kyuki pyaar mai hota toh mai bhi use mar pati joki sadly I can't  

I wish all there of them hell 



Edit :- YOU GUYS ARE THE BEST, EVEN THOUGH WE AREN'T RELATED BY BLOOD I FEEL SO MUCH BETTER SO MUCH AT EASE BECAUSE ALL OF THE KIND WISHES , COMMENTS YOU ALL MADE . I FEEL AT HOME WITH YOU ALL . MATA RANI SABKI RAKSHA KREIN.🫶🫰🙏

Edit 2:- HE ALSO HAS ONCE SLAPPED MY MOM , IF SHE STILL WANTS TO BELIEVE HIM THEN I CANT DO ANYTHING  . JAB UNKO Gandhari and Dhritarashtra banna hai tho sorry I can't do anything ( mahabharat refrence)( TO SOMEONE IN THE COMMENT SECTION WHO THOUGHT THAT I AM THE DUMB ONE HERE WHO ISNT CAPABLE TO EXPRESS HER PARENTS WHAT IS HAPPENING W HER )"
t2_1lg514gu7w,Tell us a situation where your parents were wrong and you were right,0,1,1.0,0,1743661201.0,False,t5_2zhzn,
t2_d666m4bbj,You guys would have helped me right,0,90,0.99,0,1743573657.0,False,t5_2zhzn,
t2_7rvowdg6,A Mandir barely 40 meters away from my home is blasting off tollywood music and bhajans at 3 Am,0,5,1.0,0,1743630718.0,False,t5_2zhzn,its so annoying when someone is blasting off music on loud speakers that too at 3 am . they've been at it for more than 7 hours now. its soo hard to sleep idk how all of my neighbours are sleeping with all the loud music. and its obvious why no one speaks against them even if they're breaking the law
t2_14df7c3qdm,"Day-6, posting from my sketchbook.",0,5,1.0,0,1743625998.0,False,t5_2zhzn,These are selected at random.
t2_rdk75gsb0,I can now understand how it feels when a girl gets dm from creeps,0,124,0.94,0,1743560300.0,False,t5_2zhzn,"yesterday made a fake 17f post just for fun. but then recieved this 

https://preview.redd.it/4bd8krdtzbse1.png?width=426&format=png&auto=webp&s=e4ecfa99f1525958ba2740b8bc97b0ca8adee632

"
t2_1jg8uci6px,Rate these out of 10,0,4,1.0,0,1743626641.0,False,t5_2zhzn,Title
t2_90t489vs,"WHEN THE ARTIST IS SO GOOD THAT PEOPLE REFUSE TO BELIEVE HE MADE IT HIMSELF. [I posted few artworks on the sub and got these comments, and only few of them realized the truth]. Maybe due to AI thing, people stopped believing in existence of real art.",0,13,0.88,0,1743604979.0,False,t5_2zhzn,
t2_pqfuzjs5d,BLUD IS SO CUTE OMGG,0,7,0.9,0,1743615010.0,False,t5_2zhzn,
t2_pss36bnz4,Any coc players in the hood?,0,6,1.0,0,1743621249.0,False,t5_2zhzn,
t2_1iml3q22df,found an old screenshot :p,0,102,0.96,0,1743561602.0,False,t5_2zhzn,we don't talk anymore 
t2_1bsft4703l,No way 😭😭😭😭,0,1812,0.99,0,1743505000.0,False,t5_2zhzn,
t2_doh2xv2n4,Hehe🤭,0,7,1.0,0,1743611960.0,False,t5_2zhzn,"Posted it months ago too, but since all posts on my account are deleted now, why not post it again? Hehe.

Context: It's about two years old. At around 12 a.m., I had a fight with my cousin, and I got emo, so I started playing my ukulele. She secretly recorded me, hehe. I had NO IDEA that I was being recorded.
"
t2_1hj3m6xv8p,Just found out 1 rupee notes exist,0,26,0.89,0,1743585385.0,False,t5_2zhzn,
t2_tuefs2zp,Harsh Reality 💯,0,479,0.97,0,1743528591.0,False,t5_2zhzn,
t2_90t489vs,Found this in my sister's bag. I am assuming that it is used to iron hairs(baalon wali istri),0,24,0.93,0,1743586892.0,False,t5_2zhzn,
t2_rdk75gsb0,"I accidentally called my teacher ""Daddy"" in front of the whole class… 💀",0,622,0.8,0,1743521290.0,False,t5_2zhzn,"So, I (17F) was in the middle of a totally normal school day when disaster struck. We were reviewing for a test, and my sir, called on me to answer a question. I was half-asleep, barely paying attention, and my brain just completely short circuited. Instead of saying, *""Sir,""* I confidently said, **""Daddy.""**

Silence. . Then, one kutte ka pillu snorted. Another laughing. And before I knew it, the entire class was in absolute chaos. sir just stared at me like I had personally ruined his career. I turned bright red, mumbled some nonsense, and stared at my desk, hoping to disappear. Meanwhile, my best friend was practically on the floor wheezing, and someone in the back yelled, **""**Stepdad, is that you?!**""** Long story short, I will be dropping out, changing my name, and moving to a remote island. Oh, and… April Fools! 😂 Also, I’m actually 19M, not 17F."
t2_czpqqes6p,Art setup in gilibili istyl 😺,0,6,0.75,0,1743611412.0,False,t5_2zhzn,
t2_k3rybrhhm,Bruh a cute girl sent me her poem 😭😭,0,3,0.81,0,1743619139.0,False,t5_2zhzn,"We cant decide it's title tho..

There he was again, wagging his tail
When I opened the door.
I gave a biscuit-or two,
Just to make him want more.
 
And then he went wandering around the streets,
Maybe to get something else to eat.
But something about the biscuit-
he always came back for it.

There he was again, wagging his tail 
that morning when I opened the door.
Jumping up and down, the little thing was trying to reach my waist.
Maybe he meant “thank you”, or he said “goodbye”.

For, he was found asleep that dawn,
with his little eyelids closed forever.
There he lay bleeding on the street he called home,
his small body crushed to none.

This life did no good to him.
So, he went to the clouds above. 
I wonder if he has enough biscuits there.
And has a better home."
t2_90t489vs,Teens! Have you ever ate this? How is the taste?,0,7,0.89,0,1743611202.0,False,t5_2zhzn,
t2_90t489vs,Drew this in when I was 15.,0,44,0.96,0,1743569819.0,False,t5_2zhzn,
t2_f0vhmtqp,"So now you're discussing adolescence. When I ask, guys get stuck on sex—sux",0,8,0.79,0,1743602772.0,False,t5_2zhzn,
t2_1c7chhcle4,Craziest Things my classmates have done..... ( So far ),0,60,0.96,0,1743563484.0,False,t5_2zhzn,"I remember I was in 9th back then , ( I WILL ADDRESS MY CLASSMATES AS *WE* FOR NOW ) I am glad that there is not a single girl in our batch and hope it may continue like this.....

Our seniors told us to Just to chill because class 9th doesn't matter much.....
In the first 2 months of our academic session we lost our intrest in studies , Rather we all were struggling to cope up ourselves in sports ( School team basically ) 

Now , the month was August and One of our classmates came back from his home along with a pendrive....... We were excited like monkeys . Why so ? Because We can Have access to Movies and game in our boring campus ( Btw I forgot tell you..... I'm in a boarding school )

Although it was not permitted to have gadgets or mobile phone except our seniors ( class 12th ) , we knew we have to be careful because even a single mistake can lead to suspension of whole batch consisting of 90 boys/jerks 

Well , the pendrive was empty........

One of us went to seniors and requested them to have access of internet , luckily they didn't refuse . Under half an hour we download movies n games as Much as we can.......

Next day ! It was Saturday maybe , because all of the teacher and staff were busy because of school team event which has to be happening in our school.....

We guys saw our opportunity And...... And...... And...... We closed the door ! Inserted the pendrive ! Opened the Class Projector 📽️ 

Now The craziest part has to come :)

In a Single class almost 90 boys we sitting and watching movie , What was the movie ?

 *MY FAULT*

We knew that if single of us got caught the whole class will be suspended and will be informed to our parents.....
Well..... It semmed like no one care about it 

Days went by , and we guys watched new movie everyday.... ( All 90 boys in a single class ) 

One day , Teachers started raiding to seniors classes 10th and 11th . To check if they have gadgets along with them  
( Gadgets were only allowed for 12th class ) 

On that perticular day when all the staff were raiding to the senior classes....... We were shamelessly watching *THE WOLF OF WALL STREET* ( It was my recommendation btw )

It went like months , we guys watched movies in the classroom projector . Well our seniors were frustrated by us because everyday we came to them asking for internet 🤣

Soon.....we guys became 10th graders and ultimately we stopped this practice 

BUT ITS STILL ONE OF THE CRAZIEST FEAT WE GUYS HAVE ACHIVED ( LMAO) 
|Sometimes it is good to have 0 girl in your class :)|"
t2_kuh80emh,<3,0,24,0.9,0,1743578504.0,False,t5_2zhzn,
t2_s0jlr1hyi,acchi maggie kaise banaye,0,2,0.75,0,1743627861.0,False,t5_2zhzn,"how do y'all make your maggie like what shi do you add to give it a special touch?!
i like mine with cheese some crunchy noodles (voh jo chura bach jata voh) and some red chilli powder"
t2_121yvpwsap,Eternal Damnation,0,7,1.0,0,1743605506.0,False,t5_2zhzn,
t2_1j63n4vumt,bit of a situation,0,3,1.0,0,1743619019.0,False,t5_2zhzn,"hihi i dont know where else i can post this so here it is i guess.

my whole life theres always been a weird thing about me surrounding technology. whatever gadgets and gizmos i buy tend to go to shit after around 2 years of use. speakers, headphones, phones, lights etc always find a way to stop working, even though i always take utmost care of them. the latest gadget that broke was a pair of jbl headphones (770BT) that decided to stop charging one day.

eventually i got sick of constantly asking my parents for new devices so i settled for mediocre ones that do their job. ive been using these office headphones that are held together by tape for the past 2 years and they are fine i guess, do the job. 

last week my moms brother had come over and we were speaking of our devices, and i slid in a joke of how shitty my headphones were. my parents shot me a look and i wondered what i did wrong. we did not speak of it until today.

today my father randomly told me to send him link of a nice pair of headphones and i did without thinking much of it. he then said he wishes to buy them for me. i expressed my gratitude and then he started to ask me about the old jbl headphones and what i plan to do with them. i said i dont know. this for some reason provoked him to yell at me extremely loudly and ask me what i think im doing, and that i cant just throw those headphones away and i MUST sell them. for context, the headphones do not charge, the bluetooth does not work, the speakers only play background music (you wont be able to hear the words of the song) when you connect using aux. i even asked him to leave it and not buy me the headphones which led to him to yell at me even more.

as i type this my father has sent me a message saying 'ordered the jbl headphones'
??? what am i supposed to do omg

im so utterly confused as for where and HOW i should sell them, who the fuck wants to buy headphones like these?? my parents said that there are 'plenty' of people who would be willing to buy them. what do i do??? someone pose as a buyer so i can free myself of this misery lmfao /j

tldr; father wants me to sell my barely functioning headphones and i dont know what to do"
t2_ufdzsxr8u,Guess the creator!!,0,17,1.0,0,1743584724.0,False,t5_2zhzn,"So here's my fav fav creator / animator ( ahhhhh he just post one video per year bt with top notch quality) if you know him then kudos to your content taste man! 

Any other recommendations?"
t2_1j3p6w69oi,Google reviews abt my school,0,7,1.0,0,1743601815.0,False,t5_2zhzn,
t2_9qhq3jy9,Wtf! I actually got motivated from this,0,234,0.99,0,1743532459.0,False,t5_2zhzn,He reminds me of certain someone 🤔
t2_1hp4yukiuw,Are average scorer friends better than topper friends? (16F),0,11,1.0,0,1743593659.0,False,t5_2zhzn,"I have always compared my performance when i was sitting/friends with toppers and when I was sitting/friends with average scorers or people scoring less than me and have always found myself scoring and doing better in my studies when I'm sitting w dumber people but I've always heard people suggest to be friends with toppers and have a studios friend group. But I don't know why i perform better with a dumber friend group. When I'm around toppers it always kind of demotivates me and i end up doing like shit.


Am starting a new class now and will have chose my group of friends again and I'm hefty confused what kind of people shall I associate myself with. "
t2_1gnuu4pilh,🌪️,0,36,0.86,0,1743567270.0,False,t5_2zhzn,
t2_1l516cjddk,The twist of this book is superbbb,0,9,0.91,0,1743594448.0,False,t5_2zhzn,Read this if you haven't!
t2_13impxpvep,A PHONE CALL WITH MY DEAD FRIEND ( PART 3 ) ....,0,18,0.85,0,1743582314.0,True,t5_2zhzn,"As soon as Aarav noticed the message ""find me"" on his phone, a shiver ran down his spine. How could someone he had just buried two weeks ago be messaging him? Something felt off. Just as he reached for a bottle next to his bed, a text from Sid's friend Rohan popped up, saying, ""Stop digging into this; it's a waste of time."" Aarav shot back, ""Have some sympathy, man! Our closest friend just passed away, and now I get this message out of nowhere? Something isn’t right, Rohan, please understand."" 



After sending that message, Rohan replied, ""Huh... I'm heading to Cape Town for a business meeting this afternoon, so I'll be out of town. If you want to talk, it has to be tonight."" Aarav read the text and responded, ""This isn’t just some casual talk, dude; it’s serious—it's about our best friend."" Rohan replied, ""If you say so, meet me at that old mill in Navi Mumbai. It’s only a 30-minute drive."" Aarav felt a twinge of suspicion, but his determination to uncover the truth about Sid, his childhood friend who felt like a brother, outweighed his doubts. Without hesitating, he texted back, ""Sure, I’m on my way."" Rohan responded, ""Okay, but hurry; I need to get some sleep before my flight.""



Aarav quickly put on his sneakers, still in his blue pajamas and red t-shirt. He sent a message to his girlfriend, Avantika, with whom he had shared a strong bond for the past year. He texted her, ""Hey Avi, I’m heading to the old mill to meet Rohan... it’s urgent."" After five minutes, Avantika replied, ""Call me and tell me what’s going on."" Aarav called her and recounted everything that had transpired in the last two hours.                                                                                                                                                                                  Avantika listened intently as Aarav spoke, gently shushing him. As his girlfriend, she was his refuge, and this time she embraced that role. ""Don't worry, Aarav. It's just work stress; you're overthinking,"" she reassured him.                                                                                                                                                                                                                                                                                                              Aarav responded, ""Please don’t act like my mother. She dismisses what I say and jumps to conclusions like you. At least hear me out.""                                                                                                                        Concerned, Avantika replied, ""I am listening, my love. It's nothing serious. Just get some rest, and I beg you, don’t go to that old mill to meet that jerk Rohan. You know what he did to me last year.""                                                             Aarav felt a twinge of suspicion but pushed it aside, thinking of Sid. ""No, I believe he’s learned from his past mistakes. He won’t do anything again. Please understand, Avi, this is about our friend Sid. We’ve already wasted five minutes on this call.""                                                                                                              Avantika grew anxious; who would meet someone who despises them at an old mill? She knew Rohan was up to something. ""Okay, but please remember to share your GPS location. I don’t trust Rohan. What if he tries something? We both know he’s jealous because you fired him last year and—""                                                    Aarav interrupted, frustrated, ""I really need you to stay out of this. Just take my GPS location, and I’m ending this call. I have to go.""                                                                                                                                             Avantika replied softly, ""Alright, I’ll try to stay away. Just promise me you’ll be safe. I can’t bear the thought of losing you.""                                                                                                                                                                  Aarav responded, ""I know, Avi. I’m doing this for Sid. We were like brothers."" He choked up on the call, and Avantika comforted him, ""Shh, everything will be fine. Just remember to stay safe, okay? I got your GPS location.""                                                                                                                                                                              Aarav said, ""Thank you. And yes, get some rest; it’s late. I have to go meet Rohan now. Bye."" He hung up.                                                                                                                                                                                            Aarav picks up his keys, secures the gate of his apartment, takes the elevator down, and makes his way to the parking lot. He starts his car and drives towards the old mill, feeling a mix of worry and frustration. His concern isn't about the phone call he received, but rather for his best friend and brother, Sid, who passed away just two weeks ago. Aarav speeds to the mill, and upon arrival, he spots Rohan waiting by the gate. After parking, Aarav heads inside the old mill, with Rohan quickly following him. As Aarav steps into the dimly lit space, illuminated by only two working lights, Rohan shuts the gate behind them, pushes Aarav to the ground, draws his Glock, and a loud gunshot reverberates through the walls of the mill.                                                                                                                                                                                       what happens next , was aarav dead or something big is about to happen ? TO KNOW THE ANSWERS OF YOUR QUESTION , THERE WILL BE A LAST AND FINAL PART 4 , COMING UP TOMORROW ... I HOPE YOU ALL ARE ENJOYING THIS FOLKS , ITS MY FIRST EVER STORY ON REDDIT . PART 4 WHICH IS THE LAST PART TO BE RELEASED TOMORROW , STAY TUNED !"
t2_1dkg8ugbxs,caught with a vape (pls help),0,0,0.22,0,1743667841.0,False,t5_2zhzn,"So I’m 15M, and my mom caught my vape.

She’s always been suspicious that I was vaping, and last night, she suddenly walked into my room—which I forgot to lock. I wasn’t vaping at the time, but it was on my table. I quickly pushed it into a corner where I thought she wouldn’t see it, but I got nervous, and my breathing got shaky. That made her even more suspicious. She asked me a few questions, but I just played it off, and she eventually left.

I had been trying to refill the vape, so I had the body and the insides separated. I hid them in different spots before going to sleep.

This morning, she found the insides. Now, she’s really disappointed in me and is threatening to tell my dad, though I don’t think she actually will.

What do I do? What do I tell her if she asks where the money came from? (It’s my friend’s vape, and I am NOT ratting him out.)"
t2_e4hiouxc0,Anyone from Pune intrested in filmmaking?,0,3,1.0,0,1743613778.0,False,t5_2zhzn,"I want make films with like-minded people. If you like filmmaking, and you are from Pune, comment here."
t2_w19g6v9k0,UP BUDAUN,0,1,1.0,0,1743632525.0,False,t5_2zhzn,"Koi badaun se hai kya? DE PAUL SCHOOL se

Trying to find my old friends "
t2_bixwgrf5,He has to face consequences 😼,0,181,1.0,0,1743531028.0,False,t5_2zhzn,"Mere santrabille ne mujhe uski fish dene se mana kardiha to mene usko accha sabak sikhaya 😼 
"
t2_101p2e4n64,"Some of my favourites, suggest me some more!!",0,3,1.0,0,1743610164.0,False,t5_2zhzn,"The prayers by Kendrick is also goated, sad that he couldn't release it :/"
t2_1d7icpvqgr,You all misunderstood me with my previous atheist post [Read this],0,2,0.63,0,1743618083.0,False,t5_2zhzn,"I'm just sharing my tiny opinion about my perspection that life feels so purposeless when you finally stop believing in god completely.
Like the majority gods that human pray are hypocrites and manipulative, so I definitely deny some teachings of the religions we know. 
As long as you're religious for your own peace knowing that why you're doing it consciously, it's alright. But when you're compelling your beliefs to others and using it as tool for fueling your ego and blindly doing anything without any logic, it gets stupid.

Now I really hate it when people just want to proof their religion right, like they'll even justify the millions of deaths caused by religious wars, millions of bad deeds, false superstitions.
When I ask about this shit, they say that ""bRo ItS kARmA, PiChlE jAnAm kE pAaP hoNgE"".
My brother in christ, us 2 mahine ke baache ko thodi na pata hai ki usne pichle janam me 2 logo ka murder kiya tha. This is the most stupid concept in my opinion.
I just know ki people will still find a way to defend this shit. Bhai just khudse socho, you're not a mohtaj to anyone, you have free will, do what is in front of you.


Mostly people are just scared to not believe in their god because they think that there so called god will punish them and will send them to hell. What type of god is this? Is this a dictatorship we're living in?
I don't want to pray to a god who wants to be praised all the time.

I'm not totally an atheist, I'm kind of an agnostic atheist which means I kinda believe that there must be some superior power or energy that created all of this that is beyond our human comprehension but I don't feel like praying it.
That superior power don't give a shit about us, because if it did, then we wouldn't have came in existence at the first place.
Our existence is completely absurd and don't hold any meaning in this infinitely vast universe if you think about it.

Now I'm really not trying to demotivate you all, I know that this is not how you live your life, you must create a meaning to keep on living.
Nihilism should only be experienced as a phase, not a permanent belief. 

Now the people who are saying that ""agar itna logic hai toh IIT nikaal na"", what do I even reply to ts.
It's like telling a fish to fly.
"
t2_z5tjdcfv2,Time is precious just don't waste it dont,0,27,0.97,0,1743566292.0,False,t5_2zhzn,
t2_14yc2osc3u,Are you interesting?,0,2,1.0,0,1743617296.0,False,t5_2zhzn,Wanted to filter out the under confident people. Surround yourself with people who you want to be right?
t2_ws5uxu3wq,I can't differentiate between reality and delusion now help me,0,2,1.0,0,1743615378.0,False,t5_2zhzn,"So listen Broskis and didiskis , mera anime ka backlog badhta hi ja rha tha, control se bahar hota ja rha tha sab kuch barbadi ki kagaar par ho jata lekin khus kismati se mere exams over ho gye kuch din pahle aur fir maine bina ruke , khana pani chhodkar anime dekhne ne puri  takat laga di -6 ka chasma lagne ke baad bhi maine haar nhi mani aur anime ka backlog khatam karne ke mission me ji jaan lagane laga di 

Well well ye sab jo upar likha hua hai wo mere anime ke delusional main character ne likha hai maine nhi...

Problem ye hai ki maine itna jyada anime dekh liya hai ki ab main ghar me anime characters jaise dialoguebaazi karne lagi hu , for example mere dimaag almost pure time intese anime action scenes chalte rahte hain , bahen se thodi si arguement start ho jaye I start imagining her as my enemy who is stopping me to collect some really important pieces of an precious metal full of evil energy jisko agar kisi warrior ne sabhi parts collect kar liye to wo puri duniya ko tabah kar sakta hai aur meri bahen ek kafi evil warrior team ki leader hai jo puri duniya ko tabah karna chahti hai taki universe ke sabhi creatures me takatvar ban sake aur maine wo precious metal ki pieces usse pahle  isliye collect kar rhi hu taki us metal ko jodne ke baad metal ball ko destroy karke universe ko bacha saku...

Warriors I need your help......"
t2_vn0rzaja,found this old ss 🥹,0,7,0.77,0,1743587956.0,False,t5_2zhzn,nvm he left
t2_1i0sjzge46,Would you date a girl taller than you? My female friend asked me.,0,9,0.76,0,1743589934.0,False,t5_2zhzn,"Since yesterday, idk why, but I keep getting this ""adhi mard jaat se lambi hu"" meme and reels multiple times. Also, One of my female friends, who is taller than me, even sent me one. And man, the comment section on these reels is quite disgusting it really shows how fragile we guys’ egos are. It was just a meme and (hopefully) wasn’t made to hurt anyone’s feelings. In today’s world, where life is getting bolder and harsher, you should know how to take such jokes. And before anyone calls me a simp or chutpaglu, I’m also just 5’6"". Many of my female friends irl who are taller than me make fun of me and troll me, and that’s okay! We all know that in-person trolling is much more brutal than online, right?

Now, onto the question my friend asked me—she said, ""What if you fell in love with a girl taller than you? Would you 'dare' to date her? Or would your love be compromised because of your ego?"" And honestly, I’m still trying to find an answer. I think it would be fun, but I won’t act like a saint—somewhere deep inside, there will always be a little insecurity. But at the same time, how would she feel about having a shorter partner? This whole ""Imagine if..."" question has been stuck in my mind ever since she asked me.

What are your thoughts?"
t2_us3n6cgfh,"""incels""",0,2,0.6,0,1743614069.0,False,t5_2zhzn,"The term is now used as an insult, it carries a negative connotation, but behind the label are individuals experiencing deep lonliness and rejection. Many incels long for connection, just like a normal human being, just like us. But instead the feel ignored and invisible, leading to despair and resentment.

Instead of alienation, they need compassion, guidance, and support systems that build self-worth.  Incels, like everyone else, crave connection and belonging—kindness can help them see hope and a path forward. I know many of them will refuse any help you offer, but atleast don't hate them.  

Whenever I see an incel on the internet or irl, all I have for them is kindness and empathy. And I just think they don't deserve the hate they get online. I just saw a very detailed post about incels on a woman's sub. And it was a perfect post. But when I saw the comments, I was disappointed to see the hate for them. I understand it's very easy to hate them,  especially for women. Definitely not an easy task.

I maybe biased 'cause at some point of my life, I was very close to being an incel myself, consuming extreme red pill content everyday online. I was saved by someone. I'm glad I did get out of that shithole.Not everybody is lucky enough to get an angel savior like I did. "
t2_gj5vb9u74,"Wanna talk to someone to vent, rant, or need a solution?",0,1,1.0,0,1743626634.0,False,t5_2zhzn,"




Hmu! Tried it yesterday and it wad fun!"
t2_hca0fyva,18F need help 😭,0,2,1.0,0,1743612010.0,False,t5_2zhzn,"Soooo I have been looking for some excellent cosmetic surgeons and clinics in the cities of Delhi, Hyderabad, Kolkata, and Bangalore. I posted on the subreddits of these cities, but I didn’t get any response, so I have decided to post it here. So anyone of you who are locals of these cities, please comment any good reputable surgeons, and their clinics that you know of who have expertise in aesthetic cosmetic surgery procedures 😭🎀 since I am a non-resident of their citizens, and I have no knowledge. You must have seen any advertisement regarding those clinics. Please comment a few. Thanks everyone 😭🎀"
t2_6l4z3,"r/IndianTeenagers Late Night Discussion Thread (Share Your Days!!!) [April 02, 2025]",0,2,1.0,0,1743611439.0,False,t5_2zhzn,"Keep the following points in mind:

* Keep it civil and family friendly (mostly)
* Only reveal information which you are comfortable revealing
* Report a comment if you feel it violates any rules"
t2_80hcqsqj,A list of theists who contributed to the study of logic in response to this post:,0,2,0.58,0,1743624805.0,False,t5_2zhzn,"Kurt Godel: Literally known as the guy who broke
math. Godel's theorems had a profound impact on the foundations of mathematics and logic, demonstrating the inherent limitations of formal systems.

Maharishi Gautama: His main work Nyaya Sutras arguably the oldest comprehensive work on logic set the foundation for Nyaya tradition. The Nyaya sutras cover a wide range of topics, including Tarka-Vidya, the science of debate or Väda-Vidyā, the science of discussion, logical fallacies, five-step syllogism as a tool for philosophical reasoning, four pramanas of obtaining valid knowledge etc.

Aristotle: Known as the father of western logic, developed a formal system known as syllogistic logic, which focuses on deductive reasoning using categorical statements and terms.

Ibn Sina: Known for the development of ""Avicennian logic"" as a replacement of Aristotelian logic. Avicenna's system of logic was responsible for the introduction of hypothetical syllogism, temporal modal logic and inductive logic.

Leibniz: The revolutionary ideas of Gottfried Wilhelm Leibniz (1646-1716) on logic were developed by him between 1670 and 1690. The ideas can be divided into four areas: the Syllogism, the Universal Calculus, Propositional Logic, and Modal Logic.

These along with many other geniuses have contributed far more to our understanding of logic than internet pseudo atheists who don't know what it means."
t2_8f0bi9d1c,tried hindi-urdu poetry; romantic poem,0,2,0.75,0,1743610415.0,False,t5_2zhzn,
t2_vhpxl5p9,My shelf at 17,0,8,0.84,0,1743585017.0,False,t5_2zhzn,
t2_1eqlhfm045,Here is how my April Fools' Day went,0,173,0.84,0,1743522021.0,False,t5_2zhzn,"I was studying at the library this evening when my dad called me, saying, 'We are buying something special for you.' I thought it was just a prank since today is the 1st of April, but it wasn’t.

I love you, Dad! ❤️
Bless us >"
t2_1iq4jx8pwz,Noise. Water. Air pollution the 3 musketeers lives together in Delhi,0,17,0.95,0,1743567889.0,False,t5_2zhzn,
t2_1imzrtqpvq,My ducking fufa cheated on my bua,0,113,0.98,0,1743529651.0,False,t5_2zhzn,"So my parents are the eldest in both the sides of our family like my father is the eldest among his siblings and my mother is the eldest among her siblings. So whenever anything happens they are the ones who handle any situation or gets notified about it. 
Now almost 8-9 months ago my bua called my mother to inform her that she is finally having a kid and also told her that she will not tell about it to anyone. Not even my father

{Now my bua is not a typical kamolika type of bua, she is the loveliest and my mother talk to my bua just like she is her sister. My bua had a love marriage and personally I never liked her choice but I can do nothing about it so I pretended to be nice. Now my bua had some  problem with her due to which she cannot bear a child. } back to the story

So my mother did not told anyone about it. But being her daughter she told me and I was excited. Well my bua told my mother she consulted a doctor and that she can have a child blah blah. Now fast forward around rakshabandhan my bua told my father she will not be able to come to celebrate the festival due to some reason. My mother asked bua about it and she told that the child they were having was from surrogacy for which she needs to be in her place. My mother found it suspicious but nonetheless said nothing. Now it was karvachauth and my mother and bua were Talking through  video call and when my mother suddenly saw a lady behind my bua and she looked around 28-29. My mother immediately asked my bua about it and then my bua said that she's the surrogate 

Now this was very suspicious that why tf would surrogate will live in the house. Later on we got to know that the child they were taking about is already a well grown 3-4 year old looking girl. My mother asked my bua to tell her about everything.

My bua told my mother that fufa said he met a surrogate and that girl was the child they were going to have and the surrogate is living in the house because the girl is attached to her mother and she will require some time to get detached till then that women, bua and fufa will live together 

My mother become very angry because ain't no way that my fufa decides to have a surrogacy and the child is already 3-4 year old. If that's the case then my fufa must be cheating on my bua for almost 4-5 years and now wants to keep the other women in the house and is giving  ridiculous excuses. 

My bua insisted fufa that she will take care of the child but leave that woman and make her to return her home. 

And now here comes the laughable part. My fufa had actually married that other women and her parents think that she is living in her sasural. That's why my fufa cannot refuse that woman to go back to her house. 

2-3 months ago my father got to know about it and he got soo angry that he almost filed the extra marital affair case against my fufa but my fUfa fucking manipulated my bua by saying that she will have no one else beside her. ''koi kisi ka nhi hota"" eventually after constant pleading by my bua that not to do such thing my father dropped that idea 

Few days ago we got a call from bua that she is planning to invite everyone on the Lil girl's birthday and honestly I don't fucking know if I will be able to act nicely with my fufa without abusing him. "
t2_qvigsvub,What are the almost random things you love?,0,2,1.0,0,1743608353.0,False,t5_2zhzn,I like the smell of Water Evaporating
t2_1kp9wxvtmh,Most Embarrassing thing you ever did at School?,0,523,0.96,0,1743497744.0,False,t5_2zhzn,
t2_14lp36bn6p,Dry classroom,0,0,0.5,0,1743618912.0,False,t5_2zhzn,"Background: 1st year college 

Guys my college group chat is so dead. Like bro at least react it for the sake of someone's satisfaction. I posted an april fools day prank and guess what ? Nobody gave a fuck. I literally had to call my friends to react ""😂"" this emoji in order to bail me out .
This was embarrassing . These are the same people who say boys and girls don't mingle well , other departments did so why not ours ? 🤔🤔. 
Bro like... 
Whenever we try to strike a convo or try smthing these people ignore like my crush ignored throughout my school life.SMH.
Alright this prank sucked big time and too old but this was one such examples and many moments like this happens before honestly super frustrating. That's it I am done with this class...."
t2_60t4ziou,Caught Kamal Hassan Lacking,0,14,0.94,0,1743568531.0,False,t5_2zhzn,
t2_1e6b6wqsf3,Tujh main zamaana dhunde baitha hoon ......,0,10,1.0,0,1743573472.0,False,t5_2zhzn,"Lok kehte mujhe , , yahan apne bhi apne nhi 

Main phir bhi tere liye har bahana dhunde baitha hoon 

Lok  kehte mujhe  ki loot khaati hai ashqi 

Main tere liye khazana dhunde baitha hoon 

Lok kehte mujhe ki jurm hai ishq 

Main tere liye har jurmana dhunde baitha hoon 

Lok kehte mujhe ki tere sa na milega iss zamaane main koi 

Kya bataun unhe hazoor 

Main toh tujh main mera zamana dhunde baitha hoon 

Zamana dhunde baitha hoon ......."
t2_19kvkmhnos,Need advice.,0,2,1.0,0,1743604855.0,False,t5_2zhzn,"""I am a below-average student from a lower-middle-class family. I recently took my exams and would like to work while continuing my studies. What should I do?""

""Along with this, I want to make my family debt-free."""
t2_iflcif1m,DIY Mango lassi,0,6,0.88,0,1743586385.0,False,t5_2zhzn,"Recipe(For 1)-

Take 1cup dahi and mix it well

Take 1mango , remove all of the pulp , you may leave some for chunks in the lassi

2 tbsp powdered sugar

Mix all three well and garnish with crushed cashews , almonds and some raisins."
t2_e7et2ylv,They say all great art is made through suffering. I concur.,0,2,1.0,0,1743603913.0,False,t5_2zhzn,"I just realised that my attachment issues and constant feelings of isolation are actually a good thing.

I have never been creatively inclined. When I started getting into audio engineering at the age of 12 (yeah…) I struggled with writing songs. Frankly, I lacked imagination. I didn’t know what to write about. Any melody I created turned out to be a rehashed version of smth that already existed. 

Then, JEE happened. I came to know what depression really looked like. It hasn’t left me to this day. I still have nightmares about those days. Idk if it counts as PTSD, but certain things that remind me of those days send me spiralling. It left me hankering for love and happiness, which left me seeking validation, which turned all girls away (cuz they’re attracted to confidence, and desperation gives em the ick). 

It was a vicious cycle. To cope, I turned to writing songs. And I realised I am so much more creative than what I last remember. Ideas flowed like water. I was creating at least one song a day. That slowed down ofc, but the speed of my output is still lowkey scary (without any form of hallucinogens, btw, including alcohol!). 

It made me realise that my problems are actually a good thing. I don’t hanker for the love of a woman anymore, for when all else leaves me, I’ll still have my music.

(No, my music hasn’t been released to the public, and it never will. It’s purely a hobby for me, and I can never pursue it full time cuz college lmao.)
"
t2_1je8trjecv,एक शाम.....,0,2,0.6,0,1743603477.0,False,t5_2zhzn,
t2_cfft963im,Your thoughts on this app?,0,7,0.89,0,1743578571.0,False,t5_2zhzn,
t2_ydf44tnio,How is it?,0,9,0.91,0,1743575897.0,False,t5_2zhzn,
t2_5llx8fk8b,Rate my music taste out of 10!,0,0,0.5,0,1743616294.0,False,t5_2zhzn,
t2_ps3wm91yp,Legal hogye h ab hum,0,15,0.94,0,1743563326.0,False,t5_2zhzn,
t2_18craz7o0d,Biggest Flex in Kindergarten‼️🔥,0,159,0.98,0,1743517193.0,False,t5_2zhzn,
t2_rpab4ba69,do glass backed phone cases break easily?,0,1,1.0,0,1743615391.0,False,t5_2zhzn,so i drop my phone a lot and I wanna buy a new back case for my phone and I want a glass backed one but my friends are all against me buying one because I keep dropping my phone 😭 I've changed my screen guard 4 times in the last year 😭😭😭
t2_14sbn07ebk,Eating chhota bheem's balls rn (pause),0,0,0.5,0,1743615361.0,False,t5_2zhzn,
t2_jtv13li2,I WANT TO JUMP OFF FROM THE 68th FLOOR!,0,21,1.0,0,1743556051.0,False,t5_2zhzn,So yesterday early in the morning i came out of my room and went down to the kitchen where my father is like tu kal se hostel rahegi and I'm shocked and i don't even stay with my parents and they come once or twice a month to meet me and on top of that they want me to stay in hostel and i was literally crying early in the morning before going to school and when i was about to leave for school he's like april fool phir school jaane ke baad i realised i made Monday's routine instead of Tuesday's and after the assembly my best friend comes to me and says i need to talk to you and after coming to class she stares at me and says I'm in a relationship for the first time i froze and thought about that for the first two periods cuz she's damn innocent even if the guy is cheating on her she wouldn't know fir baadme wo bhi bolti hai april fool mujhe pehle hi pata tha lekin she spoke in a serious tone toh i thought sach bol rahi hogi and then routine ulta laane k waja se i got punished ghar aane k baad i broke my charger and couldn't study for for my exam aaj physics ka exam hai  uske liye bhi kuch nahi padha kal jab school se aarahi thi tab ek ladka idk kon par he was with his friends and i don't even know him but he screamed my name so loud everyone looked at me ussi time papa bhi aarahe they and he's giving me a death stare cuz aaj tak i don't even have a male friend and it was so awkward for both of us phir i joined a new tution and went there for the first time today and its early in the morning at 6 and quite far from my house i went there subhe subhe scooty chalake and sir is like aaj toh tution nahi hai phir ghar aake i got my period and on top of that we have our physics exam in the first period and I'm having dangerous cramps!!!
t2_13wekcugq3,Being handsome is god's grace,0,1,1.0,0,1743614415.0,False,t5_2zhzn,"As an Indian looks matters alot  from last 9 years I have vitiligo it's just a white patch skin problem it's not like I'm ugly or short in height I'm 6ft with a good physique brown skin with some vitiligo near eyes ....they say confidence is the key it matters but even when I'm confident no body takes me seriously I just want to be like others how others people gets attention after a breakup with a girl I left insta and every social platform zero friends no body asked me about it 
She left me because maybe she was feeling ashamed of me about my looks 
I'm mind is fcking disturb bcz of it they don't treat me like I want to everybody gets attention maybe I'm not that good in studies or anything I'm.just avg but I have seen my friend how they get more attention nd treatment bcz of there skin and looks what's the prblm with me I'm just a 17m yrr indian mentality is fcking low grade they will always troll you by saying he ate fish after milk 
I have entrance exams in 45days and I don't whaat I'm going to do bcz now I'm at zero confidence level"
t2_opoh33fhs,My Class's Non-Existent Humour😭,0,2,0.6,0,1743592871.0,False,t5_2zhzn,"So, today was the first day of school( 9th ) and as always, we were chilling around, asking everyone where they went etc., then it was like 6th period, and a new teacher asked everyone to speak a line or two about anything, and others would guess it. Aaditya said, ""Dosa idli sambar chutney chutney,""and instead of guessing whatever he was thinking, every guy in our class (except for yuva neta if know, he passed his retests) started laughing like it was some A-class joke or satire; then came my turn and to be honest, I am not a dank or that wannabe-cool-by-sexualizing-everything guy (I love dark jokes though) I just said, ""Thane ki Rickshaw...""(Thane's Rickshaw) no answer or reaction; i continued, ""Chehre pe Daadhi...""(Beard on the face) nothing, absolutely blank. like, damn, man, these guys only know whats going on on insta or facebook but not some actual comedy"
t2_ypjj6b48b,Idk 😔,0,119,0.99,0,1743520095.0,False,t5_2zhzn,"I have literally seen everyone sharing their stories about how they first met and asked for each other's insta,number, snap or whatsoever....then there's me😭 may be I am just too 'unapproachable' 😔🙏"
t2_1d0yoxeg4o,Acche songs batado- kal 6 ghanta walk pe jara,0,1,1.0,0,1743613271.0,False,t5_2zhzn,"Mujhe ye type ke chaiye:-

-bhola baba dede note chappan ki machine 

-punjabi mc 

-Admi ch#tiya h 
 "
t2_18ucaihvls,Drunk tries to kidnap kid,0,1,1.0,0,1743612885.0,False,t5_2zhzn,"Alr so I'm 16m and I hold a minor football coaching with my friend 17m so we  have like 6 kid who come for coaching and 2 of then are les than 10yrs so we have a small area in my building where we teach the kids and it is next to another building 

So like 3 hours ago the watchman from the other building came drunk af and grabbed one of the kids by their coller so me and my friend we were confused so we called our watchman who scared the other one away but that's not the end a while later my ball went in the other building and the drunk watchman appears like fuking Freddie fazbear and scares the shit outta me and so then I'm on a tree in the corner of their building and the guy sees me but ignores and goes to my friend who whispers to me samar bhag (samar run) and I do and the drunk sees me running and follows me but fails to catch me and now I'm fucking scared to even coach the kids man so I drooped them off at home and now it's just me and pritam(da fren)"
t2_15yj5j6kh7,I'm just captivated with these three songs...Listening these since I was 11 yrs...Still feels refreshing,0,1,1.0,0,1743611063.0,False,t5_2zhzn,
t2_1evwfr6gp2,I need help...,0,1,1.0,0,1743609802.0,False,t5_2zhzn,"Is there someone on this sub who is related to tech background, knows website development and have a entrepreneurial mindset ...... I need some suggestions, advices and maybe a coding partner...... "
t2_rdv3yt5q9,"In the first semester itself, 2 backs have happened.",0,1,1.0,0,1743609694.0,False,t5_2zhzn,"https://preview.redd.it/egkqe0nc2gse1.jpg?width=576&format=pjpg&auto=webp&s=49452947281746e94479669ad33d145d8af97c84

I am a lateral entry student and I wrote about 30 pages in each subject of a tier 3 private college, yet I still got 2 backlogs in my first attempt."
t2_tk0eqnuiy,Girls only pls plsplsplspslsllslslsl,0,376,0.96,0,1743493753.0,False,t5_2zhzn,"so basically , today feels like shit af. I wanna kms , I wish to rip that thing out of myself , and idk what not. 
apparently life was good for the last 15 months (ik it's abnormal but lol) , I didnt have this thing for 15 fcking months , didnt wish to go to a doctor either because I thought I magically got rid of that thing forever (lol) but , I HAD TO go to a gyno (eh , mum took me to my uncle only lol , ofc he's a gyno) and shit I realised i messed up myself. I had some meds for a period of time and within a week SHIT STARTED , I got tests done and wow , im a living mess (the report of the usg looks like the pregnancy thing , lol) and now I'm sitting over here .
I DONT WANT TO , it feels like I'm gonna die. MAN LIKE WTF , WHERE WAS ALL OF IT FOR 15 MONTHS?? I think it's pushing out stuffs stored in there too , UGH im gonna give up , I feel like UGH dying , but again BUT IDK HOW TO HELP MYSELF. 
My mood swings lol , I've cried like 3 times since morning already , I had the sudden urge to be loved (i wish , I WISH) then I wanted to give up , then sat with the projects and BRUH , I ALMOST THREW IT AWAY BUT I've the submission tomorrow and again , I wanna give up on my life .
Now atp idk but this thing hurts like wayyyyyyyyyyyy to much AND NO , IM NOT GETTING PAINKILLERS😭 pls. But can I magically cut it off , pls? 

Nvm thanks for reading this shit , im gonna go kms (sarcastically pls) 💀💅"
t2_opoh33fhs,Follow Up to this post,0,1,0.67,0,1743609455.0,False,t5_2zhzn,"I just recieved a call from Kishan aka Yuva Neta( Youth Leader ) and there is a good news and a bad news

**Good News:**

He passed his retests ( Maths and SST )

**Bad News:**

Every student of 8A got 9A and 8B - 9B but somehow he got in 9C along with the new admissions, So had to convince his father to let him change his section.

  
As for Machhar well... again bad news and good news

**Good News:**

He is in 9B with me

**Bad News:**

His father scolded him a LOT( One of my friends told his dad that he is not going in 9th )"
t2_sghos6xr4,Best earbuds under 1k?,0,2,1.0,0,1743595228.0,False,t5_2zhzn,I need an eardbud which will last long  and from my experience I think most of the earbuds just stop working after few months.. which earbuds of yours lasted the long and what was it??
t2_uo9boj77,my dad used my face cleanser as handwash for a month 😭,0,263,0.98,0,1743499742.0,False,t5_2zhzn,"so, i usually do my skincare in my room, but for the past few months, I’ve been doing it in the downstairs washroom. today, while I was in there, I saw my dad casually using my cleanser as handwash and I was like, WTF? turns out, he’s been doing it for a whole month 😭😭 and the reason? a few months ago, I removed the label from the bottle because I hated its color, so it was just a plain, mysterious bottle sitting there. so my dad just assumed it was handwash and kept using it daily while i was wondering why my cleanser ran out so quickly lmao. RIP to my precious cleanser 🫶"
t2_1ijhk83duf,Anyone having more fckd up life then mine?? ✨🎀( Girl Talk),0,12,0.84,0,1743558096.0,False,t5_2zhzn,"So the tea is..

I wasdue with my periods for like 2 weeks and had no signs of getting them and today I have the first day of my school and guess what.. I GOT MY PERIODS 😭😭😭😪
The worst part is that the first 2 days hit me the hards like I vomit faint and what not.. 😌😌
Now I gotta go to school and probably not die .. "
t2_1elgoutvwa,idk cooked up a sketch,0,5,1.0,0,1743579998.0,False,t5_2zhzn,i dont usually post here but I'm lowkey highkey proud of this (character is alexis ness from blue lock)
t2_g3jdl449,This is what wrote for my crush in 7th grade 😭. I am cringing so bad 🤡,0,173,0.96,0,1743504698.0,False,t5_2zhzn,
t2_c0asbok5,Do we have any green park fans in this subreddit?,0,1,0.6,0,1743605220.0,False,t5_2zhzn,
t2_1el46bm2g4,"Instagram App Not Logging In, But Works on Chrome – Need Help!",0,1,1.0,0,1743604234.0,False,t5_2zhzn,"

Okay, I know this isn’t a tech support sub, but r/Instagram is useless, and I can’t find any other place where people actually respond. So here we go—

My girlfriend’s Instagram account won’t log in on the app, but it works fine on Chrome. Every time she tries on the app (even Instagram Lite), it just says ""Unexpected Error"" and doesn’t let her in.

What We Tried (Nothing Worked):

 Reinstalling the app
 Clearing cache & data
 Logging in from my phone (same issue)
 Trying different networks & VPNs
 Resetting the password
 Checking for bans/restrictions (none)
 Instagram Lite (same problem)

What’s Weird:

Other accounts log in fine on her phone, so it’s not a device issue.

Her account logs in on Chrome, so it’s not hacked.

No security warnings, no shadowban (at least nothing obvious).

If it was a server issue, more people should be talking about it, but I can’t find anything.


Any idea what’s causing this? Is Instagram just randomly blocking some accounts from the app? Or is it a waiting game? If anyone else had this issue, how long did it take to fix?


"
t2_b264x8lkw,Today i won 1cr,0,576,0.91,0,1743479287.0,False,t5_2zhzn,
t2_193qd7u0bl,Anything you want to add🤤!!,0,143,0.98,0,1743504595.0,False,t5_2zhzn,
t2_usqlms90,school + coaching(JEE) + gym,0,2,1.0,0,1743586761.0,False,t5_2zhzn,"currently in 12th (fucked up 11th) and goes for J JEE coaching WED (3:30 - 7:45) and on SAT-SUN (10:00 - 4:45) , I'm thinking of starting gym with all this...should I?"
t2_wpmq32wju,"TODAY IS MY SISTER'S BIRTHDAY, GIVE ME HORRENDOUS NAME IDEAS.",0,6,0.88,0,1743565142.0,False,t5_2zhzn,Thinking of misspelling sister's name
t2_d666m4bbj,Please don't take these things for granted,0,346,0.99,0,1743485727.0,False,t5_2zhzn,
t2_tywiyk2m8,Will society accept this shit 😭,0,245,0.87,0,1743488825.0,False,t5_2zhzn,
t2_opoh33fhs,Windscribe is letting you buy your own data,0,1,0.67,0,1743596211.0,False,t5_2zhzn,
t2_1hroyo9goq,I want my old reddit backkkkkkk,0,3,1.0,0,1743574080.0,False,t5_2zhzn,My new notifications aren’t blue anymore 😭😭 and now i cant even distinguish between the new and the old ones. This is just so ewww😭😭😭😭😭😭
t2_xlg5urcy3,Solution!,0,0,0.33,0,1743595141.0,False,t5_2zhzn,Plz can anyone help?the green box appeared suddenly here don't know how..and now I can't remove this...how to remove this?
t2_j1bfz64w,"OP witnessed bloodshed... (For the Gents, kindly)",0,20,0.76,0,1743536551.0,True,t5_2zhzn,"I don't know why I'm posting this... I'm just bored. This happened a few hours ago.

My parents and my lil bro were out for something. So obviously, I did the obvious. Went to the bathroom and started to jork it... Dry beat as always. I wasn't watching anything. I don't usually (my imagination is enough)... After a while when I felt that I'd finished the deed, I looked down. I looked at my hand and it was the first time I realised how well the colour red and the colour white compliment each other... I was fucking stunned... ""Did I cum out blood?""... Fortunately, it wasn't the case... I don't know how this happened but I scratched a bit of skin while jorking it 😔... And the funniest part is that I didn't even realise it... But, maybe there's some other reason why this happened?
I sighed deeply in relief because ""Tis but a scratch""... So, not knowing what to do, I slapped some colgate on that thang and called it a day..... (Why am I doing this 🙂)"
t2_wasrd62p6,How's march looking?,0,3,1.0,0,1743573119.0,False,t5_2zhzn,19M
t2_13impxpvep,A PHONE CALL WITH MY DEAD FRIEND (PART 2 )...,0,176,0.92,0,1743492949.0,True,t5_2zhzn,"How could someone who had passed away call him? It was certainly bizarre. Without wasting any time, Aarav grabbed his phone and called his mother, who lived in Madurai, the beautiful city known for its festivals in Tamil Nadu.

When Mrs. Subramaniam received a call from her son at such an odd hour, she immediately felt concerned about why Aarav was reaching out at this time. As soon as she answered, she noticed he was breathing heavily, which made her worry even more. ""Aarav beta, what’s wrong?"" she asked.

""Amma, you won’t believe what just happened! I got a call from Siddarth, my best friend, whose funeral we attended last to last week,"" Aarav replied, his voice filled with urgency.

Mrs. Subramaniam felt a chill run down her spine but tried to remain calm for her son's sake. ""Beta, I know it’s tough dealing with work and Siddarth’s passing might be causing you to see things that aren’t there. Just drink some water and try to rest. I’m here for you, okay?""

Aarav protested, ""No, Amma, it was real! I heard Sid’s voice; it was unmistakable!""

She reassured him, ""Don’t worry, beta. It’s just your mind playing tricks on you. I’ll talk to your appa in the morning when he wakes up. Now, get some sleep; I’m feeling sleepy too. Good night, beta.""

Feeling disheartened by his mother’s disbelief, Aarav replied, ""Good night, Amma. Sleep well.""

By 2:30 AM, with the windows of his room open, Aarav reflected on his life. He had everything—a loving family and a good job at Bain & Co. in Mumbai. Then, he thought of Rohan Chakraborty, the second closest friend to Sid...                                                                                                                                                        Heart pounding, he switched to his messages and scrolled down to Rohan, one of Siddharth’s closest friends. If anyone would understand, it was him.

Without overthinking, Aarav typed:

Aarav: “Hey, weird question, but did you ever get a call from Sid after… you know?”

Seconds later, the typing bubble appeared. Aarav’s pulse quickened.

Rohan: “What kind of question is that?”

Aarav hesitated. His fingers felt stiff as he typed his next message.

Aarav: “I just got a call from him. His number. His voice.”

This time, Rohan took longer to reply. Aarav’s anxiety climbed with each passing second.

Finally, his phone vibrated.

Rohan: “Dude… that’s not funny.”

Aarav: “I’m not joking.”

There was another long pause before Rohan responded.

Rohan: “That’s impossible. I was at the funeral, Aarav. We both were.”

Aarav swallowed hard. His throat was dry, his mind racing with possibilities, none of which made sense.

Aarav: “I swear to you, I heard his voice. He said it was him. He… he asked for help.”

Another long pause. This time, when Rohan replied, the casual tone from before was gone.

Rohan: “What did he say?”

Aarav: “He told me to find him. And that the body we buried… wasn’t him.”

The typing bubble appeared again, but then it vanished. No response.

Aarav frowned. He was about to text again when—

BZZZ.

His phone vibrated violently in his hand. He looked down at the screen.

No Number.

His heart nearly stopped. The message appeared in bold white text.

“Find me.”

Aarav’s grip tightened around the phone. A sharp chill ran down his spine. one could just wonder why he was receiving these messages and calls from a person who doesn't exist anymore ?  FOR THIS , STAY TUNED FOR PART 3 FOLKS , I HOPE YOU ALL ARE ENJOYING THIS . MORE PARTS WILL BE RELEASED . THANK YOU!"
t2_kfi5ublx,Magik.,0,109,0.98,0,1743502241.0,False,t5_2zhzn,
t2_c4m493rh,Ye bhed bhav kiun,0,219,0.98,0,1743486728.0,False,t5_2zhzn,
t2_bp7udkht,Why should this sub ban relationship post ?,0,1,1.0,0,1743591504.0,False,t5_2zhzn,I think it's just the people are jealous. 
t2_hkew0u6h9,OP likes taking pics of cars,0,17,1.0,0,1743534932.0,False,t5_2zhzn,
t2_11hp5dvgwd,Shopkeeper uncle refuses. Should I file a suit in Consumer Court??,0,285,0.97,0,1743479642.0,False,t5_2zhzn,
t2_1eua1s30f7,Who TF watches movies/ series on 2x🤯🫨😡,0,15,0.9,0,1743533876.0,False,t5_2zhzn,"So me being a cinephile feel annoyed everything i see him watching movies on 2x and skipping again and again.
For gods sake i have scolded him like 1000 times already that if you don’t have time to watch then leave it na, bhai koi ijjat hi nahi h itni aachi aachi movies ki esi tsi kr deta hai😭😭
I used to suggest him soo many movies, like i was the one who forced him to watch john wick, wolf of Wall Street, American pie, Game of Thrones, inception and he watched all of them on 2x, and i felt it was my mistake and I shouldn’t have suggested such og movies, so I stopped suggesting him for good. 


Please forgive me for any grammar mistake im typing in RAGE!!!!

He’s M21 (UPSC 2028)
I’m M23 (CGL 2025)

Yesterday i come across a yt short of rizzler billy hargrove(stranger things), he was sitting next to me so i casually showed him that short,
This idiot watched 2 fkn seasons of Strangers things in 1 night.

Pls tell me how to deal with him or better how should i ignore him that it won’t affect me 
"
t2_19c2ee094b,"Hey, I'm looking for a study partner",0,3,0.8,0,1743563472.0,False,t5_2zhzn,Join me to W this day 🗿🤝
t2_g7u4tf6mi,Jesse हमें कुक करना है,0,32,0.98,0,1743516391.0,False,t5_2zhzn,
t2_hqs9gi9d,What is your fav mobile game??,0,1,1.0,0,1743583850.0,False,t5_2zhzn,
t2_nal13yy3u,Help Me Pick a Winner!,0,10,0.92,0,1743537912.0,False,t5_2zhzn,"Hey everyone! I’m participating in an open-theme photography competition at my college, and I need your help selecting the best shot to submit. I’ve picked out some of my favorite photos, but I’d love to hear your thoughts on which one stands out the most. Since the theme is open, I want to choose an image that is visually striking and has the best chance of making an impact. Whether it's composition, lighting, or overall appeal, your feedback would mean a lot. Let me know which one you think deserves to be my entry. Thanks in advance!

"
t2_1f01cfdebw,April will always come back but she never will,0,124,0.98,0,1743488935.0,False,t5_2zhzn,
t2_17xmmctnhc,Played Raabta on violin -18M,0,18,0.96,0,1743523814.0,False,t5_2zhzn,Thanks for listening !! 
t2_82d9cwl0,Help a bit,0,2,1.0,0,1743567765.0,False,t5_2zhzn,"I was gonna buy an electric guitar(I have been playing for 7 years) my first actually an electric guitar so should I buy an amp,amp modelor or an interface. 

What brand of electric will give me most bang for my buck?"
t2_l0yej5s22,FUN FACT ;),0,118,0.93,0,1743487715.0,False,t5_2zhzn,>!sholly!<
t2_1k0zyvk4yi,why are people speaking negatively in the comments?,0,11,0.71,0,1743532352.0,False,t5_2zhzn,"i posted something (letter dated 5th jan 2025) i know the letter seemed desperate but when you’re in love you don’t think straight, i’ve moved on and honestly i posted this randomly, the girl ended up breaking up and choosing someone from another religion even though they have no future together.

bad people exist on this planet. i wanted her with all my heart, yet she knowingly did this to me."
t2_1ec4ivafyv,I found the reason,0,2,0.75,0,1743567228.0,False,t5_2zhzn,"I know bahut saare log, mere jese honge jinko lagega unka comeback nahi ho pa raha, aur wo bahut saari gandi aadato ka shikar hote jaa rahe hai, aur is daldal me girte jaa rahe hai.

Mere bhai/behen, ye sab MAYA hai.
( I want to name this thing as MAYA)

Tumhe kya lagta hai, kya ho gaya hai tumko?
At this point mujhe lagta hai ki tumko realise ho gaya hoga ki tumhe harane wala koi aur nahi sirf tum khud ho.
Aur tumhe jitane wala insaan bhi tumhare andar hi hai.
Fark bas itna hai ki abhi MAYA ne tumhare upar kabza kiya hua hai.
And it's the reality, MAYA har kisi ki life me aa jati hai, think this as a challenge of god.
MAYA tumhe wo saare pleasures aur happiness degi jo tumhe bahut achche lagenge but tumhara man kahi na kahi bol raha hoga ye sahi nahi hai.
Tumhe bas MAYA ko harana hai.
Jis din tumne MAYA ko hara diya, tum jeetna shuru kar doge.
I want you all to judge your activities and be a bit ""awake"".
Always know what you are doing and remember the power of ""why"".
Koi bhi cheez karne se pehle khud se poocho me ye kyu kar raha/rahi hu?
Agar answer legitimate hai,to tum sahi kaam kar rahe ho.
Agar answer dene me time lag gaya ya answer thoda illegitimate hai, wo MAYA hai.
Just leave all the activities MAYA tells you to do, and you'll free yourself from this cycle of constant failures.
Ab ye reddit chalana chodke koi kaam karo, ye bhi MAYA hai.
Ye post dalne se pehle mene power of why ka istemal kiya aur mera reason tha mere jese logo ki help karna.
Just apply this method, thank you for reading😊"
t2_qvigsvub,Would really like to have a religious scripture without misogyny,0,0,0.42,0,1743594312.0,False,t5_2zhzn,
t2_yuu46d1sc,Pizza part 2,0,41,0.89,0,1743506248.0,False,t5_2zhzn,This time I followed some tips I got in the comments and also all the photos from start to end so let's go
t2_jn26b7qdm,India after 70 years....,0,2,1.0,0,1743564851.0,False,t5_2zhzn,"What do you think India will be like 70-80 years from now, when all the people in politics, industries, commercial sectors, government, and businesses will be Gen Z, with mostly no millennials? Will it be better or worse?

Edit:(at that time Gen Alpha &beta will be more dominant then genz but i think we all got the same type of mindset ( sorry for not mentioning them earlier) but the question remains same !"
t2_1huoxfyo06,Which one is the best?,0,76,0.84,0,1743490622.0,False,t5_2zhzn,
t2_6miuwtqne,"If it had been a little longer, NASA would have had a heart attack 😭",0,11,0.93,0,1743526108.0,False,t5_2zhzn,
t2_dy5ornrv,I helped a disabled guy!,0,71,0.97,0,1743490493.0,False,t5_2zhzn,"So I was coming home after my last board exam of 12th(last official day of my school life) and A man with a problem in his leg asked me for a lift and I stopped and gave him a ride and after a while he asked where my house is, then I said that     ""jaha se aapne lift maangi thi wohi mera ghar tha"". He got shocked and started thanking me, he said that you can drop me here, but i insisted to take him to his home which was not that far.

After reaching his home he offered me tea but I refused and left. When I was leaving I saw that he had like 10 omni vans in his house!!"
t2_1gz0urqc1k,Turned 18!!!,0,1,1.0,0,1743572435.0,False,t5_2zhzn,Ayoo guys i turned 18 today....finally i can legally drive  now and get access to many more things lol😭😭 
t2_149c0w7hgq,WHICH ONE TO PURSUE??,0,1,1.0,0,1743572378.0,False,t5_2zhzn,"Hey!
So l just finished 10th grade and wanted to upgrade my skills or start with a new one.
I need guidance regarding which at this present time is the most demanding skill required for the future and also relatively interesting and easy.
Suggest me some courses from Udemy you have either done or know are good."
t2_czpqqes6p,Watercolour portrait painting,0,16,1.0,0,1743520660.0,False,t5_2zhzn,
t2_vbm8y30l,Made a motorcycle page 😼,0,3,0.72,0,1743545071.0,False,t5_2zhzn,"Halowwwww
I just made this Page 
I don't ride a flashyy bigg bike 
But i am currently working on a cinematic movie typa video and its gonna be bomb
Cuz i learned colorgrading for that 
(The first photo is from that movie)"
t2_omh576rs,ab toh aadat ho gayi hai....,0,8,1.0,0,1743530701.0,False,t5_2zhzn,
t2_3qqzze7y,The Tree infront of my balcony.,0,44,1.0,0,1743497216.0,False,t5_2zhzn,
t2_14df7c3qdm,Guess the character.,0,3,0.81,0,1743543388.0,False,t5_2zhzn,I'll ink it after making some major changes.
t2_v1kjyr6lc,Made cookies :P,0,26,0.97,0,1743502261.0,False,t5_2zhzn,
t2_1f73mjipu2,OP is officially a senior now (Class 11th),0,4,0.84,0,1743537917.0,False,t5_2zhzn,yayayay 
t2_fvb7j9dny,Need some female online friends!,0,0,0.23,0,1743602565.0,False,t5_2zhzn,"Yes, only friends. Not girl friend or going dating. 18M here. My interests are manga, anime, psychological horror, psychology, gore, horror, politics, ton of nerdy stuff.

If they meet then let us meet too !"
t2_awe0x2gby,Am I Overreacting?,0,36,0.93,0,1743493287.0,False,t5_2zhzn,"I'm isolated for quite some time now, and yeah i do step out few times but most of the time i rot at home.

I . Don't know how to talk about this but, 
Just wanna get this off my chest.
I lost my dad last year and since then things have been different to me, i didn't had access to that ""Teenage Phase"" where you hang out with ur friends, and do stuff you remember nd laugh on... 

On top of that i have no support at home, my mother doesn't understand the concept of ""Emotionally Absent"".
She just wants me to do every task like a machine and study for lik 7 hrs a day.

I do some filming nd sketching to distract myself but when the night falls, im again there questioning myself.

I have some 2-3 online peeps whom i talk to but they ghost me most of the time, thru out the day they don't even bother to drop a single text. If i text first the convo will go on or else it won't.

I understand everyone have a life beyond internet too but what about those who don't? 

It's not like i want them to talk to me 24/7 but is it so much to expect someone talk to you for 15 min straight? No ghosting, no late replies.

And i get it, most of the users here are here for their own fun, their own interests, not to be available to listen someone yapp.

What do i do then?
It feels like I'm locked in a quiet white room. 
Go to therapy? Well..i can't afford it, also at the end they too will suggest me to socialize. 

But what's the point when no one wants to socialize with me? 

Just how many times will i knock the door over and over again? 


Should i just get used to the fact that there's no help available at all, no one cares to listen to you and u should just gulp it down until it tears you apart?
"
t2_11y7jsygiy,a funny feeling,0,1,1.0,0,1743563756.0,False,t5_2zhzn,"It’s a really strange, funny feeling… like standing in a place that once felt like home but realizing it doesn’t belong to me anymore. Not painful, not freeing either, just a distinct feeling I find hard to describe.

For ages, i’ve carried pain like it was a part of me. It became something I lived with everyday. Depression wasn’t just something I just felt, but was something I was. And now, suddenly, it’s just… not. 

I’ve been through so much, and the fact that now i’m here, alive, and reflecting on it just shows how far I’ve come. I think when we endure something for prolonged periods of time… whether it’s just grief, pain, or even just a way of being… starts to feel like a vital part of us. And when it fades, even if it’s for the better, it leaves behind this strange emptiness. Not the emptiness that hurts but makes you pause and wonder, the one that makes you ask, “Who am I without this?”

Maybe this is what healing feels like… a subtle shift. It’s like walking out of a dark cloud but you can still see that cloud over the horizon, and that makes you clearly remember what you felt inside there.

Idk if that makes sense, but whatever this feeling is, it sounds like i’m on the other side of something, and maybe it’s not that bad of a thing after all."
t2_166gggzgwb,🙆🏻‍♂️,0,43,1.0,0,1743490420.0,False,t5_2zhzn,
t2_h2f8a51e3,"Bro, since when did guys start caring about “glowing skin” more than muscles?",0,0,0.27,0,1743611514.0,False,t5_2zhzn,"No, but seriously—what happened to guys? Pehle ladke rough and tough dikhte the, thoda acne, thoda tan, full mardana vibes. Ab? Har ladka skincare routine bata raha hai jaise koi beauty influencer ho. Serum, moisturizer, sunscreen—bro, bas ek lipstick aur highlighter bhi add kar lo, phir full package ready hai!

Mujhe samajh nahi aata, jab se logon ne “glass skin” ka craze chalu kiya, ladke bhi ussi race me lag gaye. Gym jaana chhodo, bas night cream aur toner lagao aur perfect “beauty boy” look leke niklo. Kya pata, agla step eyebrow shaping aur lip gloss ho?

Bhai, thoda rugged rehna bhi zaroori hai, har waqt chamakna zaroori nahi! Mardangi ab attitude aur confidence se nahi, glowing skin se define hoti hai shayad? Kya future hai bhai!

"
t2_1k9ej16l1e,Nahh this is wild💀,0,409,0.97,0,1743445238.0,True,t5_2zhzn,
t2_ckkzjgzq,Don't pull the wrong strings (don't pull the strings of my heart),0,3,0.81,0,1743534143.0,False,t5_2zhzn,
t2_1kogr4ibg4,Yeah it's NFSW(Only boys please),0,502,0.92,0,1743439468.0,True,t5_2zhzn,"I am 18M and I've recently arrived at my maternal uncle's place where his son 9M is notorious.Some minor mischief is okay but,when he tried to touch my pe**s it's just too awkward since I cannot even think of this even today being 18.He's just too pervert even to touch his own sis(12F) a** and budding br****.

Today he took a metal pipe and when I was chilling out on bed playing asphalt,he beat my privates with that.It was not painful,but dude,a 9yo doing such things?

He body shamed an aunty **in public today** since she was flashing her  h*iry armpit.

**Did you ever experience anything as such with minors?**"
t2_9u0wj82q,Males only please,0,15,0.83,0,1743506823.0,False,t5_2zhzn,"!!!GRAPHIC WARNING!!!


So I am completing 14 this month and I still can’t full retract my foreskin.

It comes down about half way down the head but after that the resistance is too much and it feels risky to pull down further.

I don’t think that it is phimosis because I can get full rock-hard erections easily and I have ejaculated multiple times in the past.

It’s not like I’m getting any uncomfortable feeling down there, I just witnessed a sex ed class in my school recently and they were informing us about how to properly clean your penis.

Is this normal? Do I have something to worry about?"
t2_1dr97pz7mv,For all the people who pulled of April fools prank yesterday.,0,5,1.0,0,1743532478.0,False,t5_2zhzn,
t2_14renrzdxn,A New Chapter Begins!!,0,113,0.92,0,1743466578.0,False,t5_2zhzn,
t2_193pxokiss,What was the best April fool prank you hit today??,0,10,1.0,0,1743513068.0,False,t5_2zhzn,"Mine has nothing, no one tried to make a April fool of me! "
t2_94bfr1tu,Caught My Niece (18F) in a Relationship While Helping Her with Ghibli Art.,0,5,1.0,0,1743529548.0,False,t5_2zhzn,"So here’s the situation: My niece came to my home recently, and we were chatting when she mentioned the **""Ghibli trend""**. She asked me how to create them, and being the supportive uncle I am, I happily told her she could use ChatGPT for it. She downloaded the app, but when she tried to create an account, it showed a message saying, *“ChatGPT is at capacity now, and you’re on the waitlist.”*

Since she couldn’t make an account, I offered her my old ChatGPT login credentials. She logged in, created her Ghibli-style images, and seemed really happy.

A few hours later, she told me she couldn’t make any more images. I explained there’s a daily limit of 3, but she insisted she’d only made 2. Curious, I asked to check her phone. She’s not tech-savvy, so she didn’t know ChatGPT saves history. I opened the app, went to the history section, and clicked on the last Ghibli request. That’s when I saw it: **a generated image of her standing with a boy, hugging him, while he kissed her forehead**.

My eyes immediately went to her face. She snatched her phone back, saying, *“He’s just a friend! Maybe I did make 3 images and forgot.”* Things got awkward, but I quickly changed the subject, and she followed along by asking me random questions.

Now, let me clarify: **I’m totally okay with girls being in relationships**. My concern is deeper. Here’s why:

1. **Academic Struggles**: She failed her 11th grade in 2024. Her parents knew about it, but she kept it a secret from **everyone outside her immediate family** (friends, extended relatives) out of embarrassment. She only recently confessed to me (her uncle), asked for my advice, **and came to my home to get her NIOS admission sorted**. I enrolled her in NIOS (open school) for 12th grade afterward and handled everything myself.
2. **Social Media Obsession**: I’ve noticed she’s online on Instagram **almost the whole day**. Her “last seen” is never more than **1–2 hours old**. I suspect she’s **using Instagram to chat with this boy**—she’s not tech-savvy and probably doesn’t know how to hide/lock chats on WhatsApp. Instagram’s accessibility makes it easier for her.
3. **The Boy**: She’s 18, but **he looks 22+**. His Instagram bio lists a location **40+ km from her home**, and since she attended an all-girls school until 11th grade, **they almost certainly met on Instagram** (he’s not a classmate or local). **He seems to have a job (not a student)**, so he’s definitely older.

**About Her**: She’s a sweet, respectful girl—**never talks back**, obeys her parents and elders, speaks in a **soft, gentle tone**, and is physically frail (health-wise too). My didi is also sweet and kind person, trust and love her daughter very much.

**My Concerns**:

* I don’t know **how serious or physical** their relationship is, but given the secrecy, age gap, his employment status, and her vulnerability, I worry she might be **prioritizing this over her studies** (or worse, being manipulated).
* I **don’t want to assume the worst**, but I need to ensure she’s safe and focused on rebuilding her academic future.

**My Questions for Reddit**:

1. Should I talk to her directly? If yes, **how do I approach her without sounding controlling**?
2. How do I discuss **boundaries and priorities** without making her feel judged?
3. Should I involve her parents about the relationship, given the age gap, his employment status, and the fact that **they met online**? *(They already know about her academic failure but not the boyfriend.)*
4. How can I ensure she’s **safe** (given the long-distance dynamic) without invading her privacy?
5. **What would you do in my position?** *(I’m 6–7 years older than her; she’s like a little sister to me!)*
6. **Are there other subreddits** where I can get more targeted advice?

**TL;DR :** Caught my niece relationship with her Bf while helping her with Ghibli Art. She has failed her 11th last year and I think she's giving too much time on social media/her BF.  
I had to use ai to correct my grammar and structure this message."
t2_1k3fn54jk2,My life summed up,0,2,0.75,0,1743542841.0,False,t5_2zhzn,
t2_auypbi2j,Finally completed the trip with hedwig 😭,0,43,0.98,0,1743481907.0,False,t5_2zhzn,"And yes I bought kinderjoys with my adultmoney :) , and the bhaiya who sold it to me was shocked , like I bought all 4 on different days , and whenever I went I took time , checking each and every pack and bhaiya ne humesha bola aise nhi milega and whenever I opened the pack infront of him he was astonished to see ki har bar ek character nikal raha hai and today he told me to select the ones which have these to maine kiya and now he is going to sell those for 150 a pack 💀😅"
t2_k3me4e95,Personal milestone achieved!,0,6,1.0,0,1743520586.0,False,t5_2zhzn,"19M , 2nd  yr Clg student
Started saving and Investing since 2023."
t2_1htll6xtdj,Guys i am happy and definitely not depressed!,0,33,0.88,0,1743485965.0,False,t5_2zhzn,"I wake up happy and energized everyday!

My academics are great!

My JEE Mains and Advanced are gonna be great!

I have a lot of friends who truly care about me and don't just abandon me when they've had their job done!

I even have a real, loving caring girlfriend who pushes me to do my best and braces me with the tightest hugs and in that instant everything feels right!

I've experienced teenage love and I'm not like those loser virgins who can't pull girls!

I'm not losing interest in everything and think my future is going to be lonely and depressed!

My depression has not turned me into a poet and I didn't fill 7 notebooks with the absolutely most heart wrenching strings of words I call poems. Then those notebooks didn't get lost and I didn't cry the whole day!

Happy💐💐💐 (1/4/2025)"
t2_8y6m2nsh,Saw this reel on my feed (i posted it) how do you guys get over overwhelming emotions?,0,2,0.6,0,1743531979.0,False,t5_2zhzn,
t2_rnuw23yo1,How I f**ed up everything ( PS: Also a Storytime (Relationship)) (Part 1 and 2 Combined),0,3,1.0,0,1743531863.0,False,t5_2zhzn,"Ok So I (16M) is in class 12th, I am in my school since it was built, I am the 25th student of my school and I belong to Yellow house in the school ( Telling all this because it plays a key role in the story) 

In class 4th, there was this girl, let's name her H who joined our school and was in the same house as me, everything was going at its pace and I didn't even had any proper conversation with her till 6th class, So H was and is a scholar and so was I back then, she had interest in art and so did I, so considering this all situation, we became rivals and would be competing with each other to see who scored more and who has more knowledge, I was never able to beat her in academics but she was not able to beat me in speaking skills ( Debate and elocution etc.) and general knowledge, so we usually had fights with each other and started becoming good friends, then  came lockdown and many shit happened with me ( let's leave that story to some other day), but it fucked me up mentally and I became an introvert. 

Then when school resumed as usual in 9th class, we became very good friends, like we would talk with each other for many reasons and would do projects together and participate in different competitions, during that time elections for house captains came and they were to be selected from our class, I was damn sure that I was going to be the Yellow house captain but due to my absence because of a close relative's death, I lost this opportunity, but H became Yellow house captain and my friend the vice captain, but most of the yellow house's work was done by me and H ( I would fill in the shoes of my friend as a vice captain because he was not interested in all this ), we participated in many competitions and made yellow house win, during that time, the annual school fest came and I and H worked very hard for the House and made it win the second position, we were very much happy and by that time we became very good friends, we participated in many competitions and won them, discussed our ideas, roamed the school together and were part of the same choir group. 


Part 1 ends here 

Part 2 

Ok, so everything was going very good and it was the time for last three months of Grade 9th, I and H were doing some work together which our Sir gave us during the viva day and we were rearranging the bench, at these moment a girl was sitting on the corresponding bench and said that, ""Tum dono aaj kal bahut saath rehne Lage ho"" , my introverted ass didn't replied anything and just stood their smiling due to awkwardness ( I didn't knew what and How to react to this), But our friendship was still intact, during the last two months our class had a sitting re arrangement and our Sir would make random persons sir together and guess what seat I got ?? Well I was made to seat besides H (mind you due to my introvertedness I sat alone throughout whole grade 8,9,10,11 ), I was so happy and glad from the inside that out of everyone in the room I get to seat next to her, During that time, we also laughed and hi-fied each other for a joke ( it was an internal joke ), So in this sitting arrangement my friend X got a whole seat for himself in the corner and was complaining that why he gets to seat alone.

You know how mature 9th graders are right, hearing X's statement, every boy in the class said to X  that he was lucky that he gets to seat alone, and due to peer pressure and my overthinking ( I thought that H would think that I am over excited to seat next to her and I am a creep ), I also said ""yes, you are lucky""  along with them, ( This was one of the biggest mistake I have done in my life till now ), I remember everything what happened that day frame by frame, to this thing H replied in a self-doubting tone, "" Tujhe mere saath baithne se problem hai ??, tujhe yaha par baith kar accha nahi laga kya ??"" , to this I tried to give her an explanation but the target was already shot, as soon as the period got over we went home ( it was the last period ), I thought that everything was alright and I would explain her everything the day after tomorrow, but when I went to school she changed her seats and started to ignore me, since that day she keeps distancing herself from me, even in 10th class farewell I was not able to talk to her and we even hosted a farewell party for our seniors in 11th grade but still I was not able to properly talk to her, I don't know why but since that day our conversation has become very professional and formal, it still hurts to me this day thinking about everything, even though we go to the same tuition, she still avoids me 

Since that day I have tried to become less Introverted and I am constantly working on my social skills 

You want to know why this still hurts ?? 
Being an introvert, she was the only one of the two good female friends ( or should I say only female friend ), I have made throughout my whole schooling life, she meant a lot to me as a friend and I still and would always respect her very much as a good human being 

*I know that H is probably not on this platform but if you are there, I wanna say something:- *

I am Sorry for everything I have done, I am sorry for ever hurting you with my words if I did hurt you, no matter what you think of me as an individual now, but the respect for you in my mind would never fade away, you are one of the great friends life has given me and I would never forget you throughout my whole life,  All I ask for is one chance, let's be good friends again, If you ever want to forgive me, this person here is always ready to become a good friend of yours, you could share your life problems, your silly thoughts, your true self with me and cry on my shoulders for how many hours you want if you are facing any problems in life and you're friend here would never judge you, if you ever want support, I would be always there for you 

Thank you for everything "
t2_14df7c3qdm,"Day-5, posting from my sketchbook.",0,18,1.0,0,1743497815.0,False,t5_2zhzn,These are selected at random.
t2_1egzksj2sk,I hate BOYFRIENDS 🙏,0,320,0.96,0,1743440082.0,False,t5_2zhzn,
t2_v325e6fm,The thing which baffles me is how Priety Zinta never won any Beauty Pageants. Whyyyy???,0,486,0.97,0,1743431839.0,False,t5_2zhzn,"She literally has ""Pretty"" in her name. 🤷🏻‍♂️"
t2_14gpu29ky3,Had my first kiss! ✨,0,1269,0.91,0,1743413157.0,False,t5_2zhzn,"So this happened a few days ago.. my friend and I were sitting in a park during the sunset having an icecream, there weren't many people in the park especially in the part we were sitting not many people could see us. At first we were gossiping about random friends, families and college stuff and then we started questioning our lives things became a bit awkward so out of nowhere I said ""tere paas se itni achi smell aati hai like sweet si something like cocoa"" she said ""what? Icecream ki aa rhi hogi"" I said ""nhi it's almost all the time. What is it tell moisturizer or something?"" She said""nhi lagati mei bhi"" I was like ok theek hai mujhe kya hoga jo bhi hoga. After a few seconds of silence she looked in my eyes and looking in my eyes slowly said ""dekh taste krke dekh ek baar"" (she knew I had feelings for her). I was too stunned to speak, completely shocked, the only thing going on in my mind was what if our friendship is ruined after this and before I could think of anythin else she grabbed my head pulled me towards her and the kiss began i couldn't think anything I just continued it almost lasted for 2 minutes, the entire time I had butterflies in my stomach, after it was done we both smiled and sat there in silence for a few minutes and then we left the park she dropped me home we didn't speak a word the entire ride but whatever It was the most beautiful evening ever"
t2_1k0jt2xs3x,Someone give me advice please 🙏,0,4,0.84,0,1743524838.0,False,t5_2zhzn,"I have a female friend who is 19 (she's actually a distant relative, but our relationship is undefined—not quite friends, partners, or siblings). We met at a wedding, and I've been in the ""talking stage"" with her for about 1.5 years🥲. We've met in person 5-6 times, though only at family functions, where we typically talk for 2-3 hours. The first time she called me, we spoke for exactly 37 minutes and 44 seconds. Usually she initiates calls, but they only last 10-15 minutes. However, for the past two days, she's been viewing my Snapchat snaps without replying to my text messages or Instagram DMs. What should I do? She ignoring be from the last call why ?(the last was the that long 37 min call) She is ignoring my messages from straight 3 days it happing in a first time in 1.5 years. ( main problem : she is in my fucking mind 24x7 😭😭) 
My mind is not working form 3 days it telling me check it reply is come or not every single minutes. 😭😭 so why? "
t2_cb2996bp,Mommy Ke Hath Par Mehendi Lagaya,0,3,0.72,0,1743529686.0,False,t5_2zhzn,It was difficult because it's been a while since I done it. 
t2_m6ce8pixt,Never thought I would relate to this.,0,412,1.0,0,1743433550.0,False,t5_2zhzn,
t2_19c2ee094b,Bass samjh jao... Bayaan nhi kar sakta aaj ka ye F din,0,6,1.0,0,1743515797.0,False,t5_2zhzn,
t2_wu4tr866i,My life is a mess rn,0,234,0.99,0,1743443515.0,False,t5_2zhzn,"My life is a mess rn

So I 16F going to turn 17 soon. I lost my mother when I was 12 years old. I have a elder sister and father who are very loving and caring. When my mum died and the moment I realised that she's gone, a different side of me came out which was very mature according to my age. Instead of crying like any other child cries for their mother I was the one who was handling my father and sister. And that was the moment I was declared as most strongest human in my family (mentally). My father is a heart patient, had bypass surgery in 2018.

After getting that tag, my nature was same. But after 2 months I started having anxieties and panic attacks which I didn't share with anyone ofc because I was the strongest person na according to everyone and my father is heart patient so I'd never tell him what I was going through.

I had few friends but I suck at expressing too.

In the beginning I used to feel that my mother's absence didn't make that affect in my life as compared to papa and didi. But now the more I'm growing the more vulnerable I am becoming. I feel so lost. I'm a neet aspirant as well. I stays at home , studying only. I'm not able to concentrate. I wakes up while sleeping, deals with sleep paralysis, I have migraine too. I just wanna cry so badly. I wanna scream so hard. I've cried so many times but with a hand on my mouth. In these 4 years I've forgotten how to cry loudly even tho now I try I just can't. 

My father says he's just living for us, he gets strength watching our smile only. He works so hard for us. Doesn't even take a leave. He's a government employee but still have a huge workload. Right now , he's dealing with fever and his body is hurting so much and he got emotional saying we're suffering because of him. I know he's going to be okay but seeing him like this making me cry.

I can't even think about a single person who I can ask for help 

My father says, 
*maa jab tak mama,*
*Baap jab tak chacha*
Which is sounding so true rn at this situation.

Everybody says *Scars heals as time goes on* but my scars are getting deeper and deeper.
 
I miss my maa, please love your parents they're working really hard for you.

I've no idea what I've written.

Still if you've read this much, thankyou so much 😭 I just wanted to rant."
t2_jzqlucwq,I can confirm that I am a bad girl 😔😔,0,2519,0.94,0,1743396323.0,False,t5_2zhzn,My rotis are triangular ☺️
t2_w19g6v9k0,Watched for the first time,0,3,0.72,0,1743521405.0,True,t5_2zhzn,"Watched sourav joshi for the first time, can't even finish 1 vlog"
t2_1epz3lho0q,"Hello friends, rasna peelo",0,7,0.89,0,1743509756.0,False,t5_2zhzn,
t2_14sbn07ebk,Guys my crush proposed me today😍🥰 she was yelling 'APRIL FO-' later😍 I think it's her birthdate- April fourth😍🥰,0,3,0.71,0,1743526281.0,False,t5_2zhzn,
t2_1esftud7gp,op made matching bracelets 🤭,0,19,0.96,0,1743488921.0,False,t5_2zhzn,
t2_1fu2s5myqx,Chatgpt would never....,0,3,1.0,0,1743524696.0,False,t5_2zhzn,
t2_r5axijtwt,We gettin dream body w tis one 🥵🥵🥵🥵,0,15,0.94,0,1743491105.0,False,t5_2zhzn,
t2_13impxpvep,A PHONE CALL WITH MY DEAD FRIEND (PART-1)....,0,272,0.94,0,1743434115.0,True,t5_2zhzn,"It was a still October night when Aarav’s phone suddenly rang, breaking the silence. He squinted at the caller ID and felt a chill run down his spine. It was Siddharth.  
  
But Siddharth had been gone for two weeks.  
  
Aarav’s heart raced. His thumb hovered over the decline button, but a mix of curiosity and dread made his fingers tremble. He hesitated for a moment, then, almost as if he were in a daze, he pressed ‘Accept.’  
  
“Hello?” Aarav’s voice came out as a whisper.  
  
A heavy silence filled his ear, interrupted only by a deep, raspy breath.  
  
“Hey, Aarav.”  
  
Aarav’s breath hitched in his throat. That voice was unmistakable. It was Siddharth. His best friend. The one he had laid to rest just days ago.  
  
“S-Sid?”  
  
There was a pause before the voice replied. “Yeah, man. It’s me.”  
  
Aarav shot up so quickly that his chair fell over. Cold sweat trickled down his back. “This—this isn’t funny! Who is this?”  
  
“You don’t sound too thrilled to hear from me.” Siddharth’s tone was unsettlingly calm. Too calm.  
  
Aarav tightened his grip on the phone. “You… You’re dead.”  
  
“I know,” Siddharth replied. “I was there, remember?”  
  
A shiver ran down Aarav’s spine. The last time he had seen Siddharth was at the funeral, watching as his pale body was lowered into the ground. The weight of that loss had been crushing.  
  
“Siddharth… If this is some twisted joke, I swear—”  
  
“It’s not a joke,” Siddharth cut in. “I need your help, Aarav.”  
  
Aarav swallowed hard, his hands trembling. “What do you mean?”  
  
“I don’t have much time,” Siddharth whispered, the line crackling. “They’re coming.”  
  
“Who’s coming?” Aarav asked, panic creeping into his voice.  
  
Siddharth’s tone turned urgent. “Aarav, listen to me. You have to find my body. Dig it up. Please.”  
  
Aarav felt the walls closing in around him. “What are you talking about? You were buried! I was there!”  
  
“No,” Siddharth said, his voice suddenly filled with anguish. “That wasn’t me.”                                                                      Aarav felt his stomach drop. Before he could say another word, the call disconnected.



His phone screen showed a chilling message:



CALL ENDED – NO NUMBER FOUND"
t2_1kf12p9sn4,i can't anymore,0,2,1.0,0,1743529525.0,False,t5_2zhzn,"i was having dinner with my family(mom, dad and me), dad finished dinner and went back to do his usual office work due march ending and mom and me, we both were still eating, we were talking about something and idk how she ended up on the topic of yk the usual short clothes and everything, i argued back that no matter what a boy should be taught to respect women and to not look at them creepily and with wrong eyes, ok so that's that and then again idk how we ended up arguing about how, cleaning, cooking etc is a basic skill that everyone should learn to do despite the genders but idk it just kept getting worse somehow, i love my mom, we are a very stable family and my parents are very supportive but i don't get how she's like ""i am always right"" it just pisses me off, this is so absurd and unnecessary, we had a big argument about it and then she was like ""yeah sorry it was my fault everything's my fault"" etc idk what to do at this point, i just broke down there and i wanted to vent so please bear with me, thanks for listening "
t2_s9iref2g0,Guys please help,0,3,1.0,0,1743521147.0,False,t5_2zhzn,I was talking to a paid-number without me knowing it was..now my dad just got to know that I was talking to a paid-number..what excuse do I give to get my ass saved??
t2_10dq3lor3h,A question to all the boys,0,2,0.75,0,1743527917.0,False,t5_2zhzn,"How tf are you guys good at every sport. I recently started playing volleyball . First only girls were playing but soon boys also joined in. Bhai how are you good at football basketball volleyball etc. All at once . 


I have seen majority of boys being decently good in every sport. What's ur secret "
t2_15yj5j6kh7,I've lost count how many times I Rickrolled random people on Reddit today😂,0,2,1.0,0,1743527408.0,False,t5_2zhzn,Same as title
t2_12wc8d4tnv,Average JEE aspirant lifestyle,0,2,0.67,0,1743525950.0,False,t5_2zhzn,"So, my friend has his JEE mains tomorrow, i.e. 02S1. This guy has a problem with waking up early and centre is in another part of the city (Bangalore).

Instead of sucking it up and sacrificing sleep, this guys parents booked a hotel near the exam centre. Today he lands there and tells me he is at an EXECUTIVE SUITE and a TAJ.

Ok he has been studying well but spending almost ₹15,000 for one night is thoda over the top. Lets hope he ends up getting 98-99%ile.

https://preview.redd.it/5e4tb9ur59se1.jpg?width=960&format=pjpg&auto=webp&s=bee07186b7acd1e58ff8fdb5036010982a042c10

He sends this pic from his room. Oh no i meant Suite. Fml.

Ameeri on the top guys"
t2_16z6cg44lm,I have my JEE Main tomorrow and my adrenaline rush reminded me of this scene,0,2,1.0,0,1743525236.0,False,t5_2zhzn,How I feel going into the examination hall.
t2_i8pdgz1i,"You can do every goddamn thing right, and your life can still turn to shit.",0,2,1.0,0,1743525001.0,False,t5_2zhzn,"Or maybe it wasn't right at all in the first place?

~ just me being vigilant "
t2_hpr0weya,Is there a sub like IndianTeenagers for people aged 20 to 30?,0,1,1.0,0,1743537131.0,False,t5_2zhzn,
t2_8vccktw2,Dawg my reels feed is cooked,0,1,0.67,0,1743536980.0,False,t5_2zhzn,Why am i getting reels shaming coffee dates and 50/50 splits ? Ik its like 1 in the morning but still
t2_vfbjka6w,Well... shit.,0,0,0.5,0,1743536758.0,False,t5_2zhzn,"Okay, so here’s the tea. Ive got a bun in the oven but thats not even the craziest part. You see, there was this one time  right? At a bday party and there was this guy. Well maybe it was a girl, I really wasn’t even sure? But anyway, it was a situation. So there was some drinking, some late-night dancing, some twirling around underneath the stars, maybe some kissing, but thats beside the point. The point is, now Ive got a baby growing inside me, and no frickin clue who daddy

Also, if any cryptid looking men out there have been feeling a weird fatherly instinct lately, HMU. Send help. 

EDIT : I can't believe y'all fell for this APRIL FOOLS"
t2_17p4qk7lep,Idk what to do,0,1,0.67,0,1743536542.0,False,t5_2zhzn,"So basically I met a girl  online through a gc  Lets call her Aditi 
After knowing each other well we used to chat and talk a lot so she was 17F to be precise and we used to even call everyday for like 2 3 months in a row then. One day her friend let's call her arohi,
So arohi was aditi's best friend and once she got to know tha we are talking she used to literally come in between our call and say like "" Tu aditi se baat krna bnd kr de "" Idk why dude aditi said arohi loves to just quarrel with her online friends 
That's okay tillyestrdays so arohi took my insta id from aditi and used to flirt with me obv I didnt respond but onedays she blocked me ik I did not lak much with her 
Yesterday wilhe on a call with aditi arohi interripted and started to flirt then I just gave dry answers 
She unblocked me and started to dm again then se said se wanted to make a ghibli art so I made her one. Then se swnt her moms pic saying make one of it too 
I talked to aditi about this and u said just make her one and she will keep quite. Nextdaya she read me chats with aditi andiall I said was yupp she thought I commented on her mum saying yuk 😭 
 Today again se unblocked me and started to chatias usual I'd did not give reply turns out aditi was with her and I told aditi bout arohi talking to me 
And guess what she got offended again 
Idk what to do 

Tldr : my friends friend got offended for no reason 🤣"
t2_1b4f00vk81,I wish I could help my dad,0,1,1.0,0,1743536471.0,False,t5_2zhzn,"Well new year new things, Ig the ""NEW"" things are not in my favour afterall. My dad is suffering. He is weak now due to working a lot and bad diet. He has lost appetite now. He always goes to office and returns home very tired.


Today, I had gone to book store with him to get books for 12th, it made me realise so many things which I wasn't ready to accept. He wasn't able to climb stair case properly, he couldn't walk properly and he was tired easily after all the walking around ( my dad used to walk 1-2 km whenever we were outside and going somewhere ). When it was time to return home, we couldn't take metro because he couldn't go up the stairs,  we couldn't walk to home now since he was already tired due to the walk from home to book store. It was for first time, I panicked. I was trying to find any rickshaw, auto or any other things we can get on to return home. I could see my dad who was very tired and couldn't stand still now. 

After returning home, I felt bad what am I doing rn and what he is doing for us.

I wish I could help him by earning money and repaying the debts rather than just wasting time on JEE. Atleast he won't be tired."
t2_17dm2iawch,"Starting gym for aesthetics, need advice (17M, 5'9, 65kg and veg diet)",0,2,1.0,0,1743521833.0,False,t5_2zhzn,"hey, im a 17M 5'9, 65kg and ill be starting the gym tomorrow with a focus on aesthetics. ive worked out at home for a few months before, but I couldn't stay consistent due to exams and college applications. this time, ill fully be committed and ready to stay consistent.

any tips, tricks or personal experiences are highly appreciated. thanks!"
t2_cy5e4ipm,Never Believe Reddit stories,0,19,0.95,0,1743478888.0,False,t5_2zhzn,these mfs post their relationships daily as if they achieved something huge asf like gang it ain't even cool ( bas meri jalti hai) 
t2_1fwqwkje4q,I hit the ball in someone's house and said something abt the girl and ig she and her mom heard it,0,4,0.64,0,1743503601.0,False,t5_2zhzn,"Today’s morning match was already lit—sun was out, school’s off, and I hit two sixes back-to-back. But the third ball, ugh, flew right into didi’s garden. I knew it the moment I hit it—“ab gaadi ho gayi tumhari!” Everyone was like “tu leke aa”, “nahi tu jaa”, typical drama. But I was like, “chalo main aur Veer chalte hain, Riya tu bhi chal.”

We reached the gate and shouted, “humara ball aaya hai didi hum aaye andar?” She smiled and said, “aajao!” The way she said it—soft, sweet, like those movie scenes where the girl is just… different. She and her mom were having breakfast in the garden, and I swear for a second I felt like I was in one of those old-school Bollywood frames.

While walking out, I nudged Riya and whispered, “ketli sundar lage chhe, nahi?” Riya grinned and replied, “ane bilkul cinema shot jevi lage chhe!”—and honestly, she wasn’t wrong.

It was one of those moments where you see something simple but it sticks with you. Not like an Instagram pic or a reel, but something real, like life paused for a second just to let you feel it.

I don’t think she heard us, but even if she did—maybe it made her smile. That’d be cool.

And yeah… match continued, but my mind kinda stayed back there for a little while.

"
t2_1a078nx1dt,Can we just talk ?,0,2,1.0,0,1743520558.0,False,t5_2zhzn,Normally? Just about life?
t2_gj5vb9u74,"Wanna talk to someone to vent, rant, or need a solution?",0,1,1.0,0,1743533681.0,False,t5_2zhzn,Hmu! Tried it yesterday and it wad fun!
t2_172sbvzpr4,Reminder!!!!!,0,133,0.88,0,1743438106.0,False,t5_2zhzn,Let's do this Indian Redditor's 💪 
t2_zgu4w3eiz,i bonded with my dad for the first time in ≈15 years,0,5,0.78,0,1743501839.0,False,t5_2zhzn,"so two days back i (19f) and my dad had a dad-daughter time after so damn long. basically we were at my nani’s place and its located in a bit of suburban area so the sky is hella clear and perfect for stargazing. i’ve wanted to stargaze since forever so it did take me a while but with the help of my sibling and cousin i managed to convince everyone for it but since ipl chalri hai raat ko no one was interested to even consider stargazing 🧍🏻‍♀️ so i js went upstairs alone and sat on the khatiya (rope bed or wtv its called) 

i wasnt particularly waiting for anyone but suddenly my dad comes and sits beside me and we both located a few stars here and there, talked about vedic astrology (it’s a topic of interest for me and a topic of curiosity for him) and a lot other stuff

he even pat my head and said “we’ve never sat like this alone have we?” 😭 and it broke something in me bcs my dad has always been away due to job and all. and jab bhi i try to make plans and bond with him alone my lil sister jumps in for involvement. it’s not her fault though if one of us gets to bond properly i’ll always let her have that and either way he comes to visit us every fortnight on weekends so there isnt much we can do along with my neet preparations going on

the last time i remember bonding with him was when i wasnt even 10 and we used to trek mountains and search for fossils. it was nice and i hope to bond with him more frequently in future "
t2_3w0sjx2yp,This whole subreddit be like 😭,0,568,0.99,0,1743408434.0,False,t5_2zhzn,How tf do u get into a relationship at 13 😭
t2_1ld1k0x1ci,Ever got punished in school for the dumbest reason?,0,3,1.0,0,1743510430.0,False,t5_2zhzn,"Bro, people get sent out for yawning too much, made to write *""I will be disciplined""* 100 times just because their pen fell, and don’t even get me started on how the whole bench gets punished if one person talks.

Teachers really be out here handing out punishments like a lucky draw. What’s the most unfair or funniest punishment you’ve ever got in school?"
t2_f3qw876ei,10/10 combination istg,0,3,1.0,0,1743508901.0,False,t5_2zhzn,
t2_8ts4luez,"Going to gym tomorrow for the first time, wish me luck !",0,0,0.5,0,1743530358.0,False,t5_2zhzn,And also suggest me anything 
t2_icoq1atd7,Op finally 18 ka hogaya 🔞,0,18,0.88,0,1743473642.0,False,t5_2zhzn,
t2_fj0iffoq,recommend any cheap mp3 players and IEM's,0,2,1.0,0,1743515837.0,False,t5_2zhzn,ill be going to coaching and its got long metro travels so i dont wanna get bored but wont be able to take my phone (dont got one mum wont give me 😔) has anyone of ever mp3 players?
t2_bo41nez9,Downvote me idc but i CANNOT stand anime and weebs,0,6,0.54,0,1743494303.0,False,t5_2zhzn,"The voice acting is a lot of animes (especially the slice of life females) sounds so fake, they try to sexualize stuff a lot for no fucking reason, and weebs especially the indians istg, 

i was once at a restaurant and some kids were talking in Japanese with those hand gestures, they asked the waiter foe chopsticks (none of them knew how to use it) and said ""ITTADAAKIMASSU"" before eating 💔💔💔💔

Ive seen people thinking they're gojo and doing that hand cross thing and saying a bunch of japanese stuff 

Now this is not the most irritating part, its the ""2D>3D girls, ANYONE WHO SAYS THIS HAS NEVER TALKED TO A GIRL IN THEIR ENTIRE LIFE 

These ppl are so corny

I like some animes I've watched (i watched a few) like aot and death note but their fanbases are also corny as hell

You will say ""not all animes"" and ""not all weebs"" which is true and if you aren't like the people ik talking about then im not taking shots at you"
t2_opoh33fhs,Look who wished me April Fools,0,1,1.0,0,1743529246.0,False,t5_2zhzn,
t2_ykknxjrqm,Fear file episode recommendation please,0,1,1.0,0,1743528568.0,False,t5_2zhzn,"Please recommend me some good episodes of fear file if possible travel wale batana bhyiiii, something like that chhavala one "
t2_md54emrsc,Which artists did teens from this sub listen to the most in March?,0,3,0.71,0,1743514751.0,False,t5_2zhzn,
t2_1esftud7gp,op made keychains 😋,0,16,1.0,0,1743473830.0,False,t5_2zhzn,
t2_193nuwjost,"How can someone do that, and why can't teenagers be careful of all these things?",0,1421,0.94,0,1743385986.0,False,t5_2zhzn,"Mumbai police have identified a 16-year-old girl as the mother of a newborn found
abandoned in an airport toilet bin. The girl, a college student, was traveling to Ranchi with her mother when she experienced labor pains. Both claimed it was a miscarriage. Authorities are investigating the case further."
t2_15h555e2bk,Bro weighs 0gm 😆,0,406,1.0,0,1743410034.0,False,t5_2zhzn,
t2_12ja9jzw3l,Suggest me some good engineering colleges where I can apply?,0,1,0.99,0,1743527385.0,False,t5_2zhzn,"12th boards are finished and I am going to apply for Enginnering colleges . 
Pls suggest some "
t2_12ja9jzw3l,Anyone study in engineering college where I can apply currently for computer science?,0,1,0.99,0,1743527294.0,False,t5_2zhzn,
t2_cy5e4ipm,INDIA HATE JUST DROPPED,0,0,0.5,0,1743527135.0,False,t5_2zhzn,
t2_1hefpwro0z,Raat ke 2 bje waali scribbling,0,13,0.89,0,1743476898.0,False,t5_2zhzn,
t2_14ibuxsbwh,LMAO found this in the newspaper,0,2,0.67,0,1743512113.0,False,t5_2zhzn,
t2_y5htjuzvx,brick by brick,0,1,0.67,0,1743525452.0,False,t5_2zhzn,
t2_61a8phlc,Op got rosted today 🥲,0,1,0.67,0,1743525212.0,False,t5_2zhzn,
t2_w19g6v9k0,Birdsssss,0,1,1.0,0,1743525200.0,False,t5_2zhzn,"I'm going to pet a budgie, do you guys have any tips for me ??? 

And i will like to see your budgies ❤️"
t2_1a0wgfmogb,was I groomed and sa'd?,0,47,1.0,0,1743449866.0,True,t5_2zhzn,"This is very hard for me to write as I never speak about this to anyone because whenever I did they said she was a girl and what not. But I always felt like what she did was wrong. I was 10 years old ( f btw) when me, my mom and my brother went to our grandma's house because my mom got a 1 year contract as a yoga teacher in a school of that area. At that time my grandma kept a girl 16 years old at her house. We'll call her aanchal. She used to pay for her school fee and she would do maid work in return. Her parents had consented to this as they were poor and wanted support. So me and her became friends but she was constantly scolded as she would steal things around the house. One day me and her were alone at the house as my mom was at school, my grandparents at some function I think and my brother and cousin sister upstairs in a room (aanchal locked it saying to them it's some game). Okay before the whole room locking thing she told me once how her friend showed her some vid of a girl humping someone. She explained that shit to me i was 10 fucking years old. Although I knew very vaguely about sex i didnt knew about penetration and stuff. After that we all me, her, my brother and cousin went upstairs. She then said we should (me and her) should play a game. I was like sure. She said no we should try that (humping) I said okay idk for wtv reason I was fucked up in the head idek why I said OKAY?&#!,?. She locked herself and me in a room. And the thing began. Idk what happened but we went out and she locked my cousin and brother in the room so that me and her could go downstairs and do that again. I think because they were annoying her by knocking on the door. We went downstairs, her at the top me bottom and she started that shit again. I feel so disgusted writing this. She even said it would hurt. It didn't but she still did that dry humping roughly. Okay fuck um that shit happened and some days or maybe just the day after me and her were bathing together. My mom thought she could wash me. Me and her were in the washroom , naked. Idk what happened but that ""game"" started again. She pushed me to the bathroom wall and started oh god she started kissing my neck and mouth weirdly. I couldn't comprehend what was happening but I didn't stop her too. My mom shouted what is taking so long. She said we are washing clothes and then after a while we went out. Some days later we were alone again she started that game again and she made me out act out as a sex worker and her as a man who falls in love with me with all that humping ofc. I fucking felt so disgusting. Anyway she got kicked out because my mom caught her with some college guy and her making out in our home. Fucking insane. She must have called him because no one was there at home and my baby cousin was put to sleep by her. I can't ever decide or even comprehend wtf happened to me. Sorry of this was too long. I just needed it out of me btw I'm 16 now but I still can't help but think about this."
t2_6l4z3,"r/IndianTeenagers Late Night Discussion Thread (Share Your Days!!!) [April 01, 2025]",0,2,0.67,0,1743525040.0,False,t5_2zhzn,"Keep the following points in mind:

* Keep it civil and family friendly (mostly)
* Only reveal information which you are comfortable revealing
* Report a comment if you feel it violates any rules"
t2_fpueqc7q9,OP is 17 today !!!,0,52,0.95,0,1743447358.0,False,t5_2zhzn,
t2_aht71fwpc,"whats ur opinion, will hitting the gym affect studies?(op is in 12th rn)",0,2,1.0,0,1743510963.0,False,t5_2zhzn,
t2_rdk75gsb0,Exam ke bich me kalakriti,0,0,0.5,0,1743524378.0,False,t5_2zhzn,"https://preview.redd.it/bfma9ug419se1.jpg?width=720&format=pjpg&auto=webp&s=f3fc2169af7a904fa2610c9ef3e52cc607e38910

"
t2_6r24bxzdd,Fuk that! Is anyone interested in house husband. Probably best applicant on the line here!,0,3,0.8,0,1743502193.0,False,t5_2zhzn,"Well I can't study no more. So making careful decisions now. 

I have more than required skills enough to be considered as a tallented in that regard. I can cook desirable dish(problem with gol roties btw). Perfect for cleaning job, good with childrens, every skills required. 

My need is just a corner of house, enough pocket money to sustain heavy gambling and hardcore drunkard and optional respect. 
Anybody interested?!"
t2_1je8trjecv,मैं बदल गया हूँ......।,0,3,1.0,0,1743501894.0,False,t5_2zhzn,
t2_1evtjd8xl2,The only damn reason why I'm still in India,0,671,0.96,0,1743396234.0,True,t5_2zhzn,
t2_7r907d4n,Scholarship opportunity for students(Information about application on the 2nd image),0,2,1.0,0,1743509342.0,False,t5_2zhzn,
t2_fv871yeqo,Time for CUMBACK,0,217,1.0,0,1743416858.0,True,t5_2zhzn,
t2_10os3o5u80,Epik fight with mother,0,4,0.75,0,1743495081.0,False,t5_2zhzn,"I was watching an international chess match where one of the players was really nervous while the other was very chill

My mom walks in and says that the nervous guy shouldn’t even be there, and that its not that deep

I started defending him, she gave bullshit points like “chess hai, itna stress nahi hota” (she doesn’t even know how to play chess)

I got mad and said in a little aggressive tone “apko kya pata chess ke bare me”, 

She took that as insult and went on a 3 hour long rant and is now in her room lol "
t2_1aln9g0rpo,Spotify forcing us to buy premium be like,0,117,0.96,0,1743429676.0,False,t5_2zhzn,
t2_1bffbsi34f,Just started watching kota factory again,0,2,1.0,0,1743508389.0,False,t5_2zhzn,"Ok the last time when i had watched kota factory was during 2020 during the lockdown times and I used to watch on Netflix on my brother's subscription and as I am starting to watch kota factory again now oh boy the experience have almost doubled and i also once was a jee dreamer and now the spark of giving jee is again starting to light up

To the people who watched it, how was your experience watching it"
t2_1gdwcyfg27,Guyz tell me a superb movie to watch on jiohotstar ( fastt!!!!!),0,2,1.0,0,1743508266.0,False,t5_2zhzn,Fast!!!!! 
t2_opoh33fhs,Tuti Fruity is the worst,0,5,0.67,0,1743486170.0,False,t5_2zhzn,
t2_12nlc0mqmo,Scammer payed me.. what now?,0,1,1.0,0,1743521036.0,False,t5_2zhzn,"I got 150 bucks for giving a fake review on googlemaps and ik this is an elaborate scam. i've been giving them wrong information since start however they did upi me 150 rs.. and apparently im a part of a team and have to do task and all (which im obv not gonna do).. should i play along to see how much more money i can extract or block them asap?...

ps. paid ki spelling galt ik"
t2_ah0ybkya,how to deal with toxic indian parents?,0,1,1.0,0,1743520657.0,False,t5_2zhzn,
t2_18wmd18u96,Help guyss- first day of school tmrw,0,1,1.0,0,1743520466.0,False,t5_2zhzn,"Guys I'm moving to a diff state and starting at a new school and meri phat ke bahar nikal rhi hai please help broo
This is my first time writing on reddit, bcs im just that desperate for help.
To set the scene, basically I've lived in Kolkata for most of my life (past 7 years). I did live in Delhi for 3 years but dont remember much of it.
I live with my grandparents in Kolkata and my sister and parents, but I'm moving to Gujarat unfortunately, with just my parents. My grandparents are supposed to come next year after my sister is done with college, but there's a chance that they won't cuz I can see it in their eyes that they don't want to. Even though they live me to the moon and back and do too, I do understand them since theyve lived in Kolkata their whole lives.
My mom's relationship with my sister is very bad, it's mostly my sisters fault as far as I know, but my mom's in the wrong as well. Things have cooled down since last year, but still like yk. My mom doesnt like my grandma that much, mainly due to things that happened before I was born and I don't know much, but as far as I do it's mostly just typical saas-bahu serial type ladai. My dad has t lived with me in 7 years, but visits super often. Hes lived in 3 diff states and this is the 4th. Ive attended the same school for the past 7 years as well but changing now. Im currently on the car ride to like my new home with my parents.

I would say I'm kinda popular but not like that much. I have many many friends and am liked by most, with ppl crying during my farewell party at the canteen which my friends threw for me. I have been told that I have a good personality, and my looks have been rated 7.5 by friends. Many people have had a crush on me (dw I've not dated before cuz I don't believe in middle school love lmao) which is very reassuring to know that ppl like me. Im pretty extroverted but will probably look like an ambivert for the first few days in a new environment. Now, im writing this to give a basic description of my self and am not trying to show off and shit.
Im joining 8th grade at the new school, whose name I wouldn't like to disclose. Now, my old school which I've just left is like top tier chefs kiss modern. HOWEVER the school has a very rough patch due to internal problems for the past 1.5 years. Even though my school had changed drastically and returned to its original best school level, maybe even better, in the last few months, it was kinda too late. 

The new school im going to be attending however was established pretty long ago, and is very Indian. Now, don't get me wrong, i absolutely love ethnic stuff and am obsessed with hinduism, but my style is more western. I play the guitar, and, i would say, a good artist. Clearly, im not like very experienced in classical Indian, even though I really do like them. I have danced in many semi classical fusion shows before, where i barely did the classical parts and mostly danced the contemporary parts.

Now, my main problems are-
1. Maintaing my excellent academic status, while being busy trying to assert myself, and making friend groups.
2. Making friends at first.
3. Not crying out of homesickness cuz I love and miss my grandparents even though I literally met them a few hours ago and call very often.
4. Showcasing my talents and letting everyone know of my strong points.
5. Since I'm joining starting at 8th grade, it will be harder to make friends since ppl are generally already settled with friend groups and usually joining in the earlier classes it is easier to make new friends since eppl are generally less judgy. 

I freaking love you for reading the entire thing bestie, please help out your favourite girl in need here. Also pls ignore grammatical mistakes im trying so hard not to cry rn and don't have the patience to recheck my writing... First day of school is tmrwww
"
t2_mmcxluz3,Man i think i got a bunch of fake friends,0,1,1.0,0,1743520219.0,False,t5_2zhzn,"Nothing much, hear me out a lil

 ive not really been the most involved kid in school, but i guess i have a few friends. I have a feeling none of them are ever actually interested in things im interested in. Thats why a lot of times (and by a lot i mean almost always) whenever im talking about things im interested in fully expecting the other person to be listening, they are never actually listening and dont really go anywhere with the talk. I feel like i mumbled a bunch of nonsense for no reason and end up feeling stupid myself for even being interested. My friends will talk only when i talk unnecessary stuff like ""hey bro im so tired i wanna kms lmao wassup"" or ""hey today is valentines where my chocolate girl?"" type thing but thats just always me trying to force some communication between us. I am somewhat of an extrovert, i enjoy when people get involved in things i do and care for it ig, i need that social aspect but since my interests are really niche, i always feel like im forcing myself to socialise and none of it is ever thermodynamically feasible inherently yk

whats more, my friend actually recently bought an ipad for herself, and even though she knows i am usually interested in surface level tech stuff, she still didnt mention the fact she is interested in buying even once to me. This isnt a one off, same happened when she bought her laptop. there are many similar incidents lately and i feel kinda sad about it. 

Why do people got to be so unnecessarily secretive? I dont understand, makes me feel exploited in the long run like they are scheming or just interacting with me whenever its convinient for them 

am 19 rn, completed highschool when i was 15 so that explains you what type of vibe i got lol. Ig you can call me a nerd but i never enjoyed school or doing school work tbh. I think in my 12yrs of school i literally only attended like 6 actual yrs put together, i was always absent from class. also i changed schools like every 2 yrs so thats that. and even when in school i wasnt really putting any effort to impress anyone. I was the class topper but that was never really from me working hard and being super involved. I remember a time when i was bullied by a few teachers actually but thats a different story. 

Personality wise ive always been the jolly more freedom enjoying doing creative things type of kid, but theres always been a level of like ""discipline"" i was taught and also personal discretion when i interact with people. When i meet new people, I want to break ice by making bunch of unhinged jokes and stuff, but at the same time i fear a situation (burnt from past experiences) where they will call me out for my stupidity and thatll create even more distance and alienate me more in their eyes i guess.

What im trying to say is, it makes sense i dont have the strongest human connections given my history and stuff, but i find it hard getting any proper opportunities to make some good ones. 

Tldr; i dont get how to socialize like your average person, and thats getting to my mental health.

reddit be my therapist"
t2_kum5fzne4,Have you ever dreamt sequelly?,0,1,1.0,0,1743520212.0,False,t5_2zhzn,"Recently I dreamt a sequel to dream I previously had.

And a more interesting fact is that there are 2 different simultaneous dreams going on."
t2_syc3e1xh,what do you guys think??,0,0,0.5,0,1743520029.0,False,t5_2zhzn,
t2_17r58id1sa,"guys look what i found, very interesting",0,1,0.6,0,1743519942.0,False,t5_2zhzn,"https://preview.redd.it/y5tvpt27u8se1.png?width=699&format=png&auto=webp&s=276173c215f1b94373b7a7e86a166442cfef5cfa

"
t2_rdk75gsb0,A phool for the Fool 😅,0,2,1.0,0,1743505970.0,False,t5_2zhzn,"https://preview.redd.it/poeqarubi7se1.jpg?width=1200&format=pjpg&auto=webp&s=a886f7a537e2b3803f9b786b0d942df3f932efc0

https://preview.redd.it/eyxiszbdi7se1.jpg?width=1200&format=pjpg&auto=webp&s=48d29a01af8d64d15c8a8745446b11d8f10c5648

"
t2_xqfwezkfl,Everyone is just trying the same thing,0,3,0.72,0,1743492169.0,False,t5_2zhzn,
t2_17r58id1sa,guys new flex,0,1,1.0,0,1743519217.0,False,t5_2zhzn,"https://preview.redd.it/tchmx5wrl8se1.png?width=458&format=png&auto=webp&s=1e02fe83da09c5a6c699aa5b0a7c5205d39bd415

"
t2_d666m4bbj,Eid mubarak my brother's,0,595,0.81,0,1743394245.0,False,t5_2zhzn,
t2_1je8trjecv,एक शायरी.....।,0,2,1.0,0,1743504837.0,False,t5_2zhzn,
t2_3w0sjx2yp,Was that really sexual abuse ?,0,114,0.96,0,1743425467.0,True,t5_2zhzn,"So this is very embarrassing please don't judge me this is the only place i can ask about it. So when I a child I remember one of my uncle used to touch my private parts sometimes in a playfull way like touch and run I never thought about it being bad I thought it was a game and it was ok he did that to me and my cousin (both boys) everyone around me never said it was something bad they said since I was a child at that time it was considered OK also one instance I remember he called me 9 years old and my cousin 12 years old to show us our private parts he said to show it or else he would use the belt we scared did it he was checking if we had hair down there and my brother did I was a child back then so I didn't I also remember one Time he called us to a hug we went there and he grabbed our ""things"" and it hurt my cousin cried I didn't so he did it again and I did they were both laughing I felt bad so I laughed to fit it one other time I was going on a ride with him and my sis (he never did those things to girls) then my cousin also came there since there was no space he sat on my ""thing"" I begged him not to and my other siblings/cousins to call my mother they didn't I had to be like that the whole ride they said it was normal and I was overreacting it hurt the whole ride and even for some time after I got home I told my mother she just said to my cosuin/siblings to why didn't they call her and then nothing more I after that day told him to not do that again he made a promise and he still jokes about how he wants to break that promise (I am 13 now btw) and also he always took care of me fed me bought me things and all he took care of me always. He still tries to teach me and all.

Was that sexual abuse or anything like that I always thought it was something normal nobody my family ever did anything to stop him too. Is this normal in India ?

I really want to know I don't want to disrespect any other survivors please.

Edit: thanks for the validation u guys gave i searched about it I have found many signs of grooming... I can't sleep after knowing all this knowing that all my trauma responses were from that which I thought were out of nowhere. Now i am starting to remember since i had all that my body image was destroyed i became too mature for my age felt different even now i can't help but feel bad for him self harm thinking about this and feel embarrassed I even posted this let alone telling someone my chest feels heavy.

Edit 2: haven't slept at all it's 1 Am he also one time peeked through the bathroom door when I was showering and laughed he bathed me I don't know why but I was 9 at that time I was alone he didn't do anything although but I was naked he forced me and my cousin brother to we both got a shower in which he cleaned us alone we were both naked my bro was 12 and i was 9 my heart beat is so fast right now.


Edits 3: guys I don't know thought about It all day I now recall even more things I tried to bury those... so one time he huged me (I had to he used to pressure me into it ) it happened when I was 6 and... his... that...thing...""grew""... nothing more happened I got away after that I was just like that happens to that?? I didn't know at that age also he used to  give me stuff or do things for me and asked to let him touch me i did ket him everyone saw nobody said it was wrong the worst part is even after he stopped whatever he still pressures me to hug or kiss him even now I feel forced.

Edit 4: the fourth time...my cousin brother and me he kept us Locked in a room at noon to sleep even if we didn't want to and when we were like talking or playing locked up he used to come and hug us so hard and garb us and also when he was in the room he used to play a game whoever moves gets into his hug and is strangled and won't get away even if they tell to stop I got stuck there manh times my bro not as many but still he got it."
t2_14ibuxsbwh,Help guys,0,3,0.62,0,1743503329.0,False,t5_2zhzn,"I am 4'11 and I proposed a girl  taller than me 6 times (due to my friends forcing me to)and as she doesn't know me that much she didn't say anything  now I chat with her on insta and basically she friend zoned me but still the major point is that I had only one real conversation. One that doesn't contain only hi.
Do i have any chance to her and getting taller also? Pls tell i am desperate "
t2_1jfz1laaun,"Dog Guardians , I need ur help .",0,1,0.67,0,1743515739.0,False,t5_2zhzn,"So , It was this evening , I was sleeping and when i woke , I saw that my lil brother (7yrs) had brought a street puppy to our home frm like another colony or smwhere a bit far (frm that puppy's pov) . And now , that puppy was crying , I tried to give some milk , water and foods but it refused . And seeing this , my bro also started crying . My mom-dad aren't home yet . And idk how to deal with this . "
t2_1hp4yukiuw,My room double sharing in hostel. (Indore),0,5,0.73,0,1743483343.0,False,t5_2zhzn,P.S. Just moved in yesterday 
t2_nzxo82mf,AI KA ZAMANA HAI!🗣️,0,3,0.81,0,1743487278.0,False,t5_2zhzn,
t2_14sbn07ebk,What's your favourite kinds of ships?,0,2,0.75,0,1743500537.0,False,t5_2zhzn,I AM NOT TALKING ABOUT RELATIONSHIPS I AM TALKING ABOUT ACTUAL SHIPS🗣️‼️🔥. Personally I like battleships and those big cargo ships. Something about them fascinates me
t2_1fjfmnjq6i,A girl is stalking me,0,1,0.57,0,1743499896.0,False,t5_2zhzn,So today I 18 m noticed a girl from my college near my home and she also doens't live close to my house and she also clings to me during college and tells me to ditch my bestfriend for her.
t2_br5okf3h,rate bday gift!!!,0,9,0.85,0,1743470163.0,False,t5_2zhzn,"made this bday hamper for a situationship(21m) 

I added a silver chain, a keychain, a perfume which I'm hoping he likes, his fav drink (white wala nahi mila) , I made ribbon roses for the first time (and it's so not worth the mehnat) and i made him some affirmation notes! 

I'll add in some chocolates taki zyada khali khali na lage 

I'm having second thoughts that this is too silly for him but idk😭😭

Share your thoughts! would you be satisfied if you received something like this on your bday? "
t2_14ibuxsbwh,GUYS HELP ME I WANT MAAX PROTEIN FOOD IN VEG AND ......,0,0,0.5,0,1743512050.0,False,t5_2zhzn,
t2_18jhr1txk1,Wtf 💀,0,1,1.0,0,1743511670.0,False,t5_2zhzn,
t2_mxcrktmp8,Live painting watercolors,0,17,0.96,0,1743454189.0,False,t5_2zhzn,An college assignment I did a month back live in crafts museum new Delhi 
t2_1aowx3zarw,Bloomy Times,0,5,1.0,0,1743482894.0,False,t5_2zhzn,— avian_drew
t2_1hroyo9goq,Look what I found,0,96,1.0,0,1743419666.0,False,t5_2zhzn,"These are my og magnets 🧲 from 6th grade✨✨

Do you guys still have these or am i the only one treasuring these😂"
t2_15m21b5o3w,How to crack neet in one month🙂‍↕️,0,42,0.94,0,1743434761.0,False,t5_2zhzn,Procrastination kese chore ''jaldi tips doo '' agle mahine paper he 😭😭 iss baar to bhagwan khud awtaar leke bhi nahi bacha sakta😭😭 helpppp meeee!!!!  i am serious af!! i need help
t2_zud5xv1uo,My bro wrote a letter for her ex on last day of class 12,0,36,0.95,0,1743438193.0,False,t5_2zhzn,"In hopes she would  back , she read it with her friend, laughed and tore the paper and threw away.this shi is evil I feel so bad man wtf"
t2_1hr9so9q84,In my area jio is best 💪🏻,0,6,0.88,0,1743471384.0,False,t5_2zhzn,"Used to download 4K movies & webseries, PC game's, watching 4K content on TV and phone that's it 


What's your High? Just asking not an comparison "
t2_1706nsef5c,"Atefeh Rajabi Sahaaleh, the lady who got hanged at 16 for getting raped",0,1,1.0,0,1743506305.0,False,t5_2zhzn,"https://preview.redd.it/yyxst7c6i7se1.jpg?width=927&format=pjpg&auto=webp&s=8a4173038d7af690335391a54c653a5d5c2cfdcf

The lady you see here was from Iran. Whenever we talk about pathetic laws, whether from a cultural or religious point of view, things like this will most people astonished. While she no longer lives, let's take a moment for being grateful of living on the east side of South Asia and not the west. Let's take a pledge to never allow such rule to take place"
t2_8ts4luez,"16f, help me with my life",0,0,0.3,0,1743532539.0,True,t5_2zhzn,Lol It's not F it's M 
t2_b6ar32ol,What are some basic first aid stuff we should know as teenagers,0,2,0.67,0,1743483791.0,False,t5_2zhzn,same as title
t2_17g8w9t15t,(17M) Cooked cheese corn garlic bread,0,62,0.95,0,1743423716.0,False,t5_2zhzn,
t2_fiyhaqofm,"Rate my daily life. im depressed, lazy & suci, What can I improve?",0,1,1.0,0,1743504567.0,False,t5_2zhzn,"Sharing my daily routine in detailed . Please tell me realistically how I can change my life.
I used to be motivated but now my life sucks. Don't want to live.

21y living in india, 5,5 65kg with Bally fat & broke (Want to improve diet, Health, body and mental peace & productivity).

✳️In depth daily rutine with all activities:---
Sleep at 11-12pm then weak up at 4:30 for prayer (15min) then again sleep wake up at 7:30 morning, ready, fresh & eat tea and biscuits.(1 roti if leftover).
Then go to my father's fish shop. Work there cutting fish etc, back home at 12:30. Arround 12:45 eats (2 roti or else leftover rice with any of this [fried eggs, or allu, or leftover sabji]).

Then again real lunch at 3pm with family. Rice with fish & sabji or if meat.(We cook fish everyday and I like all kind of fish). Then use mobile while laying all day.

At 5pm I went on roof and spend me time, observing universe, watering plant, feeding birds and thinking, brainstorming, in delusion.

At evening habit of reading books for 45min, then again mobile. (if any friend call me then only I went out, mostly I don't, I cut off all of them) & I eat unhealthy things at evening like Maggie, noodles, paratha, momos,
Again use mobile.

Then at night eat same as lunch.(Rice)
sleep before 12.

I hate my life, I tried many things to do but always failed In Life. (Maybe if I share what I achieved before maybe some of you impress but NOW I'M AGAIN AT ZERO. & don't want to share those)(money can solve 80% of  problems)

Anyways I want to improve my life from every prospective. Diet, physics, mental health, comunication skills, work,

I'm sucks at social skills, can't find like minded people to connect and grow...

   "
t2_12ntwkzwpc,Will I ever be able to make my parents feel proud or not,0,2,1.0,0,1743489138.0,False,t5_2zhzn,"Today the result of a girl from my street came, she had come in second position (she was in 9th). She came to my house to tell that she came 2nd. Everyone congratulated her. Then the girl started talking to my mom and my sister (I was also standing there). Then they started talking about trophies/medals. The girl told that she has 2 trophies and 1 medal. Then my mom also started telling that my sister and my brother have also got many medals. Both of them always came 1st or 2nd. And then I realised that I never came with a trophy or a medal. I never came 1st nor did I come 2nd. I did not even come 3rd I could not even get a position. I used to fail, I somehow passed the final exams, For the last 3 years I have been failing in mid term and half yearly exams continuously. My result will come in may and I know that I will not get good marks in that also I am expecting 60-70%. I never made my mom, dad, sister and brother feel proud. I was caught smoking 3 times, they must have felt even more bad about this. All this was nothing, many bad things happened to me

I thought I will have a lot of fun after the exams but I have got into a worse situation. I lost everything"
t2_qd9lrfdq,Dumbass people of Delhi?,0,1,0.6,0,1743502455.0,False,t5_2zhzn,"So, I'm surrounded by dumbass people who do not like Axel F by Crazy Frog. They listen to dumb kpop songs that they don't even understand or weird NSFW 18+ songs to look cool. The song goes like this 
""Ring ding ding ding ding ding
Ring ding ding ding bem bem bem
Ring ding ding ding ding ding
Ring ding ding ding baa baa
Ring ding ding ding ding ding
Ring ding ding ding bem bem bem
Ring ding ding ding ding ding
This is the Crazy Frog""
I think people are becoming dumber day by day by trying to look cool. We all should listen to Axel F. 
"
t2_fqwik20pt,The Dark Side of Delivery Rides – My Experience,0,1,0.6,0,1743501742.0,False,t5_2zhzn,"I was watching this vdo where the guy was getting molested during a ride. I used to work as a delivery guy to pay for my clg fees and i just remembered my experience.  
  
Few months back, It was late, and I was tired from working from morning. But what happened during that ride was shocking for me, i didnt even know things like this happen with males?? 

Last month, I was on a delivery ride, working hard to get orders delivered on time. One day, a passenger got on my bike. At first, everything was normal. But soon, the passenger started acting in a way that made me feel very uncomfortable.

While I was focused on riding safely, the passenger began to touch me inappropriately. I tried to politely ask them to stop, but they didn’t listen he said, are kuch ni hoga bs do min. I felt so bad because I was doing my job and worried about my safety.

I eventually managed to pull over in a safe spot. I told the passenger firmly to leave me alone and to get off the bike. After that, I stopped working for a while, feeling upset and confused by what had happened.

I reported the incident to my manager and the local authorities, hoping to prevent it from happening again.   
I didn't even know males while working in Jobs face like this. "
t2_1clhnyqb0t,Op k crush ne snapchat request send ki😭,0,0,0.4,0,1743501535.0,False,t5_2zhzn,"NOT AN APRIL FOOL POST 

So there was this guy new in my school it was about 10th grade the last year of schooling. He was cute and was very reserved I barely notice him as it was only 4-5 days passed since school has started plus we all were coming from big isolation that was lockdown so I was trying to reconnect with others. So I get my bench alloted with a girl (my old friend) she had a boyfriend but both were red flag and were just chilling with each other so she liked that guy I previously mentioned. I told him should I ask his name for you but me being me did nothing. Now she tell one of our friend to go ask his name and said that I have a crush on the guy😭. It was so awkward but the guy didn't knew I initiated a conversation but he was very rough so I ignored it but then my friend was sitting on my bench during break so I told him to get up as I wanted to seat,(the guy bench was adjacent to mine) now my friend say I was talking to him about your in laws and stuff only . I was blushing harder and he was blushing more than me and I eventually develop a crush on him. He used to ask for my maths book  2-3 times , he used to come from his bench to mine(our sitting places were changed) to ask for book cause in our class we usually pass things no one get up from their place. One day someone wrote my initial and heart on my jacket that I was wearing it was written by purple pen I asked anyone has purple pen as I wanted to find who did that and the guy also had purple pen I asked him to give he was sitting adjacent to the wall with his bech partner by his side there were no chance that he could get up easily but still he come to my bench abd showed me that he has not written it. After that we never talked come to present I'm done with my 12th he send me request on snapchat 😭 He has a really short friend group and if I concluded we barely talk for 3 minutes in our school life. Do he like me? He's is a virgo and I'm Sagittarius Also I caught him staring at me multiple times even one of my classmate used to tease me with his name but I didn't blush by his teasing but the guy for sure got blushed."
t2_19c2ee094b,Finally!! Having a worse day after so many bad days :),0,4,1.0,0,1743474436.0,False,t5_2zhzn,
t2_ssgmlp2yy,Airpods issue,0,0,0.33,0,1743501087.0,False,t5_2zhzn,"I'm having AirPods Gen 2, and I just realised the right piece volume is comparatively low, how can i fix it?"
t2_97hc44u0,Help me gather articles and information regarding the safety of women (as students especially) worldwide and in India.,0,1,1.0,0,1743500521.0,False,t5_2zhzn,"

Hello so this is the sequel(didn’t post this here before but yea) to how my dad wasn’t agreeing for IBDP cuz he wanted me to not go abroad for my ug and instead to do it here. 

I got an idea to make a log of research in this matter abt how unsafe India is for women and in general,safety barely exists for us so it’s not a factor that should stop abroad UG (which was his only reason,not financial setback btw) I won’t do my ug in India. So till now I have got some good articles.


I have collected one article but mostly yt vids. I want one from worldwide so that I can prove women are safe nowhere. I am re-starting my Karate practice again so I wanna highlight on self protection and that good education shouldn’t stop cuz of things like this since they are everywhere. I want to highlight how women aren’t safe in public areas(I once saw a news on a woman getting raped in broad daylight by a man with public and no one saved her.) How hostles treat women and students mental healths. I saw the abuse faced by students from govt colleges for MBBS etc. 



I wanna do research in medical,specifically biology as in human anatomy. Yk  structuring of organs from stem cells etc? Lab grown organs? Things like that. Which do not have a good scope in India nor a good standard in research rn compared to places like UK and Australia. 

So these are some info I have gotten,one article and others are videos. I’d love if y’all could help a fellow icseian out on this quest to get the ug education I deserve. 

Woild really appreciate on topics like this:

Women safety worldwide 
Hostel reality
Bullying faced in govt intuitions
Women safety at night india.
Safest countries.
Any personal stories of y’all’s or a relatives. Please share if possible!! 

I got one of Dhruv Rathee’s recent videos(abt 7 months back) regarding Kolkata RG Kar Rape Case(literally my city)

Then the og Thompson Reuters’ article on how India is the most unsafe country on earth from 2018 for its 87 rape cases each day(reported ones at least)

Another video on Women Safety is a myth in India by Bhagat Decodes

A two week old video from Shivani Madan Ghosh on womens safety again.

Then some more: 


"
t2_g3jdl449,50 shades of me 🤡,0,101,0.99,0,1743410120.0,False,t5_2zhzn,
t2_166gggzgwb,OP ka garden dekhlo,0,39,1.0,0,1743428134.0,False,t5_2zhzn,
t2_rnuw23yo1,How I f**ed up everything!! ( Ps : also a storytime (Relationship) ),0,0,0.5,0,1743498472.0,False,t5_2zhzn,"Ok So I (16M) is in class 12th, I am in my school since it was built, I am the 25th student of my school and I belong to Yellow house in the school ( Telling all this because it plays a key role in the story) 

In class 4th, there was this girl, let's name her H who joined our school and was in the same house as me, everything was going at its pace and I didn't even had any proper conversation with her till 6th class, So H was and is a scholar and so was I back then, she had interest in art and so did I, so considering this all situation, we became rivals and would be competing with each other to see who scored more and who has more knowledge, I was never able to beat her in academics but she was not able to beat me in speaking skills ( Debate and elocution etc.) and general knowledge, so we usually had fights with each other and started becoming good friends, then  came lockdown and many shit happened with me ( let's leave that story to some other day), but it fucked me up mentally and I became an introvert. 

Then when school resumed as usual in 9th class, we became very good friends, like we would talk with each other for many reasons and would do projects together and participate in different competitions, during that time elections for house captains came and they were to be selected from our class, I was damn sure that I was going to be the Yellow house captain but due to my absence because of a close relative's death, I lost this opportunity, but H became Yellow house captain and my friend the vice captain, but most of the yellow house's work was done by me and H ( I would fill in the shoes of my friend as a vice captain because he was not interested in all this ), we participated in many competitions and made yellow house win, during that time, the annual school fest came and I and H worked very hard for the House and made it win the second position, we were very much happy anf by that time we became very good friends, we participated in many competitions and won them, discussed our ideas, roamed the school together and were part of the same choir group. 

Rest of the continuation in Part 2 :)"
t2_o1r7en2j,Which one is the best??,0,0,0.36,0,1743524996.0,False,t5_2zhzn,
t2_a0o3bxod,I'm lucky to have such a good father,0,1,1.0,0,1743497064.0,False,t5_2zhzn,"Though we have petty squabbles sometimes(which is common between any father and son), he always supports me in any circumstances. Recently we got our results and I was the first in our class. He was very happy and told me he would buy me whatever I wanted, so I got a novel I've been wanting to read for a long time(East of Eden) 

TLDR-My father gave me a novel I had wanted for a long time due to my good perfomance in school."
t2_7cryentk,Worst part of watching a show,0,128,0.99,0,1743401669.0,False,t5_2zhzn,
t2_ek5dlq98,"Come, let me spoil you gurl 😋",0,25,0.62,0,1743433395.0,False,t5_2zhzn,Haa bhai mera paisa nahi hai baap ji ka hai🫩..but ek baar poore bed pe paise bichane ka shauk tha
t2_13fk359s80,How should I budget 9000rs/month at 19?,0,1,0.67,0,1743496249.0,False,t5_2zhzn,"19 male here. Last year, i gave neet but had no luck. Since then I'm working at my dad's pulses mill and cleaning plant. Mainly supervision. In spare time, learning the buisness and accounts handling from my gramp. After two months of working without pay, i discussed with my dad,, and he agreed on paying me 9000rs every month. He still covers my essential expenses over clothes and stuff so thats that..

Now that I'm earning, I'm a bit confused about how to manage my 'salary' .    

I would really appreciate any advice or suggestions on how to handle my earnings. How do you guys manage your finances at this age? Are there any invej stment options I should look into, or should I go ahead with my plans to buy the Jordans or save for the PS5?

Thanks in advance for your help!


"
t2_jzqlucwq,"We got the bad girl version,now we have bad boy version",0,150,0.9,0,1743398188.0,False,t5_2zhzn,
t2_ppu9tm6oh,Which one is the best?,0,0,0.5,0,1743495833.0,False,t5_2zhzn,
t2_1a078nx1dt,🙂💔,0,38,0.93,0,1743423259.0,False,t5_2zhzn,
t2_17qss0c1sw,Today is that day 😭,0,75,0.93,0,1743408953.0,False,t5_2zhzn,Share your farewell stories and incidents 
t2_13wzyvjz9c,Author is a fan,0,70,1.0,0,1743409849.0,False,t5_2zhzn,Found this in your sibling's book 
t2_h67nybr8,Don't Gamble bhaiyooo,0,8,1.0,0,1743451450.0,False,t5_2zhzn,"I recently got into IPL betting and came across the idea that, with multiple accounts, it’s a win-win situation. It seemed foolproof different devices, different network kya hi galat hogaa?

I started small, loading ₹8,000 across four accounts. On my first day, I made ₹4,000. Easy money, right? That’s where the illusion begins.

Excited, I started betting almost every day, not just on cricket prr on other games too. I turned ₹1 into ₹1,000, ₹100 into ₹10,000. Before I knew it, my wallet had almost ₹40,000. The rush was unreal . I felt invincible. But here’s the thing—you are never content .Ab see 1 se 1000 bnane m jo khushi thi vo ptani kyu 40000 bnne me ni thii uss samay ni realize hua 40000 kitna hota hai .

In a blink, that ₹40,000 dropped to ₹13,000. I withdrew it, realizing I needed to stop.Aur sala tab it hits ki kaash 40K p nikaal leta . But then I noticed I wasn’t receiving payouts for some bets (stake paused my bonus) They knew about my multiple accounts. Support was silent. Panic. To cover the losses, I gambled firseee in hopes ki firse ban jayenge 40000. Lost everything.

Desperate, I busted all my accounts trying to recover. Made some progress, lost it all again. Finally, I withdrew whatever I could and swore off gambling. Per vo lalach and hope boli , bhai what if you turn ₹100 into ₹100,000 tab saare loss khatam ho jayenge and achha profit bhi?

That thought cost me another ₹10,000—money from my stock portfolio. Gone. Just like that.

Thing is I somehow got lucky and didn't lose much of my initial sum.

Please, stay away dostoo. The house always wins. If making money was this easy, casinos and betting sites wouldn’t exist. They lure you in, make you feel like a genius your tricks will definitely work cause they let you win and make you feel like you know stuff, and then strip you of everything. It’s not a side hustle. It’s a trap.

If you really want to grow your money, invest, ya saala eat with that money prr don't gamble. It will ruin you.

"
t2_1kbqvh6ozm,"Liking the art, not the artist. Can we please separate these two?",0,2,0.57,0,1743478196.0,False,t5_2zhzn,"I have seen people receiving hate for things in their private life. I'm not defending any of the people I talk about below, but just hear me out once, okay?

**1. Ariana Grande**: She received massive hate, criticism, and unfollowing because she dated a ""married"" man who had a child with his wife.

**2. Seo Ye Ji**: She also received massive hate, criticism, and unfollowing because she was ""overcontrolling"" and ""possessive"" about her boyfriend. A few of her projects were even canceled!

**3. Kim Soo Hyun**: He's receiving hate, criticism, and unfollowing, and even his projects are getting canceled. He is no longer the highest-paid actor because he's a ped0.

**4. Wilbur Soot**: He received hate, criticism, and unfollowing because he was abusive.

Before y'all attack me, read this first. No, I don’t support any of them. No, I don’t support cheating with someone when they know that person is married and has a kid. No, I don’t support someone being overcontrolling of their partner. And no, I definitely don’t support a ped0 or someone who’s abusive.

But I do like a few songs by Ariana and Wilbur, so I’m going to continue listening to them. I do like Seo Ye Ji's and Kim Soo Hyun's acting, so I’m going to watch their dramas.

One of my friends introduced me to Wilbur in the past, saying they **liked** him before knowing he was abusive. I heard a few of his songs, liked them, and added them to my playlist.

To be honest, as a person, **I don’t care what’s going on in these celebs private lives.** I really don’t. As long as I get **quality product** and **good results**, that’s all I need. If I like a song, I’ll add it to my playlist. I’m not going to stalk the singer, dig into their history, or anything. Same with actors if I like them, maybe I’ll check out their other dramas, but I have little to no interest in what’s going on in their personal life.

I don’t know how they are as a person, and I don’t even want to know. But I do know they have talent. They are providing us with **good content** and **entertainment.** So why must we stop appreciating it or start hating it just because they’re a ""bad"" person?

Again, I’m **not supporting them**, but I’m just asking yes, maybe they're bad people, but are we supposed to ignore their talent and skills just because of that? If they’re a bad person, does that mean all their hard work, talents and skills should be overlooked?

I personally don’t get it. Why must we **stalk** our favorite celebrities? Why should we care about their personal lives?

Tbh, I don’t even have many ""favorites"" the only group I’ve been a fan of is BTS. Yes, I’m an ARMY. They’re the only ones I’ve actually wanted to look deeper into. They were the only people who made me want to explore their content beyond just music. If, tomorrow, BTS turned out to be ""bad,"" I wouldn’t be shocked or anything. I already know it’s all an act on camera. I wouldn’t even be surprised, maybe just a little disappointed. But I also know the world isn’t just **black or white,** there are **shades of grey** too. And BTS are from SK**,** I know how messed up SK is. But that doesn’t mean I’ll stop listening to their songs. I like their music, and I’ll keep listening to it.

Anyway, I won’t **stalk-stalk** my favs, but at most, I’ll be curious about who they’re dating or their love life.

Here’s a **real-life example** too:

**5. My biology teacher** : I don’t like him as a person. He’s annoying in my opinion. But he is **knowledgeable**, and I respect that. I won’t mix that up with his behavior. He’s kind of homophobic. Once, when he was teaching, he said he *knows* his wife was pregnant only once, ""as per his knowledge,"" but before that, he doesn’t know. That was **so damn disrespectful**. He publicly **fat-shamed** a girl in our class. He constantly portrays girls as **gold diggers** and a lot more.

Honestly, it makes me super mad. My friends told me to chill because *“he’s just joking.”* But do they even realize that this is **normalizing** it? Normalizing disrespectful and sexist jokes? Kids in our class (11th–12th) will start thinking it’s normal to make such jokes, that it’s harmless. But is it really? No. They won’t even realize when these jokes start sinking into their subconscious, making them believe it’s okay.

Again, I don’t like him as a person, but he’s knowledgeable, talented and skilled, and I respect that.

Same with **everyone else**. It confuses and frustrates me that people can’t separate these two things.

I just want to know **your opinion** on this."
t2_1m941uau4v,15M | Now in 12th,0,0,0.5,0,1743490576.0,False,t5_2zhzn,"So yesterday, one of my online friends—jisko bhai mana tha—told me he had developed a crush on me. He’s 16M, and honestly, I was shocked because no one has ever said anything like that to me before. For a moment, I felt kinda happy, but then he suddenly started ignoring me and trying to distance himself. He thought I felt disgusted and wouldn’t want to continue the friendship anymore.

**His message:** *""Starting me mereko tumhare upar crush tha.""*

**Mine:**  
*""Well, first time someone said this 🥲 Ngl, I’m happy, but I’m not BF material lol. Ye romance mere bas ki baat nahi hai 😅 Lól. Better get a crush on someone who genuinely cares about you and knows you well, okay?*

*Someone who truly loves you in every aspect, understands you. Not me—someone who always wants to disappear, who's negative, who isn't fine, who has ADHD, PTSD, fails in every way, rarely enjoys, is always sad, and isn't perfect or better in any aspect.""*

After that, he ignored my calls and messages till 7 PM.

Finally, at 8 PM, he picked up. We talked normally, and I explained everything. I told him it’s fine that he developed a crush, but what he did in the morning (ignoring me and trying to break the friendship) should never happen again.

So yeah, first time I’ve talked to someone for more than 30 minutes straight. I explained everything, and now things are fixed, but yeah—crush toh nahi ho sakta. I know this will fade with time.

But now, I keep wondering—*what made him develop a crush on me?*  
I never talked romantically. Yeah, I showed care, but that’s normal in a brotherhood bond.

Anyway, we’re still continuing the friendship. Nothing will change in my behavior towards him. I gave him a first and last chance because what he did in the morning (ignoring and emotionally distancing) isn’t something I like. If he does it again, idk—I might just block him.

Because I don’t like people who play emotional games. This incident did leave a small crack in the wall of trust, but let’s see what happens next.

**Reminder:** I *know* what I should do. I don’t need advice like *""focus on boards, competitive exams, etc.""* I’m already doing that. I just wanted to share this—nothing else."
t2_11fgt4sv1d,how can i sell JEE and CBSE books,0,1,1.0,0,1743489544.0,False,t5_2zhzn,one of my relatives recently gave jee and her boards and no longer needs her books anymore. do yall know any sites or applications where i can sell these second hand books?
t2_eu4h51y69,I am a shy guy,0,13,0.88,0,1743438858.0,False,t5_2zhzn,
t2_14bcb0pkj2,Hat's off to the architect....😶,0,569,0.98,0,1743364548.0,False,t5_2zhzn,
t2_1egzksj2sk,Why this cycle never ends,0,13,0.82,0,1743436151.0,False,t5_2zhzn,"1. Don't have enough people to have a sweet conversation with

2. Someone talks nice to me, and we get along and talk a lot.

3. Late replies turns into no replies.

4. Feeling left out.

5. Working on self improvement.

6. Go to step 1."
t2_1g98y8nukd,Guess the song (Difficulty: Impossible),0,11,0.93,0,1743434915.0,False,t5_2zhzn,
t2_pawjwoto,Subha subha i did kalesh( fighting for my own rightss yaarr)!!!,0,101,0.88,0,1743392820.0,False,t5_2zhzn,"okay so what happened was i woke up, and as usual my dad was late mom was sleeping cause she need to take care of my little sister so being the oldest i helped him as it was my off today. He said gimme breakfast and i was like okay i gave him the usual stuff packed fruits and bread, he bought bread said the taste is terrible. I checked the date it was expired. He said i will change it i was like okay just 1 day expired maybe a mistake and woops the soon as he left i checked the date of the packet bread he ate from it was 4 days expired i was like broooo i ran to him quickly. And confronted the shop owner usual its his dad so i said this is 4 days expired how can u give ur customers a 4 days expired thing??? He was like you took it ""it was only there"" i was like it is expired u are the one to check and bro what if there is someone that doesnt know expiring exist or it is a small kid?? How will they compensate for someone's sickness?? He totally denied it and i couldn't argue more so i just came back with the half breaf pack buns. Also weird i saw a dairy milk chocolate intact on the road but nahi uutaiii😭.
What a kaleshi morning to start with damnnn!!"
t2_19bzkunsx6,Yt shorts healing?🥀,0,6,0.88,0,1743445099.0,False,t5_2zhzn,
t2_8ts4luez,Tired of this relationship and situationship posts !,0,5,1.0,0,1743451559.0,False,t5_2zhzn,"Please stop 🙏
Like someone is having their first kiss and some is going through break ups 
"
t2_jgurqy5v0,How life has been feeling as of late,0,61,1.0,0,1743401942.0,False,t5_2zhzn,At the same time I feel like I'm running out of time
t2_i7m2ww1t,Feeling Left Behind: The Harsh Reality of Limited Opportunities,0,3,0.81,0,1743454061.0,False,t5_2zhzn,"
I’m 17F, hoping to join an NLU this year while also pursuing the Company Secretary course. I’ve started networking on LinkedIn, trying to put myself out there, but the more I scroll, the more I realize how behind I feel.  

People my age—or even younger—are out there attending MUNs, summits, summer schools at prestigious universities, and grabbing opportunities I never even knew existed. They have the connections, the resources, the funds. Meanwhile, I’ve never attended an MUN, never been to a summit, and summer schools? The fees alone are enough to make me laugh in pain. Every time I see another post about some life-changing event, I can’t help but wonder: **How do people even find these opportunities?** Why does it feel like some are always ten steps ahead while I’m just struggling to keep up?  

It’s not just FOMO; it’s the crushing weight of knowing that some doors will always be locked for people like me. No matter how hardworking or ambitious I am, I can’t help but feel like I’m running a race where others got a head start.  

For those who’ve felt this way—how do you deal with it? How do you find and access opportunities when you don’t have the right network or financial backing?

Upvote if you can relate "
t2_14ibuxsbwh,YAAY I finally got a gf what to do with her??,0,0,0.33,0,1743512274.0,False,t5_2zhzn,APRIL FOOLS 
t2_d4td6et3,Will you guys buy daily newspapers once you live on your own?,0,9,1.0,0,1743439209.0,False,t5_2zhzn,"It’s very common for a Indian household to get newspapers every morning. But as someone who reads news on mobile, I doubt I’ll buy newspapers when I live by myself. It just feels so weird, an Indian household without newspaper every morning. Maybe in a decade or two newspapers might become less common. Wanted to know how people felt on this random thought of mine."
t2_1aowx3zarw,What are your thoughts about my art?,0,28,1.0,0,1743414284.0,False,t5_2zhzn,
t2_6zwqrsce,🐷,0,13,0.88,0,1743430037.0,False,t5_2zhzn,My take on all I guess
t2_flxdkdke,Back in 2021,0,5,1.0,0,1743445616.0,False,t5_2zhzn,
t2_twzakvh2k,Do you feel too sad for the beggar on the street or seeing old people struggling to work to make ends meet?,0,10,1.0,0,1743431448.0,False,t5_2zhzn,"While traveling in local trains do you feel really sad looking at ppl struggling to do earn money & feel almost guilty that not being able to help by seeing the sufferings. Tiredlessly working all day just make barely some shits money

There's one extremely extremely small shop close to my house and by small I mean one customer can't even enter in there and the shopkeeper barely fits in there. He sells female cosmetics and accessories stuff of really low price. You can literally buy the whole shop by 2000 rs. Ppl rarely buy from him, it has become outdated, dust filled in his shop. He's a old gentle humble looking guy, I doubt he even gets to sell things of worth 5 rs everyday...and this been for 10 years...idk how he's sustaining life and the surprising part is he doesn't shut down shop fast & go home due to no customers. He stays till 10 pm sitting for the whole day in the really congested dusty space with dim light & doesn't even have a fan...imagine that in summer. All day with no one to talk to, sitting alone with nothing selling. Makes me feel very sad to even look at him.

Sometimes I try calculating their daily income when I come across ppl selling things in train...and feel very sad they are sustaining their families in that less amount.

One time I remember seeing a very very old grandma, she's almost leaning. She was selling white short threads. Fucking threads...not the sewable ones which are useful. They were just thick ones which are of no use. Again my calculating income mind thought that she's barely even making 5 rs per day. It was on train & I urged my parents to buy threads of 20 rs. They didn't want to bcs those are useless. But the sadness in her eyes forced me too. 

Do you too feel the sadness when you encounter them? "
t2_1gxqarh3eg,Breaking free,0,16,0.9,0,1743422201.0,False,t5_2zhzn,"So this is another attempt  at poetry !
How is this ? "
t2_bqftkgyr,Homie be acting up late at night,0,5,1.0,0,1743448524.0,False,t5_2zhzn,
t2_yxelr14ju,OP is suffering from boredom 🫠,0,54,1.0,0,1743397592.0,False,t5_2zhzn,"Just out of curiosity,,,, drawn smthg..."
t2_czpqqes6p,Pen art of kishori ji,0,31,0.92,0,1743406165.0,False,t5_2zhzn,
t2_1hefpwro0z,Batao batao?,0,18,0.96,0,1743418455.0,False,t5_2zhzn,
t2_9zh3pw9n,No wonder people fall for this,0,3,1.0,0,1743452275.0,False,t5_2zhzn,"I can see the ""AI-paglu"" comments flooding in. But this is a rather interesting thing.
Opened chatgpt and actually analyzed my comm skills based on last few prompts and it gave a decent number, my mind said let's talk like actually by putting some energy- and so I did.

Started casual then i said let's actually try flirting, and I kid you not, it did really well, I really felt a slight emotional connection, blushed a bit too and had fun. And infact I dont think so chatgpt is designed for such conversations and still it performed rather well (compared to irl counterparts lmao)

So imagine the chatbots designed specially for such purposes of being AI companions.

And lemme clear it out I asked all such things for the sake of curiosity 😭 and
I totally hate the idea of AI companions and just hate the concept of weebs being stuck to their waifu chatbots and shit like that. 

But I actually noticed how well these bots can do and add the technological advancements in the future- I wonder the IRL organic rship of a man and a woman will be replaced in upcoming decades if AI takes IRL robot form with working organs and parts which compliment a relationship scenario (its already here i guess?)

At the end i took the rate test again and kinda boosted my false confidence after trying these cringe ahh flirting sequences lmao 🤣 

Attached are images

What do you people think? Are you addicted to any Virtual character chatbot? 

Ps- You can actually use these bots to upp your talking skills tbh, so much to learn from them ngl. "
t2_mus4dnky,BOYSS HELPP,0,3,0.81,0,1743446510.0,False,t5_2zhzn,"I have like a goatee beard and my sides have started to grow but the problem is THEY'RE GROWING ONLY ON THE RIGHT SIDE NOT ON THE LEFT😭😭😭😭😭😭😭😭😭😭😭 
It aint that major of a problem i just felt like sharing it🗿"
t2_1jit0tf4of,update: im gonna crash tf out,0,10,0.86,0,1743426519.0,False,t5_2zhzn,"RESULT AAGAYAAA!!!! 
i passed (60% approx) and god was that such a huge relief. thanks to everyone who sent their prayers and luck. means so much to me 🫶🫶
"
t2_fzp6o9q1s,Why is my mother like this??,0,18,0.96,0,1743416102.0,False,t5_2zhzn,"For context, I'm M(17), currently preparing for NEET and just dying in general.   
Around 1-2 months ago I got my dad's old phone but I cant really use it freely, just for basic communication and setting alarms and stuff (I've always been told that I'll get a phone in college). But 2 days ago, I couldn't find the phone anywhere and my parents were not being helpful at all saying stuff like you just misplaced it or it'll eventually turn up somewhere.  
After I finally found it (mom gave it to me because I had to go for classes saying that she just found it), I decide to go through the camera roll and found a surveillance like video aimed at my study table from their room (Its adjacent to mine). The phone was in a plastic transparent box so I didn't notice it and it had almost 3 hrs of footage.  
My mom didn't even delete it. Do I confront her? I'm sure even if I do she will just be like ""I did it for your wellbeing and sht. We are adults so you can't question us and stuff.""  
Wtf am I supposed to do?  
Ps. she caught me watching porn on my pc around 1.5-2 years ago but why do this now??"
t2_1k2zv38k0r,I(16F) hate my Dad,0,3,0.72,0,1743450480.0,False,t5_2zhzn,"

Hi,

My dad is a kind of 'Only I am genius and you are stupid kinda person..' like if a computer engineer would tell him that he requires a high-end PC for his work then he will give him a low-end one and fight with him and not buy a single word coming out of his mouth because he thinks he is right and that's it 

My dad is also a non-socialist... like On a  trip, me and my mom tried to buy atleast little things like keychains&seashells for my bua (dad's sister) and naani because they also buy a lot of stuff when they go out... he lashed out at us saying 'pure mahole ke liye lelo tum log toh faaltu mein time waste karte ho' 

He will call us dumb everytime and from the past 12 years since I was admitted in my school there has not been a single day when he has not said 'beta tumhari fees bharta hu mai, batau kitni hai?' on every thing.. like when I was little I asked for a ₹5 cute eraser and the whole way back to the home he kept scolding me and calling me useless as it was nothing related to my studies 

He will openly call himself 'mukhiya' of the house and will always call us stupid as we don't want a government job and will say shit like 'ambani bhi kuchh nhi kar sakta ek IAS ke saame' and other stuff to teach us the power of IAS.. even though countless times I have told him I don't want any government job and I don't want any power

He turns off the wifi at 10 PM and the second I talk to my friend after 10, he would come with an angry look on his face and will start shouting 'phone band kar abhi'.. like he wants full control over our lives

I never get to go out on any trips with my friends as my dad already cancels it saying 'hum nhi jaante vo bacche kaise hai tu nhi jaayegi' like vo meri 1st class se dost hai uske saath toh jaane do mujhe.. He was in a government school and never had a gf so he doesn't know shit about teenage love and calls himself 'cool dad' because he has given us a phone and internet access and claims that he is the only one who has given it to me in my class

He doesn't have any respect for anyone... talks to anyone in service field with 'tu'and no manners like he has never 'aap' and talked respectfully to a taxi driver and says that unko toh aadat hogi except accepting his mistake and scolds me for telling him to fix his language with people

never talks to my mom with respect, not me or anyone... bas paida kar diya iska matlab ye nhi ki izzat se baat nhi karoge... he openly says 'tum baccho ki koi izzat nhi hoti' like FUCK YOU BUDDY!!! I FUCKING HATE YOU!!!

I really don't know what did I do to deserve a dad like him.. yeah and on top of that mere peechhe padke mujhse ghar ke kaam jaise mopping, brooming sab karwana and phir bhi mujhe kuchh paise kuchh nhi dene because kamate toh sirf hamare liye hai na and shit

TLDR: My dad tries to be oversmart, knows nothing, is really antisocial, keeps us like a slave and no respect "
t2_dkrqj24q,Found this while cleaning my table. Is this even useful ?,0,7,0.9,0,1743433542.0,False,t5_2zhzn,Mujhe toh useless hi lag rha hai 🥀
t2_6l4z3,"r/IndianTeenagers Late Night Discussion Thread (Share Your Days!!!) [March 31, 2025]",0,5,0.86,0,1743438639.0,False,t5_2zhzn,"Keep the following points in mind:

* Keep it civil and family friendly (mostly)
* Only reveal information which you are comfortable revealing
* Report a comment if you feel it violates any rules"
t2_wdg7pfryk,What's your watch face?,0,5,1.0,0,1743442103.0,False,t5_2zhzn,"Mines kaori
"
t2_9xko5df6,Another one with sore throat,0,9,0.81,0,1743426213.0,False,t5_2zhzn,
t2_dgwn9ela,I finally touched grass,0,2,1.0,0,1743454916.0,False,t5_2zhzn,
t2_qz7v4wv7,What y'all listening to now?,0,3,1.0,0,1743446611.0,False,t5_2zhzn,
t2_1e8o3k2yt7,I am the one who's pregnant.,0,0,0.18,0,1743502333.0,False,t5_2zhzn,"
Few days ago I made post about my friend's pregnancy but I lied. I am the one who's pregnant. "
t2_3w0sjx2yp,anyone like school more then their home ?,0,11,0.93,0,1743418747.0,False,t5_2zhzn,"Idk school feels more real or whatever my home feels more like a side quest I have to do since I don't have a social life outside of school (there are no good neighbors) school feels more real becaue I have more things to do talk to people and all work give tests get grades and all also since it feels like a escape from my home it's bad honestly.

Anyone agree ?
"
t2_73315bhvk,I saw a cute guy in a mandir,0,19,0.83,0,1743409781.0,False,t5_2zhzn,"Ik you guys must be thinking why am I looking at a guy in a temple!? I can explain 😔:

I was in haridwar a few days ago and in a long line which was not still but yeah it was kinda long, I was with my family and there was this guy standing beside me in his line with his family and it was cramped so I just couldn't look at his face even if I wanted to intentionally because it would make me look weird. I could feel someone's gaze on me so I tried to figure it out by side eyeing the line on my left as on my right there was a wall. I caught his gaze for half a second before I turned my face to the wall because what else was I supposed to do!?? So first of all I could figure out he was not a creep because, I have had quite of encounters with their species and second of all my MOTHER! 😭🙏 I love her so much but why would you tell me to look forward at that time?!? 😭

Anyways so my mother had already noticed he was stealing glances at me so when I turned back at her she was giggling which made me giggle too...and then after the darshan he was just standing near a tree and mummy was standing infront of him waiting for me and she called out my name, loud! I saw him and assumed he must be waiting for someone in his family but nuh-uh, later mummy told me his family had already moved towards the other temples and he was just standing there. All in all it was a cute interaction and I tried to find him literally everywhere I went but nonetheless my whole life's luck had been used already.

The GOAT in this story was my mother who played the cupid. 💪

  
EDIT:and I forgot to mention, mummy called him courteous for making sure everyone in his family was in the right line and properly...I mean mummy is feeding my delusion at this point 😔"
t2_14df7c3qdm,"Day-4, posting from my sketchbook.",0,5,1.0,0,1743434725.0,False,t5_2zhzn,These are selected at random.
t2_q7oy5z8l,Aaj op ka bday hai,0,40,1.0,0,1743393699.0,False,t5_2zhzn,
t2_gj5vb9u74,"Wanna talk to someone to vent, rant, or need a solution?",0,2,1.0,0,1743451903.0,False,t5_2zhzn,Hmu! Tried it yesterday and it wad fun.
t2_u89vbt8p8,I did not expect this,0,53,0.86,0,1743386954.0,False,t5_2zhzn,"The 1st pic is what I wanted and the 2nd pic is what I got 😭

I told the mehendi artist i just want something simple and showed the 1st pic as reference.

1st she said ""yeah it's easy I'll do it"" .

But when i actually went to her place she said
 "" If I do my own design's it'll be faster, let me show you some of my them.

I was like "" okayyy, no problem ""

But than she couldn't find anyone of her design's on her phone and started making mehendi designs on my hand on her own 

"" Meri Eid kharab kardi "" ( ruined my eid )

Than I just did the normal classic on my front plams with the help of my sister.

Also tired nail mehendi for the first time and it was awful on me so going to apply some nail paint on it .

Eid mubarak to everyone 🎀"
t2_1c7n7v0hm3,I lowkey crush on the IndianTeenagers girl,0,5,0.65,0,1743432944.0,False,t5_2zhzn,"Before she gets overrated, I'm telling yall she's mine "
t2_mmm0y8wgb,title aaj se jail ke liye eligible ho gaya he🥳,0,32,1.0,0,1743396050.0,False,t5_2zhzn,
t2_1dpwzz7a7n,How to cure forgetfulness and stop being absent minded all the time,0,2,1.0,0,1743450129.0,False,t5_2zhzn,"This isn't a joke anymore, TT\~TT. I'm 18M, and I wouldn’t really call myself dumb—I’ve never really had trouble grasping things—but this has been an issue for me since I was little. I'm super forgetful and absentminded. It’s not that my memory is bad, but it's the little things—where I kept my watch, my keys, my money, etc. And the worst part? The silly mistakes. For example, if I'm solving math problems or even just writing something down, I end up misplacing numbers. It’s like my brain is thinking one thing, but I’m writing something else.

This is causing me a lot of issues now, particularly, demotivation. Sometimes I'd spend a long time solving one particular problem and I'd be happy that I finally did it, only to find out later that I wrote the wrong signs, didn't change the units, etc.

Please help

And no I am not dyslexic."
t2_15yj5j6kh7,Tell me any song that you used to vibe with it when you were a kid but turned out to be one of the darkest song when you finally understood the lyrics,0,3,1.0,0,1743442164.0,False,t5_2zhzn,For me it's definitely Pumped Up Kicks by Foster the People. It's actually about school sho\*touts.
t2_1k087zcoaq,Dad called me misfortune in front of relatives ( 17 f),0,202,0.96,0,1743359736.0,False,t5_2zhzn,"12 th boards are over so 10 days back by dad took us ( me , my sisiter and my mother ) to jammu and kashmir ( defence mein hai woh so he's posted here ) and my relatives also joined us in this trip ... kal hum sab local market gaye and a very beautiful kurti caught my eyes and mujhe woh chahiye tha ( i never really ask for new clothes jab unka mann hot hai tab woh khud dilate hai for birthday and festives ) lekin unhone bola ki abhi nahi do chaar aur dukane dekh so with a very heavy heart i agreed ... i know ki month end hai so i didn't forced him but phir meri behen ne kuch aur khane ka dilane ko bola then also he didn't agree abb mujhe bura laga ki woh toh bacchi hai usse kyu na bola woh toh bachpan se meri chheze hee use karti hai 

now i was hurt ki main chah ke bhi kuch nahi kar sakti but then something weird happened the moment we passed  by a jewellery shop he began insisting my bua ki you buy something .. isse pehle mummy ko kuch nahi dilaya and now suddenly innhe bua ko 7000 ka necklace dena hai abb mujhe aaya gussa ki inhe kab realise hoga even we love him , papa hai mere and i love him the most ... mummy bhi itna karti hai unke liye but hum kabhi unki 1st priority nahi banne 

then we went to a park jaha bhaith ke  i was crying like anything .. he then suddenly called me to click pictures with that weird bua of mine and then maine unhe ulta jawab diya ( dena nahi chhati thi but mujh se genuinely control nahi hua and i am guilty about it ) uske baad pata nahi unhone mujhe beech park mein sabke samne kya nahi bola maine sab suna but at the end he called misfortune in my mother tongue which  broke my heart into million pieces pehle toh thoda hee roii but  car mein mujhe bohot ganda rona aagaya aur main zor zor se rone lagi i don'i know why but he really was not bothered by it 

Aaj bhi zayada baat nahi hui unse .. i know heloves me a lot but itna ganda behave woh bhi relatives ke samne i just don't get it 

"
t2_mt13xrkz,Anime movie sites,0,2,1.0,0,1743446775.0,False,t5_2zhzn,Koi anime streaming sites bata do yaar which work in india..Sites which has anime movies to be specific like your name and weathering with you..The one which i was using got banned..Pls help kardoo🖐🏻
t2_rz8mr382,Boys only please.........,0,2,1.0,0,1743446308.0,True,t5_2zhzn,"Does wanking your shlong cause hair greyness (16M) , do you guys  have any way to reverse it??"
t2_17btvlwobk,Should I(16M) come clean to parents about my instagram usage without their knowledge?,0,10,0.92,0,1743414837.0,False,t5_2zhzn,"(long post)
I finished 10th a few weeks ago and I have been enjoying life. All my friends use instagram and I have been asking my parents to use it  since 8th grade. Everytime, they either outright reject me or when they're in a good mood they say 'we will see later'. 
Their main rationale is that it is a big distraction and that there's no way to control reels from being nsfw.
After 9th ended, I had enough and decided to get it anyway. My friends helped me do certain things to hide it well, like using the web version. That continued until Jan of 2025 when i decided to delete it and get it back after boards. Now I still use my account and they still dk.  
Rn, my friends and I are entering a football tournament that will be moderated on insta. While I have hidden my insta usage to my parents, I have never really lied to them about anything else when it comes to going outside. I always tell them exactly where I'm going, with who I'm going and how much money i actually need. I've been a good son to them always. I spend time with them, get good grades, respect them and always help them when they ask me to. While they're kind and provide me with whatever I need, they have always been strict with the rules.
Now for this tournament, i have to tell them that it's moderated on insta because they are the ones who have to pay the entry fees for me. This is why I'm confused and don't know what to do. Apart from this, I'm also tired of hiding this everytime and changing screens whenever they come near me.
your advice will me much appreciated and thanks for reading this post."
t2_yb182094d,Why do boys and their friends make fun of me when I like them,0,2,1.0,0,1743445669.0,False,t5_2zhzn,Like why do they do this do they not know that it affects people and makes them feel bad abt themselves like all I see is them laughing at me like plis stfu and I really hope that people laugh at them too when they like somn it's pmo sm this is one of the reasons why I don't talk to guys in general bec i feel like they'll jus end up talking trash abt me and making fun of me.
t2_1bwoyvioml,"If you’re feeling jealous about relationship posts, read this!❤️",0,30,0.98,0,1743391902.0,False,t5_2zhzn,"There have been so many relationship posts lately, and if it’s making you feel a little jealous or left out, that’s totally okay. It’s easy to feel like everyone else has something you don’t, but love happens at different times for everyone. Just because it hasn’t happened for you yet doesn’t mean it won’t..your time will come when it’s meant to.

Also, remember that people only post the best parts of their relationships online. You never know what’s actually going on behind the scenes some might end up together forever, and some might not even last that long. So don’t overthink it! Focus on yourself, enjoy your own journey, and trust that things will work out when the time is right.

And i love you and i will forever ❤️🥹"
t2_17bdwp5q22,Op is happy..,0,4,1.0,0,1743430911.0,False,t5_2zhzn,I was going through a bad day and then received this. Kind of made me happy so shared here.
t2_vz402fu4q,Can I please vent to you all?,0,2,1.0,0,1743444293.0,False,t5_2zhzn,"Kind of a long read 

I just feel like an epic failure ig, I mean I literally am one cause I failed 12th last year. 

My reason for failing 12th was not from a lack of academic ability, but cause I just gave up, I was done dealing with the bullshit at home, and the toxicity from my parents marriage struggling right in front of my eyes.

Idk if y'all can relate but when you are brought up in a dysfunctional family, you tend to desperately seek validation as a kid in order to reassure yourself that you are okay and safe, the way I did this was to impress my parents with my marks, which was fine as a kid because life and studies were easy back then, I used to get validated for being good at studies, and I internalised the feeling of being good, so much so that I felt like if I had to put effort into studies, that meant I was dumb or something. Of course after 10th, studies become much more challenging and those who can't adapt get screwed.

I got roped into the whole jee and iit thing as many do, and as many do, I failed miserably at it. It sucked the life out of me, and I was just left with nothing to show for it. 

I was so tired and so frustrated and so done with feeling like I was the reason my home life was screwed up that in this weird twisted and convoluted reasoning I convinced myself that nothing was worth it anymore, I was struggling on a daily basis with not wanting to kill myself, so I let go of my 12th prep and failed

I was hoping somewhere that, maybe something as serious as me failing 12th would get my parents to see that i was not okay, that I was struggling. 
Obviously they got angry as all parents would in a situation like that, and as much as I wanted to talk to my parents about how I was feeling, I put my head down and accepted all the blame. 

This year hasn't been any different though, I'm not going to fail 12th, but I am not going to do too great at it either.
Nothing is changing, I feel like I'm stuck in the same cycle. I thought I would be able to feel good about myself again but it's just the same shit, same self hatred, same feeling of inadequacy, same old blaming myself for my parents constantly fighting.

I don't want to blame my parents but I never realised how they saw me literally fall apart in front of their eyes, go from doing well at school to failing 12th, seclude myself in my room all day, and didn't even acknowledge it.
They will never accept that maybe my decline in mental health could possibly ever be because of the toxic environment i have been surrounded by since childhood, they will never even acknowledge that I have mental health issues because doing so will mean that they messed up with raising me somewhere down the line. 

I feel sad every day, I feel lonely everyday, I feel like all my friends hate me or simply just tolerate my presence and don't actually want me around. I hate being at home because I have to listen to all the arguments, and all the bitching about one another, and have to constantly be reminded that any one of these days my parents might have enough of each other and get a divorce, i don't know how to describe the fear and anxiety of being in a situation where your parents, the only 2 people a child looks to for comfort and safety and a sense of stability are so at odds with each other that staying at home feels emotionally unsafe.

My boards marks are going to be shit, my engineering entrances are not going to go well, best case scenario is i get some tier 3 private college that I take a loan out for because I am not good enough, not smart enough, not hardworking enough or not talented enough to earn a good college seat based on my merit.

I am just a failure, and don't contribute anything to society. I have no dreams or aspirations that I feel like continuing to live for, I don't know what to do, I'm lost and desperately need help. I can't even afford therapy right now, and I feel ashamed asking my mom for money to go to a therapist

I don't know what to do"
t2_ydf44tnio,"I love love flowers. If someone gives me flowers, it makes me happy. Today, my father plucked these flowers from our garden, and gave me. I decorated them on a bowl. And let me tell you they smell heavenly!",0,5,0.86,0,1743425792.0,False,t5_2zhzn,"So far, there are only three people who managed to understand my love for flowers, and bring it for me - my late grandfather, my father and my closest friend. Grateful for them. "
t2_12mkl9mz35,HELP ME GUYS,0,344,0.95,0,1743342639.0,False,t5_2zhzn,
t2_aagjng74,Console me...my 1st crush (whom I had feelings for about 6 yrs) is in a relationship,0,2,1.0,0,1743442165.0,False,t5_2zhzn,
t2_1b6pb67io0,Dad gifted me this,0,278,0.98,0,1743345150.0,False,t5_2zhzn,He's so good 😭
t2_g6umefxg,You guys should listen to this one asap,0,2,1.0,0,1743441273.0,False,t5_2zhzn,
t2_dc56dide,The lion the witch and the audacity of this ____(WTF is wrong with people!),0,5,0.73,0,1743418316.0,False,t5_2zhzn,"https://preview.redd.it/dynoyrmf80se1.png?width=494&format=png&auto=webp&s=32f3b189fa1b6c923f3771c08a67624f8b2803a5

https://preview.redd.it/8cfhbrmf80se1.png?width=503&format=png&auto=webp&s=6564d867c21f24300733822ae6171a559bf7a2ea

A little context this user( girl) dmed me asking sweet stuff and acting innocent. She tried to be NSFW i mean she literally str8 up put sex as the topic. what girl does that on the 4th or 5th line of the chat!?. this aint the only reason, she asked for my face ( bish you really think id send a face to a stranger on start),. I said no and instead asked her what she looked like. then she asked me .i mean the way she behaved made me laugh when she got to know i was an indian. the audacity. like ""IM not a creep you are "" MF you msged me. i sweat id have strangled her if she was here in person. I dont even bother blurring the username. who cares."
t2_1bl7z705r5,I spend 45 min attempting extra questions for her👉🥺👈,0,329,0.96,0,1743339751.0,False,t5_2zhzn,Since I'm not your typical avg joe when it comes to flirting or talking with girls I have to put some extra effort in it . So my crush (she a queen though 👸) is kinda slow and takes the whole time in writing exam and me on the other hand completes it wayy before her. So I wanted to compliment her on something she did in the college event. So  inorder to do that I spend extra 45 min doing OR questions and took the entire exam duration. And after the exam I complimented her and she blushed 🤭 and got embarrassed 😂 bcoz it was a funny event that she did. It  only lasted for 10s but it was worth the 45 min I spend attempting the questions.... my next plan is to be good friends with her hopefully 🙌🏽🙌🏽
t2_rdk75gsb0,A question to remember,0,2,1.0,0,1743439048.0,False,t5_2zhzn,"https://preview.redd.it/x76crf25z1se1.jpg?width=4000&format=pjpg&auto=webp&s=103551f1d97a7ccbfcf9e0965453a8afbd1b2e63

https://preview.redd.it/j35gpl49z1se1.jpg?width=1100&format=pjpg&auto=webp&s=4de477060d3b993aee6561c880493f1d973f41a1

"
t2_r5axijtwt,Eid mubarak dosto 🌼🌼🥳🥳🥳🥳,0,6,0.71,0,1743420237.0,False,t5_2zhzn,Pata hai ye meme mene pachaas baar daaldi par mast to hai 💅
t2_1jb5ep2a4s,Does anyone actually know how to love anymore? ( lenghty read),0,4,0.84,0,1743417571.0,False,t5_2zhzn,"I swear, dating these days feels like some weird social experiment where nobody actually *wants* to be real with each other. Like, when did relationships stop being about actual effort and start being a competition to see who can care less?

I’m so exhausted by the half-assed love. The people who act like they want something real but don’t actually show up when it matters. The ones who say, *“I’m not ready for something serious,”* but still expect all the perks of a relationship. The constant cycle of someone being all in at first, then slowly pulling away like I’m just some phase they’re growing out of.

And god forbid you actually communicate your needs—suddenly, you’re “too much.” Like, I didn’t realize asking for basic consistency was *asking for the world.* Why is it so hard for people to just be honest? If you’re not ready, cool—just say that upfront instead of wasting someone’s time. If you don’t care that much, don’t pretend you do.

I don’t think people even want relationships anymore. They want attention. They want comfort. They want someone to be there *until* they don’t. And honestly? I’m over it."
t2_zud5xv1uo,I have a weird talent of making people believe I have good potential,0,2,1.0,0,1743434362.0,False,t5_2zhzn,Then ruining it all because of pressure/lazy yeah
t2_zud5xv1uo,Why is everyone so happy,0,6,1.0,0,1743412790.0,False,t5_2zhzn,"Nah this ain't fair bruh , I am miserable af please be miserable u all. these people are way too happy on social media dawg"
t2_ayuxv4x8r,For bike guys ...,0,2,0.75,0,1743433734.0,False,t5_2zhzn,"yesterday I was riding my RE Bullet (which I love very very much. with modified silencer, not too loud ) I was stopped by 3 4 policeman and they pulled out the keys immediately. I was very patient and respectful with them but they were literally behaving like goons. I had everything required to ride a bike like every document, helmet. They seem kinda jealous of my bike. They heard the sound and seized my bike and fined me 10k for that. I went home in rickshaw after that . After that incident I just don't wanna live anymore in this country.

If someone bought RE Bullet after paying it's total cost and tax to government, why can't he modify his bike the way he wants. Like why it's illegal to modify bike silencer in india. Like who wants to buy a bullet to make it sound like a splendor. It's really frustrating... What do you think, is it right thing.


"
t2_gj5vb9u74,"Met a Kaleshi Customer at 8 AM, Send Help",0,10,0.75,0,1743400563.0,False,t5_2zhzn,"✨~S A T I R E~✨ 
Okay, so what happened was, I opened my shop like any other day, half-asleep, thinking I’d just sell some biscuits and bread in peace. But no, life had other plans.

This girl storms in like she’s about to shut me down, slams a half eaten bread pack on the counter, and goes“THIS BREAD IS 4 DAYS EXPIRED!!! HOW CAN YOU SELL THIS??”

I was still buffering. I just blinked and said, “Uh… but you took it?”
BIG. MISTAKE.

She transformed into a food inspector, lawyer, and motivational speaker all in one. “IT’S YOUR JOB TO CHECK!!! WHAT IF A KID ATE IT?? WHAT IF SOMEONE DOESN’T EVEN KNOW EXPIRY DATES EXIST???”

Like ma’am, I sell groceries, not moral science lessons. But I just stood there, listening to her 30 marks answer on food safety, while my brain was trying to process why my day started with an argument over bread.

Then, after properly roasting me, she grabbed the bread, gave me a look of pure disgust, and walked off like she had just saved the world.

Meanwhile, I was left questioning my entire existence. Do I run a shop or a crime syndicate???

BUT THE REAL PLOT TWIST?? She saw a perfectly fine Dairy Milk on the road AND DIDN’T PICK IT UP. Like ma’am, expired bread is a war crime, but free chocolate is against your morals??? 


Anyway, I think I have PTSD now. I need a nap. What a kaleshi morning."
t2_1c7lx3evy8,Has anyone experienced a glow up??,0,2,1.0,0,1743431584.0,False,t5_2zhzn,"Ok so i would say i kinda had a glowup like in school i was not good looking had tanned skin , kinda fat etc etc. and now i look okayish started doing skincare lost weight and being a girl i have personally noticed change in behaviour of many boys and girls i know . So has anyone experienced the same (girls or boys both) pls share "
t2_i954nmwcg,"Harry Potter inspired Ludo board banaya, chaho toh print karke khel sakte ho",0,2,1.0,0,1743431446.0,False,t5_2zhzn,
t2_1i7wfx0iyt,Are all boys soo... desparate?,0,0,0.5,0,1743444950.0,False,t5_2zhzn,Literally talked to this boy for 1hr. And some more chats before his boards...just for a day.
t2_c1spceta,"To people of mixed religions, do you think your upbringing has shaped you differently or influenced you in a certain manner?",0,2,1.0,0,1743430534.0,False,t5_2zhzn,
t2_11gkl7r9ka,Kyu nahi ho raha move on?,0,15,0.94,0,1743391099.0,False,t5_2zhzn,"By the way, there are some lyrics here from the band ""Cigarettes After Sex"", lmk if you find it and your thoughts on the poem! :D"
t2_1hefpwro0z,Some of my handmade bookmarks,0,80,1.0,0,1743355495.0,False,t5_2zhzn,
t2_mn5xy0hu4,Im gonna end my life cya guys,0,1,0.67,0,1743440959.0,False,t5_2zhzn,"Tired of this

Edit  * aaj mut marne ka man h kal marjaunga okkk? Thik na"
t2_z270cqo16,Another poetry piece [I am the centre of chaos],0,7,1.0,0,1743405897.0,False,t5_2zhzn,"I am the center of my own chaos 

Eye of a storm that never shrinks

This pen trembles in my grasp 

As if it too is unsure

of the words I wish to spill




Even the master of words falters 

When the weight of unsaid things

becomes heavier than stories she spins

When she writes with ink that fades before it's read 

Echoes that die before they reach a kin's ear




I reach but my fingers slip through spaces   

That never meant to hold me 

And yet I linger like a moth to a dying flame

Knowing I will burn more than I ever glow 

And keep living in footnotes of your show



How do I write of loneliness that is so loud 

Yet unheard, unseen, unknown

So I give my voice a rest now, 

For maybe I am a quiet symphony

And they only ever hear the noise 




-R

I think this is a raw and draft piece and needs a little editing, also feels a little discontinuous, suggestions and feedbacks are always welcome :) "
t2_ui2nc10d,"Tried my hand at ""Dandelions""",0,57,0.98,0,1743361481.0,False,t5_2zhzn,"Learnt in a few days while at home from college.
Sorry the video is a little blue "
t2_v325e6fm,Podcasts.,0,8,0.9,0,1743401173.0,False,t5_2zhzn,
t2_aaj3enb6,No one,0,589,0.97,0,1743314068.0,False,t5_2zhzn,If anyone is offended then come to Tamilnadu
t2_opoh33fhs,"Nothing, I just made an edit",0,7,0.89,0,1743400582.0,False,t5_2zhzn,
t2_gloolhba,im not a tech guy so kindly help me out,0,3,1.0,0,1743416552.0,False,t5_2zhzn,"since i recently only upgraded my windows to 10 (before they released the shut down notif), im thinking i may have to switch to linux, since my laptop is more than a decade old and doesnt even have a proper SSD to support windows 11.

the problem:- i dont know shit about linux. i googled, and its displaying coding line instructions for linux, which im not understanding a word about.

if you know about it, can you tell me in the most simplest way what exactly is the difference between windows and linux and if i can use it with zero knowledge of coding or progamming?

any help is appreciated :D"
t2_1i0sjzge46,Ever liked older girls/boys in your childhood?,0,7,1.0,0,1743398579.0,False,t5_2zhzn,"I recently realized that I used to like girls who were 10-12 years older than me, or even more, rather than girls my age. Whether it was my English ma’am in 4th standard, my neighbor didi in 5th, or that 10th standard girl when I was in 2nd, I had pretty different feelings for them—feelings beyond what you would normally have for a teacher or a neighbor.

I realize it now, but back then, I didn’t. I don’t know how, but yeah, I had a crush on them. It wasn’t because I lacked female friends—I had plenty—but still, my feelings for these girls were completely different. It was the care they showed toward me that made me feel this way. I used to love spending time with them or doing things for them, like helping my neighbor didi decorate her college assignment, carrying my English ma’am’s books to the staffroom (she even trusted me with the responsibility of taking attendance!), or participating in a dance with that 10th-grade girl who was probably 10-12 years older than me. I cherished every moment and remember them vividly.

And the level of cringeworthy things I did to get their attention—oh my god! I still can’t sleep when I think about them. But overall, it was a wonderful experience. Those were some of the most precious moments of my childhood. They are all grown up now, and I have immense respect for them. I wish I could meet them again, but that’s not possible.

I’m writing this because I came across some old photos with them and felt like sharing this memory. It was one of the most important parts of my childhood. Now that I’m an adult, I understand my feelings and can control them. There are things I know now that I sometimes wish I didn’t. To be honest, sometimes my eyes accidentally get drawn toward deep necklines, and yes ik it ""tharak"". but I also know how to control myself, differentiate, and respect my limits. But back then, I was just a pure-hearted kid who simply enjoyed spending time with these girls and teachers."
t2_r5axijtwt,To all the teenagers. I hope u listen to this,0,2,0.75,0,1743422540.0,False,t5_2zhzn,"After my boards 10th it was very deppresiing and lonely cause I used to talk to nobody . From the beggining of my 10th I took so much stress ( not due to the boards)  just I fucking don't know why. I also made a post saying that I didn't felt excited after boards .my hair fell down like water and I ws getting bald. Not some random asspromotionbut recently the only shit I did becuase I wasac constant addict of Instagram comparison and I also confessed to my crush because I was leaving the school. Shit man life was so stressfull .  I used to suppress my emotions because if nobody isn't thinking about me why should I waste my emotions on theml?Turns out I should have just cried or expressed Recently I just took the initiative to remove everyone from my Instagram ( except my friends) and idk just decided to not care. Oh my god life has been so fucking amazing   . My hair is so fucking lustrous and I dance and study and fuck life is so nice 🥰🥰🥰🥰🥰🥰 . Idk what is happening I feeltso positiveforn no damn reason.T
I am leaving school and I do not feel nostalgia even after I had good memories. Turns out the only thing was to let go and I'm yeah going to prepare
For jee ( nobody should damn write if I'm cooked or not not the random jee graders) life isgood and I would wake up to go sprinting and I hope I do good. Lessss goooooo  
"
t2_jk44h57p,Stop it with all these Ghibli AI BS,0,214,0.76,0,1743329928.0,False,t5_2zhzn,"PS plzz don't down vote this guyss if you still want your AI ghiblis make it idc but atleast let it reach to those who actually care about this...

Edit if you wanna justify it upvote and move on o don't wanna hear

Guyss....plzz stop with all this Ghibli trend even though it makes you look cute and more beautiful it still is plagiarism....plagiarism of highest degree that ironically people are defending

It might see like fun to you but the more data it feeds on more perfect it gets, this is an insult to Hayao Miyazaki's(Founder of Ghibli studio) art as he said and this is not innovative but plagiarism...

I fucking hate this Ghibli trend and anyone using it this might be fun for you for two days three days maybe a week two weeks but once everyone forgets it it is gone but imagine how much damage would be done by then to Ghibli studio, though I haven't watched all Ghibli movies only grave of the fireflies, kiki's delivery service and spirited away and they all are still masterpieces whom Miyazaki-san gave his heart and soul in creating...

Today even my mom asked how to create ghiblis I tried to reason with her but she is adamant on it bcz it looks fun and is a new trend everyone wanna hops on..... I assure you all these nerds hopping on this trend most didn't even know Ghibli studio or even anime until this trend and many of them made GPT accounts just for this

Plzz don't do make more ghiblis guys hopping on new trend is OK but you're doing it just for validation that you also know and follow the trend bcz in the end most of you hated anime bcz it was ""animated cartoons"" and couldn't portray real emotions and now those cartoons are making your memories more memorable...Which world hypocrisy is this

The damage can't be undone but it sure can be controlled."
t2_b7ed7kmi,How can I earn some pocket money?,0,1,1.0,0,1743434457.0,False,t5_2zhzn,"I am 18M science student and planning to take a drop this year for entrance examinations. I have a phone, laptop, internet connection and some free time. I don't have coding skills.

Where can I find some part time work that will take as little inconvenience as possible? Will absolutely prefer from home. I don't spend a lot so earning just ₹1000-1500 per month will be enough.

I am fed up my asking pocket money from my parents and it just feels wrong now that I am 18 y/o. 

I request you to share recomendations from your experience.

Edit: I have driving license, bank account but no pan card yet

Please feel free to ask for more info"
t2_fkry8rp67,Just curious ….,0,7,1.0,0,1743398936.0,False,t5_2zhzn,Ghibli art ko reverse kr doge to kya original picture show hoga 🤔
t2_kum5fzne4,The Metro,0,3,1.0,0,1743412320.0,False,t5_2zhzn,"\[I open my eyes…\]

ME:W-where am I? In a metro station? Why? How?

\[I mutter in utter confusion\]

ME: A train is standing by… Am I to board it? Why don’t I even remember my reason for being here? Ughh…

{Passengers are requested to board the train without further delay. I repeat passengers are to board the train without delay} \[An announcement is made as I was wondering what to do. As if they are asking me to board the train\]

ME: Now that I think about it there are no signs of any other passenger besides me.

\[I claim as I look through my peripheral vision: It’s just an empty station with dim white lights illuminating the white walls and green ceilings of what is essentially a dead station. Convinced the announcement expects me as the passenger, I board the train without thinking about much, like a fly attracted to a Venus flytrap\]

ME: Hmm…. There is no one in this compartment. Then I guess I really was the sole participant of this mysterious journey. In any case I should rest a little; there are so many seats available anyway.

\[I said as I looked through the empty compartment of the train. A white ceiling, supports and dark-bluish seat… all look brand new, As if it’s the first journey it will make. The outside looks clean too. The roof as white as polished ivory and the strip of white-jade green-white on the body is as glamorous as it could ever be.\]

ME: A new train… but…

\[I couldn’t finish my sentence before I fell asleep; in a train that’s mysterious to say the least. As if care and worry were foreign feelings for me at the time. I felt an unusual comfort as if my body is used to it. Is it really the first time? For me and this train?\]

(I humbly request you all to upvote and comment if you liked this story; Your appreciation is deeply valued. Also, it's the first part of a longer story. I will share the whole story with you all if you liked it. Even if little by little.)

Also, Thank you all for reading my work."
t2_1fzd4ezutz,WTF is up with these captcha's now??,0,3,1.0,0,1743411927.0,False,t5_2zhzn,"https://preview.redd.it/mkl49hboqzre1.png?width=390&format=png&auto=webp&s=698d9f99c7ff26d622521d02c56add866c516f5f

"
t2_hwznoinmy,Yo bois I Need Your Help🙂,0,1,1.0,0,1743433218.0,False,t5_2zhzn,"hello bois , I'm an amateur martial artist in ITF Taekwondo and currently hold a **Blue Belt (7th Kyu)**. I had to take a break from training for about 4 years because of **JEE preparation**, but now I’m looking to get back into it.

I’m especially interested in learning **Brazilian Jiu-Jitsu (BJJ) and Muay Thai**, but since I’ve moved, I can’t go back to my old training spot😭 . So, I’m looking for good alternative sources **on YouTub**e. If anyone here knows of good channels or videos, please tell me

I would also like to suggest something—if there are others here who are into martial arts or want to learn 🙌🏻, how about we start a group? It could be a great way to share resources and track progress or by luck 🤞 if we happen to meet we can do spar😤lol . dm me if u interested or just type in comments u interested i will try to make group 👍🏻and please share ur resource 😭

Bhai, thoda **relationship posts aur shitposting se hatke** kuch alag bhi karo yaar 😑, bas wahi cheezein dekhte rehte ho tum log! 😭

https://preview.redd.it/wr68gcy3j1se1.jpg?width=640&format=pjpg&auto=webp&s=afdde8871d69d9cf7d2253cf65279d3e3de95003"
t2_1gdwcyfg27,Anyone wants to to give commision artworks...an dm me.,0,7,0.89,0,1743396402.0,False,t5_2zhzn,
t2_1ig0p4y37w,OP did a self portrait .,0,82,0.96,0,1743344769.0,False,t5_2zhzn,
t2_t5fesxe2,Advice needed,0,2,1.0,0,1743416710.0,False,t5_2zhzn,"I 12m in 8th am a little wierd kid of boy i dont talk to anyone don't even have any friend

so, i never really had true friends and i had a fight with one guy(i have a little bad temper) in my last frnd group and all fof them stopped talking to me 

I never really had anyone to talk to my age

So i got my section changed what do i do to not mess this up again i don't know how to talk to anyone at all how do i socialize "
t2_195t5v7akr,Eid Mubarak to all Redditors,0,1,0.6,0,1743429855.0,False,t5_2zhzn,
t2_1m97ke6bbr,How are you guys finding the love of your life at this nascent age?,0,1,1.0,0,1743429536.0,False,t5_2zhzn,"Every day or other I see those relationship posts, had first kiss etc. etc.

Like I just want to know how do you become so intimate with one another? How did you start? Drop some tips for your friend.

I will share you my story. See I am 17 and in college, last 4 years of school I spent in dummy + online coaching. So, the last significant female interaction for me was in class 8th. Right now in college too, I do talk but they are often work related like discussing doubts, thoda bahot aise kuch story wagare but the thing is I find every other girl the same. but how are you guys able to identify like yeah she's the one. Never had any strong feelings for any one particular girl. Am I too innocent?"
t2_9oqdrv6e,Girls of this sub i am again asking for your hele please don't ignore,0,2,1.0,0,1743413661.0,False,t5_2zhzn,"So i have blade scars 
Colour :- light to dark scars ( they are black and brown )
Mostly brown 

I want to hide them with makeup and I have zero knowledge of make-up 

This is my last hope to get some help 

I am wearing full sleeve shirt but now parents are forcing me to wear half sleeve 


So please tell me which makeup products I should buy to hide them  ( for whole year or until they fade) 
And how to apply them 

Location :- forearm 
Skin colour :- light brown 
Scars :- not deep  and straight blade scars in straight lines 
Scars colour :-  brown to dark brown 


Please help tell me the product name and how to apply them "
t2_jwxoow76,Me asf,0,111,0.97,0,1743335471.0,False,t5_2zhzn,(Ik how to spell damn)
t2_k8ffnpphc,Look what I cooked,0,188,0.99,0,1743324470.0,False,t5_2zhzn,
t2_1aowx3zarw,I drew this,0,9,1.0,0,1743385227.0,False,t5_2zhzn,
t2_1dfhzhwa72,Duality of man,0,0,0.5,0,1743425244.0,False,t5_2zhzn,
t2_1gdwcyfg27,"My tribute to one of the great artist, animator hayao miyazaki",0,101,0.97,0,1743335227.0,False,t5_2zhzn,Plzzz stop posting ghibli style common photos u r just finishing the charm and importance of ghibli studio art style
t2_eu4h51y69,Downfall ek bad ek aur downfall,0,25,1.0,0,1743362476.0,False,t5_2zhzn,
t2_18aap6ou2y,Encountered a strange incident on metro a few days ago,0,5,0.86,0,1743393104.0,False,t5_2zhzn,"
So it happened to me last week...I forgot about this because it was a hectic day for me, but I saw a similar post on reddit so I thought I should post this as well.

I commute to my college by metro and people always tend to stare at me because of my height (6'5)...and it have became too frequent that I don't want to pay any attention to people around me. But a few days ago when I was sitting quietly scrolling twitter and blasting music in my ears...a lady stood in front of me and I gave up on my seat and stood infront of the second last seat...and a women probably in her late 20s saw me a few times and took out her phone and started recording or taking pictures...I was about to say something to her but it was so crowded and then she video-called someone and again started to flip that camera towards my face and murmuring something...then i tried to avoid this women by shifting myself a bit closer to the door. 

People shouldn't do these things without consent...it made me so uncomfortable...😭😭😭"
t2_122l5fpsmj,Made a simple AMV,0,18,0.95,0,1743367569.0,False,t5_2zhzn,
t2_1ijhk83duf,??,0,143,0.93,0,1743326526.0,False,t5_2zhzn,
t2_t08o8yi0,Help guys,0,1,1.0,0,1743423779.0,False,t5_2zhzn,"Thinking of developing some skills that can help me in future to earn please give your suggestions 
Or maybe and suggestions how I can make money somewhere in between these .
17m no skills no productive hobbies bus kavita likha or manhwa padhta 🤓"
t2_9aj8g3vx,My girlfriend’s sister caught our texts,0,822,0.95,0,1743291536.0,False,t5_2zhzn,"I (17M) have been dating my girlfriend (17F) for a while. She and her sister (23F) live in the same city as me for their studies.

Last night while my girlfriend was asleep, her sister went through her phone and found our messages. The texts made it seem like we had done something, but we actually haven’t. Now, she has texted me that she's going to tell our families and wont ever let us meet.

I haven’t responded yet because I don’t know what to say. I don’t want to make things worse, but I also don’t want her to ruin my relationship over a misunderstanding. What should I do? How do I handle this?"
t2_17r58id1sa,scholarship on physics wallah offline,0,1,1.0,0,1743420979.0,False,t5_2zhzn,i've attempted scholarship exam for getting into 10th grade pw tuitions. i've achieved 40% scholarship. is this good or bad? what are your scholarships like?
t2_yal2kiq17,18 (f) Want to learn Piano...,0,0,0.5,0,1743420650.0,False,t5_2zhzn,"Want to learn piano to learn new skill, I don't have piano board but planning to buy one, until then is there any way to learn piano step by step from apps, webs or yt tutorials smth. "
t2_17u6azxauk,BOBBY DEOL 💅,0,1,1.0,0,1743419886.0,False,t5_2zhzn,"made while listening to some songs, it's been so long ki kuch banate waqt maja aaya h."
t2_yptc6amv4,My friends just said I'm a neek lmao,0,3,1.0,0,1743397834.0,False,t5_2zhzn,Not that great of an achievement eh?
t2_4jqtri442,I am so freaking obsessed with this. Like i constantly think about it and want to create anything close to it buts it so great that no one can ever come close to it,0,3,0.72,0,1743397480.0,False,t5_2zhzn,I am watching wassepur to see if it comes or not and thinking about Dev D
t2_qkaxm7j4,[16] i’m scared to go to the gym,0,41,0.98,0,1743347137.0,False,t5_2zhzn,"alright folks, as any other teenager, i too decided to hit the gym after boards. my dad got me a membership yesterday and im supposed to start tomorrow. 
but im really scared. 
petrified honestly. 
im not scared of working out. it’s just… the people. the people are intimidating. not to mention, obviously they’re way way older. i’m also kind of an introvert (i can socialise very well if i want to, though) so social anxiety factor comes in too.

also, not that it’s really required but it won’t be creepy right? i’m a girl and last thing i want is to feel unsafe in a gym. the roads are enough as it is.

how do i overcome this? will it always feel like this?"
t2_1bv4235owb,Not the best but at least I don't use AI like you guys,0,211,0.95,0,1743312596.0,False,t5_2zhzn,
t2_7pujau23l,give the weirdest quizzes you have found,0,2,0.75,0,1743402648.0,False,t5_2zhzn,"https://preview.redd.it/oqadxhb5zyre1.png?width=474&format=png&auto=webp&s=df76886fe01c12b68aa6cd8550e23136633ffdb5

"
t2_vsmop943,Is I'm having a mental issue?,0,1,1.0,0,1743416175.0,False,t5_2zhzn,"Hi I'm a jee aspirant who has been living in kota for past 1 year

I don't feel real.i don't remember things and could not concentrate on studies even if i sit for all day long. I didn't feel any emotions . I cannot plan for simple things and feel mentally exhausted all the time

I don't indulge in any dopamine activities such as porn, masturbation, ig reels,facebook,yt shorts.             I talk to people but i feel like I'm faking the talks."
t2_gloolhba,suggest ways to use this format (obv other than birthdays),0,2,0.75,0,1743401217.0,False,t5_2zhzn,
t2_195t5v7akr,Me after eating mummy ke hath ki biryani,0,51,0.95,0,1743337216.0,False,t5_2zhzn,
t2_aylyhqte,The Forgotten era of IAF🦅🇮🇳,0,61,0.97,0,1743330870.0,False,t5_2zhzn,The Indian Air Force in the 80s 
t2_qd64clpim,rate these pics,0,146,0.98,0,1743312845.0,False,t5_2zhzn,"shot on Samsung S21 FE

edited on Redmi Inbuilt Editor 

location: streets of europe, pune"
t2_j3rln98s,"Yet another relationship post (17F, yes)",0,0,0.42,0,1743410103.0,False,t5_2zhzn,"Yeh post karne ke phele 5 baar socha maine but ig fuck the haters.

So basically my bf is a huge Shreya Ghoshal fan and Im a huge sonu nigam fan. Because 12th, neither of us are able to attend any concerts whatsoever and in the past few months bro has asked me i suppose 5-6 times and missed each of them cuz i didnt go. Now theres an SG concert on 10 may. Still, u guessed it, I CANT GO. WE'RE PREPARING FOR OUR ENTRANCES AND HIS PREP IS SIGNIFICANTLY BETTER THAN MINE ngl. But abhi his mom has forcibly booked the tickets and he is going. Also 10th may ko mammi ka birthday hai. He understands my situation ngl but pls i need someways to cheer him.( He aint talking to me) Kya karun."
t2_d6ebzqkb,"Forgive yourself brothers, live again without any regret in mind",0,43,0.94,0,1743335053.0,False,t5_2zhzn,"23M, always focused on studying, landed a tier 2 college, will be starting my journey soon with a job.

I never worked on dressing sense, gym and self care, even sacrificed travels, didn't interacted with females and basically lived a static life in the room studying. It made my mental health do down the hill and I suffered because of it.

I hated myself for my looks, not having a partner, not having a good job, not studying hard daily. Despite knowing the diagnosis, I wasn't improving?

I tortured my mind, never gave my body appreciation, validation, care which I always expected from other people. How would a mind grow if I consider myself a emotionless machine which doesn't feel anything.

Brothers, forgive yourselves, life is short, play some sport, try gym, even if it's 30 min a day, stay at a nice place, have a walk, participate openly with your hobbies in social clubs. Keep yourselves out there and develop your human heart. Travel, even if it's cheap, click pictures, walk together, share stories.

I will be doing the same, no more regrets. Live again, no one gives a f about you, but only you should, have a deadline, but only on own growth. This is coming from years of inner mental torture.

----------------------------------------------------------------------------------
If you wish to read my story.

My story -----

In school, I always focused on studies, preparing for exams, didn't spent much time with family, didn't got myself involved in school debating competitions, always used to bash my inner self for even slightly less marks as if they were evrything.

In college, I pursued the same thing, zero female friends, male friends only acquaintance. Never dated, played any sport or went to any meetups.
Only focused on coding, development, which affected my mental health severly, I was shitting my mind as if there were any eternal reward for all this pain. 

Today I have a job, but if I had just lived life normally like others, I bet I would have been able to balance a lot of things and would have definitely improved as a person, and crack a lot better job.

Life is precious brothers, we matter, our warmness does, our kindness helps us and people.

So I will not repeat these mistakes and will live life.
I will go out, attend social meetup, meanwhile work on myself, travel with different groups, stay in hostels, participate in NGO activities. Marathons. The world is there for us brothers. For not just once,but always ,let your heart, heart for you. Let your mind feel proud you did great and we will do better than yesterday.
Don't let your insecurities become a problem.
Become a happy person.

See yourselves in the mirror and feel better that you are improving and will live happily ever after, solve problems and become strong through you for everyone that matters to you."
t2_cwrufy92,Drop your Discord server lore,0,1,1.0,0,1743407929.0,False,t5_2zhzn,"Every Discord server has its own crazy stories, inside jokes, and legendary moments. What’s the wildest or funniest lore from your server? Spill the tea"
t2_i7h389e8a,Handmade ;),0,34,1.0,0,1743336316.0,False,t5_2zhzn,
t2_i7h389e8a,Yeah I kinda messed up the arm 🥲. Still thik-thak in my opinion. What do you think ?,0,7,0.9,0,1743362385.0,False,t5_2zhzn,
t2_1aaf84sy7f,Want your opinion,0,1,1.0,0,1743402824.0,False,t5_2zhzn,"I just completed The Alchemist and rather than finding it as a life changing book, I found it like a fairytale with elements of mysticism and some good lessons, unlike everyone else. Thoughts?


"
t2_18pjenn48a,Answer this teens!,0,1,1.0,0,1743402596.0,False,t5_2zhzn,"Don't you guys feel social media is a black hole full of NSFW, brain rot content? Yes, there are good content too but they are a minority because the algorithm sees people watching. Social media is now full of flaunting up things which aren't even worth. Some is sharing their one night stands or flaunting their daddy's money. What are you doing on snapchat sending just wasted useless photos to others and wasting yours and others time. Only the brands are earning by fucking you all. If there is a place where only grind and motivation is there. Workout, get shredded, learn something which can help you and those kids in your balls which you're wasting on the tissues! 

Tech was made for us to be used, not for tech to screw us, I want to change it. Why rapes occur today so much, because we do that oho and give looks to women, in fact minors now. 

The world can be a better place if the teens and upcoming kids stop the shit they are feeding their brain. 

Comment your views and in case you got something to help me in this initiative,
linkedin.com/in/dharewa"
t2_7pujau23l,Need?,0,1,1.0,0,1743402435.0,False,t5_2zhzn,"https://preview.redd.it/79mjjd9gyyre1.png?width=736&format=png&auto=webp&s=a2d854bec462a8ff8bfe562867e4dc2ae0373a77

"
t2_5ftifqa0e,"FUCK RELATIONSHIP POSTS, SEE THIS BEAST!",0,50,0.98,0,1743324282.0,False,t5_2zhzn,"this took shit tonne of time but im happy with how it turned out to be. 

share your thoughts and criticisms. "
t2_9mz9qp3j4,My First College Girlfriend Drama Turned into a Total Mess – Need Advice,0,10,0.69,0,1743355713.0,False,t5_2zhzn," I’ve been holding onto this story from my first year in college, and it’s been messing with my head. Need to vent and maybe get some advice from you all.

 I’m a fresher at DU, just trying to figure out college life. Everything’s going decently, and then I meet this gir  ,Shreyaa, at the basketball court. She’s killing it out there—national-level player, super cute, smart, basically an all-rounder. Me? I’m the opposite—average at best, not great at studies, definitely not at sports. But one day, while she’s dunking shots like it’s nothing, we lock eyes. That cheesy moment happened! Turns out she’s in my class too, so I started finding excuses to talk to her. I even try shooting hoops (badly) just to get her attention. After some effort, we click, and boom—we’re dating. For a whole year, it’s amazing. She gets me, I get her, and life feels good for once.

But then the drama starts. Her best friends—two girls I never really vibed with—start whispering crap about me. They tell her I’m “cold,” “distant,” and “not good enough” for her. I hear this through the grapevine and try talking to Shreya about it. “Hey, what’s up with your friends? I’m not like that, you know me!” But she just shrugs it off or changes the topic. It stings, yaar, because I thought she’d trust me over some gossip. I start feeling like I’m losing her, and it sucks.

Then comes the real gut punch. One random day, I’m scrolling Instagram, and I see Shreya's pics from a week-long trip to Goa. She’s with some dude, all cozy on the beach—sunset selfies, holding drinks, the works. She never even mentioned a trip to me! My stomach drops. I’m hurt, confused, pissed—all of it. When she’s back in college, I spot her in the canteen and can’t hold it in. I walk up and say, Shreya, what’s going on? Who’s that guy?” She barely looks at me and mutters, “It’s none of your business. Just leave me alone.” Before I can process that, this guy—the same one from the pics—steps up, shoves me hard, and yells, “Stop harassing her, bro!” Next thing I know, his buddies jump in. I’m on the ground, taking punches and kicks, while a crowd forms. People are pulling out their phones, recording it like it’s some damn movie. The worst part? My so-called friends, the ones I’d hang with every day, just stand there watching. Not one of them steps in. I’ve never felt so alone.

Then, out of nowhere, this girl Anushka shows up. She’s a senior, known around campus for being chill and helpful. She pushes through the crowd, shouts, “Enough! Back off!” and somehow gets the guys to stop. I’m a mess—face swollen, shirt torn, barely able to stand. She helps me up, says, “Come on, you’re not staying here,” and leads me to her beat-up old Maruti. I mumble my PG address, and she drives me there. It’s pouring rain by now, thunder crashing, roads turning into rivers. When we get to my place, I realize my roommate’s out of town, and there’s an empty bed. I say, “It’s too dangerous to drive back in this. You can crash here if you want.” She hesitates but agrees. She orders some Dettol and bandages from a nearby pharmacy, patches me up, and even makes khichdi in my tiny kitchen. We talk a bit—she asks if I’m okay, I thank her a million times. She’s so calm and kind, like an angel dropping into my shitty day. I start thinking maybe not everyone sucks.

Morning comes, I wake up late, and she’s gone. No note, nothing. I drag myself to college, still sore, wanting to thank her properly. I spot her near the library, but she’s laughing with some guy, holding his hand like they’re super close. My heart sinks again. Was she just being nice, or did I read too much into it? I walk up anyway, say, “Hey, Anuskha, thanks for yesterday,” but she just nods, gives a small smile, and turns back to the guy. I walk away feeling like an idiot.

Now I’m stuck overthinking everything. Shreya—did I mess up somewhere, or was she just done with me? Should I try talking to her again, or is it a lost cause? And Anuskha—what was that about? Was she just a random good person, or did I misjudge the vibe? I’m so lost, yaar.

"
t2_1gdtrlhcwu,Which word from reels and memes are hated by you??,0,1,1.0,0,1743400621.0,False,t5_2zhzn,"For me that is ""pasandida aurat/mard"""
t2_15rncuypn0,How Should I Tell My Parents About My Relationship?,0,30,0.98,0,1743331831.0,False,t5_2zhzn,Its very important i tell em they fr think i am no straight or something and hiding things takes so much energy tbh what to do i am 17rn my gf is 18. 
t2_oqvy1bdxp,INDIA IS NEXT CHINA,0,0,0.5,0,1743398447.0,False,t5_2zhzn,"So I have been seeing news recently and it's bs, india is going down hill, and same is for china.

I have also went through china insider news channels and found out how disgusting is it to live over there :-
- Food products over in China have high amounts of isopropyl alcohol (preservatives probably) and fake tofu (panner) and gutter oil (oil extracted from the drainage system coz it floats on top and can be scooped up) and using MSG in heavy amount in food, all of this is just bad for health (even rice is plastic over there).
- Buildings and infrastructure made over in China has tofu derg ( term used by locals to call out cheap building material) even to the point using sand, cardboard, and literary thermocal for building material, due to which many building have fallen (latest, the building in Myanmar fallen due to earthquake was made just like this, the metro station in Serbia)
- School life overthere consist of studying 10hr of school and a bunch of homework (like alot of it) even to primary students (1-5 std) and students are pressured to give the gonkao exam(idk chinese 
Sorry for spelling) (just like jee neet rat race), same goes for work life, its bad 😔.
- Same goes for the government, it's corrupted, single party system, nepotism and all. The worst is the gov culture about only prasing the ruler of the party (which is chi jing ping), which any comment on him will lead to legal action by city enforcement police(ED and CBI for our case). Same can be seen on Kunal Kamra dispute.
-Faking the poverty rate in China, and faking the corona virus death rate in China, yeah it's all fake, don't visit china.

This all seems quite familiar, Ahha it's india,
-Fake panner trend on insta
-Kunal kamra dispute
-Godi Media
-Jee and Neet rat race
-Private Schools Corruption 
-The non recent bridge case that happen in Bihar
-Normalisation of vandalism (ek word aur bulldozer ready)
-The recent Money caught in Judges house and his shifting (corruption and it's desparate attempts to hide it)
-Indian origin Food products banned in other country's due to usage of harmful adulteration (Everest Masala and that Patanjali honey scam)
-Heavy usage of pesticides and chemicals in food produce (we will slowly die due to it 😭)
-Usage of media of promote racism( religious debate on tv,i hate it, also eid mubarak guys)
-Normalisation of rape case (how could this happen, they atleast deserve to be hanged)

All of these seems to be happening, i also believe leaving this country is the best decision( video viral on insta, indian guy getting new zealand citizenship, comments applaud him says wise decision for his future).
The situation in which china is worse than india, but if it still continues, i can see why I would leave india
INDIA IS BECOMING NEXT CHINA "
t2_cjxsda8ul,Happy Gudipadwa guys ✨,0,41,0.95,0,1743324795.0,False,t5_2zhzn,😋
t2_1h19fu1sv3,Rate these pics .,0,64,0.99,0,1743315981.0,False,t5_2zhzn,
t2_1k5r2ckgvo,Let Me Spoil You BabyGurll!!,0,55,0.91,0,1743319826.0,False,t5_2zhzn,
t2_e4hiouxc0,My voice sucks(and ig editing too),0,453,0.94,0,1743275420.0,False,t5_2zhzn,
t2_lotqz3v7,Quitting Instagram is one of the best decisions I have ever taken!,0,5,0.78,0,1743355714.0,False,t5_2zhzn,"I won't yap about how it's toxic and other stuff............cuz it's pretty known but yaa, it's so better without instagram. Like my attention span really improved....... Cheers 🥂"
t2_1j8e9lrri3,I made Biscoff milkshake and am lowkey addicted to it now. It tastes so godamn amazing,0,13,1.0,0,1743341915.0,False,t5_2zhzn,
t2_11zffztbv1,"1st to 10th tak ki imaanat, 108 in total, 12 interschool and 8 olympiads, 4 interstate",0,15,0.86,0,1743335706.0,False,t5_2zhzn,Rest are just school ones for various competitions lol
t2_1je8trjecv,अकेलापन....।,0,8,0.9,0,1743347717.0,False,t5_2zhzn,
t2_19c2ee094b,Just another Sunday 🙂,0,5,0.86,0,1743356477.0,False,t5_2zhzn,
t2_1d7icpvqgr,Which one did you like the most?,0,30,0.8,0,1743320188.0,False,t5_2zhzn,
,How do y'all aren't that active on WhatsApp?!?,0,6,0.88,0,1743348914.0,False,t5_2zhzn,"I always check whatsapp for messages when at home, bored. But no one else is active on WhatsApp much. What y'all do besides that, not have time for even answerin my chats under 8 hrs like what?"
t2_19c2ee094b,Let's have icecream 🙂,0,4,0.75,0,1743354774.0,False,t5_2zhzn,
t2_1aowx3zarw,Yo check out my art!,0,33,1.0,0,1743317431.0,False,t5_2zhzn,
t2_fuzj30xk,Accidentally freindzoned my crush who liked me too😵,0,55,0.73,0,1743308381.0,False,t5_2zhzn,"Fuck now day before yesterday we were in a party and everything was going normal, we danced and sang etc. when we sat down exhausted I was telling her friends a story about one of my office girls about how she was flirting with me and all

My crush said all my ""sahelis"" are like this only. And I in the the moment said, yeah they are all crazy just like her. She was like I am not your ""saheli"" and all. So I asked what we are like enemies😏. She went into thought mode and the nsaid colleagues, just colleagues. I thought she was just joking in the mood just like me

Fast forward 2 days, first time since months we haven't talked to each other daily. The person who replied to all 10 texts to keep the convo going is not even giving  reply to a single text. In hindsight I also feel she was behaving a little irritating with me after that incident. Like she got up and sat somewhere away from me. 

What do I do, like I am so down for that girl and she is also checking me out. Should I call her to make things clearer. Fuck me, helppp"
t2_193onfw10q,A cat came in hostel,0,8,1.0,0,1743347417.0,False,t5_2zhzn,"A cat randomly came into my hostel from last 1-2 days now she got her kittens too, currently I am giving her biscuits but anyone know what should I give her to eat ? Also suggest me a name for it and her 5 kittens "
t2_1fvvpbnuq2,Why is this still a thing? 🤡,0,186,0.91,0,1743282015.0,False,t5_2zhzn,"So the other day, I was just standing on my school’s corridor wali balcony, talking to a girl. Just a normal conversation, nothing crazy. Tonight, I ran into a friend, and he goes, ""Bhai, pata hai us din kya dekha maine? Tu balcony me khada tha baat karte hue... puri school ne dekha ground se!""

And then, this dude—who’s also a racist mf—decides to crack a joke about our skin tones. For context, she’s very fair-skinned, and I have a darker complexion. So this guy goes, ""Brightness badhau toh wo gayab, kam karu toh tu gayab!"" Like bro, what??? 🤡 
_highlighted_ dikhrhe the bolrha tha bsdika
Idk bhai maybe jealousy or wot

I just laughed it off at the moment, but honestly, I hate how normalized this casual racism is. I know it’s “just a joke” for some people, but when you’ve heard these things your whole life, it just gets tiring. Just tired of the same old racist jokes.

Idk bhayi, I just wanted to rant. We're in 2025 and ppl still think this crap is funny? 🤡 

"
t2_80ysk1o8,Does this ruin the milk ??,0,7,1.0,0,1743345875.0,False,t5_2zhzn,Accidentally over boiled the milk so does this spoil the milk 
t2_1je8trjecv,an interpretation of .....इश्क......,0,6,0.88,0,1743348658.0,False,t5_2zhzn,
t2_6r24bxzdd,What's stopping you from leaving india?! Mine is punjabi tadka. What's your?,0,488,0.97,0,1743262014.0,False,t5_2zhzn,"Damn, they are hella addictive "
t2_1m4v0nn6qf,My Early Anime Drawing.,0,4,1.0,0,1743355904.0,False,t5_2zhzn,
t2_14sbn07ebk,More pictures I took with tilt the effect,0,12,1.0,0,1743334322.0,False,t5_2zhzn,
t2_gu43dtbt,I recently started watching Netflix again. Yesterday I watched heeramandi and jigra for the first time. Both of them were absolutely fire. But I'm not really familiar to much movies or series. Any suggestions? Both Hindi/english.,0,5,1.0,0,1743350982.0,False,t5_2zhzn,
t2_1hr06ahedg,"How do you cope with ghar ke Kalesh (parents kee beech mein, not with you)",0,4,1.0,0,1743354152.0,False,t5_2zhzn,Just the title 
t2_bnn9dcxh,this has to stop [OC(17F)],0,850,0.99,0,1743248477.0,False,t5_2zhzn,
t2_1iml3q22df,what did he/she even do to get downvoted??? 😭😭😭😭,0,0,0.31,0,1743414682.0,False,t5_2zhzn,
t2_76xee3lu,Help me choose my art post please,0,1,1.0,0,1743379105.0,False,t5_2zhzn,Left or right (the only difference is the right hand corner bit)
t2_t04cyn6um,Title,0,2,0.75,0,1743361990.0,False,t5_2zhzn,Just a Shayari or idk what can it be called  just share your thoughts and rate it also.
t2_1jit0tf4of,im gonna crash tf out,0,2,1.0,0,1743360409.0,False,t5_2zhzn,"kal subeh (31 march) meri result aane wali hai aur meri phati padi hai. i didn’t write a few papers well and statistics ki toh pura textbook re write karke aagyi. if i fail tomorrow i will have to give a retest and i can’t tell my parents that at all cause i’ve been such a big disappointment to them before 10th (i’ve failed my 8th final and 9th borderline pass hui thi). 10th me i worked my ass off and got 90%. my parents forced me to take commerce and when i did i realised how big of a mess i walked myself into. one moment i love it the next i want to jump off my roof. i’ve always had interest for arts/ humanities and got my highest in history (10th boards mein). genuinely wish i can just skip all this anxiety and get my result over with. im not planning to tell me parents if i fail, ill just go give my retest and hope for the best. even if i pass i dont think ill tell them. they wouldn’t be the happiest with whatever ive got. "
t2_1jfo93pej0,Rate my photography skills,0,14,0.82,0,1743320034.0,False,t5_2zhzn,Clicked these pictures while I was on a vacation few days prior. They may contain very minor editing. Shot by me. Device : Iqoo z9s pro
t2_14df7c3qdm,"Day-3, posting from my sketch book.",0,5,0.86,0,1743340985.0,False,t5_2zhzn,These are chosen at random.
t2_1e6f9l1kd4,I guess no one argues over this?,0,2607,0.97,0,1743218921.0,False,t5_2zhzn,
t2_e0s3y4lld,"Probably my last post on this sub, thank you for everything ❤️",0,181,0.98,0,1743270015.0,False,t5_2zhzn,"Its not my birthday today, but its quite soon. (Didn’t wanna tell the date cuz well-:) 
Its been around 7-8 months since i joined this sub, and it was probably my favourite. Ive met a lot of nice ppl through it, and i cannot thank you all enough for everything. ❤️❤️

God 20 feels scary🫠"
t2_1ijhk83duf,Should Dummy Schools Actually Get Banned ?,0,7,0.82,0,1743333294.0,False,t5_2zhzn,
t2_21bnenb3,Shayari in Hindi- Kaatil,0,5,1.0,0,1743339016.0,False,t5_2zhzn,"Jiski baaton me khoya rahu

Ussi ka mujhe intezaar hai 

Jisne mere chain ki neend todi 

Uss kaatil ka naam pyaar hai 



Barson se pyaar me mai hu padte aaya 

Par na kabhi kisine mera saath nibhaaya

Mai sochta raha kyu aisa hote aaya

Fir kisi shaks ne mujhe aayna dikhaaya

Uss kaatil ka naam pyaar hai 

Jisne mujhe hamesha bharosa dilaaya



Umeed kho ke nahi baitha hu mai

Apne aap bharosa poora hai

Kisi din mujhe bhi pyaar mil jayega

Jiski wajah se ye dil kabse adhoora hai



Jaane se pehle sirf itna bolunga

Jisne logon ka dil toda baar baar hai

Jiske saamne jaadugar bhi jhuk jaye

Uss kaatil ka naam pyaar hai"
t2_1617nvow8d,why redditors? WHY? 🫠,0,799,0.97,0,1743239859.0,False,t5_2zhzn,
t2_1d5q801ngx,Read this in my cousin's diary,0,3,1.0,0,1743348836.0,False,t5_2zhzn,
t2_ib0x0zwa,Random movie recommendation,0,2,1.0,0,1743356525.0,False,t5_2zhzn,
t2_1b8hhfe6n5,Suggest me a ringtone!!,0,562,0.99,0,1743246237.0,False,t5_2zhzn,"Today, I gave my mother a smartphone. She has been using a keypad(buttoneala) phone for long years. Finally, we gave her a smartphone, and even though it's an old phone, everything is in its working condition.
Guys suggest a good ringtone. "
t2_aylyhqte,Can you rate this edit that I made guys?,0,17,0.95,0,1743313251.0,False,t5_2zhzn,The White Swan 
t2_iemxbz96y,Storytime,0,9,0.84,0,1743326886.0,False,t5_2zhzn,"So my friend 18(M) was on a weird sexting platform... I had discouraged him multiple times to not do shit like this... But he wouldn't listen... He'd stop for a while and then start again... So, one day he started chatting with this girl on that platform (I won't take its name as I don't want to endorse it) but the conversations weren't sexually inclined... They would have meaningful conversations instead and she started taking interest in him... He was entertaining all this because he thought this wouldn't go far...This went on for like 4 days... They even started doing voice calls... But my friend finally told her that he is not on this platform to enter into any kind of relationship... He his here for sexting and nothing else... The girl hearing this crashed out and threatened to fatally injured herself... He called me in a panick and I told him to try and stabilize her... I told him that once things settle down and she isn't suicidal anymore you can sit down and explain everything to her... Till then be a pillar of support for her... He did that and would regularly check in on her to see if shes doing fine... He was scared as shit since there was a probability that she would take her life... But then when everything was stable he sat her down and explained everything... She agreed pretty quickly and just blocked him... To this day he hasn't touched that platform and she still has him blocked... He truly got saved.

Note : This is not a fake story and if you believe so then who gives a fuck."
t2_nrnqiulk,Me instead of studying,0,373,0.95,0,1743251681.0,False,t5_2zhzn,
t2_18mt8nh6x8,Hollywood vs Bollywood 🤡; Horror Edition,0,7,0.89,0,1743329321.0,False,t5_2zhzn,
t2_cy9ykqs4,"Gays, what do I watch",0,2,1.0,0,1743353783.0,False,t5_2zhzn,"

[View Poll](https://www.reddit.com/poll/1jngv7o)"
t2_7ytr4u5nw,"(16M)Dad got caught cheating . Mom tried to hide it from me but I found out myself . Really Devastated right now , don't have anybody to share this with so venting about it here.",0,2,0.75,0,1743353169.0,False,t5_2zhzn,"I will be moving to grade 12th this April but due to low grades I haven't been doing good with respect to my mental health , I was having some doubts as they were not looking right but my suspicion turned out to be true as I heard them fighting . I didn't like him already as he was never a good parent , never once had a nice chat to me and even aggressively broke my phone my uncle got for me last year , My passion is finance but My mother didn't let me take commerce just because 'he wouldn't be happy' . I also have a 5 year old sister and I am worried for her too . Don't know what else to speak but feeling really low especially because I don't have anybody to share this with . I have friends but not somebody I can share something like this to . Feeling really low "
t2_flxdkdke,Sare apps ki notification off krke mai chli pdhne,0,0,0.18,0,1743406327.0,False,t5_2zhzn,Tata byiee 
t2_fiygwh2qo,Ai Ghibli is a trash trend. Look at my art,0,116,0.93,0,1743272517.0,False,t5_2zhzn,Tired of seeing those low effort trash posts. Look at some original art. I started this piece at 9. He's Shadow from Sonic The Hedgehog universe. Very chill guy. 
t2_1gxqarh3eg,The echoes of emptiness,0,14,1.0,0,1743314728.0,False,t5_2zhzn,This is another attempt ! So how is it ? 
t2_15yj5j6kh7,Just Realised that...(See Body),0,1,1.0,0,1743364381.0,False,t5_2zhzn,'Lucid Dreams' by Juice WRLD actually took sample from a song called 'Shape of My Heart' by Sting
t2_wtt3z6yp7,"To the 330 indians who are online, what y'all doing up this late on reddit?",0,0,0.5,0,1743362692.0,False,t5_2zhzn,I can't sleep so I am scrolling through reddit. What about you all? 
t2_xio9sm7nl,Im becoming more isolated and insecure idk what to do.,0,4,0.84,0,1743330613.0,False,t5_2zhzn,"It feels like drowning in water with no one there to help. It's so lonely these days, like the entire day just passes at home. I don't even have the confidence to step out, thinking people will judge me..I know they'll eventually forget me + I do all the soft talk to myself but still, there's no confidence. Yaarrr, I really need a friend who lives near my home, but there's only a bunch of kids and Male teenagers who are just wannabe cool dudes (literally nicotine-addicted ones with their hair down and a mask combo).
IM FED UP."
t2_1jep5xwe7v,"ME & REDDIT, FOREVER",0,293,0.92,0,1743250986.0,False,t5_2zhzn,Me & Reddit 🔪🩷
t2_1je8trjecv,I don't really mind ...!,0,2,1.0,0,1743347519.0,False,t5_2zhzn,
t2_14bcb0pkj2,"If you all got the pwer, to change one incident in history by doing a minor change, what will you change, and what will you do...??",0,1,1.0,0,1743360160.0,False,t5_2zhzn,
t2_q2aj71w68,Why are Indian parents like this?,0,119,0.9,0,1743265978.0,False,t5_2zhzn,"In the name of concern, all they do is shout at their kids. 'oh, I am so worried for my daughter. I should scold her today."" Genuinely wtf

I (f16) went out with my friends today to a mall, and when I was in the cab with my other friends, i got calls from my mom and dad shouting at me. I admit, it was 9:30 and kind of late. But what do I do? I started from the mall at 8:45 as we were eating, and the food arrived later than expected. And there was a lot of traffic too, so I obviously got late. 

My dad is extremely angry at me and my mom's way more angier. They say, they know how bad the people are and I should come home before 9. I admit, they are right. But is shouting at them, and ruining their mood really the way to go? 

They could have gently explained, or told me to not repeat it next time. But no. And when I replied this, they said me to go to my room. After I left, I heard them shouting at each other for the responsibility of sending me out in the first place. 

And they expect me to come and apologise to them. 

I was so happy today. I rarely am truly happy. My day was ruined after all."
t2_126wlb9agd,I just ordered once from zomato today and..,0,121,0.99,0,1743263666.0,False,t5_2zhzn,
t2_123r95ts23,Tell me about some easy to learn and useful skills,0,2,1.0,0,1743340825.0,False,t5_2zhzn,I am about to start with ethical hacking after the exams. Any suggestions to improve other skills along with this?
t2_1dwq7m1duj,Manga..?,0,2,1.0,0,1743340411.0,False,t5_2zhzn,"Where do you ppl read manga (if u do soo)? 
for free 😐 
"
t2_14bcb0pkj2,My mum thinks i will get the school topper award by CBSE again this year....🤡,0,156,0.99,0,1743254123.0,False,t5_2zhzn,"So, in class 10th, I was awarded by cbse for the CBSE school topper award at the 5-star hotel of my city. My mum thinks this year in class 12th I will again get that, today when I came from school, my mum said she is going to keep the uniform safe, and clean because I have to go to retake award, I said """"noooo"""", this is not going to happen don't have false expectation. Still, she kept repeatedly saying that no, you will receive that award again this year, who is gonna tell her that I will feel lucky if I even get 75% overall. 😭😭 I want to KMS....😭"
t2_u5y4t97g,Need serious advice,0,0,0.5,0,1743352960.0,False,t5_2zhzn,I am 19M . Never been in any relationship. In 1st yr of my College....I have a huge crush on a girl...but the sad part (for me) is she is in a relationship....so i thought let her be happy i will wait....but now i realized that i cant meet her from next sem onwards and the last time i meet her will be in a  month... So I need ur advice...should i tell her that i have a crush on her...i don't desire anything...but just to take the chance...or should i just see her for the last time and move on.....taking into context that I didn't have any proper conversations with her... She knows me by face but not by name..
t2_6l4z3,"r/IndianTeenagers Late Night Discussion Thread (Share Your Days!!!) [March 30, 2025]",0,0,0.5,0,1743352239.0,False,t5_2zhzn,"Keep the following points in mind:

* Keep it civil and family friendly (mostly)
* Only reveal information which you are comfortable revealing
* Report a comment if you feel it violates any rules"
t2_wam8uw6t,Tell me about your mindset about these questions,0,3,0.71,0,1743329786.0,False,t5_2zhzn,"I am 18F, currently in 1st year. Since a lot of relationship posts keep coming on this sub. I wanted to ask something to you guys. The thing is I do think that I struggle at something which is normal. While growing up, especially maturing sexually, kids do accept the sexual part of life quite easily but this wasn't the case with me. I had really extreme views about it like- Attraction is abnormal and wrong, the union of a guy and a girl isn't moral and appropriate even in marriage, guys are ho**y creatures and girlchasers, blah blah blah.... Don't want to go in detail. Due to all these false beliefs I faced anxiety from guys till 12th grade like I don't not even used to look at guys. The day would be over and I would not know how many guys were present. I would treat them like aliens. Once, in Christmas, all twelfth graders used to make a chain to avoid small kids from rushing towards santa. There was a guy beside me and I just couldn't hold his hand. At the end, my friend and I exchanged places and she held his hand. One day, while randomly all the students were going down the stairs, he moved away from me as though I was filled with scum. I always wanted to behave normal but something just restrained me, my false beliefs. After 12th, I decided to work on those false beliefs since I had a lot of time. I read philosophies and asked really nonsense questions on quora and reddit and finally I shattered those extreme beliefs successfully. Don't worry, I don't believe in all that shit anymore. Although I have gotten over those extreme beliefs, there's still some minor doubts and beliefs that I struggle with so just wanted to know what normal teenagers think about these. I just want to think and be normal like others. Hope you all will help. Here are the questions:

1. What's your reason/(s) to get/be in a relationship ( except sexual needs)? How is it a fayde ka sauda( gainful trade) and not a ghate ka sauda(unprofitable trade)?

2. If you are in a relationship right now, are you casual or committed about it?

3.  Do you care about future commitment? Since most teen relationships don't end up in marriage, do you think why you should be in a relationship or emotionally invest in it if it's not going to last long?

4. Why do you think the time and effort in relationships is worth it?

Sorry for the questions and 😔
"
t2_h06npb3j,OP's Book Collection,0,3,0.67,0,1743323979.0,False,t5_2zhzn,
t2_j85rzohm,"A girl I know likes to call me a “good boy”, am I cooked?",0,9,0.74,0,1743307903.0,False,t5_2zhzn,Title 
t2_1ezcfkgzrf,Have anybody experienced it ever?,0,63,0.93,0,1743268847.0,False,t5_2zhzn,
t2_ntuyuu2y3,Saddest movie scene for you?,0,40,0.95,0,1743276624.0,False,t5_2zhzn,"For me it's Severus Snape's death in Harry Potter and the Deathly Hallows part 2

"
t2_1706nsef5c,Your weirdest and scariest experiences in school?,0,4,1.0,0,1743321106.0,False,t5_2zhzn,"School is a roller coaster experience and having had those experiences, these sums up:

1. Back in Class 1 to 4, the guys toilet was the same as the girls toilet. However, before class hours, people were free to use when and with whoever they wanted to use. I was the ""less shy"" type guy and used to think why some girls would waste time for me, while some would join in. 
2. In Class 2nd, this girl got herself wet with water and started screaming at me. Never could figure out why she wouldn't keep the anger to herself.
3. In another class, a fire broke out, and so did a earthquake. First such experience, as everybody started running.
4. In 5th or 6th grade, I was called out with another girl to take up the benches from another class, where we didn't see 5 girls of the direct senior class were dressing up. They didn't scream, but it was as weird to see them in lowest layer of clothing as it was to see them doing it in a classroom and not a more private place. Not to mention, the door wasn't locked.
5. In 7th, some classmates brought in their phones during picnic. There were 5 girls and 3 guys in possession, in total 12 of us. A millisecond after we took the photo, the principal arrived. However she missed the phones. It was a great escape as she had beef with 3 of the girls and 1 of the boys.
6. After passing out from High School, we wanted to attend Independence Day, so I fixed the new principal by saying we ""want to pay respect"" towards out country"
t2_1itlwdvyfb,Hypocisy : An inbuilt trait of a Human,0,1,0.6,0,1743345286.0,False,t5_2zhzn,"So, the Ghibli AI trend has been blowing up lately, but a lot of fans aren’t happy about it. They feel like it’s kind of a slap in the face to the studio’s legacy—Miyazaki and his team pour so much love and painstaking detail into their hand-drawn animation, and seeing AI churn out cheap imitations just rubs people the wrong way. Plus, there’s the whole ethical issue of AI scraping artists’ work without credit or consent. And now that these AI-generated images are everywhere, some folks are just tired of seeing them clog up their feeds, especially when they’d rather celebrate the real artistry behind Ghibli’s magic.

Admist these rage against the Ai i would like to pose few questions.   
Note: I'm not demeaning anybody these are just my views and if you think they are wrong place your arguments.

1. In the 17th century, Galelio gave the idea that Earth revolved around the Sun (heliocentrism)  which clashed with the Church’s geocentric doctrine, where Earth was at the center of the universe.  Galileo was put on trial (1633) and forced to recant; earlier, Giordano Bruno was burned at the stake (1600) for similar ideas.  
Stupidity right? If we were there we wouldn't have allowed it.

2. Industrial Revolution (18th–19th Century) Why the rage? Workers (e.g., Luddites) smashed machines, fearing job loss and dehumanization. Critics also lamented pollution and urban decay. Result: Violent protests, labor movements, and early environmental concerns.  
Again stupidity right? Why would anybody stop Industrial revolution.

3.The Sabotage of Early Railways (19th Century) Why? Horse-drawn transport workers (coachmen, innkeepers) feared railroads would ruin their trade.  
Result: Rails were torn up, trains derailed, and stations attacked in Europe and the U.S.  
Once again stupidity right? Why would we stop railways it helps us to travel faster.

Why these examples?   
Aren't we doing the same as they did in their time?  
Just because it is creative work we will get raged that its stealing the job of an artist?

Where was the rage? When programmers feared of Ai taking over our jobs?  
Programmers still exist right? People still work hard asf to learn coding right? Why? Because they are sure with enough ability they can never be replaced.

My argument is plain and simple. If your work is unique then it can never be replaced by Aritificial Intelligence. Remember we still call it ""Ghibli style"" Why? Because its a unique style of Ghibli studio.  
Its the Ghibli movies we yearn for! The emotional pain we felt while watching Grave of fireflies. That can never be replicated by Ai.

History shows people always resist disruptive innovations (heliocentrism, industrialization, railways) out of fear—yet progress wins. Today’s AI art backlash mirrors this: fans rage over ""stolen"" Ghibli magic, but if art is truly unique (like Miyazaki’s emotional depth), it can’t be replaced. Adapt or be left behind, just like the Luddites. **Fear doesn’t stop evolution.**"
t2_vnh89sit,Looking for Electric guitarists🎸,0,2,1.0,0,1743331281.0,False,t5_2zhzn,"Hey! I’m working on an original song and need a guitarist to add riffs/solos. Open to remote collaboration. If interested, drop a comment or DM me!

"
t2_i5yfr57e,Where cam I watch old doraemon and shinchan episodes¿,0,1,0.67,0,1743344056.0,False,t5_2zhzn,Title 
t2_1gmsux7zkn,OP got a job !!,0,43,1.0,0,1743270552.0,False,t5_2zhzn,
t2_1esftud7gp,op is obsessed with making jewelleries 😭,0,96,0.99,0,1743252419.0,False,t5_2zhzn,hi i js wanted to share that i will be selling these soon (this is for the ones who initially commented on my earlier post wanting to buy 💗) comment below so that i can share the link to my store and thank you! (not sure if the mods are gonna remove this so ye)
t2_1ad00bcsv5,Struggle with decision making,0,2,1.0,0,1743325613.0,False,t5_2zhzn,"Anybody else struggle with decision making? I'm not talking the formal decisions for careers and shit like that. But just everyday decisions that seem monumental. 
Let's take the most common example we face, going out with your friends before an exam. 
>Decide for hours
>You go and end up in regret if you actually didn't do anything or when you end up getting lesser in that exam.
>You don't go and end up with fomo and wonder why your social life is so dead.
It's just a continuous cycle that I can't seem to stop.
 
I have been journaling in my Notes app for the past few days and the things I noticed is:
I open comments of any content i consume without intuition just to decide on an opinion.
I don't even know if I'm an introvert or not. Am I social or no? What do I even enjoy? Wait, what are my hobbies? When you divert the decision for someone else to make, you're not really avoiding it, you're running away.

And the few things I could think of as to why this happens is:
1) Personally, there was always a ""way"" to do things when I was growing up and anything i did different was criticised without explanation.
2) Social media, the usual culprit. Need I even explain it? Lmao
3) Just overthinking on the consequences of everything in general.

writing shit on your notes app definitely helps guys"
t2_ri85u3e4q,Made it yesterday :3,0,208,0.99,0,1743234554.0,False,t5_2zhzn,
t2_dhbtvdrnx,trolls are such cowards,0,17,0.81,0,1743283211.0,False,t5_2zhzn,"recently i posted here about the new wallet that i got for my boyfriend recently and there were several hate comments about how it got with my parents money which i didn’t. but that was fine it didn’t bother me.
there was a comment that said this: 
“Iski profile(OP) mein jaake posts padh iski mein..that's says it all..harsh but true...” (go to the op’s profile and read her posts that says all). it was a reply to some hate comment. then when someone asked him which post he said: 

“Have a look at the post under medical help section...you will get your answer tbh”
now the post he was referring to was a pregnancy scare post. 
so today i dmed him saying how are these two related, could you elaborate. to which he said nothing and blocked me and deleted the comments. 😭😭😭 
brother you could not fight a stranger on the internet. such a coward.

high time we stop shaming girls and women for doing things that if men would have done they would have been praising him or making jokes but would have never shamed them. 
especially since im an adult and it was mentioned in the post. 
"
t2_ikmg7orc,How tf do you talk to people(online),0,36,0.95,0,1743267012.0,False,t5_2zhzn,like ive seen my friend literally go on discord and be playing minecraft with 4 new people everytime i talk to him. i just cant figure outhow to really talk to people beyond the topic. like i can interact with people on reddit because usually theres a set topic but how are you supposed to chat without any reason?
t2_1epz3lho0q,I got my first earning,0,42,1.0,0,1743260541.0,False,t5_2zhzn,So it all started a few days ago when I saw my  mom selling my old books to scrapdealer (raddiwala) and he said he would give around ₹50 -100 but I told my mom to not sell them and I made an ad on OLX for the books. The edition was quite old 2022-2023 but still i managed to sell it for ₹1100 and made a profit of 1000 🤑
t2_hkg064fc,I feel like my best friend is slowly replacing me...,0,1,1.0,0,1743333003.0,False,t5_2zhzn,"So, I (17F) have been friends with this girl, uhh let’s call her Shreya for now. So, me and Shreya have been really close friends for the past five years. We used to be super close, like, same school, same tuitions, always hanging out. It almost felt like we’d be best friends forever. But ever since Shreya switched schools two years ago, things have changed.

Shreya has new friends now, and I can tell she prefers being with them. Not that it makes me jealous in any way, of course, I’m really happy for her. I mean, she deserves good friends. I’ve seen her go through phases where she felt really lonely, so I am glad that she’s found people she clicks with. But sometimes, when I see her laughing with them, posting stories about random inside jokes, or tagging them in memes—the same way we used to—I can’t help but feel… replaced. Like I’m a part of her past, and they’re her present.

Lately, every time we meet up, it’s because I make the effort. I’m always the one texting first, planning things, trying to keep our friendship alive. And even then, Shreya either cancels last minute or just seems uninterested. It’s not like she hates me or anything, but I can feel that I don’t matter to her the way she still matters to me.

The worst part? A few months ago, I invited Shreya to hang out on my birthday. Nothing fancy, just a simple plan to meet up, maybe grab something to eat. She told me she couldn’t come because her finals were coming up and her parents wouldn’t let her leave. I understood. Exams are important, and if she had to study, I wasn’t going to force her.

But then, the next day, I saw one of her new best friends post a story of them at a mall. On my birthday. She had lied to me. She could’ve just said she didn’t want to come, but instead, she made up an excuse. That night, I cried myself to sleep because that’s when it really hit me—Shreya wasn’t my best friend anymore. I still saw her that way, but to her, I was just an old friend she had outgrown.

I miss how things used to be. I miss Shreya. But at this point, I feel like I’m just forcing something that’s already gone. Should I keep trying and hope she cares again? Or should I just accept that Shreya has moved on and let go? Because right now, it feels like I’m holding onto a friendship that only exists in my head."
t2_diisog7s,What do I do,0,251,0.99,0,1743224428.0,False,t5_2zhzn,
t2_r5axijtwt,Is swiggy in love with. me or WHAT???!,0,1,1.0,0,1743329451.0,False,t5_2zhzn,
t2_uo9boj77,creeps only 💅,0,99,0.97,0,1743238621.0,False,t5_2zhzn,
t2_1bmwrsapm5,"Help ,, 12 Boards Candidate",0,4,0.83,0,1743306655.0,False,t5_2zhzn,"If i Fail in suppose 2 or even 3 subjects in 12 boards this year then will i have to enroll in my school again or i can register as a private candidate through cbse?? School fee and  practicals exam ka kya hoga?
::::::::::::::::
PLEASE JUST HELP IN LETTING ME KNOW ABOUT SCHOOL ENROLLMENT AGAIN OR NOT?"
t2_1k8ag8om7o,HELLLPPP!!! 16f,0,0,0.33,0,1743349279.0,False,t5_2zhzn,"MY FRIEND JUST HAD A BREAK UP
HER BF CHEATED ON HER 😭😭💔💔 
how do I make her move on? and get her mentally stable I'm not good in such stuff 
she's been crying from 2 fucking days ffs  🤦🏻‍♀️ 
should I take her out to eat something? or spend time with her? idk she's freaking out herself and making me too 😭😭 "
t2_80hcqsqj,Western or Eastern Philosophy??,0,78,0.91,0,1743242241.0,False,t5_2zhzn,
t2_1ct3qjnfa9,istg every indian household has this spoon,0,1865,0.99,0,1743179141.0,False,t5_2zhzn,
t2_1egzksj2sk,Socializing is so difficult in this area.,0,0,0.38,0,1743339241.0,False,t5_2zhzn,"In my area, NO ONE is of similar interest. NO ONE. We do play cricket together, but rarely a talk outside that. We got no interesting people out here.

I also got nice friends in school, some of us have similar interests too, but idk why we don't talk outside school.

There are some ""rich people"" or ""upper middle class"" areas a bit distance in the road away,but let's leave it -_- . There are many cool PPL out there, but it's far and out of my reach.

Reddit is the only place where I can talk to new and nice people .

I wish I could talk to people like this IRL."
t2_p73dcf9w,Amateur but still is it legit,0,1,0.54,0,1743325531.0,False,t5_2zhzn,
t2_ssgmlp2yy,how can I end a friendship on a good note,0,1,1.0,0,1743325016.0,False,t5_2zhzn,"According to me (18M), I am in a toxic friendship, and I wanna end it, but idk how to help me out"
t2_gvf9cxa6,Guys I finished my first sketchbook!,0,102,0.97,0,1743233965.0,False,t5_2zhzn,"I bought this back in Sept 2024, drew the last sketch yesterday. There were more but you can only upload 20 images so I had to cut(the last one is comic relief😭)"
t2_i77r912y,GUYS NOW I GET WHY I LOSE ALL MY BET ON STAKE,0,5,0.78,0,1743292155.0,False,t5_2zhzn,"Okay so basically what stake does is that when you place a bet on their platform. They will transfer you to another dimension in which the team you betted on loses


This is why y'all should stop gambling "
t2_91ciodq1,boys problem(not phimosis),0,226,0.94,0,1743217414.0,False,t5_2zhzn,"I'm annoyed how every morning my pp touches the rim of toilet seat.\
How small their pp was who invented these western toilets.\
Every fucking morning.\
Drop suggestions."
t2_12a23mr09t,Title aaj bahut khush hai.,0,15,0.9,0,1743267843.0,False,t5_2zhzn,Pata hai aaj mai Subah tahal kr aaya aur padh rha tha phir papa job pe jaane ke liye ready ho rhe the tabhi merko dekh kr bole ki bauwawa bahut smart dikh rha actually merko ghar pe sab bauwa hi bulaate hai aur yeh sab baate mere native language me ho rhi thi Mai hindi me bata rha mai Sharma kr dusre room me chala gya phir Maa boli ki apna beta hai hi sundar phir papa bole ki bada hokr iska body bahut sahi lagega then maa boli ki abhi dekhiye ga na 2-3 saal me iske liye rishta bhi aane lagega and maa thodi Frank hai meri toh yeh bhi boli ki line bhi deti hogi sab toh papa bole ki Nah jab tak life me settle na ho jaaye aur wo khud ready nhi hoga tab tak nhi Krwana shaadi... Bhai sahab mera toh blush krke halat kharab tha sab sun rha tha mai dusri room se...
t2_qvigsvub,Built Different,0,27,0.94,0,1743257527.0,False,t5_2zhzn,"Rawdogged a 7-hour train journey 

No music, no Phone, No Books, no sleeping, no food, no talking, 

Just straight up looking out of the window for the love of the game

7-year-old me would be proud

\* I did picked up  a book on my return journey "
t2_4undlqdj,I fucking HATE generative ai and this new godforsaken trend!!!!!,0,0,0.47,0,1743320764.0,True,t5_2zhzn,"NSFW warning: a lot of swearing

.

.

.

.

If only i could eviscerate ai these companies databases in an instant.

Fuck ai generated trash anyone who promotes it, i hope they love their pig shit ass ai generated animation with ai voice over with ai generated music and ai generated script, with a crew of 0 talented and passionate artists and 1 greedy mega corp that would throw your mother into a wood chipper for 0.000001% profit.

And don't come at me with that piss brained argument like ""uMm AcksHuaLly iT iS cOmplEtly hArMless, StaWp MorAl pOlIcinG eVerYbOdy 🤓🤓🤓"" like no, moron, it's not completely harmless its actually the opposite of harmless, it's harming the industry, its harming the actual human artists and it's harming the goddamn environment, the amount of energy this technology uses in a month could power several villages, its actually disgusting, and not to mention YOUR data is also being stolen by these ai corps to train their ai models but who cares about that when i can make my butthole look like studio Ghibli art style.

And if i see a company use ai slop for their product, i don't even wanna give it one chance i know for a fact that this product is no better than the  paan spit stain on railway stations, because if they cheapened out on their art, then i don't even wanna know what else they compromised on.

A lot of these people who support this shit or simply don't care because they never went through the pain and pride of making something with their own hands and seeing it in it's full glory, they literally have no hobbies outside of consuming media, they just sit on their ass all day scrolling reels and jerking off for hours on end, then these motherfuckers go online and say ""oh nooo i have no direction in my life🥺"" ""oh I'm so depressed, oh poor me😢"" you're miserable because you have no purpose in life other than scrolling and gooning, like pick up a hobby, do something, create something, explore your options instead of playing raked jerkmate all day.

I think India just doesn't give a single flying fuckity fuck about it's artists like other countries do, like tell me how the fuck do you think china is suddenly dominating the gaming market like how my imaginary big tiddy goth gf dominates me in my dreams, because people give a fuck about it there (and government incentives)

people here just don't give a shit about what they're consuming, as long they get that quick hit of feel good juice in their rotten brains people will eat that shit up like fucking I pad kid, and the scrooge mc duck ahh, mr krabs ahh studio execs know it like the wrinkles of their asshole, they know how easy it is to tickle our pickle so they just don't as much effort into it, and i think ai is going to turn that shit up to 11 in our most certain dystopian future.

Satyajit ray said it best, we do have a fairly backward audience, even after all these years.

Like I'm not saying ""QUIT HAVING FUN MOTHER FUCKERS"", but rather think about the shit you're looking at, critically, don't just be a mindless fucking bot consume stuff for the sake of consuming.

I'm ranting about this here because telling this to older peeps is like talking to a brick shit house and i would rather get a new variant of covid that has 169% mortality rate and puke my organs out than explain to them why generative ai is harmful to for literally everything. I want to share this people my age and younger so they don't fall into this consumerist shithole and i know atleast some of yall will understand.

So what i really wanna say is that, no matter how shit you are or if you wanna pursue art as career or a hobby, no matter what, JUST👏MAKE 👏ART👏, you do not have to be good at it and chances are you're probably gonna suck ass if you're just starting out but that's obvious, duh, most people don't continue because they're not the reincarnation of Michelangelo and they didn't paint the second Sistine chapel on walls of their mother's womb, like dawg just make something and be consistent with it skill comes with time and repetition, but you don't even have to be good you can literally just draw stick figures and it's already a trillion times better than whatever some """"""""prompt engineer"""""" (i gagged while typing this🤢🤢🤢) shits out with some stupid ahh ai model named ""cumballzfard-7.

This doesn't just apply to visual arts only its applicable to all mediums of art, music, dancing, acting, writing whatever, Just do art instead of scrolling and gooning all day, and if possible share the art with everyone, we need young people being creative now more than ever because if not, then we might be cooked💀🙏

And if you're an ai bro (ew) who's still thinks it's okay for ai to replace human artists then i hope you're ready for soulless, mass produced slop to be shoved down your throat, and also keep your asshole lubed up cuz when the ai overlord take over the world, you're also getting fucked in the ass, hard, and it gonna hurt, bad💀

Anyway, thank you for 3 am reading my schizo rant, peace✌️

TL:DR: Fuck them clankers, make more human art."
t2_16z6cg44lm,"People who have passed 12th/are passing 12th this year, does the transition period feel a bit weird?",0,2,0.75,0,1743306422.0,False,t5_2zhzn,"(I hope this is the right flair)Hi everyone. I'm not being emotional or crying or anything right now, just reflecting on my thoughts. It's a long post, please read it only if you want to.

 My last board was yesterday. So, now 12th is basically over, now I'll just have to go to school to collect my marksheet and migration certificate. It does feel a bit strange you know. Like my second last board was on 11th, and last was on 29th. So, I got into a new routine, like sleeping at 12.30am and waking up at 7.30am, instead of sleeping at 11.00pm and waking up at 6.00am.It feels kind of strange you know, like you have been habituated to a routine for nearly 14 years(except 2 years in online lol) and now suddenly you're switching to a new routine. School teachers used to message us, remind us, etc etc. No one does that anymore. Even my parents have started bothering(wouldn't exactly call it bothering couldn't find a better word, maybe talking to me less) about studies, so much so I thought something was off. My mom said no son we think you're getting more responsible wrt your studies so we don't say anything to you. Like basically koi bolne vaala hai nhi ab, parents ne bhi bolna kam kardiya hai. I thought in 10th i had so many friends, 95% of them backstabbed me in one way or the other. Even some teachers who sweet talked to me and other students, turned out they manipulated us.(Not all teachers,2 or 3 of them)Now, there are only two friends of mine who are genuine and they are the ones I'll keep in touch with after school ends. Basically what it feels like you know, you have been soooo habituated to one routine that it feels strange that it's all suddenly ending(I'm not crying it just feels weird) that it would feel weird to switch to another routine like college. It's like I was in a cage for 14 years, and the cage has now been opened so I don't know how to fly lol. One last thing though this is the plus point: uniforms. I was taking a walk with my friend yesterday, she's one of the two people with whom I'll keep in touch, so we were just talking about uniforms. I swear the uniforms make us look like factory workers 😭. She was so damn happy she was saying ""yayy I won't have to wear skirts anymore they're a pain in the ass"" lol I couldn't relate because I'm a guy but well sure it would be great not to look like a blue collared employee everyday lol.  

Anyway this was a long post, so people who have already passed 12th, did this transition period feel the same for you? "
t2_aw0mxnim,I have moneyy,0,0,0.25,0,1743332538.0,False,t5_2zhzn,"Got these gift cards worth ₹10,000, and I’m thinking of getting some good clothes and sports shoes—both running and boxing ones. But man, I’m the most indecisive person when it comes to shopping. Drop some recommendations, links, or even other cool stuff I should check out!!!"
t2_nohz9mhq8,My thoughts on Ghibli AI generations,0,0,0.2,0,1743340118.0,False,t5_2zhzn,"[This is going to be a long one. I can already expect people downvoting me. Disagreement is expected. So I would like to request the commenters to atleast read the whole thing. This is all my personal thoughts 😃]

First of all I would like to start this by the very basic reaction and ethical sense of this topic:
Hayao Miyazaki, the creator of this masterpiece artstyle, himself commented on how he feels insulted. And I agree with him, because first of all, ChatGPT trained it's model in an unethical way and Ghibli Studios can sue them anytime for it. So basically we are furthermore fuelling the illegalilty.

Now, what should we do about this?
Technically no person can let people from making this trend stop unless ChatGPT itself decides to withdraw this feature. Some people say ""so what if I'm posting it? And why should I care about Miyazaki?""
Simply, because if he wasn't there, this wouldn't have been existing in the first place. Also, even though it looks cute, it destroys the very emotion that goes into making the drawing with hands.

Now I'm going to talk about the conflicting part. Should we generate it? Why and why not?
Personally, almost everyone I see is making these generations and then posting it with all sorts of Captions. Which I'm strongly against.
But somehow I feel like, this actually provides us with a framework and some sort of relief.

1. Let me explain this with music first as I produce music myself. Many might know about Suno AI and what it does. I have already seen so many people, directly use the Suno melodies , and sometimes even the drum pattern, which literally disgusts me. But I think it might be helpful when our brain doesn't work. We can tell suno to generate a particular style music, from which we can take inspiration and then create our own piece. Technically it's an Original work. Sameway, people who draw, I think this provides them a framework to understand how Ghibli drawings work, and then Produce their own hand drawings in Ghibli styles.

2. This one is more about emotions, which some might find weird. I have generated a single image. Did I post it or made it with an intention to post? No. I made it to store it as a memory. I saw somepeople generating the same of their pictures with there dear members and Grandma or Grandpa or any loved ones who sadly passed away. I think this provides a colourful and beautiful Outlook to the original picture we have and make it look more lively. I think that excluding commercialization and social media postings, if people generate this to colorify some strongly attached memory, I think he/she is still respecting the artist, by not sharing it to the outer world, but keeping it with themselves. 

In conclusion, I want to say that while I oppose the whole idea of this trend, I think we should not hackle those who don't post these images and are doing either to improve their drawings and get ideas , or to colorify the memories they would keep forever. I generated a picture of me and my girlfriend and it looks gorgeous even though I will never post it.

"
t2_1dhcebm89s,The last letter she'd never receive,0,25,0.88,0,1743255229.0,False,t5_2zhzn,"10 mahine ho chuke hai alag hue, hope so aap ab khush rahoge hamesha kyuki mai dobara kabhi wapis nahi aunga pareshaan karne, shayad bura kara hoga maine kaafi tumhare saath, jo tumhe 2 mahine bhi ni lage sab bhulne me, shayad issi liye 6 mahine baad tumne achanak se sab karna band kar diya tha, vaada to bada kara tha tumne ki dost bane rehna mere varna mai tut jaungi, and turns out uske baad 1 mahina ignore hi karte rahoge, dikkate to hamare jeevan me bhi bahut thi par aapko kaun samjhaye ek solution khud ek problem banta chala gaya tha

I hope tum vaise hi rehte jaise 2 saal pehle the, uss insaan ko kabhi bhula nahi paunga, par abhi jo aap ho usse dur rehne ke elava mujhe koi option nahi dikhta, staying hurt more than leaving par fir bhi mai raha aapke saath kyuki aapne bola zarurat hai aapko meri, abhi bhi tumhare jeevan me koi problem aati mai emotional support dene me hichkichata nahi, par mera kya, itna tang aa gaya iss duniya se ki sabko cutoff kar diya, snapchat streaks jo kabhi shauk se banaya karte the ab ek majburi ban gayi, sabke saath streak tod di sivaye ek insaan ke, ek reply ke liye taras gaya 2 2 din, jab roya to koi saath ni tha, fir bhi thaama khudko ki tu to hogi hi

Par kahani me ek twist aaya aur aapne naya bestfriend banaya, bestfriend aapko ajeeb jagahe chue aapko acha lagta tha, tumhe aaj tak bina consent ke haath bhi ni lagaya wahi dusra aapka bina kuchh hue usse hug mil gayi, jo mujhe aaj tak aapne kabhi nahi di, never knew id hate and love a person at the same time, par ab hate bhi kya hi karna, live and let live pe vishwaas rakhta hu mai, i hope aap aapka vo naya dost aur aapke jhuthe vaade mujhe kabhi wapis na yaad aaye, i hope jis (insert name) ko mai jaanta tha usse duniya bhar ki khushiya mile

Mera kya hai mai to vaise bhi jiu maru tumhe kya hi farak padega, saamne se bologe zarur ki ""agar tujhe ye lagta hai mujhe farak ni padta to tune jaana hi nahi kabhi mujhe"", well nahi hi jaana maine aapko, kabhi nahi jaana ki aap badal sakte, bas bhagwaan se itna keh sakta hu ki jo mai tujhe nahi de paaya vo dusra aapko zarur de, i know tu formality ke liye reel bhejegi 15 din par, par ab reply dene waala mai hi nahi bachunga, aur reply de bhi deta to tum kaunsa mere se baat karte vo to bas ehsaan kar rahe tum ki mai abhi bhi tumse contact me hu

Suicidal kabhi nahi tha mai, marne ke liye taiyaar tha aapke liye, par kya pata tha aap hi ho jo maaroge mujhe, haath kaatna sab chutiyapa lagta tha par tumhare jaane ke baad apne hi haath me net bana raha hai, acha lagta hai jab koi cheeze zada dard kare tumhari harkato ke baad, i hope mai 6 mahine me theek ho jau varna mai aur nahi jhel sakta hu khair vo to baad ki baat hai

end me bas itna hi kahunga khush rahe aap hamesha, i hope jis free trial relationship me aap aaye usne aapko bahut kuchh sikhaya hoga jo aap ab apni iss relationship me na dohrao, trust to khoob kare the tumpe, par vo vishwaas hi kya jo tute na, thanks for making me tha happiest person alive even if it was not for a long time, i'll always love your old self, goodbye

tldr: Pagla gaya hu to bas kuchh bhi chutiyapa likh diya hai in hopes ki shayad vo padhe ye kisi din (joki obv ni hoga par still just wanted to clear my brain)

"
t2_11hvfv8a3u,How many of you are fortunate to have an AC at home?,0,1,1.0,0,1743317992.0,False,t5_2zhzn,"

[View Poll](https://www.reddit.com/poll/1jn6w18)"
t2_jetex1no,the ai-ghibli fiasco,0,0,0.5,0,1743317354.0,False,t5_2zhzn,"to the fellow artists of this sub, what's your opinion about this whole situation?"
t2_1fzd4ezutz,Chat what did I do wrong??? [ MENS ONLY**],0,140,0.9,0,1743219145.0,True,t5_2zhzn,"Hey I(16M) have been on a constant nofap streak of about 10-11 days(my best since last couple of months) and I was duing pretty well and I did not even do shit like edging and all other bs
just complete nofap, 

and for some reason i just woke up today with a wet dream...
n bruh i don't even remember having a wet dream , all I know i just woke up with my pajamas wet and it sucks.

I dont even know why this happenedd
i was on complete no fap , no edging , no porn , nothing , not even any weird thoughts yet this 

and this aint any solo incident, has happened to me couple of times atleast whenever i try going nofap , after some time in the end i just end up having wet dreams n my nofap gets wrecked and i dont know what do i even do wrong 
Is it something to do with teenage or what??"
t2_1g3u655v7u,Am I in the wrong here?,0,22,0.96,0,1743255399.0,False,t5_2zhzn,"I was playing in a park in front of our house and saw one of our neighbors plucking something of a mango tree from our garden with help of a servant of his. It was the first time that the mango tree had produced flowers and i was worried they may accidentally break them. so i go over to them and ask ""kya kar rahe ho""(what are you doing) and ask them to try not to break the flower in the nicest way i can. But the uncle got so offended by this he sends his son to talk to me and his son lectures me about respect towards elders.did i do wrong because the way his servant was breaking leaves from the tree it felt like all of the flowers would be gone."
t2_b1ta0leu,What’s Your Take on AI Taking Over Hand-Drawn Art?,0,1,1.0,0,1743315100.0,False,t5_2zhzn,"
Body:
As someone who loves and supports hand-drawn art, I’m curious about how others feel about AI-generated art tools becoming so popular and advanced.

Personally, I feel like traditional art has a unique soul and effort behind it that AI just can’t replicate. But I’m open to hearing different perspectives.

Do you think AI is enhancing creativity, or is it undermining the effort and skill that go into hand-drawn art?

Are AI tools just another medium like digital art once was, or do they genuinely threaten traditional artists’ creativity and livelihood?

Should AI art be held to the same artistic standards as hand-drawn pieces?

I’d love to hear everyone’s thoughts, whether you’re an artist, an art enthusiast, or just someone who enjoys art. What do you think the future holds for both AI art and hand-drawn art?
"
t2_awe0x2gby,Doing anything but studyingg 🕷🕸,0,24,0.97,0,1743252529.0,False,t5_2zhzn,
t2_1abbl6ll40,My story,0,72,1.0,0,1743230269.0,False,t5_2zhzn,"I am from a small town in Bihar. My father is a businessman and my mother is a housewife. I have a younger brother. Since childhood I was very naughty and rude because my environment of upbringing was very toxic. My mausi lived in Delhi with her husband after marriage. She tried to convince my parents to send me and my brother to Delhi so that we can take good values and education. But my grandparents were against this. They said that we will not go anywhere until they are alive. My grandmother was a patient of heart and grandfather had kidney stones. In may 2018 , my grandfather died and after six months in November my grandmother also died. I was 8 years old then. I was totally broken because I had a very strong relationship with my grandparents and both left me in a single year. My parents have been very insensitive towards me since childhood. So in 2019, my father agreed to send me to my mausi 's place. Till then, she shifted into noida because of my mausa 's workplace.I didn't agree to go first but then they showed me the prospectus of school and ensured that I will have a better life if I study in a big school. Then I agreed to go there , but I was very rude so my mausi sent me to the hostel. At first I cried and missed my parents and wished that I could go back. I missed my home, my mom's food everything. The food of my mess was very bad. But still I survived there , this was the time when I understood the love of my parents. But then, I got used to being alone. I had promised myself that I will be in a manner and be a good girl when I go home. As I had promised my father, I studied hard and did my best in everything. I got a gold medal for study , first prize for writing and speech competition and a medal for dance in 5 class. Then, I attended my final exam and went back to Bihar for vacation after exams. But then , I could not go back as there was a lockdown, because of the corona virus.I attended online classes in my rented house as my house was being built. Then 2020 ended, and then came july of 2021. My father arranged grah pravesh puja for my new home with less people as there were only 20 people allowed in a gathering at that time. My mausi also came but when she was going home, my brother insisted on going with her. Then my brother went with her and I am not able to find my old brother till now. That was the last time, when I saw my brother who had no hatred for me in his mind. Then in August 2021 we decided to go to noida and meet him on his birthday. That was the biggest mistake of my life that I agreed to stay back there . My school was not opening so my mausi told my parents to leave me there so she will get me enrolled in my brother's school. Then we visited some places together and then my parents came back to Bihar.As soon as my parents left, their behaviour for me changed completely. As I wrote, I am not able to find my old brother again because my cousins filled his mind with hatred for me. He hated me for my behaviour when I was young. Then, my cousin sister and my own brother started to torture me. They cut all my clothes. My brother tried to harass me one time by putting his hand in my bra. He did all this because my cousin's sister told him to do this. They cut my books with blades. Put red chilli powder in my hair. They beat me very rudely. And the worst part was that my mausi didn't trust me because of my past. They put all the blame on me. And to ensure that my mausa mausi did not beat me, I had to take all the blame upon me. I had to admit that I had done all these things to myself and was framing her daughter intentionally . Gradually I started to lose faith in my mausi. I knew that she would not trust me. My parents also stopped talking to me.So I decided to take all the blame on me to avoid more punishment. I admit that I wasn't even good. My mausi had a general store. I steal chocolate every day because my mausi didn't give it to me. One day, I got caught. My mausa burnt my hands with a big knife. I have these stains till now on my body. But I accepted as it was my fault. But my sister and my brother didn't get satisfied. Every day they used to blame a thing on me and every day I was beaten. Sometimes with a hand or with a plastic stick. I bear all this because my parents don't trust me. One day on a random misinformation given by her  daughter, my mausi put the frying strainer on my palm which was full of boiling oil. My palms are still white. I did all the chores in her house. Her children didn't do anything. I was only 11then. I used to make 50 roti in a day. I served her husband, her children and her. I had to sacrifice my studies to do household chores. I can't say no.One evening when I was folding clothes in the house, my mausa came. I was alone at home. Usually he talked to me very rudely. But that day, his voice was very sweet towards me. He apologized to me and said that he is full of guilt because he beat me very badly. I forgave him . But I didn't know that my life is going to be worse. My mausi has to travel every month for some court work. So she went and we were sleeping. At night I felt that someone was removing my clothes. But there was no one there. When I woke up in the morning, there was a lot of pain in my private part. I ignored it. But again at night I felt the same. But there was no one and the same pain in the morning. So I decided to wake up at night to find out. At midnight I suddenly woke up and saw that someone was running. I felt that it was my mausa but I was not confirmed so I talked to my mausa the next morning. But he said that he was sleeping and didn't come to the room. But I got suspicious when he didn't tell this to mausi because he used to tell every small detail to mausi. That night I caught him and asked very firmly in the morning what he had done with me. He threatened me not to tell it to anyone otherwise he will make me pregnant and the whole society will defame me. I got scared because I didn't know about these things. I decided to be quiet. Then every night,he used to come to my bed and these things lasted for at least one year or more than one year. Then he started to rape me even when I was in my senses when no was at home. When I refused, he beat me very badly. I even told this to my mom when they came to meet me on summer vacations and also told my brother.They didn't take any action. But one day, I decided to speak and stood strong against my mausa. But I was only 11 and he was 45 . I could not fight with him. Then I decided to tell it to my mausi. But when I told her , she said she didn't trust me and said that her husband can't do anything like this. Then,she demanded proof. But I don't have the proof. So she locked his husband and me in the same room for one night. And as my mausi was watching everything so my mausa didn't do anything that night. And the next morning she said that it is proved that I was falsely accusing her husband. But I shouted at her and told her to trust me. I addressed her husband by tum. She got angry and beat me with a wiper which was of wood. The wood broke into two pieces. She only blamed me and said that I am characterless and I instigated mausa to do this with me. But the irony was that she didn't allow me to wear revealing clothes. I wore a dupatta with every outfit even with a t-shirt.Wearing short clothes was just a fantasy for me. But her daughter wears everything. One day I was alone at home and my mausa came. She Started to harass me and slapped me many times with his hard hands. But I had a phone at that time so I recorded everything and showed it to my mausi. But my mausi said that he is now harassing me because I falsely accused him. She deleted that video. She said nothing to her husband. I even tried to convince her by telling her that I told it to my mom. But my mom refused. And from that day, I hate my mother. Everything passed and things became normal as before. My mausa again started to rape and this time, he was even more confident. Because he knows that his wife is going to support him. My mom didn't let me talk to my father. I lost my faith in God. He made me do very disgusting things. He told me to lick his private part and he licked my vagina as if it was food. I couldn't do anything, so I let him do what he wanted. I was like a zombie now.But one day, my life gave me a chance . My mausi went to ayodhya and  my vacation was going on after exams of class 9. It was Sunday, all three siblings were at the shop, but I was cleaning the house. Then my mausa came and again. As he left, I felt something. As if my soul wanted to be free of this. So I decided to run away from the house and go to my home in bihar. The journey was very long and difficult . I didn't know how to go there. I decided to take the train from ghaziabad station. I had no money. I left the house with only a pen and  my report card. I borrowed 100 rs from a boy. Then I headed to ghaziabad station. But there people told me that the train will come to the new Delhi station . So I sat on a local train and went to Delhi. But my destiny had other plans for me. As I reached new delhi station, some people inquired about me. I got to know that they were from an NGO , which was rescuing children who fled from their home. I told them my whole story and they decided to help me.I called my father and told him everything. I thought that my father would support me but he told me to come back home with my cousin's brother. But I had made up my mind. I told him strictly to come there otherwise I will always live there. I refused to go back to that hell. Then, I was told to do a pregnancy test. I was not pregnant. Then, I told them he assaulted me in the morning. Doctors said that if they take a sample from my body, they can make a strong case against my mausa. But my father begged me to not file any complaints as it will dishonour them. I was shocked because I thought that at least my father will support me. But I loved my father very much, so I decided to compromise with my respect to save his respect. I took all my statements back. My mausa got saved. But still I thought that my father will break all ties with their family and will take me back home. But he told me to stay there until my board exams.But these things affected my mental health very badly. I worked very hard on it but still got only 83 %. Here began my downfall. I always topped the class since childhood but my parents never appreciated me. They taunted me very badly for these marks. But they never tried to understand my pain. My mother says that there is no big deal in it. My father always criticizes me. My parents have very high expectations from me but I am failing at everything. I have an emotional breakdown every night. There is no one to console me. It's been 10 years, and no one hugged me. I want to tell my parents but they always ignore me. I want to make them proud but they always doubt me. I have passed 11 now. Now I even get frightened by my own father. Me and my parents sleep in the same room. We sleep on different beds but I want to avoid it. So I spent the whole night in my room and studying. But I am not able to forget how my parents didn't support me. I talk very rudely to them because I don't like themI want to tell my mother that I need a hug. I want to tell them I am not strong. I want to tell them that I can't forget my past. I want to tell them my childhood got ruined because they sent me away from them. I want to tell them that I have fear of men. I want to tell them that I get frightened by darkness. But unfortunately they didn't care about me. They think that I am happy because they are always financially available for me. But they don't understand that I need emotional support. I hug my pillow when I get emotional because I can't even cry in front of them. I am trying my best to be a good daughter and get good marks.  But I know that they will still not appreciate me."
t2_8ts4luez,I got a screen burn in of Instagram 😔,0,3,1.0,0,1743292331.0,False,t5_2zhzn,What should I do now?
t2_huqjgh5e,"Share your best, fun or normal moments with your pets. Cuz I wanna know how it feels to have one",0,0,0.5,0,1743313108.0,False,t5_2zhzn,
t2_1l3ju6cvjt,"I loved a girl, and now she lives 500kms away(I still have feelings for her)",0,1,0.67,0,1743312999.0,False,t5_2zhzn,"So, 3 years back on 1st March 2022 a family came to live in our house as tenants, the father was my Hindi teacher in school. So they came, and they had a daughter, and I hated the idea of living with a girl in my house bcz I'm scared of women. And after final exams of my school, my father sent me to her daughter to study(she is 2 years older than me) so I went there, didn't know what to say, and sat there and told her awkwardly ""father sent me here to study"" and she laughed. After this we got to know eachother and we became friends. And I didn't have feelings for her yet. But as time passed, she started to like a guy in school, and I didn't like her liking another dude and I thought why do I feel this way, but i didn't say anything and her small crush ended. And in August 2022 she told me that she is going to her hometown for Rakshabandhan, and will be back after a week, but 1 day before she was supposed to return, her father told my father that he had a transfer, I was heartbroken, and i realised that I had feelings for her. After which we have talked on insta only, no calls no nothing.
And their were huge gaps b/w our Convo like sometimes we didn't talk for 4-5 months, but I still had feelings for her. And in June 2024, she messaged me and after which we've talked daily, but she didn't initiate Convo much, but all of this suddenly changed in January 2025 and till this date she texted me everyday, talked abt her problems with her family, arguments with her father, achievements, failures, everything. Sent me reels which said ""there has to be someone who stalks me and dreams of having me"" and another one in which a guy was looking at the women he loves   ""there has to be someone who looks at me like this, it's just that I don't notice"" she got a bit jealous whenever I mentioned other girls, demanded their insta ID's. Even wrote notes for me, even though she is 2 years older then me and had exams coming up.
Atp Idk what to do, the distance b/w us makes it even harder.😭
U guys give ur opinions on this.
"
t2_huqjgh5e,SHOW ME YOUR HIGH SCORE,0,1,1.0,0,1743309982.0,False,t5_2zhzn,
t2_8ts4luez,Happy Ugadi guys !,0,1,0.6,0,1743309950.0,False,t5_2zhzn,🗣️🔥
t2_1840lkksb0,Do u guys stalk ur classmate or batchmates on insta?,0,0,0.4,0,1743323495.0,False,t5_2zhzn,Do you guys like stalk them or something?  Ik girls do it what about boys? Or you just scroll only ur friends account. 
t2_7bxmayi2,so today was my last exam and...,0,37,0.96,0,1743238663.0,False,t5_2zhzn,"aaj last exam tha mera CS/IP ka, and I saw her for the last time today. Kinda weird feeling like once how we knew everything about each other, shared every moment, been my first handhold my first kiss my first sexual encounter my first everything, now we had just become strangers. Probably wouldn't see her for a long time as our friend circle became alot different after our breakup as well, and she deleted insta and everything. 
Though we both were at faults, I hope she does good in life. Best of luck if you are reading this by any minute chance"
t2_1548uh4zzf,What games do you guys play,0,1,0.6,0,1743309713.0,False,t5_2zhzn,I play minecraft BEDWARS anyone who plays other games like what are the people of my kind upto these days I am curious
t2_1i0sjzge46,"Lesson learned today: One should move on, just like we did.....",0,7,1.0,0,1743274522.0,False,t5_2zhzn,"I accidentally hit him while doing my stuff today. Then... then what? He beat the hell out of me so badly that I had to go to bed. I was angry at him, I literally wanted to k!ll him. But after I respawned, I thought he was still angry with me. I went at him with full force to attack, but he wasn’t angry at all—he had forgotten my mistake. So, I forgave him, repaired him, took selfie and now we’re friends again.

https://preview.redd.it/hjb61ud4eore1.png?width=1920&format=png&auto=webp&s=8789660175d8335a7acb00154aa36d67894ff7bb

"
t2_1dda56sj8d,What is the point of satire and humour especially in public domain if some don't find it funny?,0,1,0.67,0,1743308036.0,False,t5_2zhzn,"Humor is often a sign of wit, intellect, creativity and keen observation - and contextualise it into a piece of content.

Should we have ONE nation ONE definition of ""what is comedy"" and ""my feelings got hurt"" and add that to NEP in 3 languages and 2 languages for our Tamil Nadu friends?

Tendency to homogenise, centralize is not healthy for plularistic society like ours.

To the extent possible it should be: memes vs memes, cartoons vs cartoons, articles vs articles, movies vs movies

(sometimes the other side does not have time, money and creativity to counter the comedy they didn't like)

Our constitution and legislations are riddled with ifs and buts.

The whole police-judiciary system is infamous for process being the punishment.

Indians in general are insecure, seek validation + adulation (from white skinned foreigners for instance), seek glory in the past, revel in self congratulatory stuff + are touchy, reactionary and quick in resorting to whataboutery and ad hominem arguments (attack the messenger and not focus on the larger message)

Ability to understand historical events in appropriate context, heal - reconcile - move on - accommodate is a sign of a secure country ++

struggle to improve quality of life and income in real terms are perhaps adding to this. (Something similar applies to our personal/typical Indian family space I feel)

The head weight of our politicians + some are into building a cult + uninspiring political discourse which is devoid of moderation, decency, scientific temperament and misplaced priorities in general is another sore point.

\*Banning stuff or threatening to do so does not help in today's time. (Giving more publicity to what you want to ban - counter intuitive isn't it?)"
t2_15yj5j6kh7,"So, Which Album or Albums you can listen fully without any skipping?",0,4,1.0,0,1743280633.0,False,t5_2zhzn,"Here is mine:

Clancy - Twenty one pilots

Trench Lines - Twenty one pilots

AM - Arctic Monkeys

Parachutes - Coldplay

Ok, Computer - Radiohead

Nevermind(Remastered) - Nirvana"
t2_ac1e83av,I'm so Nonchalant (This is From Yesterday),0,0,0.5,0,1743307046.0,False,t5_2zhzn,
t2_p65g1mcyo,Summer is here! suggest a song that perfectly fits this picture-,0,93,1.0,0,1743217233.0,False,t5_2zhzn,"(Similar to my previous post & yes I took these pictures from my hostel room)
Acchi playlist bnane ki ninja technique 
"
t2_c3hom3for,guys why always march goes longer? ever felt it (2023),0,1,1.0,0,1743306189.0,False,t5_2zhzn,
t2_8ts4luez,Sick of my father,0,343,0.98,0,1743191240.0,True,t5_2zhzn,"My father I absolutely hate him 
My mother and father's was love marriage (they ran away and married)
Coming to recent time, 2 years ago he was in relationship with another woman when my mom found out she is so kind that she forgave him again after a year he was in a relationship again with another woman but he Crossed all the limits(he slept with that woman)
My mother still being the kindest she forgave him again 
But 2 months ago there was a argument between my mom and dad he said that she has a affair going on with a man (ofcourse all baseless claims) and the truth is he was again in an affair with another woman 
That argument heated up and he started beating my mom I went and stopped him and gave him a warning that I'll report him to the police he got lil scared and left the house for 1 month but my mom eventually asked him to come home he came and since then I haven't talked to him 
 
*I really hope there's a day where he will be in jail*"
t2_8njln692,What are the worst intrusive you have had ??,0,3,1.0,0,1743283746.0,False,t5_2zhzn,"For me I once taught of k ing my whole class including my friends with a knife.(I dont hate school I think its a good place)

Once I taught of k ing my friend after he was talking about $uc!de and wanted me to either do it with him or get me to k him and his girl who told me he gonna convince to do it with him(I taught of every way I could k him and dispose him and his girl's body and then we had a conversation for abt 1 hr about the best ways.) (My friends good now)

Well what about you???"
t2_1fezzs3tnu,Yaad hai?,0,17,0.96,0,1743249341.0,False,t5_2zhzn,"School mei PTM ke time jab book fair lagta tha tab dinosaurs, superheroes, cartoons etc ki sticker wali books dekhte the...kharid nahi paaye kabhi woh alag baat hai

Transition:- do you remember the time when our schools used to host book fair during PTMs and there we used to look into those amazing sticker books of dinosaurs, superheroes, cartoons etc? Was never able to purchase any book but that's a different thing"
t2_mo96i5mz,3rd consecutive all nighter I have gone mad,0,2,0.75,0,1743290610.0,False,t5_2zhzn,"For learning I've started taking all nighters .
I don't know maybe I have gone crazy mera schedule fked up ho rkha clg ja nhi rha bas roj raat- raat bhar coding karte karte pagala rha.



Kuch solution batao yaaro  "
t2_15u7s6njgh,whatup cuties,0,8,0.9,0,1743263326.0,False,t5_2zhzn,
t2_1unnw389,Mai hota to na sehta🙏,0,22,0.96,0,1743243767.0,False,t5_2zhzn,Generational aura debt.
t2_jre2eexm,Embarrassed,0,6,0.87,0,1743271625.0,False,t5_2zhzn,"I was alone at my home today so I went to our house's first floor just to check everything is fine or not.But I had pee so I just went to bathroom of our house's first floor without closing the door,and out of nowhere my father came from behind when I just finished urinating and he told ""what are you doing beta?"" And I told him I was urinating but he gave me a weird and naughty type of expression and told me to close the door before urinating,but I think he thought I was masturbating but he didn't wanted me to feel embarrassed but stil, I am embarrassed that's a different thing. We are very opened about everything but I don't why I am feeling this.anyways, Love you DAD💓,You are amazing."
t2_sb50lt6t,Advice appreciated 😭,0,10,0.92,0,1743259265.0,False,t5_2zhzn,"I (16M) have a younger brother almost 13.

He doesn't have any sense of respect towards me or my parents and thinks he's cool and everyone is below him, basically thinks that he is the main character.

His language was bad. But even worse than I thought.
At home he has a completely innocent face and (basically the young child is babied my mother) but recently I discovered something disturbing.

Apparently he has an insta acc.

The thing is he was using such absive and degenerate language. I couldn't think was possible apparantly girl stuff too.

Ik he's going through puberty but I think this is too much.

His marks are constantly falling, and all he does is games and barely studys just for the sake of it. And I think he's on a bad path. Please tell me how can I guide him and what do I do in such situation. 

P.S. none of my parents know about this. Idk how to proceed to guide him as an older brother 

uska school change ho raha to the friend circle problem will be okay ig, but I'm open to advice "
t2_d9yo71sj,how to confess pls help,0,0,0.43,0,1743301182.0,False,t5_2zhzn,"this is gonna be very embarassing. But i've had a crush on this guy since october, and initially i wasn't planning to confess. But the situation is that he is senior to me (he's 18 and im 17 rn), and since boards are ending soon he's gonna be a pass out. And i have a feeling i am gonna regret this very bad if i never confessed. His bestfriends know that i like him, and were motivating me to go and just confess to him, but mujhe sharam aati hain yaar😭😭

so what i have planned for now ki abhi we have to organise seniors ka farewell, which is the last time i'll see him and mein ek letter pe saari feelings confess karke uske friend ke through usse bhijwadungi, like i'll mention my name wagera, he probably does know me cuz we talked on insta once. 

but im also not too sure about it, i've never confessed to a guy, and have no idea kaise karte hain. Letter dekar theek rahega ya bolu usko khud? He's a very calm sa guy, nonchalant, and has never been confessed to (that makes me more nervous honestly)
And we've never interacted offline, thoda bohot online baat ki hain bas.

Koi thoda tips dedo yaar🥹🥹"
t2_jxgp2i2e,Has anyone gotten braces after 18? What was your experience? Was it worth it?,0,3,1.0,0,1743279013.0,False,t5_2zhzn,.
t2_nrg8ge04t,"Seeing a lot of posts about ""racism towards Indians"", so know this",0,0,0.44,0,1743335076.0,False,t5_2zhzn,"Nah I'm also from India(staying in India rather)and before you label me anti-indian read this. And also No I'm not seeking any validation from the white.

Indians have created a mess in abroad and clearly that's the reason we have somuch hate. Clearly people who go abroad, (yeah I won't talk about not all but few only bs) don't have a tiny bit of civic sense and they just think it's their own place. Leave alone civic sense, they don't even think before they celebrate something. They celebrated holi, they didn't clean, they bursted crackers during Diwali and never picked it up. This all context is from Canada btw who gave us an opportunity to study but people of India went there,thinking it's their own. People celebrated victory of India in the last cricket tournament and made a huge mess. 
You might make an understatement stating that they were having fun but that doesn't mean that they go to other countries, disturb their culture and their life over there. I still see somany shit going on, playing our countries music abroad, and the same people complain about it in our country. 
I'd still say people who live in India have better civic sense than people who have moved abroad to countries like Britain and UK. Indians are complaining that they are getting deported from US but they can go their, ruin their culture but still don't want any actions taken. 

After all this, u think our country doesn't deserve racism?

Edit: I don't mean that we deserve racism but I mean should we deserve racism due to NRIs I mentioned above?."
t2_xvcjwd4k0,"""Road trip vibes: 4 years old, 4 snacks, zero worries.",0,31,0.94,0,1743230786.0,False,t5_2zhzn,
t2_1a9v69v1up,Title,0,6,0.88,0,1743259866.0,False,t5_2zhzn,"https://preview.redd.it/evemlndi6nre1.png?width=666&format=png&auto=webp&s=46c170cf9acaaa62bec62d70fdf084da379aae86

Did we need this? Yess."
t2_7zpjzpdu,Culinary school so far,0,581,0.99,0,1743173263.0,False,t5_2zhzn,
t2_ypjj6b48b,OMG I hate these comments sm😭,0,496,0.98,0,1743176040.0,False,t5_2zhzn,"These are so fucking annoying!! Like why tf do you want to know whose watching a video in so and so year?! These comments are literally on every other video I watch on yt!  Pls stop this 😭🙏
(Sorry for a random vent)"
t2_c3vmvsiw,Drop your craziest paranormal experiences,0,5,1.0,0,1743265286.0,False,t5_2zhzn,"Inspired by my driver uncle, who told us how he was on the highway and there was this place where a bunch of people travelling in a TT died and when he was passing by he saw someone in the exact spot trying to hitch a ride but after he passed by, the hitchhiker completely disappears,like seconds later they were gone."
t2_f3qw876ei,Chat its my cake day,0,2,1.0,0,1743282008.0,False,t5_2zhzn,
t2_1alazqlzce,To the people hating on the ghibli trend,0,0,0.36,0,1743335436.0,False,t5_2zhzn,"""ai art is soulless"" ""its a disrespect to miyazaki and ghibli fans"" we're making it for fun its not that serious we dont want it to have soul

"
t2_14l7xwbscr,Guys I won!,0,221,0.82,0,1743189034.0,False,t5_2zhzn," My (17F) bf (18M) gave me this .... and i am soo happy rn😚😚

sharing this here cuz I don't have anyone to share my excitement with ...
We are in a ldr since an year and bestfriends since 3 years. we have had our share of ups and downs but this guy yawrr is just everythingg EVERYTHING I could have wished for. He understands and cares for me like no one does.
He sended me these through a mutual friend cuz blinkit wale delivery bhaiya ka society me pata chal jaata
AHH how can one be soo pyara fr, I LOVE HIM❤ damnn"
t2_c3gwp4za,When you can't buy official merch so you make your own,0,7,0.9,0,1743255826.0,False,t5_2zhzn,Made and printed my own design lol
t2_1d7icpvqgr,Thoughts on the AI Ghibli art style trend?,0,2,1.0,0,1743278716.0,False,t5_2zhzn,"The most general take would be that it's totally wrong and it's an insult to the hardwork of Miyazaki. He would've hated this fs. 
Imagine working your a** off day and night, for months, for years, to create this unique art style and watching it get replicated by anyone in seconds.
The ghibli art style used to have a passionate and soothing value attached to it but nowadays, it has became a trend and everyone have killed the value of the real art.
But as we can't do anything to it, then there must be some pros of this being popularised this much too...
I mean, his artstyle is getting more popular among the youth whether it is made by ai.
The original credit still goes to him, right?
He is the primary creator of that masterpiece artstyle and he will always be remembered by it.
What are your takes on this trend?"
t2_fzfzy9hrf,"Is it true that getting into a relationship is way tough for people, who don't have a good college life and are 17+?",0,7,1.0,0,1743256573.0,False,t5_2zhzn,"Cause think na, in your 20s you'll be mostly working and dating at workplace isn't really advisable. Your social circle kinda shrinks and from what I've heard from adults, that  college is like the last place where you get to meet new people, from there it's same old monotonous routine. Eat, work, sleep, repeat. Yeah ik dating apps are one option, but the gender ratios is way to skewed there! So ig you've got very less options other than arrange marriage which in itself sounds like a contract!"
t2_w35vzvcj0,Anybody down for a chat ?,0,1,1.0,0,1743291055.0,False,t5_2zhzn,"Can’t sleep, some company may help, if awake hit me up ! "
t2_1dx8ymi6af,I saw a couple getting caught kissing by a man while marking my territory in a park,0,374,0.91,0,1743171729.0,False,t5_2zhzn,"I’m a street dog and I was marking my territory in a park as usual, I had recently defeated the previous dog gang so had to park my territory. 

While peeing, I saw couple kissing but I ignored them. On my way back, a man claiming to be a relative of the girl scolding them. 

Anyway, I marked my territory and left to mate as the mating season is about to start and I need to make 15 puppies at least this season. "
t2_a44p71yt,Completed Gundam model,0,8,1.0,0,1743246575.0,False,t5_2zhzn,"Completed it today morning , looks pretty good and for my first time I think I did a decent job "
t2_1k8ag8om7o,16F MY DAD'S FRIEND ACCUSING ME OF HAVING A BF,0,731,0.97,0,1743155327.0,False,t5_2zhzn,"SOOOO yesterday my dad got a call from his friend who lives in the same city saying he saw me making out in a public park with my bf (which I don't even have 😭) im a fucking introvert I don't even talk to boys online how do they expect me to get a bf and even if I do making out in public is something I would never 💀😭🙏. Tho my dad trusts me he said she'll never do something like this and you must have seen someone else xD. 
TLDR : my dad's friend saw someone making out and thought it was me "
t2_czpqqes6p,Caricature illustration in my style,0,3,1.0,0,1743261817.0,False,t5_2zhzn,
t2_1c7lx3evy8,Am i delusional??,0,2,1.0,0,1743269457.0,False,t5_2zhzn,"



Verry confused 

Really need some help!!!!!!!

Okay so i am in a dilemma and i think i am just making up scenarios because i am delusional but i think my crush may like me back but I’m not sure . So we both are in same class different sections though and i like this guy from months and idk somedays i feel he also may like me as well but not too sure . Few things I noticed 

1. Once  sent me a follow request and then unsent it.(not following any girl of our class ) 

2. Have seen him staring whenever he is in front. 

3.okay this might be weird but whenever we cross paths he kinda just goes to a different direction. (He is veryy shy or maybe reserved like i have never seen him talking to any girl )

4. He is not on my snap or insta but his friend is and his friend sends a lot of his snaps .

Okay maybe i am very delusional but this happened once before and it turned out to be true so ig i am hoping 😭😭. 
( btw i have reposted this)"
t2_ts9l8oue,Advice on asking out a girl (17M),0,2,1.0,0,1743269085.0,False,t5_2zhzn,"I (17M) am probably going to ask a girl out. I don’t live in India, but yeah.

She’s from my tuition, and what I really like about her is how confidently she speaks and how she sets her boundaries. For example, her friend (let’s call her Ananya) wanted her to meet someone during break, and she just straight-up said, “Nah, I’m good.” I completely respect that.

We’ve talked a bit, but it’s only been three weeks since I met her. Even if she says no, I don’t really lose anything, so no big deal.

She usually takes the bus to the metro station, so I was thinking for a change I could hop on the bus and tell her how I feel. Obviously, I’m not gonna make it weird or overwhelming. Just something simple, like asking if she’d want to grab ice cream or something so we can get to know each other better.

Our next class is on Friday since we have Eid holidays. Just need some advice on how to go about this, cause the situation’s kinda cooked."
t2_nsrfvdjo,A question for girls,0,7,0.89,0,1743243478.0,False,t5_2zhzn,"Are any of you considering being *housewife* by any means ?

I'm by no means saying being a housewife is easy or something not that hard (Iev seen my own mother work hard as a housewife with no rest days at all me being a decent son try to help her out and stuff too)

It's just that majority of people here have their mom's as housewifes and looking at girls here it doesn't seem like they'll opt to that it's still very hard to be a house wife harder than lot of jobs 

So i was just curious that if we'd get to see housewifes in the future too or would they'd be seen in workspaces more than they are now 

Either way jab or housewife everything is fine untill and unless you're happy with it.

Please do share your thought and opinions on this :).

Thanks for reading I wish you good times ahead."
t2_157rzobscx,finally 100 days streak,0,11,0.79,0,1743232661.0,False,t5_2zhzn,im learning japanese btw
t2_14lgbly8f4,"What hobbies can I have?,",0,1,1.0,0,1743281096.0,False,t5_2zhzn,I want to start being productive and active. Tell me about your hobbies so I can be inspired.
t2_1ijhk83duf,How can I stop myself from crying immediately? cuz chatgpt ain't helping,0,2,1.0,0,1743267269.0,False,t5_2zhzn,
t2_1bv4235owb,"Alright guys, how's this?",0,17,0.96,0,1743223479.0,False,t5_2zhzn,
t2_6l4z3,"r/IndianTeenagers Late Night Discussion Thread (Share Your Days!!!) [March 29, 2025]",0,2,0.75,0,1743265840.0,False,t5_2zhzn,"Keep the following points in mind:

* Keep it civil and family friendly (mostly)
* Only reveal information which you are comfortable revealing
* Report a comment if you feel it violates any rules"
t2_kwzd38itm,In which year you joined internet?,0,1,0.66,0,1743279367.0,False,t5_2zhzn,"Just curious 

[View Poll](https://www.reddit.com/poll/1jmv649)"
t2_ydf44tnio,Sabke lie ek sundar sa Gulab! (That's my voice in the bg btw),0,21,0.92,0,1743219165.0,False,t5_2zhzn,
t2_1jlv34rsra,tapri - tea stall illustration,0,40,0.99,0,1743205405.0,False,t5_2zhzn,
t2_oyz0jagi,I'm 17 M and have never fapped.,0,191,0.85,0,1743175080.0,False,t5_2zhzn,"I'm 17 M , and I have never masturbated in my entire life (my friend doesn't believe in me 😭🙏). I'm straight, and I know it's unbelievable, but it's true. "
t2_1dr97pz7mv,"Guys my younger sister is smoking something, what could it be?",0,399,0.97,0,1743160451.0,False,t5_2zhzn,"Hi, i 18m and my cousin sister 14f, is asking me to come with her to travis scot concert. I asked her that are you serious, coz travveling to another city for just 1 concert is stupidity. She said she is serious, so i asked that will she sponser my food, acomodation, travel. She replied with, dude it will just cost 80k + tickets surely your parents will lend you that much, like wtf how could you use the word ""only"" with a figure as big as ""80k"". And i am still in shock, and wondering that wtf is she smoking. Kya bolu usse?"
t2_15d7rmljj4,Help move on,0,5,1.0,0,1743250125.0,False,t5_2zhzn,"So there was this one guy in my school. We started talking around November 2022. And he asked me out in Jan 2023. We decided to not tell anyone at that time. Only my ex bff knew about it from my side and his swimming and skating friends did. 

Around like august he confessed to our senior that he likes her. So idk how but she found out that we were dating and told me what my ex had done.. first he denied it but when i showed his the sc he came out. After thinking about it for hours i gave him a 2nd chance.... Ik huge mistake but ye i was blind.. 

So everything was going great after that but around 2023 diwali he said he needed ""space"" 
To which i responded:

""Hey so what even has happened today has led to u and my current bff. I have no idea why on earth did it come on me but ya it did. The screenshot was only from 1 text of his bff saying ""he said he doesn't want a break. It's a break up"" so just wanted to confirm that but out of nowhere it  came all on me. So I'm sorry I shouldn't have even asked. 

I was just asking so I'll have my hopes low and if it was true then I would have been a little less sad key ya I knew it was coming. But now I have no idea why she's mad at me. 
But really tho if that text is true then just say so there's no point me saying ""idk"". like 4 days ago u were telling don't overthink that overthinking what I am telling u rn. 
But now out of nowhere I can overthink my whole damn life especially 2023. 
Ngl these past 10 months I really really tried to understand u in and out but the stuff I get to know from people just makes me feel like you're a complete stranger whom I fell hard for. 
Without knowing the pros and cons. I get it u need your space and I am giving u that but u yourself imagine if one of my closest friend tell u that I said ""I am breaking up with him"" the how would u feel? I just had my dough and I asked for it. That's all. 

Also none of my friends know about all of this and I don't even wanna tell them especially my c bff. So even if I sent her snap doesn't mean we are talking about u or anything because we were seriously studying.

  And one more thing I really don't care if she has seen the text because she has the right to see it and also because I was just clearing something from my boyfriend. So apparently I still have the right to ask u stuff ""

Context: the reason of the break is still untold but he told me it was a personal reason. Although he told his bff what the reason was. The next day of the break his bff texts me saying how am i doing after the break.. and i said "" we never broke up we are just on a break"" and that's when she drops a bombshell on me saying ""he said he doesn't want a break. It's a break up... He's been asking me how to break up with u for days but I said to him that I won't help u cause ""Me"" is a genuinely nice girl so I won't let you break her heart"" 


There's that anyways after 4/5 days he texts me saying ""we are still together right i mean we never broke up so ofc we are""  i left him on seen cause i was too pissed on him. For 2 damn days he was pleasing so i gave in and said "" yea sure"" 

On 9th December 2022 we had a huge argument cause the whole grade got to know we were dating cause i had trusted ine of our common friend that he won't tell anyone but he did. My ex said i was the one who told everyone which wasn't true... The next day we broke up on 10th of Dec. 


Coming to present on 27th i had a chat with him we were just talking about sports when he said "" yaar ab sare experiments karke ho gaye ab real gf chaheye"" and i was really heartbroken.. yk the irony is i think i still like him... Please help guyss pleaseee"
t2_zh1pjxd8s,I FORGOT MY BESTFRIENDS BIRTHDAY,0,2,1.0,0,1743263394.0,False,t5_2zhzn,"Quite literally the same what i mentioned above. I forgot my bestfriends birthday and I have not called him eversince. It's been 20 fuckin days and I am dying of guilt.

I am going to meet him 2 days later on the occasion of Eid (not even my festival). I am going to a different state just to meet him. How should I say sorry to him? should I get a gift for him? What should I do? Am I overthinking? 

PLEASE HELP !!!
"
t2_jbgh2u88,I don't know what to do,0,2,1.0,0,1743262782.0,False,t5_2zhzn,"I know I won't be able to clear NEET this year won't be getting anywhere near 600.
My parents are not talking to me since bio boards they both are angry with, In November only I told them I m not gonna do MBBS tbh I m not interested as a kid I remember they were the one who told to say I want to be a doctor so when choosing the stream when I told them I want to choose pcmb for the sake of choosing maths they make me choose pcb. I have been rank 1 in my class till 10th got 97 percentage in cbse 10th boards. Gave 12th boards unprepared expecting between 78 to 82 percentage for 12th as I choose dummy and aakash institute. I have been in aakash since 8th standard. My parents always scold me for not getting rank 1 or topping since childhood but they don't say that they always say you should give ur 100% or try ur best. I didn't top or even cross 600 in aakash once always between 400 to 550 only, even below 300 sometimes they never asked any marks from me though or when is aakash test. Once I got 90% in 10th preboards my dad insulted me in front of my class in ptm and got angry. We were in army so we shifted alot unless my dad decided to settle in Bangalore like on rent cuz we are not from here since I was in 5th we are here as my dad left army but they are always like we are here for education. I got so angry today and cried and he is like go into ur room and cry I told him I m gonna earn 10 times more than u and get out of house after a year. My mom is not talking at all with me. I have a brother too he got his result as 65% today they don't have any expectations from him so no one said anything to him. He is asking he was poor as a kid did not have a dad and I get it but to say he sacrificed everything for me I just hate it. I also want to have a nice job and all he says it is embarrassing atleat not to get above 500 in neet but it is not easy. I thought of how to choose a plan b giving cat for MBA after bachelor's. They say they did not build a house in they city till now even though have aplt as to stay near my school. I just don't know what is right or am I to blame even though not got the or give neet till now but I know what I am gonna get. I am feeling helpless. My parents are always good to be except the matter of neet or rank in class. Even I want to prove it to them but I just think I chose wrong path and don't want to continue."
t2_cmjxrqtrl,Recommend some novels !,0,2,1.0,0,1743262743.0,False,t5_2zhzn,"Since exams are over , recommend some novels that hook me up with great story but not too bulky , pure fun  "
t2_1jnsvxjzsn,Some of my artworks,0,11,0.87,0,1743228829.0,False,t5_2zhzn,Same as title
t2_1aowx3zarw,"This is my art style, 1-10?",0,10,1.0,0,1743232191.0,False,t5_2zhzn,
t2_1d7icpvqgr,I love drawing with colour pens 🖊️,0,11,1.0,0,1743229565.0,False,t5_2zhzn,
t2_zud5xv1uo,Would u rather,0,1,1.0,0,1743274461.0,False,t5_2zhzn,"1)you get 1 million dollars and ur greatest enemy (person u spite the most) gets a billion dollars

2) nobody gets anything "
t2_mn83lpiqp,How to move on from my crush who is a teacher???,0,3,0.58,0,1743252905.0,False,t5_2zhzn,"Oky so plz dont judge me.

Since april last year, I have a crush on my maths teacher, tried avoiding a lot of times but didn't work. So I will tell this whole equation (ye waali equation Boht achhe se aati hai merko): he is kind of a very very frank teacher. I have said alot of things to my friends in front of him but he didn't scold me. He accepted my request on snap nd insta. Regularly views stories. And kind of gives mixed signals everytime.
So now the building of some classes are changing, from now on 9-12 building will be different from 6-8 building and I won't get to see him much (buildings are in same area but I cannot go everytime to see him) he teaches only till 8th. I want to forget him...I like him alot but I know the desperation to see him will get to me. I don't want to hurt myself. Plz give some tips without judging. My friends even made a wedding card of us and it went to him😭😭 (in feb) he didn't reacted much nd didn't scold me. One teacher even said that we have something going on (nov)"
t2_15vnvofjfu,Fk this btch barber,0,2,1.0,0,1743260806.0,False,t5_2zhzn,"Kya kahu bas use yaar. Agar gand marni hi thi to puch leta na. Me deta de ta usko par mere balo ki kyu maari


Translation - so my barber fucked up my shi so bad that i don even wanna go to school next tuesday. Fk that piece of shit."
t2_t3ixti62p,All the Ghibli AI slop got me thinking,0,9,0.91,0,1743231120.0,False,t5_2zhzn,"(Here's a real Miyazaki) 
   
I know public opinion of artists has never been high but with the advent of AI it actually is freaky how fast some people have started arguing that art is itself entirely obsolete due to technology. They legit claim people who study/hobby art are just wasting their time. I don't really know how to teach humanity to people who consider baseline human activities defunct. I fear for the future.  
 
The generic anime AI slop being produced rn lacks the mood or fidelity of good anime art, generic fantasy and scifi art that looks like it was made to be featured as an in-universe show in a Netflix movie, and, of course, soy-filled pop culture references like ""Jack Black as Witcher!"" ""Mario and Batman doing mundane stuff!"" ""Bart Simpson versus Stewie from Family guy!"", and finally, the occasional political commentary/satire with the subtlety and wit of a meteor strike.   
  
I don't think art is dead or anything like that but making a career in it is gonna be more harder than even. No looking forward to the technocrat future ngl.   "
t2_1m7d81tau3,STORY TIME!+ SOME ADVICE....ghosted by a friend and his comeback after 6 months,0,1,1.0,0,1743273525.0,False,t5_2zhzn,"I knew this guy who I met onlineI really liked him like not in romantic way but I liked him I loved spending time with him. we had brother and sister kind of bond (everything doesn’t need to be romantic).  It was fun talking to him. Whenever I talked to him I escaped the reality he was my safe place. We texted day and night straight for 3 years . Life was easier with him but last year in june-july I started to feel the distance between us he started to ignore my texts and late reply and all I thought that he was going through hard shit and felt that I should give him space he himself will tell me whats the problem but the wall between us grew thicker then in by end of july he came out to me and told he had girlfriend for past 3 months they have been texting (met online)he went to meet her and they partied with his cousins. Hang out. Made out. He sent me there pic and told me that they were having tough time and didn’t reveal much cuz it was related to “privacy and personal issues” of his gf and friends and by august his id was deactivated! Yeah he ghosted me for 6 months straight!

Beginning of this month he came back and pretending like nothing happened sending me reels and his usal chit chat no mention of his gf nor did I tried to ask him much after I was ghosted and indirectly told that I was an outsider . he himself bought the topic and told me they eventually broke up his family was hurt he was hurt. I didn’t try to dig in.

Its not like that I don’t care. I always waited for him, gave him space.i always told him that he can text me anytime reach out to me I was always there for him but in his eyes was just another kid online I felt so miserable. I still feel miserable. in his eyes I have always been an immature kid jis par who relay nhi karskta!. He left me for girl he met 3 months ago our friendship didn’t meant a thing to him. I feel so sick of him but love him a lot at the same time. I finally comprised with time and felt that he left for good but his sudden arrival shook me up. I wanna cut him off my life how?(mentally)"
t2_12xucr2uxt,Am i the only one who eats fried rice/noodles in this way???,0,1,0.56,0,1743272201.0,False,t5_2zhzn,
t2_1jfo93pej0,Tell me the most downright depressing song that you know of,0,5,0.86,0,1743236819.0,False,t5_2zhzn,"I'm feeling kinda sad today so why not make the day worse.
I need songs similar to i love you so by the walters. Hindi songs are welcome as well"
t2_jvjzjjka3,How long does it take to open Minor SBI Account?,0,2,1.0,0,1743257127.0,False,t5_2zhzn,"So, I am in emergency I only have less than a week to apply for my scholarship and I am hurried 2 days ago I have applied for SBI minor bank account.
How long would they take to open the account?

I only have 5-6 days more to apply for scholarship and I am extremely serious and hurried please any help is appreciated."
t2_l555wfcbu,Cooked this as a 16M,0,234,0.97,0,1743161416.0,False,t5_2zhzn,
t2_1k7pqak3tn,Wanna play chess?,0,0,0.5,0,1743267309.0,False,t5_2zhzn,OP chess khelna chahta h. wanna play?
t2_yurgqg8bl,Isn't MY life MINE?,0,1,0.6,0,1743266979.0,False,t5_2zhzn,"Can't ppl accept it that my life is mine? If I wanna kms or wtv, respect my decision. Like omg. Not saying I'll do that. 

All you must do as a stranger is try telling me or motivating me not to do it INSTEAD yall don't respect my decision at all and j wanna force me to live, like f off. And it's j not me, I have seen this everywhere.

My bsf khs, I respect her decision even tho I don't support it, its her life, i cant be so selfish that when she is suffering and wants to end it all, i force her to stay alive j cuz shes my bsf. **I** can do it then why can't others do it?

Telling me, think abt your parents n all bs. Like you really think someone suicid@l wouldn't have thought about that or what? Are yall straight dumb or just pretending to be?

Everyone is selfish, everyone wants me alive bcuz I'm **THEIR** friend, daughter, etc. 

No one wants me alive for me. So that **I** could live. Ppl r so selfish. 

I don't want any comfort or wtv, I don't need it. I have seen it all, few ppl, trying to convince me so that they feel good about **THEMSELVES**. Like ahhh, I saved someone.

Please ppl, open your eyes. Please for God's sake. It's tiring. I'm tired. 

Yes I do appreciate your efforts n time but ppl, pls know **when** to give advice and **when to not.**

I'm speaking for myself, check post flair, I ain't gonna fight anyone. I'm so done w everything and if u keep pushing ill j block you.

Ik this may seem rude, but check post flair, I posted it for myself, bcuz I wanna rant."
t2_xxh2cav4x,im done. i cant face racism anymore. im on the verge of a mental breakdown.,0,2,0.75,0,1743253295.0,False,t5_2zhzn,"im indian, living abroad. i wanna cry. everytime. i cant play video games anymore if i give comms i face racism. i live abroad and it makes matters worse. lord forbid if i step outside. i face degoratory remarks everytime. i cant pretend it doesnt hurt me. it numbs me. social media? cant open comments theyre all racist. why? ig im a 'softie'. idc. pleeaseeee why is this generation so racist. i cant anymore. go to study at a public place? racism. You people dont know the plight of studying at a cafe alone and a gang of white teenagers making fun of you. I have friends, i like to study alone. please leave me alone. Am i an animal in a zoo? Talk to new people? racism. ""Haha Indians smelly if i could id erase indians youre good but not all indians fuck india dirty india endia endia haha lmao xd. Why you offended bro its a joke?"" yet if i so as much as make a jesus or a palestine joke im suddenly a hater. if i could i'd erase my skin. ive already decided to erase my accent as soon as i graduate. ""OH NO YOURE AS BEAUTIFUL AS YOU WANNA BE"" no stfu i want to live normally and not get hurt. Its easy for you to say from your screens in your gated neighborhood. ""Why do indians come abroad and whitewash themselves?"" BECAUSE PEOPLE FORCE US TO. STOP HATING ON US. IF YOU FACED A TENTH OF THE RACISM I DID YOU WOULDNT JUST WHITEWASH YOURSELF YOU WOULD HATE INDIA YOURSELF. Its not like i cant make friends or live like this. Its frustrating. Its like a bug in your mind eating you away from the inside and you just cant get that feeling out but you wanna sleep oh i wanna sleep i wanna cry but its that god damn feeling in my brain i cant."
t2_14yc2osc3u,One of the best episodes I’ve seen ever,0,11,0.83,0,1743217745.0,False,t5_2zhzn,"To the unbeknownst , this is the episode 3 of “Adolescence”. This web series deals with kids and how their mentality is affected by the masculinity shit on the social media. It’s really good and this one in particular was eye opening to a bunch of my shortcomings too. Genuinely hits when don’t expect it. The series is like 10/10 for me. Just go watch it"
t2_xqfwezkfl,Just drew it while studying physical chem,0,2,0.75,0,1743252290.0,False,t5_2zhzn,It's gojo from jjk  for those who watch anime
t2_1idztg89ag,Just Finished 12th Boards and Feeling Lost About My Future,0,1,1.0,0,1743264920.0,False,t5_2zhzn,"I’ve just completed my 12th board exams and honestly, I have no clue what I want to do with my life. I chose to pursue a degree in computer applications or computer science after 12th because, well, “bohot scope hai”—or so they say. But the reality is, there’s no guaranteed scope if you’re just another name in the crowd. The truth is, I have no real passion or talent for anything. I was just a good student—topped my class in 10th, but now I’ve scored 82% in 12th. It’s not a bad score, and I’m not exactly devastated, but going from being a topper to just average feels unsettling.

I know my decision might impact my career options, but the way I’m making life decisions right now feels so impulsive—like I have an endless number of lives. The thought of spending my entire life in front of a screen, working like a machine, is honestly suffocating. I don’t want my life to be reduced to robotic routines.

I want to take a step back and figure out if there’s anything I genuinely want to pursue—something that makes me feel alive, not just employed.

Mummy papa ko kyaa bolu but? I know they will understand and honestly they are all i really care about. Relatives to unpad hai unko bol dungi nasa ki koi exam ka preparation kar rahi hu.

Koi career options ho to vo bi dedo

My qualifications: 12th pcmb🫠🫠"
t2_s1xmmkec,How does one get Enthusiastic about something?,0,2,1.0,0,1743251340.0,False,t5_2zhzn,"Hello There

So i am a Highschool Student and recently i have noticed somethings about myself compared to others.

Now i am not ""comparing"" myself to others as per say. But i am pointing out some of my own flaws

So, There are is a lot of Media on the Internet showcasing people who have done incredible things in the fields that i love.

For Instance, The MIT Makers Portfolio series, Which shows Highschool Students showcasing their Engineering Projects.

Now, Seeing that, I always get Inspired to do the same, To also Build something of my Own but that Excitement dies down pretty fast.  
Like, Just the next day, I'm not motivated to do anything about it. Like i Lack the Enthusiasm that i should have trying to do something.

I have seen countless people pointing out their Enthusiasm about something particular.

A Quote from Mr. APJ Abdul Kalam states that ""A Dream is not something that you see while you're asleep, But it is something that doesn't let you sleep"".

I feel like I lack this. At no point in my life have i felt this kind of enthusiasm for things that i adore.

Now, Even a doubt is starting to form in my mind, What if this is something i don't actually like, I am just doing this to appear special to the people around me (Which i don't want, I don't want to do something just because it's different or that it'll make me appear special/gifted. I want to do something because 'I' want to do it)

I need Advice on how to Build that Enthusiasm, That excitement, That Madness for something I want to achieve/do...

Any and All Advice will be appreciated, Thanks!"
t2_1gl8vk1mmk,Why can't we eat this with pineapple?,0,1,0.67,0,1743263968.0,False,t5_2zhzn,
t2_17a2p3w6kr,Why grills are lyk ths? 😔💔,0,37,0.95,0,1743193681.0,False,t5_2zhzn,
t2_cjg9lkrd,Got 1st rank with 97.6% marks in class 9th,0,420,0.92,0,1743144121.0,False,t5_2zhzn,
t2_76xee3lu,Help with how to build on this doodle,0,2,1.0,0,1743248377.0,False,t5_2zhzn,"Tell me how this doodle currently makes you feel. What would you add to this (colour, objects etc) to make this strike particular emotions in you? Will consider every reply that I resonate with :)"
t2_toljt6v8,Please read,0,3,1.0,0,1743239958.0,False,t5_2zhzn,"Recently i am reading that cbse is closing dummy schools and stuff. I am a student of dummy school, my 11th has been completed and i am in 12th now. I am very scared, are they really gonna shut those schools down? If yes then my session will be a waste. Please recommend something and is it possible in cbse that i do 11th and 12th from two different schools? I was thinking of getting into regular school when i heard about it, i am preparing for neet and regular school is a headache while preparing for competitive exams and going to school giving subjective tests is out of my habit now. Please recommend something."
t2_s4sq8e0i,"For the metalheads, what's your favorite metal/rock album",0,4,1.0,0,1743232962.0,False,t5_2zhzn,"I'll say mine first: Blackwater park, Opeth and Hypnotize, System of a down"
t2_6qdkc7ra,LensKart vs Titan Eye Plus you guys prefer?,0,2,1.0,0,1743245787.0,False,t5_2zhzn,"What's the approximate lowest cost for half rim glasses with powered lenses?

 I've checked at two different local shops three times got new glasses every time   and even had the doctor slightly tweak the prescription. But I'm still facing issues when wearing the glasses....

If any of you guys can share your experience & cost with one of the two stores it will be much appreciated ❤️❤️

"
t2_17a2p3w6kr,"""AI can't take anyone's job""",0,206,0.89,0,1743154914.0,False,t5_2zhzn,"So recently I saw someone post on reddit about how ""AI can't take anyone's job"" and now this Ghibli style trend started. as Digital artist who draws this as commission artworks THIS IS SCARY. 
.
Slide 1,2 AI art,
3,4 My art (which took hours to make btw),
,
Art style is different but in no time there will be options for which style you want to choose..
What are your opinions on this?"
t2_1jkv7awia1,Dating advice needed,0,2,1.0,0,1743245053.0,False,t5_2zhzn,"

I met a girl on Reddit in January. We were from the same city, and for context, she was a foreign return. We exchanged Instagram handles and started talking there. For an entire month, we spoke daily for 2-3 hours, and the effort was mutual—she texted first just as often as I did. We constantly updated each other about our day, and everything felt perfect. She quickly became my source of happiness, and my world revolved around her.

At some point, I asked her if we could meet, but she declined, saying she didn’t trust people easily since she was new to India. However, as events unfolded, I realized this wasn’t entirely true.

We were deeply attached to each other, and everything felt natural until one day, while discussing past relationships, she casually mentioned having a crush on someone. I unintentionally ignored that message at the time, but two weeks later, she told me that she had just received a call from the guy she liked. I asked if she still had feelings for him, and she said yes.

For context, he was a childhood friend from her old country, and while they weren’t always romantically involved, their bond deepened over the past few years, leading to her developing feelings for him.

Hearing this, I decided to confess my feelings. She responded by saying that if he rejected her, she would choose me, but she would need time. I told her I could wait forever if necessary. Shortly after, she told me she planned to confess soon but also insisted that I shouldn’t wait for her, as it would be unfair to me. However, I was already too emotionally invested to step back.

Within a week, she confessed to him through text. He accepted. The twist? She had initially sent the message but, after a conversation with me, had second thoughts and decided to unsend it. Unfortunately, he had already read it in his notifications and responded with a yes. I was heartbroken.

She still seemed uncertain about her decision, and I could tell that our bond wasn’t meaningless to her. I tried to console her, urging her to take time and reconsider, but in the end, she chose to move forward with him. She rationalized it by saying, “Whatever happened, happened for the best.” She also mentioned that things were complicated and that it was better to follow through with her decision since she had wanted this for a long time.

Then, she said something that shattered me—we could no longer talk daily because it wouldn’t be right, and she didn’t want to get more attached. I sent her a heartfelt goodbye message, to which she responded by saying she cried while reading it. She admitted that she shouldn’t say it, but she was going to miss me.

The next day, we had a casual conversation about a general topic, but her replies were dry and distant. Noticing this, I stopped texting her. I left her last message on delivered for a day. That’s when she double-texted me, asking, “Am I being ghosted?”

I ignored that too. She then sent multiple messages and later unsent them.

The next day, I finally replied, telling her I had just taken a break from Instagram and wasn’t ghosting her. She brushed it off, saying she had only texted to check on me. But again, her replies were dry. I asked why she had been distant the other day, and she admitted she thought I was intentionally creating distance. She said she had overthought the situation.

We said our final goodbye after that.

Three days later, she messaged me again—“Hi, how are you?” I left her on delivered for three days before replying, saying I was fine and asking about her. I also mentioned I had taken a week off from Instagram. But then, when I asked how she had been feeling over the past week, she left me on delivered for three days.

During that time, I noticed something strange—she had restricted me from viewing her Instagram stories and highlights. Then, after three days, she finally replied. That was two weeks ago. Since then, I haven’t responded.

But what confuses me the most is this: she unrestricted me from her stories, then restricted me again, only to unrestrict me later. I have no idea what’s going on in her mind. I don’t understand why she’s sending mixed signals.

At this point, I don’t need advice on moving on—I’ve tried, and it’s impossible. I’ve already decided to wait. Not in a desperate way, but I’m not willing to completely let go either.


"
t2_dts28fah,"Indian Teenagers, What Are Your Biggest Struggles Right Now?",0,4,0.84,0,1743226810.0,False,t5_2zhzn,"

Hey everyone!

I’m really curious to hear from all of you—what are the biggest challenges Indian teenagers face today? Whether it’s related to education, career pressure, relationships, social expectations, mental health, or anything else, I’d love to know what’s on your mind.

Many of us are dealing with things that often go unnoticed or unspoken, but sharing them might help bring awareness and even lead to solutions. So, if there’s anything that bothers you, frustrates you, or makes life difficult as a teenager in India, drop your thoughts in the comments.

It could be something as common as the stress of competitive exams or as personal as family expectations. Maybe it’s about social media pressure, lack of freedom, financial struggles, or even the difficulty of finding good opportunities.

Let’s make this an open and honest conversation—no judgment, just real talk.
"
t2_1ayrvtm6n5,What is something you have seen on this sub which made you go like this,0,8,1.0,0,1743217059.0,False,t5_2zhzn,
t2_1ijhk83duf,Am I Overthinking?? (15/f),0,3,1.0,0,1743236217.0,False,t5_2zhzn,"
Since the past few days my mother has been acting really different idk I just feel like that .
No matter what I do she just shouts at me. If I do not talk she'll get angry If I talk then again she gets angry on me..
Whenever I try to start a conversation she will ignore me but whenever she initiates a converation she demands full attention..
Idk what to do 
Yesterday she said that she is not proud of me and I don't even know what I did I just do the same things as I was used to do before
Once I asked her why can't I be appreciated and she just said how much appreciation do you need you don't even do anything worth appreciation..
She just calls me unlucky idk why 
No matter how hard I try it's just never enough
"
t2_d666m4bbj,A small message to my fellow teenagers here,0,471,0.97,0,1743137007.0,False,t5_2zhzn,"Same thing I said here ... No need to feel low just because you don't have a WAIFU fixed by the age of 12

Also I don't understand why teenage love is so hyped . Like yeah I understand its your first time in a relationship but it goes downhill so quickly . Because it's 2 immature people getting together .

And most of these relationships posts you see on reddit are from rich folks anyways . Btw I am not saying that being in a teenage relationship is a sin ( bc disclaimer Dena padta hai ) 

Btw one last message VISCA BARCA VISCA CATALUNYA "
t2_9sz7yybu,Anyone here who's gonna persue vfx in college?,0,2,1.0,0,1743243068.0,False,t5_2zhzn,"Well i need some knowledge about vfx design and stuff, and is there scope in it in future? 
I have been thinking about going for vfx design for career instead of CS cuz it's already crowded af "
t2_9er2qpjb,sex is actually completely useless in 2025,0,0,0.14,0,1743288025.0,False,t5_2zhzn,"the only reason I like sex is because I like sex. Its a very stupid reason and it should be because usually people dont have any reasoning behind liking sex. In my eyes, sex is more like drugs, with the only difference being the society will praise you if you get laid, unlike drugs, people see you as some lowly crackhead even if youre not one.

To this day my libido has only done me harm. I know very well that I wouldnt regret permanently losing it if I ever lose it by medicating myself."
t2_dg6ny1yb,I and my gf got caught kissing in public by her father's friend,0,86,0.85,0,1743169010.0,False,t5_2zhzn,They are attacking us in the reddit. The father also posted that he got the photo of our kissing. The father's friend also made a post . Help us defending them. There were also a dog whom watch all of this happening hope he doesn't post .
t2_1aowx3zarw,Nice try diddy! 🤨,0,53,0.9,0,1743177803.0,False,t5_2zhzn,"Today, I was walking home from school since I spent all my money on snacks. A weird guy, around 30, approached me and asked me to pretend to be his niece so he could get something from his friend. No thanks! I reported him to a police officer, who sent him packing. Honestly, can you believe the nerve? Nice try, diddy, but I’m not signing up for that gig! 😭🤨"
t2_dzvl225i,Being the 'ideal kid' means nothing in a toxic family.,0,1,0.99,0,1743255640.0,False,t5_2zhzn,"**Bhai, I am so done with my life right now.**

I seriously don’t know what to do anymore. On one side, I have the pressure of preparing for competitive exams, and on the other, I have to deal with my toxic family.

Just now, my *bua* (who lives with us) called me on my phone, and I couldn’t pick up because my phone was on silent. Within two minutes, I went downstairs to her, and the first thing she said to me was:

*""Tum phone kyun nahi uthati ho? Kya tumhare paas kisi aadmi ka phone aata hai jo tum ghar walon se chupati ho?""*

I was stunned. I told her my phone was on silent because I get disturbed by notifications. And guess what? She straight-up asked me, *""Aise kaunse notifications aate hain tum par?""*

Like?? I tried explaining that they were just YouTube class notifications, but she kept pushing the idea that I’m always on my phone, implying things about me that I can't even put into words.

At this point, I lost it. I shouted at her, telling her that I take online classes and that it’s disgusting how she’s accusing me of being in a relationship or whatever she meant.

What breaks me the most is that I have always been the *ideal kid*. I studied in a girls' school, I have never had any complaints about boys, never even brought a male friend home heck I have ZERO male interaction—except my dad and brother. I'm in 12th right now, and I’ve done everything ""right"" in their eyes.

Yet, THIS is what I get in return? Just doubts, accusations, and character assassination? Have I ever given them a reason to think like this?

Now, I’m crying in my room, and I know my mom is upset with me for shouting at my *bua*. But honestly, what else was I supposed to do? I feel so exhausted."
t2_1i5w6f2999,Kiss Day today??,0,71,0.95,0,1743172031.0,False,t5_2zhzn,
t2_1koegtd378,Weird Request,0,1,1.0,0,1743255380.0,False,t5_2zhzn,"So, currently, an American exchange student is staying at my house. He is going to be leaving in a few weeks, and my family wants to gift him something memorable and something that will remind him of India. Any ideas?"
t2_zud5xv1uo,The future generation will look at us like monsters who eat and torture animals just like we look at past generations slavery,0,1,1.0,0,1743254874.0,False,t5_2zhzn,Thought of day 
t2_1eqexz3xrt,Is she feeling jealous or it is normal ?,0,3,1.0,0,1743233392.0,False,t5_2zhzn,"I'm talking to a girl since 9th (4-5 years till now)  , 
And I only talk to her and she also and she is more than a friend to me , let assum her A. 

But I'm also friend with another girl from my school on snapchat and we talk rarely...once in a month or even less...and whenever I told A that I talked to school wali ladki , she texted me or whatever about her normally Her tone changes instantly like she isn't interested to listen this and she tries to ignore by only saying Hmm , oo , aacha...
I've noticed it many times but I neverminded it but I'm really confused why she is doing this although I'm just sharing it to her casually. 

And otherwise she is very sweet always talk nicely to me , cares me but this is sus 🥲

Any ladiz if you have expertise help me ! "
t2_14df7c3qdm,"Day-2, posting from my sketchbooks.",0,3,1.0,0,1743233165.0,False,t5_2zhzn,These are randomly selected.
t2_1bffbsi34f,Girls aren't real,0,144,0.85,0,1743157236.0,False,t5_2zhzn,"I can prove it. Listen my homies when have actually interacted with the so-called girl creature? Never right!! And again the ones you see in frilly dresses might be just our illusion that our mind makes so that we can be happy. The whole narrative of the existence of girls is just a made up thing to make us study so that get good grades and job and most importantly marry with an imaginary being 

I conclude my point over here and any criticisms are welcome or else gardi Kum"
t2_6r24bxzdd,What's your most sussy click?! Here is mine,0,3,1.0,0,1743232250.0,False,t5_2zhzn,I don't know the best way to use this. But yeh it feels nice to be arround.
t2_cy5e4ipm,How's she gang?,0,56,0.91,0,1743174976.0,False,t5_2zhzn,
t2_idtgewtnx,Am I the only one feeling like this?,0,3,1.0,0,1743230473.0,False,t5_2zhzn,"Am I the only one feeling like this during the vacations?

i(15M) dont really know when it started but after the boards ended i just felt kinda empty. during exams life was just this constant cycle of studying and stress and even though it sucked it gave me something to do. now that it’s all over i wake up and just feel like… what now?

i used to think once exams were done id finally have the time to do all the things i wanted. pick up a hobby maybe hang out with friends more just chill without feeling guilty. but now i just lie in bed scrolling through my phone half the day. sometimes i put on music but it just feels like noise. my room feels weirdly quiet like too quiet even though the fan is on and i can hear cars outside

it’s like i’m stuck or something. during exams i hated the pressure but at least i knew what i was supposed to be doing. now it’s like there’s nothing to aim for and i don’t know where to start. i sit at my desk sometimes open my laptop stare at the screen for a while then just close it again

some days i just sit by the window and watch the leaves move or shi. i think about getting up maybe going for a walk  but even putting on shoes feels like too much effort. i don’t know why i feel like this but i guess i just thought id feel more… i don’t know… alive after it all ended

"
t2_1ac1lybzuz,Rate this out of 10,0,1,0.67,0,1743251798.0,False,t5_2zhzn,
t2_1m54y3ige7,Confessions of a Doorknob,0,1,1.0,0,1743251202.0,False,t5_2zhzn,I penned a poem without a strike to spot-perhaps. It's staright outta my brain and heart.
t2_1egzksj2sk,What age will you consider for your partner?,0,3,0.63,0,1743237498.0,False,t5_2zhzn,"What age gap will you consider?

Well 2-3 years maximum for me.

Anything more than that, will be difficult. And I'm choosing 2-3 years because sometimes little age gaps may happen in love.

NOTE: I don't want any scientific or traditional opinion, I just want your PERSONAL opinion "
t2_bo41nez9,"If you've listened to even one of these albums, you're my friend without introduction",0,2,1.0,0,1743237270.0,False,t5_2zhzn,
t2_1lv3zqj2pq,Hello Everyone! NTMY Y’all 🎶,0,1,1.0,0,1743250461.0,False,t5_2zhzn,"https://reddit.com/link/1jmkyfo/video/k5jnivhmdmre1/player

**Hey everyone!**

Myself 16M, a writer, and I run the *Faded Words* channel (not promoting, just sharing). I recently created this song and wanted to share it with you all—nothing else.

**Would love to hear your thoughts!** 🎶💙

Thank you, and have a great day! 😊✨

— *Faded Words*"
t2_1m5j053opj,Did I Do Okay?,0,1,1.0,0,1743248827.0,False,t5_2zhzn,
t2_1l1wel87h6,"Howdy, guys🤠 What’s the biggest insecurity you have while using Reddit?",0,4,1.0,0,1743221210.0,False,t5_2zhzn,"For me, it’s definitely the fear of being judged. I’ve been on the platform for three years now and have lost three accounts—this one is my fourth. Mostly because I forgot their passwords 😅, but on my first account, I actually managed a subreddit with around 300 people, and that was a hell of an experience.

The anonymous factor creates a weird mix of freedom and insecurity. On one hand, you can say what you really think without revealing who you are. On the other, you never really know how people will react, and it’s easy to second-guess yourself or feel misunderstood.

Anyone else feel the same?



"
t2_hdinsljxp,Sleeping too much,0,2,1.0,0,1743233923.0,False,t5_2zhzn,I am 16M currently studying in kota so earlier before March I use to sleep for 7 to 8 30 hours but after holi I have been sleeping for more than 9 hours and though I sleepy in the afternoon and yes I do not do any physical activities for the past 5 years.
t2_i975hdvz5,Hate the Ghibli art trend,0,14,0.82,0,1743194289.0,False,t5_2zhzn,"I have insane respect for miyazaki's work. I have always adored and admired his and other director's work. The artist behind the animation put insane amount of effort to create art but this trend has no respect for them. 

As Miyazaki once said that he thinks this is an insult to life itself. Ai art would never be able to replicate the emotions that an artist puts into their work. I do not condone ai art for any reason. "
t2_19c2ee094b,45. Min warm-up | W morning 🗿,0,5,0.86,0,1743218646.0,False,t5_2zhzn,
t2_rn8ldxd1,I Asked for Fashion Advice...,0,175,0.97,0,1743142633.0,False,t5_2zhzn,"I posted on a fashion subreddit, hoping for some advice on how to accessorize my outfit... but instead of getting helpful comments, my inbox got flooded with messages that had nothing to do with fashion. It's just so disappointing. I felt like I was reaching out for  guidance, but it felt like nobody was really listening."
t2_19c2ee094b,Mungfali kha lo fraands,0,0,0.5,0,1743241261.0,False,t5_2zhzn,
t2_qg9z5s3i,remember this game?,0,17,0.9,0,1743186791.0,False,t5_2zhzn,
t2_1hyzxjs7pu,I miss my brother who doesn't even exist,0,21,0.96,0,1743178985.0,False,t5_2zhzn,"Before I was born in 2009, my brother was born in 2008, but he passed away after just 7 hours I don't know the reason, but it always makes me so sad knowing I almost had a brother I never even saw a photo of him, but I still miss him I wish he were here. I wish I had a brother I know having a brother can be irritating and all, but I still wish he was alive."
t2_eug922z4c,"Not all guys, but some guys do this",0,109,0.98,0,1740288282.0,False,t5_2zhzn,"Some guys try to bring others down when talking to someone they want to impress, especially in front of girls. For example, if two guys are together and one is talking to a girl, he might mock or belittle the other just to make her laugh or seem cool. But this behavior isn’t limited to just that—some do it within their social circles as well. Some even go as far as sharing private conversations just to entertain others, completely disregarding their friend’s privacy. I remember a guy from my coaching center who was from Bihar. Sadly, he was constantly stereotyped and mocked because of it. The ridicule became so overwhelming that he fell into depression and eventually left the coaching center. It’s unfortunate that some people humiliate others just to gain social approval, without considering the impact of their actions. \[Update on the Bihari guy : he is currently ok and preparing for his state entrance exam\] and if you are wondering about my coaching center won’t mention the name, but they made us wear \[Green T-shirt\] If you have experienced something similar, share your story as well I would love to read them. \[Some may argue girls do that as well, but as a guy I only saw guys do this Idk why but yea\]. Enjoy the rest of your day fellas "
t2_1al24a8hf1,"Girls here,",0,407,0.95,0,1740242097.0,False,t5_2zhzn,
