author_fullname,title,downs,ups,upvote_ratio,total_awards_recieved,created_utc,over_18,subreddit_id,selftext
t2_baij3tqx,4th April Shift 2 Discussion Megathread,0,38,0.97,0,1743769847.0,False,t5_311ttu,"Tards posting irrelevant or repetitive questions will face a 15-day ban.

No excuses will be entertained later, as this serves as your official warning. Avoid spamming. Let those who appeared for today's exam share their experiences.

Comments such as: ""How was the exam?"" 

• ""I am getting anxious!"" 

• ""When will people start posting?""

""How was it compared to \[specific shift/exam\]?"" 

will be removed, and appropriate actions will be taken.

For detailed discussions, join our Discord community: [https://discord.gg/JEENEETards](https://discord.gg/JEENEETards)"
t2_baij3tqx,4th April Shift 1 Discussion Megathread,0,58,0.95,0,1743748240.0,False,t5_311ttu,"Tards posting irrelevant or repetitive questions will face a 15-day ban.

No excuses will be entertained later, as this serves as your official warning. Avoid spamming. Let those who appeared for today's exam share their experiences.

Comments such as: ""How was the exam?"" 

• ""I am getting anxious!"" 

• ""When will people start posting?""

""How was it compared to \[specific shift/exam\]?"" 

will be removed, and appropriate actions will be taken.

For detailed discussions, join our Discord community:[discord.gg/JEENEETards](http://discord.gg/JEENEETards)"
t2_axns545s,IIT Boron,0,351,0.99,0,1743780990.0,False,t5_311ttu,
t2_1mbed5fqt4,LO HASLO,0,474,0.99,0,1743766071.0,False,t5_311ttu,
t2_1ht5hspkp4,Fuck you JEE🖕🖕,0,317,0.98,0,1743773422.0,False,t5_311ttu,"Finally iss chutiya exam se jaan chutti bhenchod 3 saal kha gya meri zindagi ke, depression, self loathing, self hate, self harm sab saath mein experience karva diya, itni baar rulaya hai mujhe, parents se bhi rishta kharab kardiya, ab finally life mein kuch progress karungi now that this shit is over.

At the end I’ve realised this exam was not worth my tears and hard work, it doesn’t really matter to me anymore what the result is gonna be I’m gonna go enjoy my life now

And finally Fuck you JEE🖕 you were not worth my sacrifices in the end wish I could’ve been a little wiser "
t2_b4p4szv4b,In support of NTA,0,567,0.94,0,1743756238.0,False,t5_311ttu,Sala jisko dekho NTA ko criticise krrha h .... Bhai kuch soch ke hi aisa paper bna rhe honge agar predictable bana denge to high cutoff jayega usme bhi dikkt hogi aur nhi bana rhe toh usme bhi dikkt...aur ye youtube shorts walo ki mkb 3 baar 
t2_19bzkunsx6,A Huge W,0,109,0.87,0,1743787427.0,False,t5_311ttu,"I came across a post recently where a boy shared that a girl in his exam centre was suffering from period cramps during exams and still attempted like 40 ques

A fckin huge W to all the girls out there who dared to even attempt JEE whether it went good or bad y'all are more than warrior fs🥀💅Huge W"
t2_x9745u1ik,u/InsaneDude ki @#$!,0,154,0.94,0,1743778845.0,False,t5_311ttu,"bhai iske prediction dekh ke mujhe tension hua tha🥲 kyunki mera 4apr s1 tha😭 aur isne usko toughest bola tha(28jan s1)😶‍🌫️🤬. but phir laga kuch nhi hoga bas prediction toh hai. Jo acccrately iska prediction sahi hua hai kya hi bolu😱, Apr 2 sahi hua, Apr 3 sahi hua, aur aaj, aaj subah ka paper jo ghand mara hai bhai🥲🙂, as he predicted, even analysis wale bol rahe toughest paper, more than 28s1 jan. Maths ne jo mara hai, 3 quesn ke liye 30 min lag gaye mere stong chp ke🫡🥲, itna lengthy paper aaj tak nahi dekha😭😭. ye banda pakka NTA agent hai isko pakdo😭😭"
t2_kjcxouie,Once a wise man said(OC),0,278,1.0,0,1743767050.0,False,t5_311ttu,
t2_atc743fl,Might as well get a massage.,0,428,1.0,0,1743758147.0,False,t5_311ttu,
t2_f1fpgp73g,Profit or loss?,0,873,0.95,0,1743743366.0,False,t5_311ttu,"Chura liya isko centre se, kitna ka hoga??"
t2_182k2cnzn3,last hope 😭🧿🤞🏻,0,381,0.93,0,1743756959.0,False,t5_311ttu,"I hope tcs ion centre waale convince hojaye mai ek FBI spy agent hu 🤓😭 and they let me sneak in the phone 🤲🏻✝️🕉️👳🏻‍♂️ jaii shri allah hu jesus da khalsa holy spirit di fateh (pic is AI dw no doxxing) aakhri umeed 🙏🏻 no hopes left, jaa rha hu centre me penchod fuck you NTAA

 I am bloody FBI Agent 🥴🥶🤙🏻👨🏻‍💼 "
t2_1mfarh1x1c,Girl beside me got period cramps during JEE,0,94,0.94,0,1743784215.0,False,t5_311ttu,"Exam start hone se pehle woh ek ladke se baat kr rhi thi jo uske left mei betha tha. Mujhe sab aawaaz aa rhi thi jaise uske 96.12 aaye the , ladke ke 93 aaye the .phir exam start hua Pehle kuch minutes sab theek tha.
Par thodi der baad mujhe laga woh thoda ajeeb se baithi hai. Woh baar baar apni seat pe adjust kar rahi thi, kabhi halki si jhukti, kabhi apne pet pe haath rakhti. Pehle laga shaayad bas exam stress hai, par uska face dekhke samajh aa gaya ,yeh kuch aur tha.
Kuch der baad usne haath uthaya, ek lady invigilator aayi. Usne usse kuch quietly bola aur woh bahar chali gayi. 
Lagbhag 20 minutes baad wapas aayi.
usne ek scarf apni kamar ke around lapet rakha tha ,  stain ko cover karne ke liye. Uske baad bhi woh thode pain mei thi . 
Phir exam jaise hi khtm hua woh rone lag gyi ,woh ladka  usse console kr ne lag gya. Uss ladki ne bola ki sirf 43 attempt kiye mocks mei uske 180-190 aaye krte the. Phir mei hall se bahar aa gya smajh hi nhi aaya kya baat krun. 

Koi communication skills improve krne ka course ho toh btao yr 😔, ladkiyon se baat hi nhi kr pata mei ,wrna yeh btao agr tum meri jagah hote toh kya krte 

Baaki hats off to tht girl jisne dard sehte , sehte exam likha 
Hope she succeeds in JEE ADV"
t2_1cc68n2zor,saw two guys at my centre with this same exact fit,0,271,1.0,0,1743762143.0,False,t5_311ttu,"am i cooked? 

"
t2_1gcwys4vwd,Chalta hu doston!🫡,0,99,1.0,0,1743780309.0,False,t5_311ttu,
t2_193lxji2i5,LOW EFFORT 🗣,0,82,1.0,0,1743783149.0,False,t5_311ttu,
t2_doj9o6k4,JEE 2032 final boss 🔥🔥🔥,0,114,0.99,0,1743775659.0,False,t5_311ttu,"https://preview.redd.it/5a3vbue6stse1.png?width=824&format=png&auto=webp&s=97f2cc84358b8dbc822f54cded51f31947e01805

https://preview.redd.it/i1jcjnx7stse1.png?width=1775&format=png&auto=webp&s=437b3c69efd6db2bcb3e4964d7478c712589f3ce

"
t2_fmbk4b0j,Poor 4S2 kids be like,0,53,1.0,0,1743788099.0,True,t5_311ttu,
t2_1lgl6viqo1,My friend Before and After his JEE exam,0,548,0.99,0,1743741577.0,False,t5_311ttu,
t2_qvjyc4cr,"4 baar mains likh diya, tabhi cut off clear nhi hua",0,309,0.99,0,1743750298.0,False,t5_311ttu,
t2_1l516cjddk,I should probably limit my reddit usage,0,172,0.97,0,1743761388.0,False,t5_311ttu,
t2_1a361h4k7h,Fxck PCM 😠,0,409,1.0,0,1743744352.0,False,t5_311ttu,
t2_13kana9xkb,Papa bole drop year barbad kar diya Read below,0,462,0.99,0,1743740769.0,False,t5_311ttu,"3 saal se bas padh rha hun phir bhi NIT nahi niklega. Social life to 11th start mein hi chod di thi. Ab bahar jane pe bhi dar lagta hai ladkiya chodo ladko se bhi baat nahi kar pata.
Har baat pe panic ho jata hun. Din mein 2 time khata hun sirf pichle 2 saal se. Bohot man karta hai gym jau lekin papa ke paise barbaad nahi karne khud jab kamaunga tab jaunga.
Jogging ka try Kiya tha lekin mota hone ke karan sharminda hota hun. Ek baar mujhe jogging karte hue kutte ne kaat liya . Phir jogging bhi band kar di. Pichle 2 saal se timer lagaya tha 600 dino ka kal 3 S2 shift thi
Kal finally wo khatam hua.
Aaj mein bilkul blank hu
Pata nahi ab kya karna hai
Abhi tak jo kiya wo theek kiya ki nahi 
Aage kya galat karne wala hun"
t2_90t489vs,HEAVENLY FEELING,0,228,1.0,0,1743753577.0,False,t5_311ttu,
t2_1j79zy5kgc,Hate People Who Hype Shifts WTH,0,216,0.99,0,1743754760.0,False,t5_311ttu,Kya Bache Hain😭
t2_pvgxvl5t,Can i use this pen for jee?,0,44,0.99,0,1743783996.0,False,t5_311ttu,
t2_hk36xaedo,My mother sending me this,0,41,0.95,0,1743782617.0,False,t5_311ttu,"After I told about my performance in April attempt
My mom sent me this😭😭"
t2_bhiyj7ll,BKC is sub ki bc,0,64,0.96,0,1743773878.0,False,t5_311ttu,"4 baar ek hi sawaal pucha tabhi reply nhi yaha bsdk wale baddie baddie karrenge to mc ke bachee reply karne ajayenge bsdk walo



Edit :- career option ko leke doubt hai subject ka nhi"
t2_1l119kbbuh,'Baddie' at the exam centre,0,356,0.95,0,1743739594.0,False,t5_311ttu,"I'm tired of this recent shit trend of people saying there were no girls at their exam centre or some saying they tried talking and all the crap

Why are you guys so fucking desperate? We are going to there to write a exam not to put a show for you all and get 'picked up'. We are fighting our anxiety and pressure and you come there trying to start a Convo. 

You think anyone wants to have a conversation there? NO!! we just wanna be left alone and calm our racing mind before exam. When some weirdo comes there trying to start a conversation it's fucking irritating. Insted of doing self talk we have to listen to your bull shit? 

There are better places to start conversation with someone so just leave us alone at the exam centre atleast."
t2_1m6tv52ck9,its time to leave this sub,0,48,1.0,0,1743777609.0,False,t5_311ttu,aaj 4s2 hogya yahin meri jee journey khatam hogai ab sayd is sub ko chorne ka time aa gya hai bc bhot acche log bhi mile or bhot madarchod bhi kisi ne dimag ka bhang bhosda bhi kia kisi ne sad time par mood bnaya bhi - ex jeetard
t2_193x9x2fje,Fed MY EXAM BCCCC,0,38,0.98,0,1743779678.0,False,t5_311ttu,"Bhai Maine achi tayari kar rakhi thi sab ho rakha tha was expecting 180 190 in this ngl aa bhi jaate lekin exam mein bethte hi mujhe potty aagayi I ignored it but jaise jaise time beet ta gaya pressure badhta gaya itni tez potty aane lagi ki mera saara attention khatam aur mkc rone laga main jaata karne toh time waste hojaya jaise taise kara aur jab exam over hua toh pressure chala gaya💔 please kisi ka exam hain 7,8 ko please potty susu karke jana ache se pura attention span chud jata"
t2_atc743fl,Loml hogaya,0,95,0.98,0,1743758179.0,False,t5_311ttu,
t2_1epclcguhx,VICTIM OF CHEATING,0,44,0.98,0,1743771936.0,False,t5_311ttu,"
So you all know how much we struggle for  jee and after 92 in jan I worked day and night for April struggles with boards during my exam at the start i met a guy he almost looked 25 and was dropper he said he got 96 in jan and is giving boards improvement and just before the exam started he said let's cheat i said no throughout the exam he annoyed the hell out of me slaped my back again and again asking for questions and their answers his face was inside my cabin all the time I shouted and complained to the invigilators they stopped him again and again but no help and I could only attempt 40 with surity he told he attempted 20 when I told the invigilator at last that complain the higher ups then she said he couldn't copy your answers I said what about my temperament she said don't complain i said I will

So where do I complain i have worked in shitting hell say night and some random bull shit guy try to ruin it 

How do I complain?"
t2_1izy3qur0q,Ye pen allowed hai JEE me,0,18,0.92,0,1743788238.0,False,t5_311ttu,
t2_1bwaal6alm,"I was on the verge of something serious, nobody f*cking cared.",0,140,0.99,0,1743747483.0,False,t5_311ttu,"Basically i almost lost consciousness right about half an hour ago. it started with me feeling breathless, i brushed it off thinking it was anxiety and will go away. it did not. it got worse and since i was studying i realised i felt confused all of a sudden. i knew it wasn't a good sign. i immediately did what was right, called my mother since i was home alone and asked her to please come home.

guess what she fucking said? ""i have a patient"" (she's a dentist). and i tell you she did not come. after the call i was 90% sure i'll pass out, since i had started seeing black spots and had ringing in my ears. but man i had to stay up. for my own sake i got up and grabbed a couple of chocolate cubes. thankfully, that immediately helped. im guessing my blood pressure was too low.

but this made me realise, i dont fucking matter lmao. my own damn mom didn't care wasn't fucking able to breathe. she cares? my arse. she only cares as long as i get a damn rank so she can flaunt me. screw this shit, i feel terrible. physically and mentally.

thanks for reading, have a good day."
t2_baij3tqx,Post JEE fun,0,110,0.93,0,1743750757.0,False,t5_311ttu,
t2_sql1rbf35,8april ko paper hai sooch dukh suna du,0,18,1.0,0,1743785031.0,False,t5_311ttu,Ganda gaaya h ik please zaada gaali mat dena yr first time gaa rha pr MAINS 4th time dunga 
t2_11440h8qbx,Just Need to Vent – Hope That’s Okay,0,13,0.93,0,1743789757.0,False,t5_311ttu,Khyaal rakhdo 🙏
t2_yyga647cc,How I wasted my drop year and now just left with regret nothing else,0,18,0.96,0,1743783380.0,False,t5_311ttu,"Started my preparation during 11th std everything was going fine till 2022 dec, after 10th I didn't go out of my city for the preparation though I wanted to but my father didn't allow I told him that I would take admission in any dummy school but he disagreed and against my will I had to go for regular school where 95% of the students were non serious for their studies even if I didn't study much I still topped my class. All my friends went to different places and I was left all alone here didn't want to attend the school and 2022 nov ke baad se I stopped going to school because I always felt out of place there. I never had a stable childhood always wanted to leave this house but still I made myself understand ki bs 2 saal ka hi baat hai uske baad toh yahan se chale hi jaana but I never knew this would be the worst decision of my life

Thought ki I am mentally strong I''be able to stay here but never knew I was just running away from my past . Dec 2022, by that time I stopped going to school completely, stopped studying didn't even bother for my grades. Pura din ghar ke ek kone mein pade rehna had no friends toh bachpan ke sab flashbacks aane lage ki how my life suddenly changed completely when I was 10 years old I had a perfect family but suddenly in 2017 my father got ill uske baad se sab badal gya my mother used to look after me and most of the things since then only I stopped going out I started isolating myself whenever I used to see someone with their happy family I used to get jealous of them and even after 8 years I somewhere still get jealous. My father used to look after my studies there was a time when I was a kid jab thode bhi kam marks aate toh papa used to beat shit out of me with steel scales and once even I got beaten up with polyster pipe till the time I started bleeding aur ab aisa wakt hai jahan unko mere padhai se koi matlab hi nhi. Since I was a single child toh bachpan se I knew what loneliness meant during festivals like holi and diwali I used to secretly watch my neighbours playing with their siblings and I was left all alone, used to see kids of my age enjoying their life whereas I used to sit in a corner and cry silently. There's many more to tell and I don't know where to start from, my life has been no less than a hell from past 8 years

Coming back to 2023 khud ko wapas thoda smjhaye ki bs 1 saal ka baat aur uske baad sab thik hoga and I started studying again but jaise hi 12th start hua I was diagnosed with lung infection and it took me 2 months to completely recover from that uske baad jaise hi backlogs complete kr rhe the school ke half yearly exams start hogaye and I still remember ki pehla exam english ka tha and that day I had severe fever but still went to write the exam when I returned home tabiyat aur zyada kharab hogyi and next day I got to know ki typhoid hogya it took me 15 days to recover from that uske bs ek hafte baad dengue hogya and  mahina usse recover krne mein chala gya. Jab tak sab thik hua nov aa chuka tha and tab tak padhai se mnn bilkul hatt chuka tha jan attempt ke liye I didn't study at all and luckily I got 27th jan 1st shift boards ke time tak I made the decision ki drop lena hai toh jaise taise krke I got 75% and then I took drop

Drop year ke starting mein sab shi chal rha tha shuru ke 3 mahine boho acche se padhai ho rhi thi lekin uske baad I was back to the same phase where I was in 2022 dec I again started feeling lonely again had no friends wahi ghar ka toxic environment aur phir wapas se sabkuch barbaad I used to get taunts like ki tum mera kaal ho pehle khud marogi uske baad humko maarogi and many more taunts like tum mere liye mar chuki ho hum tumhare koi nhi and these are the constant taunts I have been hearing from past 2-3 years. Even though I tried to study I wasn't able to because I was stuck in a loop jahan se bahar nikal paana impossible hogya tha aur aise hi krte krte jan attempt aagya last year se bhi kam percentile aayi is baar but then after 1st attempt I started studying again lekin 19th ko mummy ki tabiyat achanak se bohot zyada kharab hogyi she was hospitalised had a major surgery, she's the only one who listen to me understand me except her I have no one when I saw her in hospital I was scared what if I lose her I would be left with nothing but thankfully she is recovering now aur ab 8th ko exam hai idk exam kaisa jayega is wakt sabkcuh revise kr rhe bs. Whatever I am going through or whatever will happen are the consequences of my own actions and I deserve that. IF LIFE EVER GIVES YOU ANOTHER CHANCE PLEASE DO NOT BE ME"
t2_1laf5rt4wi,Anyone wanna join t*t University with me I have extra ticket??,0,134,0.99,0,1743743820.0,False,t5_311ttu,Only for serious students 
t2_fjlar2ht,Bhai ye gana mere bare me kyu likha he😭😭,0,14,0.94,0,1743789151.0,False,t5_311ttu,
t2_1d0c4initz,Bro answering 5 years later🗿,0,50,0.98,0,1743762149.0,False,t5_311ttu,
t2_1majhfvot2,Nitin Gadkari Saved My Life Today,0,19,0.86,0,1743780562.0,False,t5_311ttu,"Today in jee got one of those questions in chemistry where A converts to B to C to D, name ABCD.

I did not know shyt about the question but question stated compound ""C"" is mixed in petrol. Fortunately only there was only option A which had ethanol written in front of ""C"" and i immediately grabbed that stupid question by its neck.

Thanks nitin gadkari 😄"
t2_u8c31o3eo,Inflation is real,0,13,0.93,0,1743788376.0,False,t5_311ttu,"Why the fck does this costs 10Rs
+ tastes like frozen milk"
t2_i7h1w0i0,"JEE 2025 Shift 4S1 – My Last Dance, and NTA Said “Nah”.",0,38,0.95,0,1743766343.0,False,t5_311ttu,"Alright boys, this is it. After five years of battling the demon called JEE, I finally fought my last war today—4S1. And oh boy, if this paper was a person, I’d be serving life for murder.

For context, I first gave JEE in 2023, completely unprepared because 12th boards had already beaten me to death (scored 95% there, not that anyone cares). Got a humble 85%ile—basically a participation trophy. So, I did what any rational Indian student does: took a drop.

Now JEE 2024? The biggest scam of my life. I grinded like never before, lived, breathed, and bled JEE for a year. And then 27S1 happened. NTA, in all its wisdom, handed us the easiest shift in history. A Maths warm-up, a Physics stroll, and a Chemistry giveaway. And that’s exactly why it became a nightmare. The percentile massacre was brutal. Everyone and their neighbor’s dog scored high, and I walked out thinking I did well, only to get absolutely cooked by the normalization gods.

Final score? 167/300. Good? Naah, just another dissappointing 93%ile that felt like a slap after an entire year of suffering.

And after witnessing the greatest percentile scam of all time, I marched into JEE 2024 April, hoping for redemption. But NTA said, ""Nah, sit down."" Improvement? Barely. The only thing that increased was my coping skills. (I panicked in my actual exam). /s

BITSAT? Another heartbreak—missed BITS Goa MSc Bio by just 4 marks. CSAB? Gifted me NIT Nagaland (💀), and my parents said, “We’d rather burn ₹80K than send you there.” So yeah, that was the end of my “official” JEE journey.

But then life threw me a spot-round wildcard, and I ended up in BIT Mesra (Main Campus), Chemical Engg. Decent college, great campus, legacy still alive, and a place where CSE kids flex their 99%iles while the rest of us pretend we don’t hear them. But that NIT/BITS dream? Yeah, it never really left me. So in a moment of self-inflicted masochism, I filled the JEE 2025 form.

Did I study? Lmao, NO. College was a circus. Labs, assignments, attendance, everything except JEE prep. Did some revision a week before 24S2, walked in with zero hopes, and, somehow scored 95%ile. Better than 27S1 where I sacrificed my soul for 93.

And then came today. My 6th and final JEE paper. The true “jeeneetard” moment. 4S1 was the hardest paper I have ever given. (And I survived 27S1, so that says a lot.) Physics was a warzone, Maths was a funeral, and Chemistry… let’s just say even NCERT wouldn’t have saved me.

Not gonna lie, I feel a bit ashamed. This was my 6th JEE paper, and I know it’s kinda weird that I just couldn’t let go. But hey, that’s just who I am. Feel free to roast the OP for being a “JEE simp who refuses to move on.”

I have no idea what I’ll score. No hope, no expectations. Just praying I get something respectable enough so when my college friends ask, I can answer without breaking into a sweat.

Anyway, that’s it. JEE and I are officially divorced. Now onto bigger things in life… like figuring out what the hell I even want to do.

TLDR: Think you’ve seen JEE pain? Read on for my tragic saga."
t2_1m2mjwnyj8,Mathongo se 6k wapas lene ka Sapna Sapna hi reh gaya... wtf is that maths bc Maine kyu liya jee hota hai nahi maths,0,24,1.0,0,1743774087.0,False,t5_311ttu,
t2_h2yw20y2,"""Kinda missing the JEE days.""",0,13,0.81,0,1743785908.0,False,t5_311ttu,"Kal exam tha second shift , aur aaj ka din kuch nahi kiya, bada ajeeb sa lag rha hai, maa padhne nahi bol rhi, physics ke 1-2 random questions nahi dekh rha, gaand nahi phat rhi, pta nahi advance ke liye select hounga ya nahi, NCERT aisi hi padi hai , haatho ki pen ki ink se maa nahi chudi , exam ke ek din phele minecraft khel rha tha, aaj khela toh sab bekar bekar sa lag rha tha, intrest hi nahi aa rha. 

thoda toh fun tha JEE like 0.1% of it, theory kuch nayi jab padhate the physics me , sirf theory vo fun tha ngl"
t2_qqmn4nbxm,NTA ki mkc....,0,100,0.96,0,1743745605.0,False,t5_311ttu,"Bc 10-15 min se soch raha hun k answer match kyu nahi horaha, phir pta chala NTA ke saste nashe h "
t2_f846i74j,A girl got Panic attack Mid exam,0,12,1.0,0,1743787137.0,False,t5_311ttu,"exam was going on all silent   
A sudden Scream came out of nowhere of cry   
and Everyone went alert   
All went to her and she was fainting and breathelessness  
and i know it was a panic attack cause i get that on very 3rd day   
and i almost froze seeing someone like that where i am and not being able to help her   
I went numb fr and she got that after 1 hour of exam start and came after 1 hour as she was taken on wheelchair   
In Those moments i too somehow controlled my trigger   
and did my paper well 

  
Hope she is fine and uska career safe and   
Sorry to god that i wasnt able to help her there"
t2_b2genex2,Girl slapped a guy in my coaching,0,649,0.98,0,1743707275.0,False,t5_311ttu,"Tl;dr- girl thinks guy is annoying her (chedna) and slaps him mid class. Guy is innocent, gets treated like a degenerate by both staff and parents

This happened during chemistry class. 
We all just randomly heard a full force slap in the back of the room and turned around.

Apparently a guy was siting behind a girl and due to the benches being close together he accidentally hit her leg with his foot. This (allegedly) happened multiple times and then the girl full on slapped him and said ""paanchvi baar hai yeh(this is the 5th time)""
The teacher managed to separate them and calm things down for a moment and then during break the girl went down to the office to complain about the guy annoying(chedna) her. The guy and his friend went down to see what was happening and then she accused his friend of, get this, putting his pen in her pants (she actually said this) she also said this incident (pen one) happened 5-6 months ago. 

Then after the guy returned one very ""gundi"" type teacher walked in, told the guy to come with her and said ""beta aaj tughe mai majnu banati hun""

After some back and forth, calling both of their parents and checking camera recording the guy was proved innocent and the girl was scolded(very little) to not make such a huge deal out of this.

Then they just continued on like he didn't get defamed and SLAPPED in front of the whole class. 


Now that guy is traumatised and won't even stand around girls let alone talk to them.

And that pen incident was just his pen falling on her lap after he threw it (according to the guy) "
t2_1j4a7vjzf5,Aaj mann bhari sa ho gya...,0,17,0.96,0,1743776844.0,False,t5_311ttu,Samjh nhi aa rha kya kru kisse kahu ... Kya bhagwan waqai me h
t2_1isam489ae,i was the only guy at my centre,0,154,0.93,0,1743733998.0,False,t5_311ttu,"3s1

as i went to the centre i noticed that there weren't any guys outside waiting, only girls, so i was overthinking about why i was thinking about this when i should be recalling formulas, but then as i entered through the gate i noticed literally all the students were girls, so for a second i thought maybe i've made a blunder and come to some women's only exam or the institution was women's only, but then i got in line for the admit card checkup, then i got in.

no signs of any guys, i was the only one, then i thought maybe they're inside, as i went i saw ONE GUY sitting at his seat looking relieved to see me, and it hit me, we were the only 2 male students in the centre, rest all, around 50+ of them, were all girls, and they were like a carbon copy of each other hahaha dressed in a similar manner wearing glasses and hair tied up.

it was weird at first but then i got used to it in about like 10 mins, such a weird experience.

i normally discuss the paper, how tough was it and all with the other students in whichever exam i go to, so i used it as a way to break the ice with the girls sitting next to me, they were chill, then their friends joined us as we were walking out of the lab, they were also wondering the same thing, we exchanged igs and i went to the other guy to talk to him, one of the staff saw me and started yelling at me so i indicated to him to meet me outside the centre, there we exchanged some chuckles, and then went to our separate ways.

what a cool experience, what could be the reason behind this? the paper was 7/10 at difficultly, i don't really know why are yall saying it was easy but yeah.

edit: 
ah i sensed what the replies could be when i was initially typing this out, yes it does sound like a hentai plot, but it's not and it's far from that, i don't think any of the women that i've exchanged igs with are my type, i was hoping to make some solid female friends as i'm not looking to date anyone rn but can use an empathetic, listening ear.

for the people who think this incident was fake or think it is stolen from somewhere, it is not, but i can't force you to believe it, and honestly i don't think you should be using your braincells deciding whether this is real or not and rather focus on adv.

i was telling my mom about this incident in the morning when it clicked to me that i should tell you guys too, i think i didn't narrate it the best, when an incident like this happens again, i'll make sure to be more elaborate, more onomatopoeic about it.

and yes, this was a city centre."
t2_1d5q801ngx,To the guy because of whom our sub got famous - you shouldn't care about making us famous but what other than jee bhi success milti hai successful people are telling you. Hope you're fine now mate.,0,70,0.85,0,1743747902.0,False,t5_311ttu,
t2_1197xs313h,Last option 🥲,0,12,0.87,0,1743782674.0,False,t5_311ttu,
t2_1izxcz7m16,Mathongo team plss🙏🙏🙏,0,8,1.0,0,1743788142.0,False,t5_311ttu,"Where is evening shift analysis????why noone is talking about this

To the lurkers from mathongo team, daal do bhai analysis "
t2_13khzky5gg,tgda fas gya,0,7,1.0,0,1743790128.0,False,t5_311ttu,
t2_nq7cejqj,Advice from JEEM 2023 99.33%ile guy,0,168,0.91,0,1743727549.0,False,t5_311ttu,"meri 99.33%ile thi in JEE Main Apr 2023 attempt  
(mods can DM me I'll provide proof)

abhi yeh sab sochne mein itna time mat waste kar. Advance ke liye padhle. but ab poochh hi liya hai toh...

# bhai CSE hi lena circuital branches mein bhi

ECE and Electrical are very tough branches and utni oppurtunity nahi hai unless you are a very good coder.

and unme CGPA lana mushkil hoga. CSE mein atleast yeh dikkat nahi hai. But software companies will want you to have a higher CGPA than CSE ppl kyunki woh tumhara domain nahi hai  
CSE mein jitne effort mein 8+ aajayegi utne mein ECE/Electrical mein 7.5 bhi mushkil se aayegi

non-circuital mein CGPA lana very easy hai but wahan ka peer group usually utna achha nahi hota kisi bhi college mein (exceptions exist def). Circuital branches waale coding contests and hackathons mein kaafi part lete hain. unke paas actual skills hote hain

Let's take example of an Electrical guy in a good college. he has majorly 5 options (you'll only have time to do 1 - 2 mein bhi dimaag lagane waalo ka kuch nahi hota):

1. Software Domain: These companies are heavily biased towards CSE ppl. Electrical waale ko company ki cutoff clear karne ke liye bohot zyaga effort karna padega. CSE ppl can invest this time into building skills which will help them get selected in interviews.
2. ECE Domain: again CGPA is everything (almost). but yeh bohot kam companies aati hain so although people are less here competition is still high. also yahan bhi doosri branch ka padhna padega
3. Electrical Domain: again CGPA is everything (almost). yahan bhi kaafi effort karna padega apart from college acads.
4. Consultancy: non-circuital waale inko hi target karte hain toh unn branches ke saare toppers tumhe idhar dikh jayenge. CGPA is literally everything here.
5. GATE/Higher Studies: CGPA again matters a lot in GATE, CAT etc (agar tumhe 100% ckarity hai ki GATE hi karna hai toh CSE mat lena - ECE/Electrical has better oppurtunities)

toh basically tumhe Ekectrical lene ka specifically benefit sirf tab hi hai jab tumhara target Electrical ki company hai + CGPA on-point + placement prep on point + HUGE luck factor (even the smallest fuck-up in interview is not acceptable here)

non-circuital branches waalo ka aur bura haal hai. unko software companies baithne hi nahi deti almost saari.

abhi tumhe lag raha hoga CGPA ka itna kyu bol raha hu but trust me, 2 saal pehle I was in your shoes and in 2 years, you'll be in mine"
t2_1lf0gl2od6,Will it help chat...?,0,12,0.88,0,1743778888.0,False,t5_311ttu,Guys chemistry bhut weak hai kya ise 3-4 din me bingewatch karne se kuch hosakta hai kya .Pls tell will this be enuf for ADVANCED Level 🧪👨🏿‍🔬⚗️
t2_1hr8t3xbt2,Khatam hui aaj meri rat race ab relax karunga ( accha paper hua ),0,42,0.9,0,1743754401.0,False,t5_311ttu,"aaj ye 2 saal ki rat race finish hui , 45 questions attempt kiye worst case scanrio me 160 ayenge .  
jitni bhi percentile ayegi ab use accept kar lunga aur ab moj masti karne ka time agya .  
1 mahine ab ye poori bucket list jo saal bhar pehle create kari thi , use enjoy karunga . Kudos to all my jeetards , it was good being here ."
t2_1kpl2u7gqn,I got assaulted by jee mains April 4s1,0,49,0.93,0,1743752286.0,False,t5_311ttu,"Bhai mai aaj badi umeed ke saath gya tha ki 99 percentile le aaunga but damn......mai practically marte marte bachha hun
Idk what happened but mai mock test mei aaram sea 55-56 ques attempt kar leta tha but bc aaj sirf 48 woh bhi ram bharose (accuracy) 
Chem mea ek bhi numerical nhi hua.... 
Maths aaisa laga ki easy hai but ans hi nhi aae........ 
Meri ko last 10 min mea behoshi si feel hone lgi aankhe ek dum blank sab kuch white dikhne laga felt pain in left chest damnn I realized bhai It's kinda a minor heart attack sab question kar the thea mai heart sambhal rha tha. Ek ques bhi nhi hua uske baad. Meri iss baar 96%ile bhi na bane aur meri jan mea 98.1 %ile thi(28 s1) jispar mujhe kisi nit mea civil ya bahaut lucky hua toh chemical mil jaegi (gen ladka hu mai) but mujhe atleast eee, ece toh chahiye thi. meri mock mea dono baar 99 expected thea damnn... Guys Xhud gaya guru 😭😭😭😭"
t2_1ma9hop8ba,we should be so grateful every second,0,6,1.0,0,1743791270.0,False,t5_311ttu,"today at my centre i  saw a guy and I was traumatized for few minutes, he had no upper jaw and no left hand, and for right hand only had a single finger, when he was called for biometric, he was asked to to do thumb impression by his feet and that's when I lost it, he had fingers in his feet. I'm not even making this up. He still gave his JEE exam

We often get so insecure about our hair loss, a few acne, or something, something, but seeing people, I realise I'm so grateful I wake up every morning and my four limbs are working, my every organ is doing its job, my heart is still beating.

Then it didn't end just there when we were returning, we were at a stop and I saw from my window that a 13-12-year-old boy was driving a rickshaw, I just felt I'm so grateful my parents believe in me, and provide me with such facilities, and whatever I want. truly a day for learning lessons"
t2_isdf71xk,April 4 s2 .. let's cry togather ..,0,7,1.0,0,1743785248.0,False,t5_311ttu,"Maths chem was W
😞😞😞🙏🙏
Whietage wale topics aye hi nhi
Modern?
Solution?
Electrochem?
Iso?
Fluids?
Maths?
"
t2_1kbtro4ry7,4s2 review,0,13,0.94,0,1743772204.0,False,t5_311ttu,"Physics-(Easy to moderate) uniform weightage
Optics-2-3qs, modern 1q, rotation se bhi tha, electristats me ek field ka q, ek dielectric in capacitor ka q, semiconductor statement type ek 

Chem-(Moderate) p block 3 qs, coordination isomerism, poc 1q, biomolecules 1 q. Physical thida hard and calculative

Maths-(fucking ass hard) lengthy af qs with coordinate geometry dominating. Even 3d me bhi coordinate mix kiya. Vector ke 2 qs shayad. Pnc 0 q, probability-1 q

Total attempt 44 💀

Baki bhaiyo all the best or jinka ho gya dw ho hoga achha hoga"
t2_78a3v5xld,Saw a post on indiasocial where a 3 yr old kid wrote whole periodic tabke,0,57,0.9,0,1743743083.0,False,t5_311ttu,"Some sample images. Kuch toh sharam karlo laudo ek bachha puri tabke likh paaa rha hain.

He is neurodivergent (don't know what it is par post main likha tha)£"
t2_8pvnd5q22,Complete Inorganic colors in 1 page,0,112,0.98,0,1743729692.0,False,t5_311ttu,"Ratt lo , kam ayega . 

Star marked ones are those which are important / came in previous year questions . Star marked walo ko acchee se dekhna "
t2_1gcwys4vwd,January me males only or April me girls only centre mila🙂,0,12,0.93,0,1743774946.0,False,t5_311ttu,"Bc pura centre sirf ladkiyon se bhara hua tha, ladke to mushkil ek 5-6 deekh rhe the usme bhi gaurd ko include krke keh rha hu🥹

Or upar se ye saale parents log itna bheed krdete h!🤬 Nikalne wqt pura exit jaam hogya tha or upr se charo tarah ladki😵 phuk phuk🤌🏻 ke kadam badhana par rha tha ki kahi galti se touch na hojaye or chhedkhani ka aarop lgade koi🥲

Edit: I'm not a girl-shy but phir bhi bhai thoda uncomfortable to lgta h🥺"
t2_lhae9i1s,W Dudi sir 🙏🙏,0,50,0.96,0,1743745897.0,False,t5_311ttu,
t2_v52lefz2,Yeh question aaya tha?4S1?,0,12,1.0,0,1743772888.0,False,t5_311ttu,
t2_85fbbqq2,4th April Morning shift Math paper,0,9,1.0,0,1743778486.0,False,t5_311ttu,"Sirf 20 questions hai mere pass , baki ke nahi patha . Enjoy your prep, hope you smash your exam."
t2_k63jzb2u,Make an opinion about JEE or NEET ASPIRANTS that can lead you to this position.,0,5,1.0,0,1743789941.0,False,t5_311ttu,"Mine is: bhai nhi ho raha hai to nikal Jaya Karo yaar us Competitive exam se, kyu drop leke life ka ek saal barbad kar dete ho, Fir baad me nhi hua to Regret hi feel hoga."
t2_tnwoy8zf,Main chali s2 dene jaldi jaldi sab all the best boldo 🙏😭,0,38,0.91,0,1743750171.0,False,t5_311ttu,
t2_g1mqk8ugb,For All The Fallen Soldiers,0,9,1.0,0,1743778303.0,False,t5_311ttu,
t2_1mbed5fqt4,"""panna ki tamanna"" by RA BABA",0,7,1.0,0,1743782989.0,False,t5_311ttu,
t2_izzye6817,Mere curiosity,0,9,0.91,0,1743777745.0,False,t5_311ttu,"I have always seen that many people in the sub are always worried about clearing the mains cutoff , but the thing is what is the point of borderline clearing the cutoff . First of all you won't get any decent enough college at 93-94 , and also since toh got 93-94 there's almost negligible chance that you'll get into an IIT . I just don't get the hype behind this tension of clearing cutoff . It's just my opinion , don't take it seriously please . Thanks ."
t2_8rmy2sx0,BETTER THAN IIT,0,17,0.95,0,1743765080.0,False,t5_311ttu,"Better than IIT

saw them outside exam centre"
t2_rliazlr8x,Randu pela gya,0,5,0.86,0,1743788004.0,False,t5_311ttu,Guys so as expected aaja bhadiya kha pi kr paper Dene nikla center pr paucha 20min pehle vha pr phone zama krke andr chla gya saalo ne belt utra linmera pant itna dhila tha mereko ek hath pakadkr rkhna pda fir pehla question dekhte hi result pta lg gya fir 2:20 min lge jo ata tha krne mein baaki time so gya bc bahr nikla meri belt tap gyi aur mere sath ladkiya bhi baithi thi aur ek to puch bhi li ye tumne pant kyu pakda hua hai fir gadbad to tb ho gyi center se niklte wakt pressure bn gya bhai blender ho gya aaj pura
t2_7xisgulz,WHAT THE FOK WAS THAT BOOLEAN QUESTION,0,26,0.92,0,1743755522.0,False,t5_311ttu,[4S1 deke aa rha hun](https://preview.redd.it/1grhbsve4sse1.jpg?width=497&format=pjpg&auto=webp&s=55f502675baf5967a8e0d6fafd6b3f4c4c72d37b)
t2_u3gyz0j7u,Just performed Young's Single Slit Experiment before JEE. ❤️(With a hair strand),0,593,0.99,0,1743693476.0,False,t5_311ttu,
t2_148gpsu2hs,Koi Tumse Baat Kyu Krega ?,0,36,0.95,0,1743747294.0,False,t5_311ttu,
t2_8e8mlaomj,Ionic equilibrium toh smj aata hain mole concept kyun hardest chapter lg rha hain bacchon ko?,0,5,0.86,0,1743785874.0,False,t5_311ttu,
t2_1bsfi2yz34,"Going to write JEE, idc how it  goes I wont let this exam decide my fate.",0,33,0.96,0,1743745610.0,False,t5_311ttu,"3 years of shit study coming to an end, IDC if I fail I wont let this exam decide what I am capable of!

I will again keep working hard for every opportunity I get in future, This rigged shit depressing exam wont be able to decide me life!

I have very strong believe on me, and all  these exams are depressing as fuck which are only shattering me inside I dont want to give anything more it!

May God give me enough power to fight!

Bye guys!"
t2_14s15n0wng,Thankyou each one of you,0,6,1.0,0,1743779391.0,False,t5_311ttu,"03 aug 2024 ko jee dropper ki journey start ki thi
Kuch nhi pta tha bas course le liyaa thaa
Har ek cheez idhr puchi kaha se start kruu kaise kruu
Sabne bahut help ki haii
Though mera exam accha nhi gyaa still 
Bahut log to nhii per ek bahut accha insaan mil gyaa iss sub se🧿
Jb mood kharab ho tum logo ki bkchod post dekh kr hasna se lekr dusre ke dukh pe rona 
Apne dukh sunana 
Humesha grateful rhungii 🙏🏻

Pta Nhii kaha jaungi kis college me yaa kyaa hogaa aage per tum logo ne help to ki haii kisi na kisi tarah se
Sukriya bahut jadaaa🎀🫶🏻
All the very best sabkoo jinka exam bacha hai aur jinka ho gya unko bhi future ke liye!!"
t2_1lf0gl2od6,I sat beside a girl  and ....,0,626,0.96,0,1743688482.0,False,t5_311ttu,"So I sat beside a girl in my jee exam and idk what was going through her mind , she literally asked me ""bhai  exam ka naam kya "" while filling the rough sheet and I was stunned for a second like huh!! , I told her ""JEE mains "". Like bro wtf ,mein andar hi andar hasse jarha .

EDIT1 : Dekho  this was my first ever post on reddit and y'all liked it , I am happy cuz I got no one to share stuff being a loner . Thanks y'all

EDIT 2: If that girl accidentally recognizes herself in the post or it reaches out to her , I am sorry , it was always meant as a joke

EDIT 3: For all the  people thinking that  she was trying to finnesse me in talking to her that aint right , that was like a 10 second talk"
t2_x4frq35f0,Just a lonely birthday guys,0,3,0.81,0,1743785799.0,False,t5_311ttu,"Hey guys, I’ll turn 19 tomorrow, in a few hours now actually. I write this with a heavy heart, but this is a sad moment for me, as this is the most unwanted and lonely i’ve felt. Hope you guys are doing good, sharing something which i love with y’all this day "
t2_i46mh7vhc,"Bada Ajeeb sa paper tha 4 april shift 1 ka , CONFIDENCE HI NAHI AA RAHA THA ANSWER MARK KARNE MEIN ( Attempted 29 only )",0,15,1.0,0,1743760387.0,False,t5_311ttu,
t2_9zh3pw9n,Bc ye compliment tha kya? 😭,0,3,1.0,0,1743790398.0,False,t5_311ttu,"Mai mast ""and im feeling good"" Mann me gaate hue center me ghusa, not giving a f about anyone. Bc kon chal rha aage peeche maine legit nahi dekha. Almost everyone who checked the admit card gave me a second look for some reason, I didn't care and Andar ghusa and lab me gya, as I was about to go and register, 

The ma'am at the entry of lab checked again and said to other ma'am ""Madam iski shakal computer me toh mil rhi lekin Ye wali (real life) nahi mil rhi"" 

Like.. i was speechless and scared ki ye log ab kuch natak na kare. Anyways They shared a laugh, and again asked ""pakka tum hi hona?"" I didn't utter anything and just awkwardly smiled. Like lmao, maine looksmaxxing bhi nahi ki, edgemaxx kr rha tha drop year me, bas clean shave aur baal thode badha liye and banda change ho gya?? Like bruh? 😭😭

Anyone else who faced this?"
t2_10i42aqi3u,Just Want to put it out there. Exam room rant,0,28,1.0,0,1743747057.0,False,t5_311ttu,"Kal mera Mains 2 tha (3s2).And my centre was one of the biggest ones in my city.  
Unfortunately I had my seat near the invilgators and close to the entrance/exit.

During the whole exam the inviligators were talking in between themselves. Loud enough that I could here their voice over the cooler and fans. I asked the one behind me to ask others to stop talking TWICE, yet nothing happened.  
One specific lady (high pitched voice) was constantly talking while she was near our rows, it was annoying af, and they weren't talking about work (at least not all the time). They were laughing, talking what not.  
Both me and the girl besides me were annoyed. Idk who else  
Then we had heavy rain too yesterday, the lights went off 5-6 times (the screens didn't shut down thankfully) but fans and lights did. During that time at least 10 people/invilgators were behind us causing chaos, going outside to watch rain like wtf

Do these invilgators have no rules? Like no talking and stuff?  
Why did they change their places 1000 times?  
God knows how many kids copied in the centre despite it being large.  
NTA refuses to take in kids who are 1-2mins late (wasting their 1-2 years) but can't even provide us an environment worthwhile?  
I still agree that a rule is a rule  
My Advanced is going to be in the same centre, I would start crying if something like this happens then.  
Just hoping I won't get that seat again. I did not face any issues during Mains 1.  
Fck these people  
Invilgators should have strict rules, jab kam ka bolna ho to bhi dheere baat karni chahie.  
No I am not blaming my performance on them, idc Mains 1 me already decent perform kiya he but I can just pray this doesn't happen during Adv.

Review me complaint kiya but idt it matters or anyone cares about it honestly."
t2_il42jeotp,Op ka jee arc khtam,0,3,1.0,0,1743789904.0,False,t5_311ttu,
t2_1jdrt5xmr1,JEE khatam hi nahi ho raha😭😭,0,5,1.0,0,1743784195.0,False,t5_311ttu,"Mera JEE 8th ko hai aur initially mai bahut khush tha ki thoda extra time milega padhne ko magar ab mere saare friends ka JEE ho gaya aur mera hone mei abhi bhi 4 din hai, pichle ek hafte se lag raha ki jee chaar paach din baad hai magar khatam hi hone ka naam hi nahi le rahe yeh char paach din
Thakk gaya hu mai, seeing my friends finally enjoy in peace whereas mujhe abhi bhi 4-5 din padhna woh bhi bahut grind karke is so frustating basss khatammm hoo abb yeh!!!! "
t2_1l1ine0ad0,Hamare bhi paper hone do yaar 🙏🙏,0,12,1.0,0,1743762112.0,False,t5_311ttu,
t2_1me9yccayx,All the best to you all for January attempt,0,3,1.0,0,1743789027.0,False,t5_311ttu,"You have worked hard for it and I am sure y'all are gonna ace it . All the best to all whose exam is on 22nd January . Mine is on 29th Jan tho , still gotta revise a lot and give mocks"
t2_1kd3rwocr1,Comedk help,0,16,1.0,0,1743755914.0,False,t5_311ttu,Kuch resources hai toh dedo comedk ka ya kcet ( pyq in pdf form ) boht help hojaygi 🙏🏻🙏🏻🙏🏻🙏🏻
t2_zb5wy50kr,Kya hoga is youtube ki janta ka,0,32,1.0,0,1743742803.0,False,t5_311ttu,Itne sara iq ek jagah par
t2_12ckfuhf0q,DRESSCODE,0,3,1.0,0,1743788382.0,False,t5_311ttu," Which one is the according to the neet dresscode??
It's going to be my first attempt i don't want anything to go down pls help out :)"
t2_iwip1y21,I can't wait for this shit to be over,0,3,1.0,0,1743788051.0,False,t5_311ttu,
t2_vf7n7gv6,ISKA ANS 10 AA RHA THA NA? 4s1,0,14,1.0,0,1743757927.0,False,t5_311ttu,
t2_x9ntnb38r,Advanced keliye help,0,3,1.0,0,1743787540.0,False,t5_311ttu,Mene advanced ke liye pehle thoda bohot padha hai but ab me pura cover krna chahta but mere pass koi batch nhi hai + theories kaha se refer krun last 40 days me. Agar koi lectures ho toh bata do
t2_1lia3viumj,NTA never disappoints when it comes to disappointment 🤡,0,262,1.0,0,1743700205.0,False,t5_311ttu,3s2 ka hun bc chemistry kya tha yaar itna weird questions 😭
t2_1jmjmikcj3,Chud gye,0,7,1.0,0,1743773810.0,False,t5_311ttu,"Just came after giving jee mains , and being a dropper I fucked it once again.Failing for a record 4th time and after disappointing my parents I ame here just to confess all of you ""mat lena drop""
Pure saal gand phati mei rhoge kahi kabhi kuch disteaction aagya toh chud jaoge, Boht mushkil hai classes,modules,pyqs sab solve Krna.
With 12th I got 75% ile and with drop I got 61.2% in 1st attempt and will be getting lesser than that in 2nd attempt.
Wasn't able to do more than 10 questions today.
Baapu ne toh seedhe kehdi ""aaj tune dishearten krdiya, kehna toh nhi chahiye par tere bas ki padhna kuch nhi hai"".
Felt like dying but life goes on. Bye guys🤍"
t2_1m7nbxubyz,Any of you ever just think what you're doing with life?,0,4,1.0,0,1743781632.0,False,t5_311ttu,"Idk if I'm the only one par jab bhi coaching se ghar aa rhi hoti toh metro mein baithke I'm really just thinking ki bhai kya hi kar rhi mein, what life do I have apart from going back and forth on pink line everyday? I really be waking up at 6am almost every day going to school, going to coaching, phir coaching se aake padhai. I mean is this what really living is? Like zindagi mein aajkal peak of having fun is ki raat ko padhte padhte bhukh lagi toh maggi bana li 😭

"
t2_1bsfi2yz34,"I solved 3 ques in maths whose option came out D, so I opted D for all the 20 questions of maths! Will update after result",0,7,0.89,0,1743773314.0,False,t5_311ttu,
t2_3x56hjjup,How my invigilators fucked up my JEE...,0,3,1.0,0,1743786618.0,False,t5_311ttu,"I'm writing this on behalf of my friend as he is not on reddit .....

My friend has urinary problems...

His first 90 minutes went ok but after that he had to use the washroom so he asked the invigilators to let him use the washroom...

He was allowed to use it but when he returned they had to do the procedure like taking the picture scanning his signature and stuff like that but the camera and other equipment we not working and they wasted his 20 minutes trying to make the equipment working again ...so they literally wasted his 20 minutes after that he got anxious and could not concentrate the rest of the paper...

We filled a complaint against the centre but I dont think any action would be taken ...

What should we do now??"
t2_w1c8vky4,Anyone starting 17th april batch of allen chandigarh?,0,3,1.0,0,1743786404.0,False,t5_311ttu,"new to city and wanted to make friends from same batch.  Chandigarh sector 34 allen
17th april batch"
t2_uh8l7ijk,4S1😈 Vs 4S2🥵,0,3,0.81,0,1743780133.0,False,t5_311ttu,Guys kaunsi shift mein maths though aae thi (physics aur chemistry bhi) and overall kaunsi shift tough thi??? 
t2_xwbmrkm5t,"Nobody deserves this , jee day",0,408,1.0,0,1743689796.0,False,t5_311ttu,"Posting this on behalf of my friend who is not on reddit . She is a dropper so this attempt was very crucial for her 
Nobody deserves to face a situation like this 

Respected sir/ma'am, 

I am XYZ, currently residing in a small town in Madhya Pradesh. Today (02/04/2025) was my JEE mains paper in the second shift (3 pm to 6 pm), at a center ( wont reveal it rn as she might get doxed ) I reached the centre at 2:10 pm and had my documents checked within the next 5 minutes. After that, I got to know that there were not enough computers for the students. There were 74 students, and there were 3 fewer computers in the centre to be allotted. Me and the other 2 students were told to wait as the centre in-charges were doing something regarding this. At 2:37 pm, we were still standing, and the instructors were also panicking. The other two students besides me were allotted the computer after 5-7 minutes, and I was still waiting. I would really want to get your attention to this that i got the computer around 3:29 pm. Till then, I was crying and panicking and asking the staff what was happening, and they were still telling me to wait. I got full 3 hours, but in the last 30 mins of the paper (6 pm to 6:30 pm), I was alone in the centre with invigilators. The invigilator in my room was constantly asking me how much time is more for my paper to get finished so that she could get home. She sat right next to me, which created a panic situation again. This does not end here.

Apart from what unfortunately happened to me, the centre was very poor. A big hall had just 2 bulbs, a very dull environment, no prior notice of labs for roll numbers, and there was no place to keep the rough sheet. When I confronted the instructor about the lack of space to put my sheet, they told me there is nothing they can do, I have to manage on my own. All the students either made a little space on the desk or solved the paper on their laps. The whole system was so bad and unorganised. 
The authorities should really know how the students suffer in their most crucial time. 

These kinds of mishappenings can break a student's mindset and ruin their preparation. I am a dropper (passed 12th in 2024), and I would not like any of this to happen to me. My career should be in my hands rather than some unorganised centres. 
What happened to me was unfortunate and has put my career a risk. I really hope you help in this tough situation and provide me with the best solution as soon as possible. I am open to any kind of further discussions on this topic.

Things to note - she was not the last person to reach to the center and there were other people along with her too ( 2 girls specially) who were allotted the last 2 computers by jugad somehow)

Also she was very panicked and asked the invigilators countless times to just let her call her parents once and inform them and it could calm her down a little but she was refused 

Would be grateful if someone could read the whole thing and provide a TLDR "
t2_18htr6sjm6,Time management in test,0,3,1.0,0,1743784634.0,False,t5_311ttu,"How to improve time management in exam? sirf biology me hi 1 hour se jyada time lag jata hai.and jitna jyada time bachane ki try karu to utna hi jyada time lag jata hai. today i was just checking the questions and filling the omr(even statement bhi pure nahi padhe the),still it took more than 1 and half hour only for biology. agar biology me hi aadha time laga dunga to physics and chemistry me kya hi ukhad lunga......"
t2_czbfeemnj,"Man having the last shift is so depressing, you see most of your friends enjoying a bit, It's like glimpse of a drop year 🤕.",0,4,0.84,0,1743774597.0,False,t5_311ttu,
t2_hnhak7tw,i got 4s2 and got f**ked by maths pretty hard,0,6,1.0,0,1743774446.0,False,t5_311ttu,"meri January mai 23s2 thi uss mai 11 kare the maths mai

aaj sirf 5 karke aaya hu

sharam aari hai khud pe  
2-3 easy question chor aaya mai  
hard valo mai time waste kardiya



Physics mai 22 attempt kare aur chem mai 20"
t2_1laqxlpazd,Neet exam,0,3,0.8,0,1743784331.0,False,t5_311ttu,Neet goiing to held only in govt colleges??
t2_axns545s,Proposing her after JEE,0,15,0.67,0,1743752432.0,False,t5_311ttu,"Context for you guys : The girl I am talking about is from Allen only where we both were classmates and during our preparation, we started the talking phase and the things escalated quickly when at the end of 12th when we both used to text each other till late night. Now fast forward to now, as my exam on 8 April is coming forward, I have decided to confess my feeling towards her if do good in exam on that same day. She has been a great partner/friend for me in this journey and I just want to appreciate how supportive that woman is, and just by looking at her my heart just melts cause she's so gorgeous I cannnnntttt 💅
I will make sure to update you fellas"
t2_1blkxa0wtm,Suggest something for JEE Adv maths.,0,2,1.0,0,1743791350.0,False,t5_311ttu,guys istg my phy and chem is adv level but its just how i neglected maths and now its all messed up. please suggest me how i can study math just enough I clear the subject cutoff. rest I will handle with phy and chem. 
t2_hnmim5sy,Quadratic equation,0,2,1.0,0,1743791332.0,False,t5_311ttu,
t2_1mad8x0i3i,Unit and dimensions best playlist in yt,0,2,1.0,0,1743791306.0,False,t5_311ttu,
t2_cm75bnga,Isn't he wrong here?,0,2,1.0,0,1743791267.0,False,t5_311ttu,"Isn't elasticity is greater for steel than rubber because steel wire needs  more stress for the same strain than rubber.

However here he is saying that it's because steel has higher ability to regain the shape than rubber ( both materials can regain its shape , so going by his defination, wouldn't both have same elasticity?)"
t2_1gwwpfio8j,Rant(Clueless Dad),0,23,0.85,0,1743743496.0,False,t5_311ttu,"I just want to rant about my absolutely clueless dad. So for context I am a student from Bangalore and I got 99.74 in attempt 1(wrote 2s2 and there’s basically 0 chance I cross 99.74 in that). I was born in America so I can get into any nit cse through dasa and even without dasa I can prolly get nit Calicut cs or a good stream at nit surathkal(home state). 
Anyway my dad is absolutely fucking clueless when it comes to jee and engineering. He forced me to sign up for irrelevant tier 2 and 3 college exams like Manipal,kcet and viteee. He thinks he is so smart and I don’t know how his brain works. I asked him to name one benefit of writing these stupid fucking exams and instead of answering he just got pissed and he would have prolly slapped me if my mom didn’t intervene. He knows absolutely nothing about engineering colleges, in fact the other day when I suggested that I should go to iiit Hyderabad(if I get in which is unlikely anyway) he called it the fake iit and said it would be embarrassing. On top of that he doesn’t even know what colleges are available through mains and advanced. I had to tell him 5 times before he realised advanced is for iit only and mains is for nit/iiit and many other colleges.
Anyway I don’t know what to do with such a clueless parent. He has a massive ego and he thinks I’m just a stupid teen who knows nothing. I don’t have any way of skipping these stupid exams he signed me up for and I can’t argue with him cause everyone has to walk on eggshells around him.
Btw I don’t want to make my dad seem like a horrible person. He just has a minor temper issue which has reduced in the last few years and he will never admit that he’s wrong. "
t2_5uscl277,dy/dx vs e^x,0,2,1.0,0,1743790694.0,False,t5_311ttu,
t2_1laf5rt4wi,Weirdest coincidence happened with me on my jee exam centre,0,8,0.84,0,1743763314.0,False,t5_311ttu,"When I went to my seat to give the exam someone had scribbled/scratched a name with surname on the table with some sharp object when I read the name that was my name along with my full surname. This shit made me go total shocked and i was brainstorming the whole time ki how TF it even happened.

I know it's not something very rare but still I got that seat only"
t2_1drqnxo7s0,I need to stop now..,0,3,1.0,0,1743781853.0,False,t5_311ttu,
t2_1hone3t9x4,OP going Insane rn 😭(4s2),0,169,1.0,0,1743702717.0,False,t5_311ttu,
t2_hqrae2lv,Help organic chem,0,2,1.0,0,1743789113.0,False,t5_311ttu,"Q9 

On doubtnut gives 2nd option in moduke 1st is given and according to notes 3rd or 4th is coming (26tard) much appreciated "
t2_g0lfr55xr,4S2 was hell😭,0,5,1.0,0,1743775116.0,False,t5_311ttu,bhai maths was so so tough mere se to ban hi nhi rhi thi phy was kinda easy jyada nhi aur chemistry bhi meri 😔 mostly tukka laga diya h ab pta nhi kya hoga😭🙏🏻 ab bhagwan hi kuch kre wrna Comedk aur Bitsat ka sahara h🙏🏻
t2_6lrseymb,I’m an IITG Mathematics and Computing graduate and hold world records in math competitions & founded a high growth startup - Matiks (matiks.com/apps) – Ask Me Anything!,0,18,0.79,0,1743744274.0,False,t5_311ttu,"Hey everyone, I’m Sudhanshu Bhatia, a world and national record holder in math competitions and the founder of Matiks – an app that makes math fun and competitive. I’ve spent years solving crazy math problems, competing at the highest level, and now I want to help students improve their skills through gamification. Ask me anything about math, competitions, study hacks, or even startup life!"
t2_tnwoy8zf,Touching grass after whatever that paper was,0,4,1.0,0,1743774662.0,False,t5_311ttu,Ab to drop leni padegi guyss😭
t2_15nnt0ursx,Riyal And Relatable,0,11,1.0,0,1743754241.0,False,t5_311ttu,
t2_15ty1jhpvv,4s2 maths was a fckin war,0,3,1.0,0,1743779447.0,False,t5_311ttu,"Bhai ye tha kya literally, phat ke haanth mein aa gai

Itni calculative maths aur kuch ques itne tough "
t2_77msjklde,Jee teachers,0,2,1.0,0,1743787319.0,False,t5_311ttu,Guys iit jee ke liye ache teachers and telegram channels btao pls and I am mainly looking for teachers who teach at advanced level and are good in teaching and some advice as well
t2_tywiyk2m8,Aaj ro Diya badmos,0,1116,0.99,0,1743664117.0,False,t5_311ttu,"Bro the same shit is happening with me , gharwalo ne bachpan se mujhe top krte hue dekha hai and ab jee me cutoff bhi clear nahi ho paa raha and saare relatives expectations lagaye baithe hai , yet ik fighting every day . Kuch logo ne to judge bhi kr liya bc 1 saal kota gya thaa waha pe ladki baazi kro hogi ye tk suna hai maine . Boht tut gya thaa andr se but now I'm fine . 
It's just so sad that parents always want to see their kids always on top but we all know till 10th sb kuch ratta maarne se top kr skte hai easily. But after 10th it's not like that , gaand marwaani padti hai bc . 11th is fucking different from syllabus till 10th , ye saari cheeje hame khud unhe smjhaani hogi . They always keep blaming us but sometimes it's also true, 11th me aane ke baad Boht se bacche distract ho jaate hai easily and usme galti unhi ki hoti hai mostly. But jo baccha sachme mehnat kr raha hai usko pressure aur expections se wo depression chala jaata hai . And aage kya hota hai we all know that ......"
t2_1lza6z5w4q,Guys please reach early,0,11,0.93,0,1743752197.0,False,t5_311ttu,"Bc ek din exam 2hr pehle pahunch jao chaye, mere parents mujhe andar bhejne ke baad gate ke vaha hi khade the ek father son duo itne buri tareh roye h unka drop year miss hogya, sab krlia unhone the were fuckin crying their eyes out while banging the door"
t2_bhl4wul1,Na syllabus complete hai na hi sleep. Fir bhi nikal pada hun JEE dene,0,113,0.99,0,1743708113.0,False,t5_311ttu,"NTA KI mkc har baar itna dur center dete

Plus Bukhaar hogya hai+ Bus se ja rha hun
Absolutely cooked"
t2_1cinb866u8,Request to fellow 3S1 comrades,0,2,1.0,0,1743786968.0,False,t5_311ttu,"Pls ek baar questions recall krne ka try krna, kya tumhe bhi aisa lgrha ki silly mistake krdi isme bhi, and kya questions yaad krke aisa lgrha ki multiple ques aise the jisme options weren't going well with the questions?"
t2_5gpp9jx9q,Is Unacademy(Online) good enough for JEE?,0,2,1.0,0,1743786829.0,False,t5_311ttu,"I'm currently in 11th, should I take unacademy's 2 years subscription for jee prep? "
t2_14s15n0wng,4th april S2,0,4,1.0,0,1743773227.0,False,t5_311ttu,"Aaj mujhe bolne do yrr
Bhai mai hoon below avg baccha
General cand+dropper+maa baap ki eklauti aulaad (pressure samjh skte ho)
Papa k kehne pe drop pe le liya thaa pichle saal 50...%tile thi 
Jan diya nhi meri grandmother ki death ho gyi 
Mehnt ka nhi pta yrr maine pdha to thaa jitna ho skaa mere se
Health problem+ family issue
Health problem chlo meri glti h
Family issue log kahenge sabke ghr me h
Ik yr per mere mummy papa ka relationship jadaa hi kharab haii meko nhi bolna bhaii
JEE nhi Krna tha kabhi lkin mummy papa dono nhi maane
Na stream meri psnd ka na course 
pta nhi yrr kyaa likhuuu
Itnaa kuch haiii
Rona aa rha h issliye nhi ki paper buraa gyaa h
Issliye kyuki ik ye cheez shyd mere liye nhi bni haiii per fir bhi mai try kr rhi aur pta h ki result kuch nhi milegaaaa
Pta nhi papa ko kyaa kaisee kyaa bolungiii 
Yrr maa baap kehte ki tumko dikkt hi kyaa h pareshani kyaa h

Per unke roz roz k jhagdo se bacche pe asar pdta h yrr koi btaye 😭😭
Mai marne warne ka nhi soch rhii
Ye nhi to kuch aur krungii per still buraa bahut lg rhaa haii


Maine 25 ques kiye hai
Maths me 1 wo bhi tukka mujhe aati hi nhi aur aaj to dimag bhi kaam nhi kr rha thaa
Sab kehte apna best do
Maine to shyd worst diya hai aaj"
t2_g6umefxg,Future plans after JEE,0,611,0.99,0,1743675265.0,False,t5_311ttu,
t2_1cc68n2zor,nta ki mkc,0,1096,1.0,0,1743663720.0,False,t5_311ttu,
t2_1bmqqbwrvk,Kya 2s1 main anomoly ka chances???,0,2,1.0,0,1743786655.0,False,t5_311ttu,Is there any chance har koi easy bola rha ha i dont think so har shift main doable questions tha i think ki 160-150 hi jaygi due to suprise factor ??? 
t2_i2he3zcl,I have never felt this emptiness before.,0,2,1.0,0,1743786528.0,False,t5_311ttu,"Kuch krne ka mann hi nahi krta. Jan mai achi percentile aagi thi jaise taise (itni ki Tier 1 NIT miljaye) abb aise hi betha hu (7S1 hai). Abb yeh wala attempt toh jaisa marzi jaye, any tips for the Advanced attempt (syllabus complete hai, ques practice pr hi dhyan dena hai)."
t2_17djjengap,MATHONGO JEE ADVANCED CRASH COURSE ka review dedo pls,0,4,1.0,0,1743772674.0,False,t5_311ttu,"Not SUPER strong in math.  Like mains level qs kar leta hu but adv ke nahi hote.

Should I buy the course? As I'm just targeting 30-40ish marks in jee advance math. How are the live sessions, recorded sessions, DPPs?"
t2_1aemygwwgb,Bc itna galat batate h😭,0,882,1.0,0,1743667417.0,False,t5_311ttu,
t2_akdq5sny,strategy suggestion for 7th april,0,2,1.0,0,1743786057.0,False,t5_311ttu,bhai sach bol raha hu 2nd april se kuch bhi nahi kiya bas speed solution dekh raha hu ab phat rahe ha padhne ka bilkul man nahi kar raha pls suggest kardo kya karu i have real bad feeling ki nta kuch toh gadbad karega 7th ko
t2_1eeg9b82d7,COnTraVerSiL StaTMeNt,0,5,0.86,0,1743767993.0,False,t5_311ttu,Jis bhi mc ne 2s1 ka paper banaya tha na bc uska address chahiye mereko uske mupe jakar ncert fekkar hostage banakar ratwata hu mkc bhosadika poora paper ruin hogya due to magnetism p block and especially biomolecules sala 160 bhi nhi bn rhe 
t2_ycz9gz5tt,tumlog paper dene jaate ho ya baddies taadne.....GADHO,0,20,0.96,0,1743740477.0,False,t5_311ttu,"ISTG, paper kasie gaya waali posts se jyada toh yeh waali posts dekhne ko mil rhi......"
t2_6zztmcdw,OBC (ncl) Doubt,0,2,1.0,0,1743785220.0,False,t5_311ttu,Is there anyone who known about eligibility criteria for obc(ncl) for government employee 
t2_1082zu1mwa,jee advance study material help,0,2,1.0,0,1743785173.0,False,t5_311ttu,"can someone pls tell from where can i get the formulae/derivations for jee advanced, like if there are some good sites or reference books that would be very helpful. Moreover, if there are any tips for those who are prepping for jee advance now pls share"
t2_wncev6clc,How to equate equations equations?,0,2,1.0,0,1743784816.0,False,t5_311ttu,"For example in this question I have a problem in forming the equations asked to form.
I am a NEETARD"
t2_8j2dm4hy,Ismein option d bhi to correct hai na?,0,3,1.0,0,1743776766.0,False,t5_311ttu,
t2_1kyqn5nja3,"How u all r revising rn? Syllabus is 90% completed but im struggling with retention, how should i revise so that i get bihar cutoff score atleast 🤡",0,2,0.75,0,1743784653.0,False,t5_311ttu,
t2_dugf6g2e,Drop year barbaad krne ki tayari Krli hai full,0,3,1.0,0,1743776653.0,False,t5_311ttu,Bday gift🌚
t2_1er6i9ky29,someone pls send me a vid for this topic. i'm unable to understand,0,2,1.0,0,1743784545.0,False,t5_311ttu,"https://preview.redd.it/hwvxxuoniuse1.png?width=1607&format=png&auto=webp&s=3e78954604bbfe7bbbecff206ffa43fe4ee3e528

specifically this part"
t2_1lay59p7uk,HELP pls,0,7,1.0,0,1743762439.0,False,t5_311ttu,"To those who are done with their exam , what's the composition of ioc oc and physical in chem ? "
t2_1ia5rnf4sl,bhai bta do 7s1 hu,0,2,1.0,0,1743783574.0,False,t5_311ttu,kitne ques attempt kru exam mai jee ke i want atleast 98 percentile also mere p c ki theoyr theek hai question practice below average for all 3 ta do bus exact number kitne kru
t2_1g8rxn1322,Jee journey dropyear [ start from 8th april hopefully]:,0,2,1.0,0,1743783344.0,False,t5_311ttu,"I still have my exam left yet, idk what will happen but i've decided to take a drop \[ most probably under 80 percentile  this year  \] and also that i want to keep up with my targets so for the first 4days it's just for finding and doing the right stuff to process my mind for the biggest battle of life till now . I must not do what i did \[ ik what's wrong mentally and physically but it's on me to avoid those things even tho they are pleasureable i must leave them.\] THANKS FOR READING AND WISH YOU THE BEST"
t2_k40nm84rk,I literally fuck*d up !!,0,2,1.0,0,1743783174.0,False,t5_311ttu,"how can i stop overthinking , procastination , po\*n and song addiction and  always becomes very angry and  abuses a lot to everyone in my family behind their back and many other bad habits which i want's to stop them, literally destroyed my three yrs due to these things !! not even able to clear cut off  of jee mains and and also not even 60 percent in boards , i don't know will i get any college or not . "
t2_xhchpvcx8,Need guidance,0,3,1.0,0,1743775232.0,False,t5_311ttu,"Ek average student hu shuru m 11th waste ki 12th mein ache se padhai ki h ab prayas jee k saath prepare karna chahta hu pr kaafi time bacha hua h kya karu is gap m

"
t2_1fmmzr4eot,K5TN-1A-25CAR1 what does this mean Allen Kota,0,3,0.81,0,1743769559.0,False,t5_311ttu, Did I get a lower batch in Allen Kota . What type of teachers will I get . 
t2_1bj7j1dqgg,Scared too much wtf I m shivering!!7S1,0,2,1.0,0,1743783035.0,False,t5_311ttu,"I have my paper on 7s1..even though I have time(as u all say) but still I m freaked like hell rn..I can't sleep I can't eat like life has taken a pause..whatever ques I am solving from recent shifts I am doing uncountable silly mistakes even though I am solving at home and this freaks me more and that's where negative thoughts start to creep in like WHT would I perform like this on my shift or it was my drop year would I able to beat my previous score or what if I land too badly and to be true I am not able to concentrate...I still have salt analysis and other ioc stuffs to revise/Learn T-T but mind isn't processing them like wtf dude and I m not able to judge what chapters I must prioritize on..recent shifts they are asking coordinate geom and physical for which I am least prepared..

I m confessing all this whatsoever be the result laterT-T

Wish me all the best guys And BLESS ME GOD❤️"
t2_iavwccai5,IITians are the most insecure human being I have seen.....,0,449,0.95,0,1743677331.0,False,t5_311ttu,"My cousin brother is an IIT BHU pass out, chemical branch and currently he is unemployed. Let me tell you the reason:

  
When he cleared Adv. obviously, everyone was happy for him, he is the first person from our immediate family who got into IIT, this got to his head and he didn't work hard in college, neither build his portfolio nor skill set, many companies contacted him due to the IIT label but due to his lack of knowledge none gave him a high paying job, he was also fired few months ago from his job due to his behaviour in front of his boss.

  
Now, everyone in the family tells him to study a little, buy some courses and improve his skill set but he shouts at all of us and says: ""Main IIT BHU pass out hun tum  logo ko nhi pata kaise kaise offer milte hai mujhe""(translation: I am IIT BHU pass out y'all have no idea how many offers I get"".



I am not saying that IIT is bad or anything, that is your judgement and opinion but to think that just because of your college you will get good, high paying jobs is being delusional, because there are 10k other students like you and many of them work hard to build their skill set."
t2_1drqnxo7s0,Bro is in his villian arc,0,118,0.98,0,1743702934.0,False,t5_311ttu,
t2_vgkqa7vg,Should I get marks app or examgoal app pls reply pls😭,0,2,1.0,0,1743782324.0,False,t5_311ttu,I m confused between marks app and examgoal. Marks app hasn't even updated their plans for 2027 and their prices are based as per last year with validity also in format of last year. So I can't get it untill it gets updated. Also is examgoal as good as marks app or should I wait and pay 10 times more for marks app. I have no issue with money i just wanna know which will be worth it cuz Obv I don't wanna waste my parents hard earned money neet and jee aspirants anyone pls reply (I m jee aspirant btw)
t2_11t4f4b1gq,"Please don't ignore this post, otherwise Saransh sir will molest you",0,2,0.75,0,1743782293.0,False,t5_311ttu,"Jin ka paper hogya vo please kuch suggestions do. 7 S2 hai meri, 2 din hai mere paas, at this point kya prioritize karu in 2 din me. Please genuine suggestions dena, kyuki saas bhi kabhi bahu thi, iykyk 😭🙏"
t2_e17jk5xv,Created a printable JEE preparation tracker/checklist for anyone who want it. It is based on the 2025 syllabus(ofc),0,4,0.83,0,1743768407.0,False,t5_311ttu,"[download it here (google drive)](https://drive.google.com/file/d/1xi4S3IzNwYSwuM5NZhPsUvjSv2QJM1O0/view?usp=drive_link) <- pdf

made it for myself but thought someone might also need it ..... down are some preview and the excel file too

https://preview.redd.it/wpfrg7ta6tse1.png?width=925&format=png&auto=webp&s=f5a0673705a0f089a3c2b8f1acb053d6152a7287

https://preview.redd.it/56uv96ta6tse1.png?width=963&format=png&auto=webp&s=39b611f671cc40f87c60c3764577a313ec9730e3

https://preview.redd.it/a0y1m8ta6tse1.png?width=1000&format=png&auto=webp&s=5c815f40aa7a36bf228fcfe7e97d947bc142f495

  
[here is the excel sheet if you want it on your computer or just want to make some changes to the tracker](https://docs.google.com/spreadsheets/d/1KnAjtgTjNO1dTprtMCB233l3KNSdIdEs/edit?usp=drive_link&ouid=113271884738361238200&rtpof=true&sd=true)"
t2_1izy3qur0q,Lotion Online ka sab paid comments hai yt pe,0,5,0.86,0,1743763975.0,False,t5_311ttu,Guys in yt lotion Online Doing Only paid comments be aware & be safe 
t2_1fvtz7qjy5,Aj Mera khel khatm hai,0,17,1.0,0,1743739753.0,False,t5_311ttu,
t2_179s7mel35,2s2??/,0,2,1.0,0,1743781321.0,False,t5_311ttu,"bhai bahot tension hori hai log keh rahi hai easy thi bahot, 99 percentile 200 par jayegi

 yr manta hu phy easy thi aur math bhi doable thi, par bhai bacche to chem ke bharose jaate hai na. chem ne to aukat dikhayi thi"
t2_1m6tv52ck9,to all 2026 dropper gonna give improvement,0,2,0.75,0,1743781190.0,False,t5_311ttu,"i am jee dropper 2025 maine 6 sub main improvement pichle sal  i  got 67 percent . 

1) write down the mistake u did in thes 2 years and examine them on the daily basis. or ye sui.... wgera bhot dekh rha ab bhadwo guilt mat lena ki 2 sal main kya kia nai starting hai sab bhul jao and follow batch apni strategy bnaoge toh chudoge

2) ese padho ki kal hi mains hai warna 6 mahine ese niklenge pta bhi nahi chalega

3) boards ko end ke lia mat chodo 

read ncert of each chapter after completing it . or jaise hi chapter complete hua uski derivation karlo or uski note book bnao, english ka 1 chap rojana karo warna advance ki prep effect hogi

4)fuck off from reddit , insta and sabhi chije

5) give your phone to parent bas 6hr ki class ke time ke lia lo

6) november tak syllabus karlena jarur se and bas allen ka module lga lena bhadwo or koi kitab mat chuna 

wish u all the best"
t2_1ma9hop8ba,JEE 4s1 was...,0,6,1.0,0,1743759277.0,False,t5_311ttu,"**Chemistry -** don't come at me, but I found chemistry easier than the other two subjects.

Distribution- OC> IOC> PC

I couldn't answer some questions from OC, and in PC,  the rest of IOC was simple for me, felt like previous year's questions.

**Physics- it** wasn't as hard as I expected, but hard. The chapters were randomly distributed, but I noticed 2-3 questions on electrostatics, 2-3 on optics, along with fluids, waves, modern physics, AC, etc. I couldn't solve a single numerical question here, but the MCQs were manageable

**Maths - 2-3 questions** were easy, but I really don't know what the fuck NTA was thinking while making the maths paper. I couldn't solve much here.

Advice to later shifts - honestly, there's nothing specific. Every shift is random, so stick to your own preparation; no one can predict anything here.

don't ask how much I'm expecting, don't want to jinx anything

I'm happy finally this phase is over but sad bc I could have done more. it's mixed emotions but jo bhi"
t2_rs20ps4sx,4April Shift 2 marks vs percentile drop kro kaisa level laga tum sbko 90 percentile kitne pe aa skti h🙏🙏,0,2,1.0,0,1743780450.0,False,t5_311ttu,Title
t2_rvyiuidsx,MY truth with jee,0,2,1.0,0,1743778901.0,False,t5_311ttu,", i somehow did worse on my april attempt than january, im not frustrated or angry, i knew that i would fuck it up. i knew that i wouldnt qualify, so  already numbed myself to the prospect of failure. ill share my percentile irregardles if its good or bad, then you can mock me or praise me, ill leave this subredit after i fullfill my promise/ dare."
t2_18upzx614w,12 th batch starting soon some chapter (crucial ones ) are conceptually weak or not at all studied. Any help would be appreciated🙏,0,3,0.81,0,1743764785.0,False,t5_311ttu,
t2_1kqrqqlurx,JEE mein ex ke saath meetup ho gaya,0,1,1.0,0,1743791713.0,False,t5_311ttu,"3s2 ko mera exam tha aur maine jitne frnds se pucha tha usme se sirf 2 logon ka same centre tha...
Main 2 baje tak centre pe pahuch gayi thi and mera sabse starting mein hi seat tha and mere side mein mera ex baitha tha.. wo mujhe dekhkar expressionless ho gaya 
Exam khatam hone ke baad usne pucha ki kesa gaya exam aur tune wo bomb calorimeter ka question kiya ki nahi (hum dono same hi coaching jate hai aur drop year ke starting mein relationship mein the but uske baad usne cheat kiya and breakup ho gaya)
Jab dusre room se bache aa rahe the to uski current gf  ne usko join kiya aur wo log bohat tensed the aur BITSAT ke barey mein discuss kar rahe the
Overall exam thik thak gaya mera lekin ye moment bohat zyada awkward ho gaya "
t2_1ia5rnf4sl,assemble soldiers 7s1,0,3,1.0,0,1743770212.0,False,t5_311ttu,7s1 walo kya hal chal bhai sab milke pahai krte hai bta do kitna hua kya bacha sath me jan ki percentile bhi meri km thi 85 only apni bhi bta dena laong with prep kesi hai
t2_dfjj6ktr,NEET Coaching Offline or Online,0,1,1.0,0,1743791625.0,False,t5_311ttu,"My Friend is Having difficultly in choosing Which coaching she should go to. PW offline is demanding 1.5lakh and there's Goal and there's S2S and Apez. all are in range of 75k to 1.5lakh. Can you Guys please Suggest if she should go for Offline in these options or Online. Which Would be better. Thanks.

City - Bhilai, CG"
t2_1b8fn88s3k,Mai shock nahi hounga agar yeh bloody IITian 3-4 saalon mai unacademy mai padhayega toh 🤡,0,1,1.0,0,1743791620.0,False,t5_311ttu,
t2_tnyet3ua,"help me on this. attempted :  21 in physics (3-4 negative possible max), chemistry- 19 (4-5 negative possible max) maths: 4 attempted(1 negative max). what percentile to except 4 shift 2",0,1,1.0,0,1743791421.0,False,t5_311ttu,
t2_q82q6e68,what do you think about this ?,0,301,0.98,0,1743679818.0,False,t5_311ttu,
t2_rtpn77zuo,All are Dreams now,0,1,1.0,0,1743791276.0,False,t5_311ttu,From this to 95 percentile. 11th ke starting wala momentum ab tak maintain karta to kaha se kaha pahuch gaya hota . All are memories now. 
t2_12gononxai,Should I take admission in a dummy school in Delhi?,0,1,1.0,0,1743791253.0,False,t5_311ttu,Or is it too risky?? 
t2_bqftkgyr,Is anyone giving nata,0,1,1.0,0,1743791079.0,False,t5_311ttu,
t2_1hj9s8ehok,"8s2 here, want to ask that",0,1,1.0,0,1743791046.0,False,t5_311ttu,How many questions in 29s1 and 29s2 were repeated from previous shifts in January?
t2_14iexykoqp,Looking for mathongo mains crash course,0,1,1.0,0,1743791027.0,False,t5_311ttu,Kisike paas mathongo ka mains crash course hai kya? It will be ending in few days aur mujhe prince sir ke ek do video dekhna hai
t2_os68vwxep,Aaj mai jee main se retire ho gya,0,3,1.0,0,1743777481.0,False,t5_311ttu,
t2_qx9wjnr8,MADAD KARO BHAI KI,0,1,1.0,0,1743790912.0,False,t5_311ttu,"Dekho Dropper hu .  
12th ke sath 95 the JEE me aur boards me 97 the .  
First attempt ke time Mera hath me fracture hogaya tha paar taab bhi thoda bohot mehnat karke 94 taak pahuch gaya tha .  
April ke liye aacha se padha bhi hu .  
Last two week se padhai kuch nhi ho paa rahi h . Meri elder sister h , jinka bohot jyada tabiyat kharaab hogaya h , aur aaj after two weeks of every day meeting various doctors and taking report aaj jaake bola ki admit karna parega.  
  
Vaise hi mmy Single Parent h . Papa ka death bhi jaab me 10th me tha taab hua tha . Mmy aab thode bhi medial complications se daar jaati h .  
  
Pura din doaur bhag karke thaak jaa raha hu. Nhi paadh paa raha hu. All nighter padhne ka aadat nhi h .  
Last year Government College mil raha tha WB paar IIT ke liye drop liya tha .  
Relative saare selfish h baas nataak ke liye h aur drop ke chakkar me friends bhi chuut gaye .  
  
What should I do know ?  
Aur kisi se share bhi nhi kar skta hu .  
3-5 din admit rahengi didi.  
Usme bhi 7S1 h mera . Centre bhi 45km dur h .  
  
  
Bohot frustrated hu. .  
Kuch ideas share karne ki kya karu ki 98+ taak pahuchu .  
Need to do for family.

This post is on the behalf of u/Glittering-Coach-380 . Help him"
t2_42xl6k1tg,"Mental health advice ( depression enough to cripple) pls don't skip, any positive comment will help me",0,1,1.0,0,1743790880.0,False,t5_311ttu,"Hello guys, im a dropper and I dropped for jee adv mainly and I scored 99 percentile last year and ill get it clear that I tried to study this year, I had very short time to prepare and it was around 230 days compared to the full year, I studied physics to a good level, maths was so so and chem organic alone I studied but without proper theory, my teacher gave notes only since time was low and we had to do them but explanations were not there so I'm not too strong on it
Rest I didn't study much, just here and there a few days,  I thought I'll do it but things kept happening and I never found the time, maths was so so, I studied but didn't complete syllabus properly either, used a very haphazard lectures for calculus and few chaps of algebra (mathematics scholeio) so my theory was jumbled, since I was in coaching too I was not finding proper time, most of the time I went there came back and just watched a physics lecs from my online teacher who teaches very good adv level content, I didn't do much problem solving. My coaching was very haphazard too, I don't study well if I'm alone, they didn't teach thay well, maths was decent but was rushed and did only upto jeem level so I struggled yet again with external lecs which only wasted my time.



My mains came and went and I thought I did really bad on maths, luckily I was able to secure 99.4 by God's grace,  my 2nd mains is in a 2 days and I didn't study ioc at all, my physical is also not that great, I said to myself ill finish all syllabus and jee adv pyqs 70 days before jee adv, and I put in the work daily, but I didn't realize how lax I was and did unattainable goals which ended up being even  more deadly on me, I feel like I wasted around 40 days by now.. I'd have studied but it wouldn't have amounted to much



I'm only worried about jee advanced.. last year this same depression caused me to lose all confidence and completely destroyed my prep around 50 days before the exam, I had not much hope but it was still crippling,  and here iam in the same position, sure lot has improved,  I have proper material to study from and proper lecs,(using asish agarwal notes and taking shortnotes, no time for lecs) resonance module for chem theory and my notes for oc and alk sir  notes for pc  and ex 2 qns, and physics with my notes and ioc I'll watch VJ sir lecs and ncert


There's only 40 days for jee advanced, when I started my prep i wanted 700 rank, and I prepped according to it, but I didn't put in thr effort to understand my prep went wrong and I'm not in a course to complete my deadlines no matter what, compile that with my laziness I'm just not sure what I can even do

I want a rank of 1800 to 2000 in jee adv but for that I must finish all pyqs and theory in 20 days, which I think is barely possible if I salvage my notes and then just do jee adv pyqs everyday 
And I also need to give jee adv tests. I was also planning to do my gmps  but honestly time seems tough (im able to do them for physics and some maths chaps)


Problem is I have no peer group, almost no one in my dropper batch comes to my coaching anymore (fiitjee downfall), I was planning on joining another institute where a few 12th batch students (Toppers and some avg students too) were going but they take up classes from morn 10 to eve 6, no way am I going to complete it if I do that everyday, I want to stay sincere but the same crippling depression is hitting me, it's hard to do anything.. eyes burn, legs tired... and my days are few 


Please tell me a way to stop this feeling, I want to give all I have atleast for the last 40 days and say I tried my best, I don't want to fail so miserably, I don't want any of my friends to pity me or think I'm a failure, I don't want to make my parents sad, I don't want to give up but it's so hard when the entire jee syllabus is stacked up against you, just time ticking is enough to give me pressure, after a full day I ask myself what I've done, and I come to realize I haven't done much, I've done only what students who are actually studying would have done in 2 hrs.. 

This is a very personal post and bares my whole character, Just give me some words of encouragement... I just don't ever want to feel like this again, I don't want to feel like shit and a failure, I don't want to have a loud heartbeat enough to instill fear just by its thumping.. 

I really, really hope I'm able to cover what I should, because if not... this year of my life would go to waste.. it went by so so so fucking quick, lightning fast.. and when I come to realize, the 240 days sticky notes has become 40......

Thank you, really for reading this. I cant share everything to my mother, I don't want to make her say it's ok, I just want to see her proud and happy with my rank.. 

Just a few words to give me the push, that I'm not alone, im not isolated like last year, like all my friends have left me.. just give me those


Tldr; op has been careless in his prep during drop year and his syllabus coverage is bad for jee adv, still wants to push through and complete what needs to be done, needs words of encouragement to stop being a pathetic loser 

"
t2_ht913gdy,Literally my dost,0,168,1.0,0,1743690829.0,False,t5_311ttu,
t2_ryzeylcfe,Kuch toh gadbad hain,0,1,1.0,0,1743790829.0,False,t5_311ttu,"Sankat ka vishay - padhai

Toh bhai mera paper hain 7s1 , aur main itna aaram farma raha hu ki mera paper ho chuka hain , koi seriousness hi nahi hain. 

Yeh sabh main keh sakta tha , but aisa nahi hain. Abh mera JEE se vishwaas door hota jaa raha hain. Maine kabhi bhi iss exam ke liye seriously padhai kari hi nahi , always did it coz "" papa ne bola karne ko "" , khair woh sabh toh puraani baat ho gayi abh. Mudda yeh hain ki , ki jitna ho sakta tha utna kheech lia maine ( chem main physical ke kuch parts rehte hain , phy main 11th ke kuch portion aur maths main bhi same 11th ke kuch portion ) , ek estimate maan sakte hain ki 70-75% syllabus ho gaya hain . Revision karta hu par phir thode time baad bhool jaata hun. 

Abh halka halka dar sa bhi lagne lag raha raha hain , ki agar isme nahi hoga toh gharwaalon ko kya muh dikhaunga . Personally , mera nikle ya na nikle mujhe koi farak nahi padne waala , but mujhe hain gharwalon ka sochke ki unki ek icchha thi , woh bhi poori na kar paau toh phir main kis kaam ka.... Huhh yehi sabh chal raha hain dimaag main

Abh bss mujhe koi revision ke liye tips aur thoda aise negative zyada na sochne ka upay batade toh bohot mehrbaani hogi jii 🙏🏽🙏🏽

( Hope bachi hi nahi hain abh toh bhai legit , existential crisis mode hain abhi proper )"
t2_129t1hmbe3,April 4 shift 1,0,4,1.0,0,1743763733.0,False,t5_311ttu,"How did you exam shift went guys?
I solve only 29
Physics me akele 19 kr liye maths and chem me chud gya
Chem to obvious tha because i only prepared chem for boards only so I was expecting that I will do 4-5 question of chem and solve 10-12 in maths which i did in mocks 
Chem idc because jee level ki prep kabhi ki hi nhi thi chemistry me so no regrets but bhai maths
3D ke bhi questions nhi huye. 
Maths ne literally chhod dia bhai 😭😭"
t2_1kij3mbix9,Auto wale ki mkc (par pyar se),0,1,1.0,0,1743790505.0,False,t5_311ttu,"Bhai aaj mera exam tha (4s2). Exam to ekdam faltu gya sab tukke thok ke aa gaya and kuch expect bhi ni kia tha.

Par auto wale ne dimag kharab kar diya. So mere centre to road pe hi tha and management mast thi par waha pahunchne ka rasta mere ghar se thora atpata tha. Par jaate waqt ek bhala auto wala mil gaya. Vo usi jagah kuch saman leke jaa raha to usne kaha main direct waha chor dunga and main uske bagal me aage baith gaya. Par isse hua ye ki muje kuch idea ni laga kaha se auto wagera normally change hoti hai.

Waapis aate waqt main 2-3 auto pucha par vo sab lodu 3-4x price bol rahe the.  
Fir ek bhala auto mila usse maine pucha xyz kaise jae to usne kaha baitho main sahi jagah drop kar dunga tumhe waha apne area ka auto mil jaega. Ab muje rasta pata tha par ye exchange point ni pata tha so main baith gaya. Vo banda acha tha usne muje bataya ki ye log exam wale bande dekhkar 2-3x paise mangte hai as they know ye log dur se aate hai so they don't know real rates.

But bc iske baad, vo pata ni muje kaha leke chala gaya. Exchange point se mera location jitna door tha vo muje almost utni hi door kisi aur direction leke chala gya.Muje laga koi shortcut hoga. Jab waha utra usne kaha 15rs do (he deserved that seeing the dis.) par mere pe kam paise bache the so 10 me maan gaya. Par bc muje samaj ni aya yaha se jau kaha. Usne kaha yaha se auto mil jaega par main confuse ho chuka tha.Uske chakkar me at last main station chala gaya kyuki wahi nearest known jagah thi muje. Station bhi paidal jana pada kyuki mere pe sirf station se ghar tak ke paise bache the.

Waha se phir next auto leke ghar gaya. Isne help karne ke chakkar me mera 30 min ka raasta 1:45hr ka kar diya

https://preview.redd.it/yksjkyur1vse1.png?width=1046&format=png&auto=webp&s=671d8d224d123844413bae3b00a2c1c4c69a72e1

Ref. image hai bas i found somewhere close to my area."
t2_1m2mjwnyj8,4s2 homies assemble... jan equivalent of 4s2,0,1,1.0,0,1743790457.0,False,t5_311ttu,
t2_occ3dnkgg,Is there any other engineerimg exam left to register rn?,0,1,1.0,0,1743789907.0,False,t5_311ttu,
t2_tuadgsef,Nahi ban paaye flair ko change karne laayak,0,7,1.0,0,1743751873.0,False,t5_311ttu,"Imagine getting 51 percentile in 24s2 and then you give your all and you start scoring in 120s in those shifts of jan in mocks, you feel proud of yourself, you hustle more but at the end, when it's the second attempt of the real exam, you end up doing merely 23 questions.

Fuck bc. Bc kyu tha mai chutiya itna jo saala online drop liya? Bc na online drop leta na saala aalas karta start mei aur sahi sawaalo ki practice bhi kar keta. Bc itni tough poc pooch daali saala. Mai bc kar raha voh mole concept waali. Mujhe padhai hi nahi gayi voh waali poc.
Bc kyu mai saala nahi padha bilkul november tak?

Ab kya karu. Saala ye jee mei 40 questions nahi ban paaye. Doosre exams mei toh 100 banane hai. Saala viteee ka abhi 15 din mei hai. Comedk ka abhi ek mahine mei hai. Bc inka syllabus jee se bhi zyada hai. 

Kyo chutiyapa kar diya maine apni zindagi ke saath? All I wanted was 96 percentile. Par nahi bc. Kaise aa jaati. Saala ados pados waale bol rahe ki voh kar ke aaye 50, 40. Yaha mai chutiya sirf 23? Sirf 23 kar paaya? 

Saala organic bilkul yaad nahi aayi maine itni padhi thi. Itni easy reactions thi. Kuch yaad nahi aayi. Bc p block ke ratte maarra trends ke voh saala equilibrium se hi itna? 

Ab kya karu bc? Ab kya karu? Maa baap toh pehle bhi yahi bole 'le. Poore saal ke baad bhi nahi kar paaya."" Ab bhi, ""phir rahe gaya?"". Bc kya karu mai? Ab toh kuch possible nahi lag raha. Bitsat mei bhi bc yahi level ke aayenge aur usme bhi zyada syllabus.

Socha tha biggest comeback story hogi jab mocks mei 120+ ban rahe the. Par kya hi socha. 


"
t2_cisc7fz4,HELP for WBJEE,0,1,1.0,0,1743789697.0,False,t5_311ttu,"Just had mains shift 2 today. I was able to solve physics and chemistry I was able to solve except a few organic questions. Maths I almost couldn't do anything (see PCMBtard and NEETard). Thus expecting a so-so percentile, although better than last time. I now have wbjee on 27th april. Upon seeing its paper pattern I realized that Phy and chem (100 marks) and maths (100 marks). Soo, half the paper is maths... Abhi thoda time hai. I've prepared well for Bio, so I can spare maths some time. 

Guys, recommend me some good lecturer on maths and organic chemistry. And also any tips specific to wbjee preparation and past experiences. Thanks. "
t2_168vl9t7hc,2s1 doubt,0,1,1.0,0,1743789644.0,False,t5_311ttu,ye ques shi hai kya mere khyal se hme dono most stable carbon btane the which are 2 and 3
t2_7jxrvmjz,Reality Check,0,232,0.98,0,1743683444.0,False,t5_311ttu,
t2_928b81me,End of chapter: Jee,0,177,0.99,0,1743688263.0,False,t5_311ttu,"chalo bhai log mere jee journey idhar hi khtm hoti hai 3s2 thankfully mera jan me hi 98 aa gya tha to april se jada farak nai parta, no pvt exams cuz financial condition weak hai. the last 2 years were absolute torture but i learnt a lot about hard work and thankfully i conquered this fucking rat race. no energy left for adv, now i will focus on recovering my mental health and doing what i actually have intrest in(electronics) and play games. best of luck to all my brothers/sisters who are still in this rat race trust me it will all be okay. adios amigo"
t2_1amw3d691m,Is it all over...,0,12,0.83,0,1743742501.0,False,t5_311ttu,"so i am dropper, percentile sequence is 72-79-87 now around 94, i am general and also i have no expectation from advanced and also won't get any nit, what should i do please do suggest me, i have completely disappointed my family especially my father.

i haven't filled comedk, but did ugee and viteee,, what is next, completely feeling like a looser.."
t2_19c33dkbhm,Dummy schools,0,1,1.0,0,1743789227.0,False,t5_311ttu,To all the people who were in dummy and are going to 12th.. what are you all doing like switching to regular or continuing?
t2_5uqxmxp9k,Which IIT logo is the best?,0,0,0.4,0,1743789072.0,False,t5_311ttu,"https://preview.redd.it/keahr6eqvuse1.png?width=1198&format=png&auto=webp&s=fe3ab352bdfeeba22db8b7d3b706a535c2857779

  
Which IIT logo looks the coolest according to you?"
t2_18am8f08y3,Day 168 of studies as a 12 grader,0,1,1.0,0,1743788790.0,False,t5_311ttu,
t2_1kwijv71is,Allen scholarship,0,2,1.0,0,1743775053.0,False,t5_311ttu,Allen Sirf ASAT pr km krti hai ya AOSAT  or TALLENX pr bhi krti h?
t2_y7qgvwv1o,"2s2, how many questions did you all attempt and what was your Jan percentile?",0,5,1.0,0,1743756928.0,False,t5_311ttu,I attempted 42 and my Jan percentile was 84
t2_h8x4alll,Should I take Jee Arjuna batch ?,0,2,1.0,0,1743774364.0,False,t5_311ttu,"I really don't get what is the 1.0 or 2.0 Arjuna batch. All I see after opening the App is Jee Arjuna batch. 

And if I do enroll then on which one ? Infinity or infinity pro. And should I take extra physics or chemistry tuition given I'm in ICSE ? "
t2_vmkfms24,guys i need help,0,1,1.0,0,1743787906.0,False,t5_311ttu,kya ashish agrwl sir ke arjuna jee 2.0 2022-2023 lectures maths ke liye achhe hai for jee ?? ( im in class 11) and btw unka material pura free me mil jayega kya??
t2_17srmimbzg,Drop 😥😥😥😥,0,2,1.0,0,1743774253.0,False,t5_311ttu,"I am ready to take drop and im confident i will bring good marks if i study more

But my parents are taking examples from other droppers as they fail, just sit home (doing nothing) useless

Examples of my parents assumed

1)my father has a friend whose son took drop first he got 96% in 12th and after drop he got 82%

2) my neighbour took drop 2 times and now he is age of 23 and still hasnt joined any college

more examples are also there

what should i do to make my parents trust me that i will bring good marks

they are comparing me to these flighty examples "
t2_eetkwa60,Alien institute scammed us?,0,1,1.0,0,1743787304.0,False,t5_311ttu,"Tldr: allien institute scammed us and not giving SLC of delhi non attending school.

Lets call this guy A.

So A from alien institute was responsible for giving admissions for students of their institute in schools of delhi(non attending)

So A took around 50 k from us for the admission in the school.

Everything was going good until it was time to take SLC from the school as some parents were trying to shift their wards school.

A confidently told us that the SLC will be given by 31st of march. But till then he has been delaying the date.

And now boom the delhi school got suspended from cbse.

And now A is asking 15k from each parent to provide them with SLC and marksheet.

This fucking guy guranteed us that there will not be any problem during this admission and now this.

The parents has made a whatsapp group and now they are all deciding to either visit the school at delhi or to get media attention to it.

Anyone who could help us pls let me know and also tell us what legal action could we take to get the slc ?

Thanks"
t2_11a9ffow8a,those tukka tricks really work ?,0,1,1.0,0,1743787095.0,False,t5_311ttu,Like im not asking ki tumhe seedhAa 100 200 no. ka jump dediya nd ALL but like in tukke se 10-20 no. ka bhi jump milta h ?
t2_957beudf,Guys online krra hu aakh kharab hone se kese bachau 2 saal ke lie?,0,1,1.0,0,1743787005.0,False,t5_311ttu,"har jagah dikkat h online ho ya offline😭  
 alraedy thodi kharab h aakh ghar me bata nhi rakhi warna gharwale m@#@d dege meri"
t2_yph9518v5,morning vs evening shifts,0,1,0.56,0,1743773333.0,False,t5_311ttu,"just noticed this trend in jee mains that cutoff of morning shift mostly goes less than that for evening shift. in fact it was true for every shift in 2025 jan attempt. not totally sure about this though!

"
t2_b90w0lc1d,Droppers who failed,0,5,1.0,0,1743755369.0,False,t5_311ttu,"Bhai droppers jinka is baar b 90 ya usse Kam lgra hai tum kya krne ki sochre ho? State exams se koi college? Ya second drop?

( Ye btao ye DTU/nsut m cse ktne pr milti?)"
t2_1h6hqy3i62,Procrastination,0,1,1.0,0,1743786775.0,False,t5_311ttu,Koi mujhe bta skta hai ki kisi ke saath aisa hua hai jee journey mai ki shuru mai 10  mahine ache se 10-12 hrs ki pdhai ho rhi thi fir beech mai tumhari productivity gir gyi fir dheere dheeere bilkul hi pdhai bnd ho gyi aur ab pdhne baithi bhi to pdh nhi paa rhe ho mereko to ab bilkul farak nhi pd rha jee se phle mujhe ek ek no se fark pdta tha pr ab mere negative Chale jaye to kuch jyada farak nhi pdta puri jee prep xud gyi upar se maine dummy kra rkha hai dost hai nhi koi to mai 4-5 months se apne room se kahi bhar bhi nhi gya ab to lgta hai maine apni life ke bhi lga diye
t2_1drkk157j4,BHAI NHI HO RHYI PDHAI🥹,0,923,0.99,0,1743653430.0,False,t5_311ttu,
t2_1e9grvfsgc,Ch*d gaye guru 🤡🤡,0,1,1.0,0,1743786331.0,False,t5_311ttu,"Why can't those two agree on one thing ?? Jee mains asked for certificate during form submission, and now this trash is asking for a new certificate from April 1.

Marni hai hamari to ese hi maar lo bhai ."
t2_ns9fvnjak,ALLEN OR RESONANCE FOR JEE DROPPERS (ofline Kota),0,5,1.0,0,1743754865.0,False,t5_311ttu,"1. Does Allen batch system is really that harsh 
2. Is it true that many teachers and Hod's are leaving resonance 
3. People who are taking online course from aleec daddy do not comment "
t2_9rkhypeu,"Jee prep day 11, as a 27tard",0,2,0.6,0,1743786183.0,False,t5_311ttu,"Teachers haven't started giving any homework yet. The 6 hours non-stop learning experience in the coaching is very new for me. It's quite different from school as most of the students are actually very serious and there is no disturbance during classes. It is very exhausting for me as of now but I'm sure I,ll get used to it. It was better today then yesterday as I was able to get to most of the answers myself too. Ik it's just the starting and it's not a big deal to get units and dimensions or mole concept questions right, still it was a confidence boost from yesterday.

Just went through the class notes once after coming home."
t2_1db42s93ka,"Pw Prayas Module+Vp Dpp Giveaway Free Me (Odisha,Bbsr)",0,4,1.0,0,1743759077.0,False,t5_311ttu,"Hello bhai log jo koi bhi bbsr me he mereko dm kar dena me de dunga (aake le jana ram mandir ke paas hi rehta hu)


Actually me dropper bhi nahi hu 12 ka hu mere hostel ke roomate dropper the unhone ye module DPP wagera chod ke gaye he bola tha tu le Jana nahi to baich dena, mereko baichna nahi he socha kisi ko jarurat hogi to de dunga.



Agar chiye to dm kar dena 7ko exam he jee ka uske baad bbsr chod dunga or apne ghar bdk chala jauga. 



Jisko chiye dm kar dena agar koi drop lene ki soch raha he to."
t2_1jkik81b49,"Is she saying a truth,or am I underestimating myself?",0,1,1.0,0,1743785899.0,False,t5_311ttu,"A incident happened with me today,a jee topper asked me a question of advance level in maths,and my maths is weak so to clear jee advance and get into iit I am taking a drop,beacuse of few marks i wont clear jee mains.So he asked me and I was unable to answer it due to my fault as it's my weakeast subject,(chem is very strong and phy is medium,but due to my exhaustion i gave up in January, but now i dont want to give up on my dream so easily ,vo 11th ka sapna iit jaane ka,I want to try one last time)....So she told me that forget to prepare about advance,u can't even clear it.I have been crying about this since morning .Is it true? Won't I be able to clear it,in my drop year if I am consistent with it don't give up on my weakness? Is it that hard to clear advance?...pls tell me your honest answer don't try to be biased or give me false hopes.I need a real answer!

"
t2_tcvlycmb,Pls confirm (urgent),0,1,1.0,0,1743785796.0,False,t5_311ttu,"Isme electric charges and fields wala chapter lecture no. 7 tak hai na? 

https://youtube.com/playlist?list=PL_A4M5IAkMae_Hntw2myU3dHQ417zcxn6&si=Q8Q6h2gJzQHRU9VL"
t2_j9uamj5o,4s1 Please answer,0,1,1.0,0,1743785389.0,False,t5_311ttu,"Which of the following is correct expression for torque

a) z=r×L

b) z=r×F

c)z=r×dp/dt

d) z=d(r×p)/dt

Isme konse correct hai??"
t2_1e8s5yt1eo,Guys drop all the unique and unconventional questions asked in jee mains session 2 till now and help your fellow aspirant.,0,6,0.88,0,1743750280.0,False,t5_311ttu,You can drop any question or topic that you felt was new and wasn't asked much in previous years.
t2_17u2fgj0ay,Aaj achanak se Ashu Bhaiyaa ki yaad aa gayi 😔,0,0,0.5,0,1743784981.0,False,t5_311ttu,"**MODS WILL REMOVE IT FOR SURE**

**AREE YAR MODS KAL REMOVE KARDENA AAJ REHNDO**"
t2_1mbbufy9a6,Iska naam kya hai?,0,0,0.5,0,1743784859.0,False,t5_311ttu,
t2_1dpwzz7a7n,Why is MARKS App accessing my camera???,0,4,0.84,0,1743757704.0,False,t5_311ttu,"https://preview.redd.it/c06hirvtasse1.png?width=1190&format=png&auto=webp&s=6479a4996af30c185661f4d8428d2e0a83383f3b

Camera access history hai

pls help I am scared :("
t2_1h7kwmo45i,My Jee Journey (aka how I fucked up),0,3,0.72,0,1743763201.0,False,t5_311ttu,"To dekho yaar mai phle hi bta deti hu agar tum kuch serious pdhne aaye ho to this post isn't for you kyuki yaha sirf mai bak bak krke apni puri story suna rhi hu ki kaise kya hua. 
Ha agar isme interested ho then you're more than welcome. 
See Jee krna mera decision tha mtlb yes agar mai chahti to dusri stream bhi le skti thi
Dekho yhi se maine apne laure lagwane start kr diye the 🙂
Anyways so yes I decided to go for Jee because meri di ne bio le rkhi thi to meko uska struggle dikh rha tha and meri bio to bhut hi khrb thii. Commerce leti to papa wanted ki CA hi bano and Arts me UPSC kro.
For some reason meko lgra tha ye sb to nai hoga but Jee ho jayega (this girly is delulu) to maine le liya aur 10th tk to maths ekdum makkhan thi na isliye mai chill hogyi. 
Ab maine apne city k kafi popular coaching me admission le liya. Meri ek senior ne kaha tha mt lena and maine bhi unki baat maan li thi but my parents were like nai isme hi ja to jana para.

Like everyone, Starting me bhut sahi momentum tha and i used to do everything mtlb coaching ki modules, dpps, hcv, dc pandey, pyqs mtlb sb kuch and physics mera strong spot tha.
Ye sb maine Work Power Energy tk kara fir i fell sick because of exhaustion and stress and tb liya maine ek week ka bedrest 
Yhi se mera downfall hogya 🙂
Relatively simpler chapters me hi sari energy laga dali 💀
Acha ab bedrest se uthi to i tried my best to make a comeback but bhai ab bilkul mann uth gya tha. To top it off Meri faculty jo thi n they were so passive aggressive mtlb i know sbke yaha yhi hota h but Bhai mere maths wale sir ko lgra tha ki mai ek week kisi ki shaadi me gyi tthi. 
Wo is assumption k karan merko serious hi nai lete the uske baad se 💀
Aur mai bhut sensitive hu bhai mtlb koi teacher merko kuch bole aur mai usko serious na lu aisa to ho hi nai skta 

Wo aadmi meko deadass puri class k samne bolta tha ki tune give up kr diya h n ja khidki se kud ja 💀
Sharam tto meko aati nai thi but ha I did consider actually jumping off just to prove it to him ki ha meko bhi pta h maine give up kr diya h 

Acha ab is time pr RBD chlra tha tb to bhai maine officially bola bhaiya mera hogya h humse nai hoga ab. 
Mai doubts puchne bhi jati to sir log phle k chs k nai btate the plus jo pucho usme bhi mazak bna dete the to fir maine puchna hi bnd kr diya 💀

Another point to note here is that Iss not so khubsurat safar me i developed an eating disorder as well (around the time I'm talking about) to bhayankar wala weight loss and energy levels me drop dikha. 

Acha ab ye sb hote hote diwali ka time aagya and mere papa ne merse pucha diwali wale din why I am so upset to maika ab aapne puch hi liya h to baat ye h ki merse Jee nai hori, Ha mera decision tha ye but now I know it's not for me and so let's change it. 
Has diye bhai papa 🙂
Unko lga iska general weekly breakdown chlra 🙂
Itni mehnat se bola tha bhai maine 😭

Khair uske baad aur bhii choti choti kuch cheezein hoti rhi jisse mai aur give up krte gyi krte gyi and by the time 12th ka mid aaya maine puri trh se chor diya.
Kyuki ek to mann uth gya tha. Plus health issues itte hore the ki I'd always be sick and frustrated and just miserable yk? 
To maika behenchod mai apne aap ko hi kyu krri hu torture aise hatao bhkkk-

Ab mai apne parents ko badi shiddat se bolti thi ki ""Abhii bhi time h stream change krwa do please""
But mere papa has dete the 
Aur meri mummy itni positive rhti h all the time ki she used to be like ""arey tum nai krogi to kon krega"" (Uhm jo actually pdh rhe h woh? 😭) 
So all in all kisi ne meko serious nai liya. 
Fir maine bhi sb kkuch serious lena chor diya.
Maika stress se bht headache hora aur Ganji bhi hori hu to ab chill krte h 

Then I picked up novels again (which are like my one true love aur mumma ne Jee khtm hone tk novels touch bhi krne see mana kra tha) and mai mast lecture k beech me novels pdhti, reddit scroll krti, kuch bhi krtii but ha maine officially give up kr diya tha. 

To Jan ka time aaya and mummy ki expectations ko dekhte hue maine bhut pyaar se smjhaya ki maate IIT to nai hoga but NIT aur IIIT bhi out of range hi lgra h. 
Mumma ne firse motivate kr diya 💀
Like mai motivation ka kya kru bhai ab agar mera mann hi uth gya h IIT se toh 😭

Khair jo bhi ho-
To maine Jan wale mains diye and meri shift thi 28s1 
Ab agar kisi ko lgra h ki meri achi percentile aayi hogi to naa bhaii
Mai kya hi krungi low cut off ka agar maine questions attempt hi nai kiye h 💀

I got around 57%ile and mai royi to thi bhut but fir rote rote I was like Teko to rone ka haq bhi ni h tune to pdha bhi nai tha 💀
Fir mai chup hogyi

Ab April me 2s2 tha and yes maine udhar bhi laure hi lagwaye h. 

Plans ki baat kre to drop to katai nai lene wali even though meri mummy uske liye motivate krri h meko roz. 
I'll go to any Pvt clg and waha pe kr lungi efforts and kuch to ho hi jayega yaar. And achha hi hoga itna pata h meko isliye stress ni le ri ab mai. 
(Btw if it seems like mai bhutt ameer gharane se hu to aisa kuch nai h meko ye bhi pta h ki education loan lenge mere parents and I'll be paying it off in the future)

Ha to all in all dekhe to I failed Jee because I didn't evn want to make efforts for it, but abhi college k liye efforts dene k liye ready hu mai. 
Plus I'm just 17 so I don't think I need to have my entire life figured out just now. 
I'm all okay with making mistakes and learning from them. 
Baki bas koi regrets ni rhe aur kya hi chahiye =) "
t2_vlzpx7ss,procrastination ki bhi hadd hoti hai,0,2,0.75,0,1743771053.0,False,t5_311ttu,"PW's arjuna jee batch was to start on 7 April then they shifted the date to 9 and now, it's 14. At this rate, I'm sure the classes will start in May.

I mean I would expect this behaviour, had this been from an institute providing an online batch for the first time.

This is really lame. At the end of the day PW is also a money making business and Alakh sir can deny it all he wants but it'll be true."
t2_ojpz07ne,3s2 doubt,0,7,1.0,0,1743745933.0,False,t5_311ttu,Isme h+ nhi tha na sirf KOH aur heat
t2_ee2sct3l,A Genuine Question,0,0,0.5,0,1743783893.0,False,t5_311ttu,"I choose obc-ncl on my admit card. Is there any way I can change it to General during counseling?

I don't want any reservation."
t2_19r5i88ht9,Please tell me which is better Aakash or Allen for offline jee dropper coaching in Delhi,0,1,1.0,0,1743783817.0,False,t5_311ttu,"I have just given my class 12th boards exam and I want to take a drop for jee 2026 so could anyone please tell me best offline coaching for jee droppers in Delhi. I am confused between Aakash and Allen, Delhi."
t2_uxiu1sqwx,Allen/reso modules latest telegram link dedo koi pls,0,1,0.67,0,1743783734.0,False,t5_311ttu,
t2_qz62zpmf,[3s1] I'm probably the Worst candidate,0,1,1.0,0,1743783352.0,False,t5_311ttu,"LONG POST AHEAD!!!

Mera exam 3 ko subah hona tha. Mujhe literally uske do din pehle se anxiety hone lagi thi. Kuch bhi karne ka Mann nhi kar rha tha. Fir kisi tarah subah utha chai peeke 7 baje phucha centre par city law college LKO. Udhar ek gate ke saamne kisi Ghar mei phones aur bags submit ho rhe the waha submit karke uske opposite side ke gate se entry thi. Mai gaya andar frisking hui fir jab biometric log in ka time aaya fir meri ek bhi finger nhi lag rhi bisi. Mene saare fingers ghise, BC PERO KE BHI TOES GHIS GHIS KE TRY KIYA. Lekin ek bhi nhi hua. Fir Iris se scan try Kiya lekin BC MERI IRIS BHI SCAN NHI HUI. Fir bola ki desk par Jake beth jao, mai gaya aur dekha ki mera log in hi nhi ho rha sabka hogya lekin mera nhi hua. Paper start bhi hogya lekin uske ig 30 min se pehle ki kuch manual login kare I can't remember properly because of all the overthinking in my mind, I got logged in and pehle toh kuch samjh nhi aa rha fir baad mei jab thoda relax hoke karne laga tb beech beech mei aake kabhi id maangte, kabhi details puchte, kabhi bolte ki ek letter likho ki mere saare 20 fingerprints scan nhi hue, toh iske baad agar koi dikkat hui toh meri jimmedari hogi [HOLY FRICKING SHIT, I SHOULDN'T HAD WRITTEN THAT IN THE LETTER!] Fir hands aur toes ke impressions ek paper par liye aur chale gaye. God knows ki mene kitte ques attempt kiye lekin mujhe sabke mukable approx 15 min jyada lage end time ke baad. Uske baad bheed se bahar nikalke bag leke rapido se ghar par aake so Gaya. Fir mai seedhe 5-6 baje utha.

Goddamn I should've consulted to a dermatologist earlier"
t2_p9q2utqr,What are the high weightage chapters/sections for WBJEE Maths?,0,4,1.0,0,1743756140.0,False,t5_311ttu,"Need thorough practice. Also for practice should WBJEE PYQs be enough or should I also focus on JEE Main PYQs or books like S.N. De etc?

PS.: I know this might not be the right place to ask this but the people of r/wbjee sub are really inactive "
t2_ga7rstl4w,help your buddy muahh,0,0,0.5,0,1743783213.0,False,t5_311ttu,
t2_s9yakqg9,Scene rn,0,62,0.99,0,1743702207.0,False,t5_311ttu,
t2_1gefwg137h,7s2 …1.5 din pehle padhna start kiya hai kinematics khatm hogayi hai,0,10,0.92,0,1743736220.0,False,t5_311ttu,7 s2 hai 3 din hai one shot Pelu ques wale ya formula revise krke paper du purane
t2_1biueda9n0,SCHOOL KI MKC,0,1,1.0,0,1743783065.0,False,t5_311ttu,School Wale regular aane ke liye bol rhe h Monday se cbse ki checking ki vajah se. Schedule xhud jaayega pura. Kisi aur ke school Wale bhi bula rahe h ya sirf mere kismat ke lode lage h
t2_1h039oamwt,Mere centre par koi bhi ladki nhi thi😞,0,5,1.0,0,1743755886.0,False,t5_311ttu,
t2_16mzer7r5s,4April S1 toughness,0,0,0.33,0,1743782967.0,False,t5_311ttu,"yr 4 april shift sach mai itne hard thi ya mujhe hi lage bas 58 kr paya

jan mai 99.33 thi pr aj paper dekh ke dhua nikal gaya

"
t2_1kbwcvpsb0,Which offline coaching is best in kolkata for NEET(droppers).,0,1,1.0,0,1743782851.0,False,t5_311ttu,I didn't have the money to join offline in my 11th and 12th so I did online from PW. Now I'm thinking of joining an institute in kolkata. Any recommendations?? I was planning for aakash but the reviews are not very great so I'm kinda stuck with my decision so please give me some advise..
t2_1jt2aqr8co,Question doubt 3s1,0,1,1.0,0,1743782778.0,False,t5_311ttu,Iska ans 5 aa rha tha na numericals me tha yeh qn please anyone confirm
t2_6j1dv0mf,Yeh ladke ka aaj JEE ka paper hai.,0,7,0.82,0,1743742043.0,False,t5_311ttu,
t2_k6keetqa2,"Please suggest coaching for NEET dropper in Kota guyz (pg or hostel, fee, Allen kota?)",0,0,0.5,0,1743781973.0,False,t5_311ttu,I have no clue of Kota literally nothing. How is Allen kota? Is it worth it? Fee structure? Pg or hostel? (I'm a girl)
t2_13hab2k84u,3s2 felt little weird  ?,0,16,1.0,0,1743729016.0,False,t5_311ttu,"idk bahout hi ajeeeb chem lage matlab mene kam kiye attempt neg kar dar hai . 

chem me bhi kuch log easy easy bol rahe samaj nhi araha kesa shift tha muje issues face hue chem me 



maths kafi lengthy the ik bahout log easy easy bol rahe hai but still utna time nhi bachta agar maths karne jau toh 

bas phy hi kafi acha tha isse paper me matlab ques ban rahe the 

  
idk maths log easy kyu bol rahe hai i feel 8-10 shyad easy( still calculative feel hua )  the but bakiyo me bahout calculation the "
t2_1lbid9b6xl,Bhai logo ye batao ki ek hame benzene derivative given hai or mujhe uski aromatic check krni hai toh pehele uska resonance ka structure banau phir check karu ya direct check krte?,0,1,1.0,0,1743781672.0,False,t5_311ttu,Like mujhe ye cycloocta tetraen ka samjh nahi aa rha please help
t2_m1eamtcul,Rajalakshmi engineering college or RMK,0,1,1.0,0,1743781666.0,False,t5_311ttu," planning on joining mechanical engineering. Expecting around 180 cutoff in 12th boards. Which college do you recommend, heard rmk is really strict so I'm against the idea of joining there but there is pressure from my parents to join it. So which college is better RMk or rajalakshmi??"
t2_enbymwo5,end of the chapter . end of an me,0,1,0.67,0,1743781624.0,False,t5_311ttu,"so i had jee 3s1 and you can tell how paper went by looking [here](https://www.reddit.com/r/JEENEETards/comments/1jqe0rc/me_after_finding_the_ratio_of_maximum_intensity/?utm_source=share&utm_medium=web3x&utm_name=web3xcss&utm_term=1&utm_content=share_button)

i am very tired now and idk what to do now i jsut speaak ill of myself . i refused to edit my percentile  
[as offered here](https://www.reddit.com/r/JEENEETards/comments/1iq1fh0/guys_jo_bhi_karna_lekin_ye_sab_mat_karnaavoid/?utm_source=share&utm_medium=web3x&utm_name=web3xcss&utm_term=1&utm_content=share_button) even though i got only 20 here

and now here maths i am getting 12-13 physics and chem might be neative as i could not solve any qeustions in chhem and physics i messed up

so same percentile becuase last time i had second lowest cutofff 22s1 bu this time 3s1 was easier than 22s1

i was plan to skip all and do boards [6 months ago](https://www.reddit.com/r/JEENEETards/comments/1fnqfht/thinking_of_stop_jee_and_just_do_boards/?utm_source=share&utm_medium=web3x&utm_name=web3xcss&utm_term=1&utm_content=share_button)but my cooaching started mcoks and my dumb elf gave all only sto score 30-40 in each of them. ifnoring boards. you can tell how ayjr paper was easy [here](https://www.reddit.com/r/JEENEETards/comments/1iiwa6g/felt_like_i_died/?utm_source=share&utm_medium=web3x&utm_name=web3xcss&utm_term=1&utm_content=share_button)

but actual paper was so hard for me.........

now idk what to do . i have to bt dont want to take drop because i am just not for this . i too messed my boards which i might be getting some 55 because i dont trust my marks in practical and i took bad choice

ik something was wrong 2 years [here](https://www.reddit.com/r/JEENEETards/comments/157bbug/this_proves_that_even_after_advices_i_decide_to/?utm_source=share&utm_medium=web3x&utm_name=web3xcss&utm_term=1&utm_content=share_button). when i decided to take bad optional bad dummy and bad board. and bad of a coaching

ik jee was not for me as was put it but i didnt even had interest in anything at taht time or even now  
ik it wasnt gonna happen since start [my first post here](https://www.reddit.com/r/JEENEETards/comments/14d1yf0/me_a_25tardseeing_the_23tards_sharing_their_story/?utm_source=share&utm_medium=web3x&utm_name=web3xcss&utm_term=1&utm_content=share_button)

now nly hope is mhtcet for me which is 15 to 23 days here from today i see what i do as i am finding it very tough just like jee papers . i might have to take drop+boards reattempt+coaching because i am forced to take a drop if my mhtcet doesnt go well"
t2_1izy3qur0q,Guys mai ja raha hu exam dene London centre hai,0,2,1.0,0,1743767809.0,False,t5_311ttu,
t2_plrc4207,Dc pandey tripping or am i just negatively accelerated?,0,1,1.0,0,1743781245.0,False,t5_311ttu,
t2_1h21zo9ebw,"2,3,4 walo I need your help..!!",0,1,0.6,0,1743781187.0,False,t5_311ttu,"Guys..!! Ye 52 questions jaise same questions aaye the kya aapki shift me.. Pls do let me know 
Itna time nahi hai ab ki khud se dekhu..! Soo help kardoo physics hi jyada weak chalri hai meri "
t2_19c89odd7x,7s2.......help me,0,3,1.0,0,1743759583.0,False,t5_311ttu,Bhai paper ha 7 ko bilkul bhi padhne ka man nhi kar rha na abhi tak revision hua na ek bhi mocks diya 93.5 in jan
t2_a9g9z3av,Online Coaching and Social Life,0,1,1.0,0,1743780906.0,False,t5_311ttu,2 weeks pehle mere class 10 board exam end ho gye the aur mene Allen ke JEE online coaching ke liye enroll bhi kr liya hai. Dummy school loonga par yeh samajh nhi aa rha ki social life ko manage kese karu (aas paas dost bhi nhi hai). Iss situation mai kya krna sahi rahega?
t2_1i2qacnl2t,any fast way to solve such ques 🙏🏼,0,4,0.84,0,1743749421.0,False,t5_311ttu,itna sab calc karna zaroori hai kya ya koi smarter way hai
t2_17yctt8ll6,Jee 2026 Dropper Strategy or planning  whatever....,0,0,0.33,0,1743780854.0,False,t5_311ttu,"So start from starting - 

***Teachers*** \- 

**Physics** \- Shivendu Sir 

**Math** \- Aashish Sir 

**PC** \- Faizal Sir 

**Oc** \- Ra Sir

**Ioc** \- Amitabh Sir( AIR Lec) 



* [ **here's Planner ( Weekly, Daily , Monthly , whatever u say)** ](https://docs.google.com/spreadsheets/d/1KMpYldk5Re_oe5vU5e5uRLYVqB692_MExEMAIs3ZLMw/edit?usp=sharing)

***Now for the people who think ek din me 4 lec pagal ho gya ...*** so listen from past 2 week my routine is pretty much settled like 5 bje tak uth jaata hu aur 6 bje ke something padhne baithta hu aur whi 11 tak soo jaana ...  my schedule gives me 13-14 hours to study  apart rest and lunch , dinner (credit goes to boards and session 2) 

**how 4 lec a day feasible ( only  for a starting month 4 lec a day bcoz easy chapters rahenge) -**

* 6-10 - Slot 1 \[Math\] 
* 11 - 2.30 - Slot 2 \[Physics\]
* 3.00 - 5.30 - Slot 3 \[Pc\]
* 6.00 - 8.30 - Slot 4 \[IOC\]
* 8.30 - 9.00 - Dinner
* 9-10.30 - Revision or Class Test (as per schedule )



**Then after a month 3 lec a day -**

* 6-11 - Slot 1 \[Math\]
* 12- 4 - Slot 2 \[ Physics\]
* 4.30-7.30 - Slot 3 \[ioc or Oc}
* 8-10.30 - Revision or Class Test (as per schedule )



 **All slots include lec + h.w** 

  
**I know i sound immature by saying itne se itna tak padhne ka and alll ,  but that's how my past week was going i very much serious to follow this schedule**

  
**For Material I have allen DLP ( all sub) and for Phy Air Module (aka Allen New Module with some addon) and Allen and Narayana chapter wise assignment....**

 **i know  itna nhi ho payega but i will give my best ki atleast 90% ho jayega bcoz that's last chance for me to get some good college warna Papa to Degree College bhej denge**



**I have weekly test and Class Test all as per my schedule and syllabus coverage thanks to that pdf2cbt website making my work more easier.**



**At last tum logo ko lag raha hoga naya naya josh hai fir phuss ho jayega lauda lussan,  but yaar mere pe aur koi opt nhi hai agar time barbaad kia to i'm totally f\*\*\*ed** 



  
"
t2_1f7tc343ni,What was your percentage in 11th?,0,1,1.0,0,1743780847.0,False,t5_311ttu,"How much percentage did you scored in 11th? Failed any?
Also do mention your stream!"
t2_yiayl2mo0,Bhaio and Behno I fucked up,0,87,0.99,0,1743693567.0,False,t5_311ttu,"kal finally it is going to be the last time i give jee



pichle saal kuch nhi ukhada , drop year mein bhi kuch nhi ukhad payi



mera aur jee ka nata ab yhi khatam hota hai 



the time we spent together it was not happy



aaj tak full syllabus hi pura nhi hua ... 3 saal se kinematics hi nhi ho rha bc



4 baar de diya 



har bar apne aap ko bolti thi ki next time full prep ke sath dungi taki exam hall se khush hokar niklo



but that time never came



kal ke baad there are no chances left



i have accepted my fate



khatam sare IIT ke sapne 



tho one thing this has taught me is ki hardwork surpasses talent (sabki same story yk 10th tak topper wali)



JEE ONE LAST TIME 



(salo padhai krlo reddit wgera delete kro mene fuck up krdiya tum mat kro this regret will last me a lifetime)



(bol to mein dungi ki ab bitsat mein kr ke dikhaungi but i know me ... kuch nhi krna is insaan ne)



"
t2_rc12o11s,4s1 physics,0,1,1.0,0,1743780786.0,False,t5_311ttu,"In the rolling without slipping q, what did you get as answer. I felt that answer was 3.5 or sumn but not sure"
t2_ymwc1uuru,Yar iitG ya nit silchar kitne percentile pe mil chakta hai.....,0,1,1.0,0,1743780488.0,False,t5_311ttu,Title....jyada nhi chahiye bas assam ke kisi bhi institute me ho jaye.....assam se hu me to yehi chalega
t2_y7qgvwv1o,NTA after giving easier papers in April than in Jan....,0,233,0.96,0,1743673641.0,False,t5_311ttu,
t2_1ftm6w94ve,Asus sir(pogi) me piche hide kr diya tha to maine ye kya kar diya,0,0,0.5,0,1743779985.0,False,t5_311ttu,
t2_ljrisa37,Papa ji Pdhai krne waaste Raat me jaagna jruri Hunda si🙏,0,90,0.99,0,1743691025.0,False,t5_311ttu,
t2_rqrlogdt,VIT Vellore/SRM KTR/MIT Jaipur,0,1,1.0,0,1743779321.0,False,t5_311ttu,"Guys is there any great difference between them? Like is it okay to get Vit Vellore (donation)if I'm getting srm ktr or mit jaipur without donation? Or is srm ktr tier 2or 3? 
I heard very bad reviews here on reddit about it?(Review dekh kar mn ni kr rha)"
t2_1m6k6ggu8d,Baddies dekhne se mera Paper itna accha kyu jata. sco,0,6,0.8,0,1743744279.0,False,t5_311ttu,"idk but I observed talking with good looking girl ya wo bagal mai rahe to iss karan thoda awkwardness badhta but paper kitna badhiya se jata😭😭 anyone observed this guys?  
In my coaching mock test, when girls used to sit behind me or talk with me before test, My scores were around 220-250 other wise it got dropped to 160-180.

Even in Jee mains session 1, you know, but in mains 2 a girl talked me constantly 10-20min before exam, bro my exam went so good attempted around 55 questions. preparation to January se bhi bekar thi.

baddie jindabad 😂✨✨ "
t2_mjfs82jos,APRIL 3RD SHIFT 1 WALO,0,1,1.0,0,1743779290.0,False,t5_311ttu,"BHAI CUTOFF KYA HOGA IS IT GOING TO BE THAT HIGH

MATHS WAS FLIPPING HARD CHEM STATEMENT BASED AND PHY MODERATE TO TOUGH BHAI CUTOFF KYA HOGA I ATTEMPTED LIKE 30 QS "
t2_e60s5xki,Functions nahi aa raha 😿😿,0,1,1.0,0,1743779024.0,False,t5_311ttu,Just entered 12th aur functions khatam hone Aaya hai saare lectures acche se karke bhi module nahi solve hori help pls koi kuch tips dedo is chapter ke like
t2_1l0tdb8m3e,Not gonna survive 11th,0,1,1.0,0,1743779009.0,False,t5_311ttu,"Just gave my 10th boards and studying for jee.

The hell is 11th trigonometry, today I tried till compound angle form but I was not able to understand most of things, then I complete 3d geometry to again boost my ego."
t2_1g8aq9yf6x,Failed to register for neet 2025 what to do next?,0,2,0.76,0,1743765338.0,False,t5_311ttu,"
Am on my first drop year and as the title suggests idk what to do after failing to register for 2025 neet, my parents will kill new if they found out. Will the registration reopen or what other exam should i give. I can’t afford another drop year"
t2_1drqnxo7s0,aaj ka dinn bht bht bht bekaar gaya.. pls koi help karo...,0,1,0.67,0,1743778880.0,False,t5_311ttu,"kucch bhi joke sunnao.. yah crazy meme dedo.. ki hass ke padhne bhaag jaau.. pls.. Mods delete mat karna sahi me bht sad sa hun aaj.. 

and If tumme se bhi koi hai sad toh aao baat karte hai.. "
t2_1jh132rddq,how hard is 330 in bitsat,0,1,1.0,0,1743778712.0,False,t5_311ttu,"can anyone compare 330 and 300 in bitsat to jee mains marks level
i have 170 in jan 28s2 and my preparation for second session is bad
how much more do i need to work for 330 or atleast 300+ in bitsat"
t2_1k5w91lnck,Help me,0,1,1.0,0,1743778520.0,False,t5_311ttu,"Bhaiyo advanced ke liye maths ko accha karna hai (seriously mains mei bhi bohot Kam hi sawal attempt kar paya hu ) , what are your recommendations. Like detailed plan kaha se karu and all. Bhai ki madad kardo please."
t2_bhiyj7ll,Seniors pls help pls,0,2,1.0,0,1743764910.0,False,t5_311ttu,"Basically gave jee on 2nd april 2nd shift paper went good jan mai 97 thi but now thoda sa time hai to i wanted to ask you guys about bsc statistics from isi or like du top college i know i know i should give jee and other engineering exams but like mere papa ke dost he told me his story like he was very good in pcm got i guess air 3 or 4 in boards at his time but unka 1st go mai nhi hua to drop lia firr kia firr nhi hua so he joined i forgot the college name but du mai koi top bsc statistics ka college tha wo bata re the ki he used to feel like loser as jo chahiye tha wo mila and unko usse nikalne mai 1st year laag gaya but as jee ke proper aspirant the to maths unko easy achii lagti to unhone kafii mehnat ki and now he is earning a lot and pata nhi kya kya karte hai like week mai 5 dinn bahar rehte hai and unko boht saree government chizo mai kaam milta rehta hai i mean i don't eally know but in short he is killing it and he told some of the companies he worked with or is working and unhone boola"" kitne iitian hai jo mere andar kaam karte mai ye nhi keh raha sare iitian mere neeche hai but tumko baas market reality batana chahta hu"" so yeah people if anyone could pls explain this bsc statistics and scopes in future kya badhia rahega as mere interest kuch khudka karna ka hai so kya ye ek achaa option i mean ye course kya future mai oppurtunities hai isme so help guidance dedo koi"
t2_8cd80c4a,Is Amity using JEE mains leaked data to fill forms in our names?,0,1,1.0,0,1743778330.0,False,t5_311ttu,"Aaj mein jee mains ke liye revision kar rha tha , out of nowhere Amity se ek otp ata hai for registration. Kuch time baad mujhe ye mail ata hai to confirm my registration. Ain't this concerning??"
t2_l7w6uewx8,How any 2027tard can save their preparation!| (Guide),0,3,1.0,0,1743756689.0,False,t5_311ttu,"**This post was originally made by** u slash adorable\_ability\_563 **if you want any more help his telegram id is Orange\_6969**

Is post ke baad koi lecture ya book dhundne me time waste krne ki jagah actually padh lena. Jab tumse mehnat nahi hogi to brain cope krne ke liye lectures material me Kami btayega.

**Please upvote for reach**

Let's start from teachers first

Lectures Dekho market me bhot teachers he sab acha padhate he but stick to one teacher please. Mene yahi galti Kari thi and bhot padhne ke baad bhi 11th wasted hogya. Please ye jyada advanced he wo jyada advanced he uske cahkkar me mat bhagna end me mehnat khud karni padti he. Here are recommendations!

**For maths**: Use Tarun khandelwal/Ashish Aggarwal/GB sir lectures inme se kisi ke bhi mil jaye use karlo. Jo confuse hora he uske liye I recommend Ashish Aggarwal sir. Inke hw me already top book qns hote

**For physics**:

Shivendu mishra sir his Arjuna 2023/lakshya 2023 lecs/ Abj sir competishun/Manish sir pw All of these teachers are very good rest needed is practice. For those confused. My personal preference is shivendu mishra sir.

**For chemistry** (inme jyada options nahi pata mujhe sry only tested Wale btara hu)

Physical- Faisal razaq sir pw/Akk sir (Faisal sir recommended)

Inorganic-Om Pandey sir(Sab kuch class me ratwa dete he har chiz ka best logic dete and kuch extra nahi padhate hawabaazi ke chakkar me)

Organic- Rohit Aggarwal sir prayas lecs/Skm sir (dono ka content same h.kuch log ko ra sir ke jokes nahi ache lgte to skm sir is good option. Baki inke notes se bahar kuch nahi jaata organic me kabhi bhi)

Don't switch teachers due to missing topics.

**Books**\- Please koi bhi bookhoarding mat krna shuru ke chapters easy and small hote and work load kam hota to mann krta ye book bhi krlo wo bhi krlo. 3 book lgalo sets and relations me. But aage jaake ek follow nahi hoti time waste Aur hota.

Here's my recommendation First class notes resolve then hw then dpp.Then uske baad Allen modules krne he each and every exercise inme best books ke question complied hote he then pyqs of mains last 5 yr then advanced pyqs. If more chahiye to Allen races bhi krlena.

Now jinko books ki chul he unke liye (these books aren't alternative to modules do both) First don't buy books like cengage/arihant cuz already tum full length detailed lectures dekh rahe ho these books are for self study ppl. Tumhara class work and module krne ke baad already good level hoga now if you still have time you can do a problem book.

**Maths**\- Black book and pink book

**Physics**\-Shashi bhushan tiwari

**Inorganic**\-No book needed but fir bhi Vishal joshi Or Grb inorganic kr sakte ho gaand me keeda to hota hi he new tards me

**Physical**\-Neeraj Kumar

**Organic**\-Ms chauhan Jabb tak shuru ke 5 chapter me ye books poori na karlo tab tak pdf use karna agar sach me kr rahe ho tabhi kharidna. Instead do modules twice.

**Coachings/Bhaiya didi**\- No need to buy any batch. Especially Unacademy mat lena 100 teacher he sab khuda fomo bnate rehte apas me hi compete krte. To get pw lecs which I recommended use Alpha study verse app/Study ratna app/As multiverse app. Telegram pe mil jayega all batches free but sab batches mat dekhne lgna. Kisi bhi mentorship mat enroll krna and don't take any advice from bhaiya/didi ye ek ek word apne profit ke liye bolte he. Especially nishant bundle bsdka ye batch nikalega wo bhi mat lena.

**Distractions**\- Jinko will power/ focus issues he unke liye Android- Stay focused mod apk/App block mod apk/Keep me out Pc- Cold turkey Inko use krke youTube, Reddit, insta etc jo bhi distractions ho block krdo also website bhi block kar sakte jo padhai ke beech me aaye hta do.

**Schedule** Sleep at 10 pm. No late night study you'll wake up tired no motivation in morning. Try to wake at 4/5 am par schedule 6 am se rakhna jisse fuckup ke chance kam ho and jis din backlog hua us din jaldi uth ke cover krliya usko. Then ek fixed time pe rakhna lectures. Jo time lecture dekhne ka he usme sirf lecture chahe mann ho ya na ho and subject fixed rakhna. Schedule jyada tight mat rakhna and give 5-6 hours to problem solving.

**How to start?** The teachers I recommended have a total of 610 lectures. Do atleast 2 everyday. And at most 3. Bhot hw dete he sab karna baki time module. Don't neglect revision most important. Make notes yourself don't rely on online notes. Make short notes too. Study everyday for 8 hours at least ek din 16 padhna baki din 3 ghante to kuch faida nahi. Backlog track krte chalna kis din target complete hua ya nahi. Make to do.

Huh please ab padh lo don't look for anything else. Fomo me mat aana kasam khalo inpe stick krna he 2 saal. Literally man chahi rank ajayegi jo ye sab karle but jo teacher hop krega wo nahi aa payega Do saal baad rone se acha abhi systematic way me padhlo

Radhey radhey hope this post helped you!

Pls approve mods took alot of efforts

(Add karna bhool gaya but content on mohit tyagi channel is also very good and sufficient you it but maths bekar he udher baki sab acha he)"
t2_1jezw5o9dx,18 %ile aayi thi jan me 7s1 hai kya karu ki 80%iile aa jaye. Ladkiyon ko reply dete ho mujhe bhi dedo,0,1,0.67,0,1743778048.0,False,t5_311ttu,
t2_dxicrjap,Bhai ye acchi quality waali rope kaha pe milti hai,0,1,1.0,0,1743777871.0,False,t5_311ttu,"Aaj araam se ionic eqm padh raha tha(weak hai), aur socha do theen question dekh lu memory based paper se.. 4 galat nikle 10 me se..math me ek limit ka sawaal easy wala galat karke aaya..bc short notes me expansion galta likh ke baitha tha.. Har bar class notes revise kartha tha Iss baar short notes revise kiya madarchod hu me.. Behen ka Loda hu..chem me tho thik hai guess waale galat hue(guess mara because father told me to).. Ab pata nhi.. 58 kiye the.. Ab effective attempts 53 ho gaye.. Padhai ka mood kharab ho gaya.. Behenchod mai gaya.. Mera khel khatam...Ek tho kal centre jaate Waqt Poora baarish.. I was soaking wet.. Centre mai ac ke niche bitha diya.. Aur exam ke Waqt kaap raha tha.. Aur ab ye.. God isn't on my side😢"
t2_1m6azy43ha,Living with JEENEETard,0,5,1.0,0,1743746302.0,False,t5_311ttu,"I used to believe that those who spent their entire day studying for JEE/NEET were going beyond. Like, chill out, buddy. Life is more than just books, isn't it? However, it was during my coaching days that I met my roommate, who was a complete JEEard. 

This man was extremely disciplined. never wasted time, stayed focused, adhered to his schedule, and got up early. What caught me off guard, though, was how helpful he was. Even if it was a simple subject, he would carefully explain it to me whenever I was stuck.
Even though my score wasn't as high, he never made me feel inferior. Rather, he inspired me. I gradually began adhering to a routine as well; nothing drastic, but enough to notice progress. My scores increased as I got more focused on my objectives. 

Thus, while JEENEETards may appear intense, many of them are actually driven and dedicated."
t2_8y6zeltu,percentile vs rank,0,1,1.0,0,1743777635.0,False,t5_311ttu,"bhai har website pr alag-alag marks vs percentile ka data h meri to gand phat rahi h 92 marks aa rhe h jee mains m kisi n last year diya ho to and uske 92 aaye ho to pls batado kitni percentile aayi thi

allen k website pr 81-90 pr 93 percentile diya h  
careers360 k 2 pages j bc dono pr alag alag h

please bhot tension hori h adv k liye 93 percentile chahiye"
t2_pfps1pqc,Help this guy!!!,0,3,1.0,0,1743756086.0,False,t5_311ttu,"https://preview.redd.it/hoosz7qw5sse1.jpg?width=924&format=pjpg&auto=webp&s=6b69352a7e656f5aed540df77ff3880a8e7450d0

Hello everyone, I hope everyone did well in their April attempt & all the best to the candidates who will give the exam on coming days

So guys, I am an SC candidate (state of eligibility is Tamil Nadu) & managed to score 97.2 percentile in Jan Attempt. Lekin yaar April attempt utna khas nahi gaya.

My preparation level in each Subject is as follows:

1. **Physics**: Completed everything till Mains Level. In Advanced I have completed only Mechanics (till RBD) and Thermal Physics
2. **Mathematics**: Completed Algebra & Coordinate Geometry till Advanced level. Rest everything is Mains level
3. **Physical & Inorganic**: till Mains level. Haven't touched chapters like Solid State, Metallurgy, Surface Chemistry, Radioactivity, etc.
4. **Organic**: only completed GOC & Isomerism

I needed guidance on what should I do & shouldn't do to get a decent branch in any the IIT

My marks in the following Advanced Mock Tests conducted by Allen are as follows for reference:

1. 22/183 (Jun)
2. 32/228 + 53/264 (Jun)
3. 70/183 (July)
4. 63/183 (Sept)
5. 82/183 (Dec)
6. 51/183 (Feb)
7. 49/180 (Feb)

As of now, my coaching centre hasn't conducted full syllabus test"
t2_11pv55qech,Jee 2027 guide,0,1,0.67,0,1743777222.0,False,t5_311ttu,"Get answers to all your doubts and queries regarding jee prep 


1.BEST TEACHER 


  MATHS - GB /VG/ASHISH AGARWAL/
TARUN /KALIA SIRS 

CHEMISTRY 

PHYSICAL - AKK /BJ/RAHUL SIR

IOC- OK PANDEY/BRAJESH MAHESHWARI 

OC-SKM/RA

PHYSICS-LORD ABJ ONLY





2 .BEST BOOKS 

PHYSICS 


RAHUL SRADANA/ANURAG MISHRA 

PYQ

DONT BUY HCV AS IT'S GOOD QUESTION R ALREADY COVERED IN OTHER BOOKS AND COACHING MODULES


CHEMISTRY 


NEERAJ KUMAR PHYSICAL 
AKSHAY CHAUDHARY OC
VJ/VK JAISWAL IOC
PYQ



MATHS 

VINAY KUMAR/OM SHARMA 
BLACK BOOK 
PYQ





BEST MODULS 
1. Allen / apni kaksha / motion/bansal
2. Competition / resonance 
3. Pw is worst(2025 one )


Best coaching 

Offline - allen 
Online - apni kaksha / unacademy 

Suggestions 

1. Don't waste 11th 99% of aspirant waste 11th 

2. Follow one teacher and one b book blindly you will find at the end of the year that you are in top 1% of students
3. Always take dummy school with online or offline classes 
4. Don't go to offline classes unless you are in a city like Delhi Mumbai Jaipur or Teir 1 not even Lucknow 
"
t2_1jjdjymrfz,"🤬 Notification mein dekha ""your admit card is ready, your exam is on 7april "" Lekin mein toh abhi hi 3s2 se aayi hu",0,75,0.94,0,1743692721.0,False,t5_311ttu,G@nd fhattt gyi thi dekhke barbr
t2_1m00wcmxuy,Are any of u in Allen online morning batch of class 12th,0,1,1.0,0,1743777025.0,False,t5_311ttu,Hey! So I'm I'm allen online class 12th evening batch i wanted to shift my batch to the morning classes and the allen help at first also told me that I can change the timing of my batch within 15 days after the batch started. My class started 2 days ago and i reached out to allen support to change my batch and they told me there are no morning batches for online classes when it clearly said on the form that I can choose the time of classes morning and evening.so i want to confirm if they are telling the truth or just trying to avoid my request. Please tell me asap! Thanks 
t2_hf20v8l6p,"Serious help needed , preparation starting from a backlog",0,1,1.0,0,1743776935.0,False,t5_311ttu,"I got admission into an Allen NCR centre (nurture course for 11th) but due to certain complications I wouldn't be able to attend the first  6 days  of 4 hour classes of Allen.

Could somebody tell me what chapters are usually covered in the first week, so I would be able to do them for myself.

"
t2_b4xlich8g,Important chapters for Physics and Chemistry for Neet 2025??,0,1,1.0,0,1743776906.0,False,t5_311ttu,
t2_wz6h1dxkx,Koi urgently help krdo,0,1,1.0,0,1743776731.0,False,t5_311ttu,"January mai 91 PERCENTILE ayi 
April wala accha nahi gya 
Kya advance cuttoff clear hojayega ???
Advance ka padhu ki nahi bata do yaar 
"
t2_1j8t03a28n,Ab marjana hi fix kr skta h meri life ko 🙂,0,1,1.0,0,1743776692.0,False,t5_311ttu,"Na JEE achha ho paya jan me(83.2 percentile) aur na hi boards achhe ho paye iski tension meee aur na April se itni umeed h bc karu to karu ky kitne tanne sunnu ghrwalo se na to bc koi supportive h mere ghar me sab ke sab short tempered na hi kisine JEE ki tayyari kari h ghr me mein pehla huu bss sabko tokna tannne marna suna na ata h 4 din ho gaye lagatar sar me dard kr rkha h bss yahi suna rhe h ki nhi ho paya, paise barbaad krdiye aur abhi to boards mein kuch nhi kar payega tu.

Kese btau mein ki jab JEE ka result aya Jan ka mera nhi ban paya concentration padhai meeee nahi laga paya dhyan mein but now i have strong feeling ki me apne drop year me definitely kuch achha krunga ik bhoot log manna bhi krenge but guys mene apne 2 saal me mehnat kari thi cahhe consistently na ki hoo par kari thi aur ab jab me already ek failure bann hi Chuka hu to  kyu na ek aur try du pura concentration aur consistent rehke fhir chahee jo mile vo manjur h magar kam se kam Life time ye nhi to kahunga khudse ki dedena cahhiye tha ek aur try ky chala jata tera.

But rn ab gharwalo ko kon samjhaye unki najro me to i am a failure naa 😭😭
Pure pure din tanne dete h yar ki
"" NA JEE HO PAYA AUR NA HI BOARDS ""

Pure time auro ke bachho ke sath compare krte rehte h ki uske itne agaye uske itne areeee bss bc nhi sunna us ladke ke bhang bhosde vali battein are yr sab bachhe alaag alag hote h sabka dimag alag hota h shayad usse koi cheej jaldi samajh ajati h aur mujhe nhi par ye baat kon samajhaye mere GHRWALO koooo . Sirf mumma papa nhi dada dadi ChaCha Chachi bhua fufa sab tanne dete h bc aur ghrwale fhir mujhe sunate hi ki tune nakh katva di aur shi btau to mujhe rishtedaro se lu#d farak nhi padta mujhe pata h kuch achha krunga life me to in sabke muh band ho jayengee joki me karke rahunga But atp me apni life ke sabse ghatiya time aur downfall aur cahiye low period bc jo marzi kehlo aur ab bss yahi thought ata h ki mar jata hu mar jata hu (joki mere baski nhi h mujhe pata h) but fhir bhi sucidal thoughts hi ateee h 😭 aur bss ek hi cheej mann me ghumti Rehti h 

"" NAA JEE HUA NA HI BOARDS ""
"
t2_vlt4nbq7,Om Pandey Sir appreciation post—W.,0,29,0.88,0,1743710154.0,False,t5_311ttu,"Kal exam hai, and I just wanted to go through inorganic once... And believe me, it's 1:20 AM right now. This guy just made sure I revised everything effortlessly!"
t2_9gs5awpj,Easiest shift abhi tak?,0,1,1.0,0,1743776573.0,False,t5_311ttu,Abhi tk kisi ne jisne *24S2* diya tha usko laga hai vaisi easy shift aayi hai?
t2_qyr5g1su9,4 April shift 1,0,4,1.0,0,1743749441.0,False,t5_311ttu,"Physics and chem was moderate. Maths looked doable par sala hua hi nahi, also chem me organic ne dominate kiya."
t2_1mbcgftu6n,Lil suggestion needed,0,1,1.0,0,1743776395.0,False,t5_311ttu,"So I'm preparing for JEE 2026 and I doing a Drop year, and my coaching starts on June and I don't wanna enter it like a fool soo I wanna learn stuff before coaching during April and May and I want some suggestions on playlists.  I wanna complete class 11 within 44 day and Ive decided 2 hours theory and 1 hour practice so if thats the case then suggest me few youtube playlists or videos that give me both conceptual clarity and maybe a lil practice.."
t2_lgjblate2,can anybody explain how answer is 3 and not 1?,0,2,1.0,0,1743776394.0,False,t5_311ttu,"R1 toh samajh mei aaya but R2 mei (3,2) daalne se symmetric ho jayega na because (2,3) is already added in R2

https://preview.redd.it/4iixtlllutse1.png?width=700&format=png&auto=webp&s=817882ea9ca047a9836ef70e5b591a6c2fc21df7

https://preview.redd.it/r36pjtolutse1.png?width=1093&format=png&auto=webp&s=b440ed0e56c71657d053c29a022f7f520fd46d77

"
t2_ax9in0ur,"Neha Agarwal Ma’am or Arvind Suthar Sir ( jee ultimate crash course 2022 ) , for dropper  for maths theory as I will solve questions from pw",0,1,1.0,0,1743776328.0,False,t5_311ttu,"[I am going to Solve questions from PW for sure, but for theory, where should I go?](https://preview.redd.it/m7wrm02vttse1.jpg?width=4032&format=pjpg&auto=webp&s=7a516a76ca66a4e7b31e66db497d693e85f4c5d8)

https://preview.redd.it/hk20we4vttse1.jpg?width=4032&format=pjpg&auto=webp&s=cdac26f0e2a4e8d45f11c5700cf9a840ea306d9d

"
t2_15wil6lump,"School + Coaching + JEE = Time Nahi Mil Raha, Kya Karu?",0,1,1.0,0,1743776246.0,False,t5_311ttu,"Mai 12th me hu aur JEE ki taiyari kar raha hu, but school ki wajah se self-study ka time hi nahi mil raha. 8-12 school, 3-5 coaching, aur fir ghar aake energy bhi nahi bachi hoti. Dummy school lena option nahi hai.

Sabse bada issue Physics ka teacher hai, jo roz aane ka pressure dalta hai, warna parents ko bulane aur practical marks ka threat deta hai. Upar se school wale 40-40 page likhwate hain jo JEE me kisi kaam ke nahi.

Ab problem ye hai ki agar school roz jaun to self-study kaise karu, aur na jaun to teachers scene create kar dete hain. Koi aisa banda hai jo same situation me hai ya phir jo isse nikal chuka hai? Koi solid tips do bhai, kaise handle karu ye sab?

"
t2_6heirdt4,straight up 1 bonus question in maths in 4s2 ??,0,1,1.0,0,1743776134.0,False,t5_311ttu,in that g(x) + g(1/x) question instead of g(1/x) it was written g(1/2)...
t2_78a3v5xld,Should I trust my coaching phy teacher? (Read description),0,1,1.0,0,1743776091.0,False,t5_311ttu,"Bhai the thing is mere coaching ka teacher ek no ka lawda aadmi hain. Like usse maine 11th ki shuruwat main padha banda theek padha rja tha mujhe oaga xhalon theek hain fir bsdk ne apna rang dikhana start kiya. 

Like ekdum kam q karwana,bich main gayab hojana,agar hasi mazak start karen class main(which I am not against as mood fresh hojay) lekim fir rukna hi nahi aur bhi bahut kuch. Now the thing is my father friend is aakash MD aur ye unhone bataya hain coaching main due to which teeno teacher ki nazar hain mere upar.

In sab harkato ke karan I did my 11th phy from eogit sir and now doing 12th phy from abj sir. Usse ye para hain ki main kahin aur se padhta hoon(ye nahi pata kahan se) aur aaj vo aya class main 1st class tph bolta hain jo main likhwaon wahi likhon in boards ans jee matlab mere upar pura dependent raho. Padhaya bhi achha hain aur vo bolta hain ki topic adv main padhkar lana. Now thr thing is vo muhhe rok ke bolta hain mera padhon bas thoda sa topic padhkar aana lekin jo main likhwaon uska hi notes banana kyuki bakinjagah aadhi adhuri chiz likhi hain.

Ab ye bataon kya karun as notes checking hogi abse yani iske notes banana padenge ab agar notes banunga toh fir coaching main q practice na kar paunga. Kya karun ab should I shift? 

Plzz thoda imp hain tph padh lijiye 2nd para se hi padh lijiye par pash lijiye "
t2_1kledvequ3,doubt after shift,0,0,0.5,0,1743775717.0,False,t5_311ttu,"does nta read the suggestions i think one guy  complained about me in the suggestions  and im scared....as i looked at him multiple times during exam and he thinks i copied from him

please tell me if any problems"
t2_1ac2cm3zgh,How do I do IOC [26Tard],0,1,1.0,0,1743775678.0,False,t5_311ttu,"Ek saal padne ke baad physical chemistry finally handle hogya. Ab dekh raha hu ki 10 months baaki h mains ko aur OC, IOC start bhi nhi kiya. 



Pehle IOC krne ka soch raha hu, sab bolte h ki aankh band karke rat le puri ncert but wdym by that? For example I started with D and F Block and the chapter is fine and I can bring myself to remember the reactions, properties oxidation states and trends but for the life of me figure out nhi kr para wo individual values kaise yaad kru reduction potential, enthalpies, radius etc etc ki. Meko pata h ye sub me mostly shitposting hoti h lekin koi genuinely help krdo yaar. Also, is VK Jaiswal enough for IOC?




[Mods please don't delete this post which is the first I've made in quite a long time]"
t2_158y1quasr,calculus for bitsat,0,1,1.0,0,1743775484.0,False,t5_311ttu,is ashish sir or saachin sir or NV sir bounceback good for bitsat?
t2_h03fl9l56,"Iska ans d hoga ya a. And, are shape and geometry different? Kuchh log yt ke comments me bol rahe hai ki geometry and shape are different.",0,6,0.87,0,1743744001.0,False,t5_311ttu,Ye 2016 ke question itne harami kyu hote hai... 😭
t2_h8d99494h,Chemistry Cengage needed,0,2,1.0,0,1743761715.0,False,t5_311ttu,Please someone share chemistry cengage. The previous drive link that had been circulating doesn't work anymore 😭😭
t2_139lndihxm,Hardest shift till now,0,0,0.33,0,1743775213.0,False,t5_311ttu,"

[View Poll](https://www.reddit.com/poll/1jrckpz)"
t2_1ahx1t1zqi,Predict,0,1,1.0,0,1743774983.0,False,t5_311ttu,Advance ke liye kitna cutoff hoga general non ews
t2_i8mux0zt,My dad is forcefully trying to make me prepare for govt job.,0,1,0.57,0,1743774930.0,False,t5_311ttu,"Hello I am an 8th class student (gali dene se pehle please padh lijiye) I am very much interested in science and maths and want to study in iit, I can't afford expensive coachings like allen, akash, fitjee etc, and my parents are growing old and they have high expectations of me as from 6th grade I had kept being the highest scorer in my school ( not trying brag or anything it's just a local school with like 300 students at most from N.C to 10th grade, they don't teach 11th and 12th graders)So from last month I have started learning a few chapters of the jee syllabus from youtube and have learnt sets, basic differentiation, integration and limits, projectile motion(haven't studied anything in chemistry because I don't understand anything) I have invested much time in jee prep and I want to do engineering, but when my father sat me down one day told me how absolute garbage privet job is and that he wants me to get a govt job I told him that I have no interest in learning Gk,sst, political science etc. He started telling me in a lounder voice with a clearly angry face that the people who do private jobs only do them because they have no other choice, “privet jobs wale privet jobs isliye karte hai taki kam se kam ghar mein gali na khaye, wo log rozz gali sunte hai jobs aur kabhi bhi fire ho sakte hai“ were his exact words, now you all may ask why did he tell me all this, well this was because he watched a video of a UPSC PREP TEACHER telling people that they prepare for govt job after 12th as it is based purely on hardwork (which it isn't it requires a lot of luck as well), I really don't want to prepare for a govt job I know I am not capable enough for it and have no interest in it, how do I convince him that privet jobs aren't that bad, any help would be greatly appreciated 👍"
t2_b4p4szv4b,Banglore wale pls help,0,1,1.0,0,1743774848.0,False,t5_311ttu,Bhai ki help krdo koi
t2_1mbed5fqt4,HELP GUYS,0,1,1.0,0,1743774782.0,False,t5_311ttu,
t2_kbv4trga5,Ye dekho inhe,0,61,0.92,0,1743694715.0,False,t5_311ttu,
t2_1336h9wtvx,kl pdungi bolte bolte paper hi aagye or ab anxiety m nhi pdha ja rha,0,1,1.0,0,1743774711.0,False,t5_311ttu,
t2_19c89odd7x,7s2..,0,1,1.0,0,1743774671.0,False,t5_311ttu,Bhai abhi se padhu to saara revise ho jayega kya ...
t2_19c89odd7x,7s2 plz help ..,0,1,1.0,0,1743774645.0,False,t5_311ttu,Mujhe inorganic me p block d block and Salt analysis and poc me se kya karna chahiye sabse pehle.plz batado
t2_1h9ivsf811,Koi allen ke 2025 dropper batch mai tha kya.,0,0,0.5,0,1743774636.0,False,t5_311ttu,"Bhai koi allen ke leader batch mai tha to pls bata do unki pace kaisi thi aur worth it tha kya aur thode tips dedo may 9 se join kar raha hu. 

Up vote kar dena reach ke liye!! "
t2_1mhgvvfyre,Which College/University is good to get admission,0,2,1.0,0,1743760972.0,False,t5_311ttu,"Please suggest me which universities/colleges are good to get admission into it, for Btech in AI ML, and under 10-12lcs through Quota / Direct"
t2_1a6z3csj6o,Bitsat prep help please,0,1,1.0,0,1743774466.0,False,t5_311ttu,"

Please help me with preparing for bitsat.

I don't care about the branch. I just want to qualify for it. My concepts are clear but I didn't practice much. I procrastinated so much. My maths I pretty good. I scored 99%in jee in maths. Physics is good but chemistry is fucked. Please help me about how should I manage my time. I beg you. I don't know why automod is deleting my post."
t2_143jht92z0,Bhai ye arjuna itna late kyu karee hai ab 14 ka diya 7 se Direct,0,1,1.0,0,1743774427.0,False,t5_311ttu,
t2_1d7i87qb7u,Guys Mn ni horha .HELPP,0,1,1.0,0,1743774353.0,False,t5_311ttu,"2 ko exam tha mera dedia acha nhi gya 
Uske baad se ab bilkul bhi pdhne ka mn nhi horha 
10min bhi baith nhi parha hu 
Abhi aur exams baki hai 
Kaise hoga kuch pta nhi 
12th class me hu i mean is saal pass hojaunga 
Soch rha hu drop lelu 
Pr maths pdhne ka bilkul bhi mn. Nhi krta 
Bilkul nhi 
Koi upaay btao bhai 
Warna chudna confirm hai 
Mtlb chud to chuka hi hu 
Pr ab hardcore hojayega 
Help me guys . Maths kaise kru koi pls btado 
Ek baar pdh chuka hu saari theory pr practice nhi hai 
. Koi btado . Kaha se pdhu kaise pdhu pls"
t2_oqkwei896,4 April paper difficulty,0,3,1.0,0,1743752761.0,False,t5_311ttu,abhi youtube  par discussions dekhe  session ke unke questions toh bohot zyada difficult nahi hai par yahan par sab tricky difficult keh rahe hai yt par questions galat diye hai kya?? actually level kya tha as compared to 23 s1
t2_1l7xdthkwi,40-50 number dilado,0,2,1.0,0,1743760682.0,False,t5_311ttu,"Bhaiyoo 7s2 paper h kuch nhi padha bss 12th board ke liye padha tha pehle, 2-3 din bache h kuch chapter bta do jinse 40-50 marks aa jaye plzz"
t2_1ma9hop8ba,"Jee was never for me, and I've come to that realisation",0,46,0.98,0,1743699359.0,False,t5_311ttu,"Took a drop year, studied like a robot for 6-7 months phir procrastinate and laziness kicked in. Totally fucked up after s1.

Tomorrow will be giving my paper, and i feel totally numb, like there's nothing left inside me (coming from someone who is hella positive always). Mind feels blank.
Like kya pata s1 se bhi kam percentile aa jaye dk.

But idk maybe it was never for me, god chose different path for me and now I'm okay with that. I'll cry a little on result day because I worked really hard for this, made so many Even My dad may not talk to me for few weeks. But now from tomorrow I'll start fresh and prepare for my other exams. I'm just venting out here kyuki idk feels nice to tell people your story. 

🤍
"
t2_n8va6weoa,"Other than neet, what to do",0,1,1.0,0,1743774127.0,False,t5_311ttu,"So Im in class 12 basically at the end of 12, given my 12 boards this year and I messed up, I wasted my whole 11 doing procrastination, also 12 and I only studied some days before board exams, I basically filled the paper with what I studied and biology went well coz I studied it before. Now I have neet in a month, its less than a month and my heart is beating like crazy everyday, I have studied very less and whenever i go to study I feel overwhelmed by the whole lot syllabus and end up studying very little coz of the stress, my parents have huge expectation from me and everyone thinks I would do it as my bro did it last year. Everyone thinks I would do it too and I have literally studied nothing, I doubt I would be able to do it this year. I don't wanna take a drop, I don't wanna go through all of this again, what if I procrastinate again and end up wasting my drop year too, I don't wanna feel that useless child feeling in my home, I don't wanna see others clearing the exam and I'm stuck here.  I don't have any passion for studying, solving questions, I am crying every day and getting the thought of hurting myself, what should I do now, I am so confused. "
t2_7j7uzeiiz,Dress code,0,2,1.0,0,1743760508.0,False,t5_311ttu,Is summer cap allowed inside jee mains center ? My hairs have grown really long and it gets uncomfortable without cap. Can I wear it inside the center ? 
t2_1meebxlcsx,rotation ke important topics batado PLEASE,0,1,1.0,0,1743773824.0,False,t5_311ttu,7th ko hai exam maine bikul revise nahi kia ye 
t2_1meebxlcsx,help plspls,0,0,0.5,0,1743773754.0,False,t5_311ttu,"exam is on 7th.
i went through and solved memory based of 2nd and 3s1. should i do s2 and 4th april ka also
or should i give my final mock and just revise?"
t2_qx9wjnr8,ADVANCED,0,2,1.0,0,1743760152.0,False,t5_311ttu,"95-97%ilers whose exams are over, adv ke liye kya kr rhe ho😔"
t2_1h6hqy3i62,Bhari prep chll rhi hai🤡🎊,0,3,1.0,0,1743752197.0,False,t5_311ttu,GHOST OF DHOLAKPUR😊
t2_1izxcz7m16,OC ka weightage tell crow apni shift ka,0,1,1.0,0,1743773452.0,False,t5_311ttu,"Apni apni shift ka OC weightage bata do, 7s2 wale ki dua lagegi.

Aur difficulty bhi batana,
 NCERT LEVEL/MEDIUM/G FAAD"
t2_1lfzaxs5o9,7 ko hai exam aar ya jee se bhar,0,0,0.33,0,1743773444.0,False,t5_311ttu,bhai 7 s2 paper bhut tought ane wala hai be alert 
t2_cs1fdnmf,HOW TO PREPARE FOR JEE B PLANNING,0,2,1.0,0,1743759527.0,False,t5_311ttu,"I'll be covering the math syllabus, but other than that how do I prepare for Aptitude and Planning part? Those who have given B.Planning or even B.Arch pls help. Also is the math part on the same level as JEE Mains or will it be easier? "
t2_160z5hraqp,Baat suno LAWDE ki. (Jee walo gand Marlo iski),0,1,0.67,0,1743772881.0,False,t5_311ttu,
t2_tyh3e8se,Need Guidance,0,1,1.0,0,1743772720.0,False,t5_311ttu,"Hey i am from RCPIT shirpur , earlier i liked the college but now i have realied my mistake now i am in 3rd year and thinking to drop to give an cet exam "
t2_mkdznhtj,Jee prep tips,0,1,1.0,0,1743772667.0,False,t5_311ttu,My 11th is going to start in a few days and I want to crack jee. My father is saying to join a integrated school program with aakash so that a lot of my time is saved as school+coaching is quite hectic. Are these integrated school programs helpful or are they useless? Also any tips for class 11th would be appreciated
t2_1mecuuem1l,Found this,0,36,0.95,0,1743703277.0,False,t5_311ttu,"Sach hai yeh, haina?"
t2_9x2r9dss,Bhai Ma gaya Typhoid hogaya mujhe,0,1,1.0,0,1743771747.0,False,t5_311ttu,Mera paper 7 ko ha aur pichle kuch dino sa bimar chal raha hu abhi report ayi hospital sa Mujhe typhoid ho gaya ha ab kya kar
t2_1iud5fxgjr,Best Free Lectures for BITSAT 2025 Maths?,0,5,1.0,0,1743744587.0,False,t5_311ttu,"I'm preparing for BITSAT 2025 and looking for the best free online lectures for Maths. Since BITSAT is more speed-based than JEE, I need lectures that focus on concept clarity and fast problem-solving techniques.

Which YouTube channels or other free resources would you recommend for efficient preparation? Preferably something that covers shortcuts and tricks useful for BITSAT."
t2_7e8vdajq,"Which QFT should i give, FINAL ONE BEFORE EXAM, 2025 ka koi accha paper bhi chalega",0,1,1.0,0,1743771597.0,False,t5_311ttu,"I have given 16-20, 23 Was thinking about giving 22 but 25 ke baad wale kaise hai, i just want a really good qft which has tricky questions in physics and chem, any good 2025 paper would also work  i just need suggestions."
t2_1bhr6mgg96,7s1 need help,0,0,0.5,0,1743771380.0,False,t5_311ttu,"I wasted my 11th and 12th due to health issues
My all subjects(3) are weak 
Haven't done a single chapter yet not even units and dimensions,basic maths, etc

So is it possible to score more than 90? If yes then what chapters should I focus on... "
t2_19x3dvx25p,Please HELP me 🥺 . Dummy / Regular??,0,0,0.5,0,1743771322.0,False,t5_311ttu,"I am a NEET 27 ASPIRANT Well from a Tier 3 city :( .

 I Recently purchased an Online batch for the prep 🎯 but I am confused If I should opt for dummy or Regular School 🏫 .

 Obv being from a Tier 3 city offline coaching are not worth it but the only thing I am concerned with Dummy + Online is Isolation as I can't see my competitors how they're performing and obviously ""0"" Social Interaction... Which might lead me to depression and anxiety 🥺

The Second Doubt is If I opt for Regular School ( which I have calculated that I will get around 160 days for my preparation - by maintaining 75% Criteria) . Is Selection possible from Regular School as well ? The teachers are pretty good 👍 and they have some tie-up with Aakash Ig . So will Regular School will be a good option ?????  

Please give me name of a few toppers who cracked NEET with Good Rank ."
t2_li4226827,Vnat on 13th april,0,1,1.0,0,1743771262.0,False,t5_311ttu,Hi I am giving the vmc scholarship test on 13th any advice ? Also what is the batch difference I keep reading about on this subreddit could anyone explain.
t2_1fovw3ku7e,Which books to follow JEE 2027,0,1,1.0,0,1743771041.0,False,t5_311ttu,"Joined Allen 
So along with Allen modules which book should I follow for each subject 


Need help seriously cause I've no idea and can't trust youtubers, 
Please give honest advice

"
t2_iemxbz96y,I guess I ain't strippin n*ked,0,51,0.93,0,1743693027.0,False,t5_311ttu,"So, today was JEE (3 s2)

Physics - 24/25

Chem - 15/25

Maths - 15/25

Ek bhi tukka nahi mara (In fact, ek question (wo definite integration wala) ke options galat the so I didn't mark it)

POSTING THIS ON BEHALF OF u/master-peace."
t2_97dlgqxa,About the guy who said he will strip naked if he gets <99%ile,0,186,0.99,0,1743668562.0,False,t5_311ttu,"Look at this clown projecting his insecurities

Remember him on April 17th"
t2_14bs3cydcx,can i get admission into btech with maths as an seperate subject,0,1,1.0,0,1743770433.0,False,t5_311ttu,"""I gave the 12th PCB exam with Crop Science as an elective subject. Can I get admission into BTech if I appeared for the isolated exam under the Maharashtra Board, or is Math required for that stream as a compulsory subject ?"""
t2_cmudx5g3,Thoughts on April3S1,0,1,1.0,0,1743770416.0,False,t5_311ttu,"How was April 3rd s1, I heard people saying it was easy. Was it really easy? I found it challenging? Please help me 🙏"
t2_1fmmzr4eot,Best physics book,0,1,1.0,0,1743770280.0,False,t5_311ttu,"After Allen modules and also I will also practice pyq after or before these 

[View Poll](https://www.reddit.com/poll/1jrauhp)"
t2_19x1um1vm5,I can't get a teacher out of my mind,0,1,1.0,0,1743770278.0,False,t5_311ttu,"Heyyy so I'm in enthuse batch but  from the starting of 12th my coaching has started revising 11th syllabus too 

And there are some chapter which i haven't studied in 11th as i left my previous too early then the syllabus completion and redox is one of them 
So for revision today  i had a class for redox
And last night couldn't do hw as i had very bad cramps and i get very weak during my periods 

Toh unhone aaj indirectly bohot bola mujhe because 12th ka batch start hone se pehle i went to my branch head and told him the situation that i have some chapter left of 11th and the head told me to complete the topics from the same teacher and ye january ki baat h 

Toh class mein he was like ki hw krte nhi h fir branch head ke paas jaate h bahane lekr 
The thing is that he doesn't know that I wasn't in allen in 11th and the whole situation and thought that 11th mein i was in allen only then he said 11th  mein roti tod kr so jate h and ab bhi kuch nahi padhte and all and bahane dete h 
I felt veryyy humiliated and i am sad padhne mein mann nahi lag rha what do i do"
t2_1hvcs7w176,Kis kisko ye aadat h meri tarah?,0,4,0.83,0,1743748669.0,False,t5_311ttu,3 din me jee hai or yaha kota factory ke gaane sunke khudko imagine kr ra hu jese is series ka character hu😭😭.. am i alone who do this?
t2_1be0pm4sp7,I Cheated in jee Mains 2s2?,0,372,0.93,0,1743654268.0,False,t5_311ttu,"Note-Post is Big So take time and read
So yes guys you would not believe yesterday what happened with me.
So our centre was just 2 km from my house.
I reached my centre very early just chilling and was aiming for 120-130.[Moh Maya hai puri duniya 95 Percentile Enough for me.]
So exam started i started with maths and when I attempted maths section I just believe ki paper bahut easy hai.
Tum soch rhe hoge isme cheating kaha hui last 30 minutes' mai kiya?
Yes So physics was very easy nothing exceptional 
Chemistry Ncert based+tricky .
Ha to let's move ki mere sath kya hua
Hua ye ki maine jab apna paper karliya to 10 minutes shayad bacha tha,To mere Intrusive thought ne kaha why don't I write the answer on my hands so that when I will go home it would be easier.And I wrote every single questions answer on my palm invigilator was just moving outside[Outside matalab jiska tcs digital zone mai hai centre unko pata hoga ki kya kehna chahta hu.
And nothing happened but jab mai bahar jaa ra tha bc invigilator ne dekh liya bhai jo usne haath pakda itna jor se pakda bhai uske baad mereko alag kardiya 😭.
They asked me what's written on your hand aur mai tha introvert maine kuch nhi bola.
Maine bola phir ki jo answer likha hai vahi haath mai likh liya but unhone mana hi nahi then they asked me several questions kaha rehte ho class 10 mai kaitni aayi 11 mai kaitna aayi boards exams kaisa gaya then they tooked photo of my hands with my face they watched cctv camera without skipping parts of last 30 minutes' mujhe aate aate 9 baj gaya.
Tha ek to mai akele aaya tha scooty se upar se ye sab aur bc ek baar call tak nhi karne diya when they seen that I just copied answer which I did on paper to unhone bola ki paani se mitao ye sab also jo check karta hai he confirmed that aane time iske haath mai kuch nhi likha tha.
Ye sab bakchodi hogaya bhai kaal meri jo fati thi i thought mera engeneering career ke lagne wale hai. But at the end i got saved but they have my photo with the answers written on my hands. 
🤡
Sujna-Aise laure harkat na karen"
t2_1bwaal6alm,"ALL THE BEST, 4S1 AND 2 BADDIES",0,5,0.78,0,1743738441.0,False,t5_311ttu,i hope you all are able to execute your best. jao phod ke aao
t2_82u0ugkg,"aaj finally maan liya ki i'll amount to nothing in life, im useless and a burden on this earth.",0,3,0.8,0,1743748228.0,False,t5_311ttu,"9th se meine mummy ko bol rakha tha ki mujhe jee neet ekdum nahi karna, my reasoning was children kill themselves over these exams, top colleges mein stress se log marte hai, i dont want to take part in this rat race, i wanted to apply abroad, kahi bhi i just wanted to leave the country, par uss samay papa aur dadi mein iss baat ko sochne ke liye bhi meri zindagi narak banadi, vo time mujhe lagta tha zindagi ka sabse bura time hoga, now i know nothing can beat jo meine apni zindagi ka ab kardiya hai.

11th mein ghusa diya mujhe allen, went well for 1 month and then i got a boyfriend, i knew i shouldnt i knew i had to wait jab tak im not at the top of my class, but nahi hopaya, fir dheere dheere the pressure got me so bad i took a chaaku to my wrist, and things just kept getting worse, we broke up, i broke down, i plummeted in class i never wrote tests out of fear i started lying to my peers and parents and teachers about my studies not coz i just wanted to lie, but coz i genuinly thought i'll achieve whatever im lying about, meine fir dheere dheere jaise pressure badhta gaya, padhna hi rok diya, genuinely never thought this could be me, kah amein ivy league jaane ke baare mein soch rahi thi aur kaha ab mein 12th ke boards mein 62 percent laayi, that was the first time my parents saw through my lies, it brought upon hell when i asked to take a drop, ab soch rahe hoge why the fuck would i want to take a drop - i wanted to prove to myslef that bas bura time chal raha tha, i can still do it, iit bombay is mine, surely in an extra year i can do it, meine apne dosto ko apne jee mains ke marks jhoot bataye ko acche hai par i want iit to i'll take a drop, sabko jhoot bola, shaayad khudko bhi ki merese hojayega, aur hobhi jaata agar mein padhti. 

par meine ekdum nahi padha, meine pure saal nahi padhi, mein bas soyi, yt pe time waste kara, khaya, weight badhaya. tab bhi mujhe lagta raha merese hojayega, hojayega, i'll find a way. 

abhi mujhe 1 ghante mein akele nikalna hai april attempt likhne, jan mein mujhe 64 percentile aayi thi. advance tak clear nahi hoga mera, i dont know what to do with my life. on 1 hand i never wanted this, but on the other i did start to, i did have the iit bombay dream, and i fucked up so bad meine akele jaa rahi hu aur akele aungi, mann kar raha hai ghar vaapas lautu hi na, kahi chatt pe jaa ke kuud jau. i never thought this would be my life.

i know and i understand fully agar tumne ye padha hai toh gaali niklengi, but id like to humbly tell you ki please, mat bolna, i cant take it, for my safety please gaali mat dena."
t2_sab6uohc,Is this aakash test worth it?,0,1,0.67,0,1743769401.0,False,t5_311ttu,
t2_t09spmotd,Need help for dropper batch,0,1,1.0,0,1743769350.0,False,t5_311ttu,"1st attempt me mere 90 percentile bne h, aur 2nd attempt bhi kuch acha nhi hua. To ab drop  lena h. Krna online hi h. Lekin kiska batch lu? . Unacademy phoenix batch , pw prayas batch, iit school or something else(1 nishant jindal bhi koi batch la rha h)? "
t2_sq3fcvdxd,Bc paper itna bhi koi easy nahi tha,0,173,0.96,0,1743668701.0,False,t5_311ttu,Easy tha easy tha bolna band karo behench*d Trauma doge ab
t2_ccp5pxg00,"Modules, books help",0,1,0.6,0,1743769138.0,False,t5_311ttu,"I'm a 27 tard(please don't downvote or tell ulta sidha). I have purchased Arjuna batch, and am aware that PW modules are not that good. I want to buy Allen modules, but can't find them on amazon. I don't know any Jee tard in my area either. Mostly everyone prepares for NEET here. I personally don't like to study books from digital devices as it strains my eyes, but for the time being, can any senior send me allen modules. I currently have no book. Also, please tell if I can buy allen modules from kota modules website(img attached)

Summary: Please send me allen modules pdf and online link because I want to buy them too."
t2_kxhlu54f,Help me droppers (ews),0,1,1.0,0,1743768748.0,False,t5_311ttu,Hey guys can u drop ur percentile vs crl rank vs ews rank plis plis
t2_1iybnfs9kw,HELP KRDO YAAR IGNORE MT KRO,0,0,0.4,0,1743768430.0,False,t5_311ttu,IS NEWTONS LAW OF COOLING BEING ASKED IN APRIL SHIFTS?? JISKO PAPER HOGYA HEH PLS BATADO BHAI !! AYE AYE TEE KI KASAM
t2_12j83rvmtd,3s1 tha chudd gyaaa😭,0,78,0.96,0,1743683512.0,False,t5_311ttu,chud gyaa guru😭😭😭
t2_tn2cziaf5,4s1 me marks vs percentile kya ho sakti hai?,0,1,1.0,0,1743767839.0,False,t5_311ttu,Esaral wale 170 180 pe 99 bol rahe hai and ek aur channel wala 160 pe 99 mujhe nai lagta itna low jayega kyunki bacho ki performance achi hogi iss baar. My guess is 180-190 pe 99
t2_64xsy5a36,MAINS 4S1,0,2,1.0,0,1743754267.0,False,t5_311ttu,"Guys
So I'm like an average scholar not very good in studies not very bad
I studied nothing for mains but as for curiosity I filled form.
3 days before I started seeing some shorts of mains questions and gave a few mocks
I was getting 50-100 in mocks.

So i gave the paper
Attempted like 30 questions out of 80
15 in physics,4 in maths,11 in chemistry 

I'm average in studying and didn't revised 11th but I felt the paper was slightly moderate
I thought ki jee ke exams ekdam aise honge ki jamin khisak jayegi dekh ke😭
It was a fun experience giving mains for the first time"
t2_7e8vdajq,WHICH 2025 PAPER SHOULD I GIVE FOR APRIL ATTEMPT,0,1,1.0,0,1743767753.0,False,t5_311ttu,"observing the april trend which 2025 paper or QFT would be recommended for the April attempt, my exam is on 7th so was thinking about giving one final mock before it, i have given QFT (16-20,23) 

Anything would do any good qft or 2025 ki koi si bhi acchi shift, i just need suggestions"
t2_dixeskt3e,Pls help me what is the criteria for jee mains architecture,0,1,1.0,0,1743767734.0,False,t5_311ttu,I got 99.26% tile in jee mains architecture in January now what is the criteria to get architecture in iit???
t2_1izzy9k5be,Guys. Meri 97.13 percentile thi jee mains 1st attempt me. 2nd me utna improvement nahi hoga. To iss percentile me mere liye best college kaun sa hoga bata do plzz..,0,1,1.0,0,1743767645.0,False,t5_311ttu,Bata do bhai..
t2_1k54916ft9,Any college suggestions,0,1,1.0,0,1743767482.0,False,t5_311ttu,81 percentile in jee mains gen ews up male 
t2_1jq29vw55k,Chud Gye Guru,0,170,0.99,0,1743667424.0,False,t5_311ttu,
t2_1aaqsxps8x,2 april shift 2,0,2,1.0,0,1743753848.0,False,t5_311ttu,"Log itna bolrahe easy tha easy tha paper maths especially toh Kitna expect karrahe ho 99 jayega? 

Personal opinion - 25 jaise hi laga usme phy easy hi tha maths tougher side but chem bhi easier thi.But in 2s2 major chiz bhul rahe ki chem tougher sucks kyuki unexpected rehta woh , still nothing confirm till result comes.

"
t2_8ezs2p5o,does pw lakshya jee batch provide less lecture and classes during school exams? and if not does it create extra backlog ?,0,1,1.0,0,1743767327.0,False,t5_311ttu,AM I FUCKED?
t2_16dgga4xf1,2s2 percentile,0,3,1.0,0,1743745779.0,False,t5_311ttu,Guyzz maine aakash aur Chaitanya se marks calculate krein toh thoda kam manke chalrha approx 180 se 190 ke beech kitni percentile expect kroon? 
t2_158y1quasr,urgent pls answer!,0,1,1.0,0,1743767115.0,False,t5_311ttu,Bhai Result din password mei DOB dalna hota h Ya sirf PASSWORD? I mean MERE DOST MERE RESULT DEKH SKTE H KYA JEE KE?
t2_akaxigd5,My best friend wish me goodluck for jee exam,0,335,0.98,0,1743653315.0,False,t5_311ttu,
t2_qrwre0q7,Cet and viteee,0,1,1.0,0,1743766819.0,False,t5_311ttu,Can someone confirm me what are the actual centre for MHTCET and Viteee if my 1st preference is Mumbai 
t2_sszfzf6zl,what are we supposed to carry to the exam,0,2,1.0,0,1743753169.0,False,t5_311ttu,"pencil box allowed hai kya? or just pen and photo 
"
t2_102wq34qx7,17T PW COUPON,0,1,1.0,0,1743766693.0,False,t5_311ttu,"Are Mere Laundo 
Kisi k paas PW  200 se jyaada waala pw Coupon h kya ? 
please 🙏"
t2_1d3y7zymez,4 april shift 1,0,2,0.75,0,1743753003.0,False,t5_311ttu,What do you all think of the paper. I found chem to be easy. Maths moderate and physics on the harder side. How did yours go?
t2_li4226827,In 11th vmc or allen?,0,1,1.0,0,1743766343.0,False,t5_311ttu,Title
t2_1dtykjpxsw,Should I take a Drop?,0,2,1.0,0,1743752782.0,False,t5_311ttu,"Is taking drop for jee worth it i am a student who has appeared for class 12 this year ans rn am unsure of wht cllg to join should i take a drop or join some other cllg i will be starting from zero (class 11 and 12) will it be possible? Want honest opinions 
"
t2_k40nm84rk,need help,0,2,1.0,0,1743752722.0,False,t5_311ttu,"81 percentile in mains drop year , not applied for any other entrance examination  and not even 60 percent in boards but still intrested in btech and coding what should i do ?"
t2_9b7bkqqf5,What's the scope of veterinary doctor's in India?,0,1,1.0,0,1743766023.0,False,t5_311ttu,"I am 3 times NEET dropper. Giving it one last time this year. 

I am looking for other career options in PCB but everything seems like it doesn't have any future. 

Bsc, Msc and phd takes around 8 years just to earn 40- 50k. 

Other options are BAMS, bhms which are basically pseudo science. 

Now the remaining options are MBA and government jobs but it's like leaving One rat race to join other rat race. 

BDS is saturated and there is literally no scope. 

Now left with veterinary and nursing option.

 I am considering doing veterinary medicine but I don't have any idea how much scope it does have.

 I have already wasted 3 years and my parents money. Now I don't want regrets in my life from now on. 

So what's the scope of veterinary or should I go for any other options?"
t2_baij3tqx,3rd April Shift 2 Discussion Megathread,0,67,0.97,0,1743683445.0,False,t5_311ttu,"Tards posting irrelevant or repetitive questions will face a 15-day ban.

No excuses will be entertained later, as this serves as your official warning. Avoid spamming. Let those who appeared for today's exam share their experiences.

Comments such as:

""How was the exam?""

• ""I am getting anxious!""

• ""When will people start posting?""

""How was it compared to \[specific shift/exam\]?"" will be removed, and appropriate actions will be taken.

For detailed discussions, join our Discord community: [https://discord.gg/JEENEETards](https://discord.gg/JEENEETards)"
t2_h5h1ncimp,How many registrations for second session?,0,1,1.0,0,1743765853.0,False,t5_311ttu,Any idea kisi ko? Because someone was saying that this time there will be less registrations than last year because many people were facing some few issue while registering. 
t2_tfiaphug,"Chat I'm thinking of eating this just before my exam(3s2) , Should I ?",0,427,0.98,0,1743647525.0,False,t5_311ttu,"Someone suggested me i can score 99.9999 percentile after this 
/s"
t2_te7u3jtx,I USED TOO MUCH OF MY BRAIN,0,0,0.25,0,1743779340.0,False,t5_311ttu,"Guys so i found out about schrodinger's cat yesterday and it got me thinking and i realized something amazing.

So basically in schrodinger cat if we dont know definetly if the cat is dead or alive it may be both simultaneously. So according to this Jhonny Sins could be a virgin (for me tho) coz i havent watched any of his vids so i havent seen him go through coitus anytime in my life.

Hence proved there is a 50% chance Sins bhai is still a virgin and i feel bad for him."
t2_1jh8f2p7ku,Pw Prayas or Allen Offline ( Chennai ) for drop year JEE,0,1,1.0,0,1743765369.0,False,t5_311ttu,"Please thoda detailed me respond karna 
I'm confused here is some pretext:
11th ( April to July ) -- PW Arjuna 1.0 
11th - 12th --- Aakash Offline ( Because of huge backlogs , i joined aakash in July 4th phase ) this turned out to be my worst mistake 

Now in drop year I'm confused between Prayas , Self Study , or Allen Offline 
Got 73ile in jan and expecting around 80ile in Apr
"
t2_17thyec0n5,Aadhar nahi mil raha,0,2,1.0,0,1743751792.0,False,t5_311ttu,Bhai aaj exam hai kya karu
t2_oooj6rhor,27tard here.. What's the best coaching for JEEM and JEEA in mumbai (limitations till thane),0,2,0.75,0,1743751782.0,False,t5_311ttu,
t2_sq3fcvdxd,Pls help kardena yaar jisko bhi idea ho. Papa puch rahe h kaha lena h drop.🙏,0,2,1.0,0,1743751424.0,False,t5_311ttu,
t2_1mf131q5az,Failed Dropper,0,14,0.94,0,1743712895.0,False,t5_311ttu,"2:03 am right now
10th me toppr tha like 95 percent but ab niche girta hi jaa rha hu 12th me 80 pr jee me to pura chud hi gya with 12 th 60 percentile 
Kl paper hai pta nhi kya hoga 50 percentile in Jan ab April se jyada kuch umid nhi 70 bhi cross ho jaye to bhot hai I'm totally fked up
Pta nhi aage kya hoga bc mere sath jitne bhi logo ne chalu kiya jee ki tyari  sbne quit kardiya me chutiya mc jo 11th se drpr bn gya 
Kash 2022 june dobara aaye or mai commerce leta like 10th me ya marks ache na aate to gharwale commerce dila dete but society pressure ki vajah se ki science lete hai science mera 10th me pura pura pass tha or math me 100/100
Or 27tards jo bhi chalu kr rhe ho abhi bhi soch lo fancy fancy jee aunkr chuduge 10th tk sb topper hi hote hai badme chudte hai"
t2_a49bor7a,physical chemistry helpppp,0,1,1.0,0,1743764436.0,False,t5_311ttu,"soo neet exactly ek month baad hai and everything is sorted except physical chemistry. I've studied and practiced it throughout the year but can't seem to find one source to followfor practice, like 11th physics I've been revising through MR sir's ummeed pdfs, 12th through AG sir's pdfs. i need something consolidated for physical chemistry too warna without practice recall becomes weak. done with pyqs. "
t2_1g0k7r87vu,Bc 3s1 wala koi ku ni dikh rha,0,0,0.4,0,1743764175.0,False,t5_311ttu,
t2_f1i01sn3,4s1 help,0,2,1.0,0,1743750238.0,False,t5_311ttu,"1)Woh dumas method wale me total pressure 900mmhg tha ya 800mmhg
2) chem me radius ratio me Li/He tha kya? 
"
t2_7l0dhqfn,2 ghnte me exam h OP ka poc khtm nahi hua abhi tk,0,486,0.98,0,1743642808.0,False,t5_311ttu,
t2_1mdznu1211,i need some advise,0,5,1.0,0,1743736054.0,False,t5_311ttu,"maybe a failed dropper here (its ny first post on reddit, ignore errors)

i scored 90 percentile in januray and 3s1 i am scoring maybe around 91 or 93 percentile. I am not sure on that.

I told my parents that my exam went bad and she started scolding me. She is giving me taunts every hour since i told her about exam.

please give me some advise what sholud i do

my vit,comedk,iat, (maybe advance) exams are left"
t2_1k32vvr6ko,Scenes after my JEE exam:,0,129,1.0,0,1743668464.0,False,t5_311ttu,"Ofc, it went bad. "
t2_1iwqhmj4r9,A boy fell in my centre,0,28,0.98,0,1743696739.0,False,t5_311ttu,"Exam over ho gya tha aur jo hmara exam hall tha wo 2nd floor pr tha.
 To jo stairs thi wo kafi slipry thi aur kafi km area me tha.
 To like aage(downstairs) 7-8 girls thi mere aur bss 1 ldka tha  un girls ke left side me(moving so fast fast on stairs). Idk wo sayd out of no way uncomfortable ho gya ho ya whatever bichara jldi jldi me slip kr gya 3-4 stairs straight ekdm. Fir un girls ne use uhaya fir wo bhag ya jldi se.

Feeling bad for that boy...🙂"
t2_10xz7l8baj,Too all the droppers 2026 n 2025 help me plsss! Prayas jee,0,1,1.0,0,1743762034.0,False,t5_311ttu,Today was my mains 2  went decent now pw prayas is starting from 21st april so there are still 15 days to go so what can i do in these 15 days like ek chapter koi tough chapters kru ya easy chapters karu??
t2_gu779ebsa,IACS ELIGIBILIty,0,1,1.0,0,1743761733.0,False,t5_311ttu,"
2 nd dropper are eligible for upst"
t2_an2yqtqw,Bitsat test series ?,0,1,1.0,0,1743761717.0,False,t5_311ttu,"Which bitsat series is best ??? 
Please tell me "
t2_soszyjbq9,Making a college search website ( all countries including India ) here is a teaser,0,20,0.88,0,1743704136.0,False,t5_311ttu,
t2_tn6zc3hny,93 percentile obc any nit possible,0,0,0.4,0,1743761318.0,False,t5_311ttu,
t2_9l6231mi,Koi senior agr advice de sakta hai to dedo,0,1,1.0,0,1743760764.0,False,t5_311ttu,"Mai dropper hu . Aaj last try tha jee crack krne ka , par paper bura gaya . Clear bhi nhi hoga . Meri khudki bohut galtiya thi , aur conditions bhi kuch kharab the. Lekin parents mere duniya mein sabse achhe hai , koi stress lene se mana kiya hai . Sach bolu toh wo mere jaisa useless child deserve nhi krte . Kabhi unke samne keh nhi paunga but "" Mom Dad I am so sorry ki meri wajah se apko itna stress jhelna pada "" . Kuch nhi kar paya unke liye abhi tak . Socha tha jee clear ho jayega to unko koi stress nhi lena padega, wo bhi sapna hi reh gaya ab . Kuch samaj nhi aa rha kya kru . Life mein har important moments pe main fail hi huwa hu. Bimaag blank ho chuka hai . Parents ko ek achi life deni hai chahe kaise bhi ho . Par kya kru aage kuch pata hi nhi . Mere state ke engineering exam ke liye enroll kr rkha hai , lekin baki ke exams ka nhi kiya . Agr koi senior yeh padh raha hai to thoda advice dedo ki kya kru . Kya Bitsat aur IAT exams ke liye padhu ya kuch aur ?? "
t2_1m477p8n8e,physics 3 april question,0,1,1.0,0,1743760262.0,False,t5_311ttu,"but p is a vector and as the body enters mag. field, it will begin to revolve therefore changing the velocity therefore the momentum and even the lambda would also change... speed would remain constant but velocity and momentum will change... plz respond."
t2_yahdaxezu,Dar ka mohol hai zee,0,86,1.0,0,1743673116.0,False,t5_311ttu,
t2_1hbec8x9yy,Suggest a maths teacher for drop year who teaches from 0 till mains level (not advanced) except ashish agarwal sir since his lectures are too long.,0,1,1.0,0,1743760007.0,False,t5_311ttu,
t2_1fd4akc1gt,10qchallenge viteee course,0,2,1.0,0,1743746247.0,False,t5_311ttu,"I purchased this course yesterday for viteee 10qchallenge ka and uspe mock tests and short notes hi available ni hai, there are options to get short notes but when u click it, there is just a front page and no further notes, you cant scroll further it just shows this fricking page"
t2_14pzwm7sxt,Delhi dummy schools,0,0,0.33,0,1743759602.0,False,t5_311ttu,Hiii I'm looking for a dummy school IN DELHI. I dont want the school to be a 100% dummy school meaning I want ki the school has 11th 12th science faculty and attending science students as well...I'm going to start 11th now..any suggestion? 
t2_1ideqf0kg2,JEE kaisa gya? mujhe darna chaiye kya?,0,0,0.5,0,1743759556.0,False,t5_311ttu,"just got into 11th, my coaching is gonna start JEE preparation next week- should I be scared? "
t2_1la2yaylai,4 Shift 1,0,1,1.0,0,1743759426.0,False,t5_311ttu,wo feso4 wale qn ka answer aur no. of H bond in gcccatgc jaisa wala
t2_nxwm7wlk1,Resonance modules sets and relations missing??,0,1,1.0,0,1743759322.0,False,t5_311ttu,"Resonance class 11 ke modules m sets and relations pe chapter nhi h kya ya kisi aur topic ke saath mixed h? bcs merpe jo pdf h unme nhi h , koi confirm kr do please "
t2_dyas051k,NEED HELP FOR BITSAT,0,1,0.99,0,1743759251.0,False,t5_311ttu,Mera jee ppr to kuch khas nhi gya. Abhi BITSAT pr pura focus Krna he Koi high weightage topics bata do pls
t2_4vgnb93l,"(HELP) Confused about my final career path, Engineering or research",0,2,1.0,0,1743745479.0,False,t5_311ttu,"(Please try reading the full thing) 

Kal mera 3s2 paper hogaya. It was decent although as you all know chemistry ne Macha diya. With some luck mere state ke ek accha central government college me ho jayega jaha mere bhaiya padhte hai, there I'll get atleast Electrical with some luck. NIT toh nahi hoga janta huu general wala banda hu.

JEE path I'll say maine 100% khud choose kiya tha. Since lockdown I had been programming, creating games, 3D animations, renders and whatnot. Toh it's completely on me. Parents never forced me to do anything.

But I never liked the prospect of just doing a job after graduation. I know masters is an option but Nor was I interested in doing purely industry/computer based engineering and learning programming just for a job. I wanna keep on learning and learning. I know it sounds stupid and contradictory but bear with me. 

In 12th starting I came to know about the IAT exam which with even decent just PCM score you can get one of the best research institutes in India. While for JEE I had been in such a cut throat competition where my dream NIT and dream branch requires you to be in like top 0.8%ile or even less. However I waited for JEE to be over before deciding. And I think I've decided. Advanced toh nahi niklega in 45 days as I've never really done that level of questions, however with these days prep I'll give it if I do clear cutoff.

I'll give my absolute best in IAT and try to get under 2000 rank which is the threshold for IISERs.

What do I wanna pursue? Well since 12th start I started getting super interested in mathematics and how it works, all the stories of it's evolution throughout the years, efforts of so many people. So if given the opportunity I would definitely go for that. 

During these years I'm planning to self teach myself higher levels of programming and CS in general. Keeping in mind that I have a decent level of programming and computer background although I haven't been in touch with the new AI race due to, well JEE. 

Where do I wanna see myself in 10 years? Definitely abroad and not just pursuing higher education but having the freedom and opportunity to go to talks, conferences, interact with good programmers from across the globe, build complex projects and code, do showcases of those projects. Always wanted to do those things. 

So if any seniors who were also a JEEtard but had a change of paths and qualified IAT, or any who qualified it in general what advice would you give? Am I just being stupid and underestimating research level Mathematics seeing happy 12th ncert or would it be viable? "
t2_1m477p8n8e,general advice,0,1,1.0,0,1743758886.0,False,t5_311ttu,bhai bhen log mains me iss baar poc me heavy calculation wale sawaal dilh rhe hai... tum log exact value calculate kr ke answer kr rhe ho ya approximate kr rhe ho... will nta give range...?
t2_18n0gmw20w,Neet test series help,0,1,1.0,0,1743758646.0,False,t5_311ttu,Neetprep ki HYTS series free me dilwa do guyss... :) 
t2_vf7n7gv6,ISKA ANS C AAYA THA NA? IG B TOH OPTION ME HI NHI THA,0,1,1.0,0,1743758550.0,False,t5_311ttu,"https://preview.redd.it/laoy1tsddsse1.png?width=1920&format=png&auto=webp&s=ab39d6fb7bc691ce70671d65a89e3625558dc2c2

"
t2_t6edjyf9,Had my first therapy session today.,0,2,1.0,0,1743744826.0,False,t5_311ttu,"It was good. Bur bhai meri to fatt gayi thi mai almost rone ki condition me aagya tha. Meri therapist ne mujhse mere almost sare emotions bahar nikal diye ek hi session me itna ajeeb lag rha tha ki bata nhi skta but session khatam hone ke baad aur ajeeb lag rha hai. 
But genuinely sahi chiz lagi mujhe to.... "
,Integrated school with allen coaching,0,1,1.0,0,1743758297.0,False,t5_311ttu,"The school I'm joining in 11th (25-26 academic year) has an integrated program with Allen. Allen teachers will come to school 3 days a week to teach. Also, I can get time to grind modules in school on other days since I took PE. I'll come to home at like 3 PM so from 3 to night I have full time to study.

Did I make the right choice, I didn't take narayana cuz they're gonna destroy u mentally as they are doing 11th and 12th both in 11th itself. Also dummy schools are very risky.

So good decision?"
t2_1izzy9k5be,Guyss serious hai. Bahut log bol rahe hai ki 3rd April shift 1 me 2 bonus milenge. Mereko comments me batao kaun se 2 questions hai wo... Plz,0,1,1.0,0,1743758263.0,False,t5_311ttu,Plz batao guys 
t2_1m477p8n8e,is it correct ya order galat hai?,0,2,1.0,0,1743744242.0,False,t5_311ttu,
t2_kbarnwthp,"Dummy school closed in my area, what should i do. (12th Neet)",0,2,0.75,0,1743743942.0,False,t5_311ttu,"my coaching has some high connections with almost all schools, they said they tried to talk but **cbse is strict** now so u have to go to school.

  
**I have 3 options so far:**  
1) **shift to state board** that what most will do, but i dont wanna shift to state board cuz i might go aboard as my sister did this year.   
2) u have to **go school 2-3 times in a week** (8am-11am) then (1pm-5pm coaching) and do the school work aswell. coaching said they will improve the online system so in that day student can attend online classes. this option is not so viable cuz it took 1h to travel home to coaching. and i easily get tired too.  
3) Go to **regular school** and join a **online coaching** with offline test series.

2nd option is also not so viable because school will charge regular fee, that is around 40k a year or more.  
and my 11th is preety good i manage to score avg of 500 in weekly test throught the year."
t2_hdinsljxp,Ek pokemon dusre pokemon ko viksit hone ki tips deraha hai,0,28,1.0,0,1743693666.0,False,t5_311ttu,
t2_1laf5rt4wi,Tried painting rocks finally after jee !!,0,106,0.99,0,1743666013.0,False,t5_311ttu,
t2_1j0hrpds6b,Question for droppers(please read body),0,2,1.0,0,1743743313.0,False,t5_311ttu,Is there any document required for drop year which i need next year which will be needed during jee form fill up or anything i only got to know abt gap certificate so please would be thankful if someone explains abt this and any other requirement 
t2_dyas051k,4 s1 DUMAS,0,2,1.0,0,1743756843.0,False,t5_311ttu,Dumas me kya answer aa rha tha? 
t2_9aztq6rr,"12thies WHO HAVE STUDIED FROM PRAYAS, HOW WAS YOUR EXPERIENCE?",0,2,1.0,0,1743743212.0,False,t5_311ttu,questions bann paa rahe the? And should i opt for prayas if  my 11th is wasted?
t2_1hjbbs0hux,What's Next,0,15,0.86,0,1743702504.0,False,t5_311ttu,"Sorry I wasn't able to 😭. 
I did Maths but ignored chem in whole journey. Sorry 😔. I am done but not yet.
Will try till end of June. If not I am ready to fight this battle again from July.
I am ek number ka ch*tiya lund bsdka hu me."
t2_sedd36kgx,Wait is Finally Over : Rank vs College Predictor is Out,0,50,0.94,0,1743681354.0,False,t5_311ttu,"So after working for the entire last month I have finally created an updated version of my rank vs college predictor with many new features..
This time we have NITS,IIITS,GFTIS,IITS,IIITH,JAC DELHI COLLEGES,BITS,IISC,IISER and also a percentile to rank estimator. I have attached some screenshots below you can see them..

Also have added a task verification system as in order to add new features I would have to buy the paid plan of the hosting as I am out of storage.. ( Hope you guys understand)

[Click here for the link](https://aaklon.pythonanywhere.com/)

Click on USE NOW to explore all the predictors

"
t2_1l4i4f9ocu,doubt,0,1,1.0,0,1743756559.0,False,t5_311ttu,
t2_baij3tqx,3rd April Shift 1 Discussion Megathread,0,126,0.98,0,1743661840.0,False,t5_311ttu,"Tards posting irrelevant or repetitive questions will face a 15-day ban.

No excuses will be entertained later, as this serves as your official warning. Avoid spamming. Let those who appeared for today's exam share their experiences.

Comments such as: ""How was the exam?""

• ""I am getting anxious!""

• ""When will people start posting?""

""How was it compared to \[specific shift/exam\]?""

will be removed, and appropriate actions will be taken.

For detailed discussions, join our Discord community: [https://discord.gg/JEENEETards](https://discord.gg/JEENEETards)"
t2_1636m9w2zv,BC computer band ho gai apne aap....during exam and negative aura momint ho gai......,0,30,0.92,0,1743689201.0,False,t5_311ttu,"So  today was mmy exam 3s1.. Exam  shuru hone k aadha ghanta baad mera screen flickker hone laga annd last ma screen puri tarah sa blank ho gai kuch kaam nhi kar raha tha. 

phir  maine invigilator  ko bulaya phir 5 invigilator mera screen ke samne khade ho gai aur sab koi mujhe hi dekh raha tha...phir after 10 min mujhe dusra computer allot hua .....

bhai  10 min barbaad ho gya........yarrrr......................

phir last ma ek bacche na mujhe bhaiya bol diya meri beard dekh kr jabki ma first time appearing tha...saala sab ne mujhe dropper samaj liya............ ......

abb ......kya batauuuuuuuuu............. puri tarah sa negative  aura mominnt ho gya.."
t2_lljq6csc1,3s1 Truth,0,1,0.67,0,1743756296.0,False,t5_311ttu,"Was the paper really so easy?!! 
Har jagah 3s1 ko hata kar baki sbhi papers ho tough bol rha. Ye kya baat huii🥲 Itna zyada easy to nhi laga humko net pe bol rha 99 percentile at 200+ WTFFF!! HUM TOH GYE
Agar 24s2 ho gya toh mar jayenge hum"
t2_wq3xfr39r,AJJ REDDIT PE DEPRESSION KA MAHOL HAI ( mera to hogaya 3rd april ko maje aa rahe hai ),0,2,1.0,0,1743742712.0,False,t5_311ttu,
t2_6or2j8ze9,Aaj exam hai (3s2). Randomly opened Tv and saw this. Universal sign that I'm going to be cooked today 🗣️💀☠️,0,128,0.97,0,1743661266.0,False,t5_311ttu,
t2_uews2931,Guys how cooked am I??,0,0,0.5,0,1743755918.0,False,t5_311ttu,"I know I probably can't count in the deleted syllabus questions in the total marks but fake hope is what keeps the world alive
I guess I'm cooked though. 😭😭😭😰"
t2_14g5dfdzkb,My exam centre 3S2,0,122,0.98,0,1743662223.0,False,t5_311ttu,
t2_1i27hi8qk5,Need urgent help 🙏,0,2,1.0,0,1743741818.0,False,t5_311ttu,"Hi, so basically I'm 20 yo rn(19 on paper, don't ask me why), I wasted my eleventh and twelfth, my situation is horrible as hell. My 10th boards was in COVID time so just passed somehow, took PCM cuz I was always fascinated in science specially astronomy and physics. I had some problems during 10th like I took too much pressure for studies and was going through some existential shit that ruined my health, my pets died and my ""girlfriend"" left. It really messed up my mental health. I repeated 11th on will, I didn't change schools so was mocked often by almost everybody. It was really hard because I wanted to do really good, I used to wake up at 4 back in the pandemic to study and now my situation is like this, anyway I somehow managed to complete school even though nothing was interesting in my life, got compartment in one subject math, didn't clear it, dad insisted to reappear for all subjects, gave 3 this time and didn't appear for the other two, I told my dad this is it, my last chance, technically it'll be my 2nd drop. I told him I'll join coaching, took admission in Allen. I'll be preparing for JEE and prioritze IAT (for IISERs and IISc) so taking another tuition for bio. First day in Allen, math and physics were ok, chemistry hydrocarbons were going on, didn't understand anything, felt like I didn't belong there. Idk what to do and if there's any point in life at all. I still wanna chase the dream that I had since I was a kid who was fascinated about the universe and all but growing up it seems like it's still there but I don't know how to reach it and approach all the challenges that I face. Any comments would be appreciated."
t2_j9ypkws0,Nta ki mkc saalon ne exam se pehele pareshaan kiya aaj,0,1,1.0,0,1743755201.0,False,t5_311ttu,"Ye bkl, exam centre me enter kar raha tha, tab aur fingerprint leke khade the, mera admit card scan Kiya aur bola user not found
Inn besharamon ne exam se pehele 1 ghanta khada karaya bahaar, upar se 4s1 ka paper tough aa gaya, haalat kharab hai yaar"
t2_1es3b6tawq,rant....,0,122,0.99,0,1743661233.0,False,t5_311ttu,hehe... true hogya 
t2_166uy7a59c,Aaj sher 3hr ki neend mei 3 ghante ka paper dega 4s2🫡,0,1,0.6,0,1743754896.0,False,t5_311ttu,
t2_1jqht94pcn,Man wtf is my center area,0,277,1.0,0,1743644920.0,False,t5_311ttu,
t2_xyltjmxxd,"4S1,how was the paper???",0,1,1.0,0,1743754711.0,False,t5_311ttu,"What should be the expected cutoff???I attempted 53Qs, ao even if I get 8Qs wrong,which I highly doubt would happen,cuz ek bhi tukka nhi mara hai. What r the chances to get 99percentile???"
t2_1c416anuhs,Bhai 3s2 me 7period ka question konsa tha koi bolo,0,1,1.0,0,1743754531.0,False,t5_311ttu,
t2_1drqnxo7s0,daaaammnnnnnnn,0,18,0.87,0,1743699128.0,False,t5_311ttu,"maine abhi apne papa ki photo dekkhi when he was young.. !!!

daaaauuuuuummmmmmnnnnnn... bruhhhhhhh bhaiii badddeee handsuummm lag raheeee theee bhaiii...aiyoooooo I can't believeeeeeeeee 

ek mere papa.. Jo life me itnaaa kucch kar gaye.. jabki he belonged to a poor family.. bht kisse sunne hai maine... and ek maii 

JISSE KUCCH HO HI NHI RAHA..

BUTTT....BUTTTTT COMEBACK HOKE RAHEGA DOSTONN AGAR NHI HUAA TOH MODS MUJHE BAN KARDENA... "
t2_ojpz07ne,Ik q galat h par iska answer kya tha 3s2,0,1,1.0,0,1743754468.0,False,t5_311ttu,
t2_kqwqrsop,chud gya JEE firse (iss bar thoda kam),0,2,1.0,0,1743740105.0,False,t5_311ttu,"khair ye to hona hi tha...

88 marks pe kitni %ile banegi bhai ?

  
ye dard hai ki khatam nahi hota, jald se jald koi exam crack karlu T-T

bitsat is my last hope, and im starting the grind right now "
t2_vvl1lzwh9,ME AFTER GIVING 3S2 🤡🤡,0,12,0.88,0,1743703517.0,False,t5_311ttu,
t2_f0vsb3rc1,Controversial IOC Question in 3S1 APRIL JEE MAINS!!!,0,0,0.5,0,1743753499.0,False,t5_311ttu,"Someone from 3S1 told me thsi question and the answer is a little confusing once i looked it up on the internet. 

""How many terminal oxygen atoms does Sodium Dichromate contain?""

  
It contains 7 oxygen atoms, one is involved in the bridge, considering that this ionic compound is water soluble and the other 6 atoms will have equal bond lengths due to ressonance so they'll be treated equally, my answer is 6. NCERT has also showed this diagram where it treats the other 6 equally. 

There's nothing written in NCERT about terminal atoms, but there are are some definitions on the internet that say only double bonded oxygen atoms are treated as terminal atoms and since here Na is ionically bonded to one oxygen atom on each side, the total number of terminal atoms will be 4, even my friend gave this reasoning.

My reasoning says 6, What do you guys think?"
t2_c5b3pt5wr,Is PW saarthi worth it??,0,0,0.5,0,1743753460.0,False,t5_311ttu,It is included in the infinity pro option which is 30000 rupees. Also what is the difference between 24/7 doubt support and Saarthi?
t2_1m7adujo1g,8s2 Shift,0,2,1.0,0,1743739447.0,False,t5_311ttu,"Bhai pata nhi kyun aisa lag rha hain jaise 8s2 mein sab toppers hi hain kyunki jab bhi mein online kuch bhi dekhta hoo jee related i never find anyone of 8s2, like 4th and 7th wale log toh har jagah dikhte  hain but i dont know why i feel that either 8s2 wale bahut kam log hain ya fir zyadatar toppers hain jo online jyada active nhi hain. waise tum mein se koi bhi agar 8s2 hain toh zarur batana along with your jan percentile. just hoping that the last shift dosen't turn out to be the worst shift."
t2_1kff2npitp,Doubt Adv question,0,1,1.0,0,1743752724.0,False,t5_311ttu,
t2_1i7yueafvb,3s1 phy,0,1,1.0,0,1743752592.0,False,t5_311ttu,vo capacitor vala question tha na? usne c1/c2 poocha tha? did anyone solve and get ans in options? i tried but the ans i got was c2/c1 version of one of the options
t2_fzlexmix,POLO > coffee 🗣️,0,14,0.94,0,1743702395.0,False,t5_311ttu,tried and tested 👍
t2_g1mqk8ugb,Ashish Sir POV on Shift 1 Paper Today,0,88,0.99,0,1743665012.0,False,t5_311ttu,
t2_igs47cgf,how to stop this... (im in 1yr rn),0,1,1.0,0,1743752153.0,False,t5_311ttu,"Not only aakash, but other platforms like PW, VENDANTU and 2-3 more... Keeps on messaging (i haven't used there websites... Neither logged in using my phone number) are the schools behind this drama?? 
thoda bahut toh pta h ki school sells out data to private institutions... do they sell to coachings also?"
t2_qaikaylos,I have 1.5 days to live,0,0,0.33,0,1743752084.0,False,t5_311ttu,"Guys Saleem sir ka Physics Class 11th One Shot ke jo dono parts hain unke questions karlu to enough hai kya Mains me 100/100 ke liye? Theory badhiya se padh rakhi hai questions bhi kiye hai saal bhar just want to do a final grind. 

I can finish them within a day I am confident enough. 

Raat ko update deta hu"
t2_go3n0rbqi,"new neet aspirant, need help",0,0,0.5,0,1743751779.0,False,t5_311ttu,"hiii my name is genevieve and ive dreamed of becoming a doctor since i was around 4? and now im finally in eleventh taking pcb and painting because its my gift of sorts and really helps me relax and it takes no time for me to do. im expecting really good grades in 10th but atp 95+ has lost its value ..anyways im giving the neet 2027 and my father doesnt believe in coaching? he thinks i should self study and do test series which im more than happy to do. with the recent dummy school ban im still in school for ur normal 7-9 hours a day. i really really want to get into an amazing medical college like aiims-d or mamc or grant mc bombay or kj somaiya bombay.... can i have some tips on how i can prepare and study and how long i should study, time management tips or anything you guys would like me to know? thank you sm and good luck for ur jee and neet coming up!! "
t2_wuf4dub0v,"Guidance for grade 11th PCB  (subject sources, yt teachers, your inputs and advices)",0,1,0.67,0,1743751749.0,False,t5_311ttu,"Hi, my coaching classes (Allen) starts tomorrow it'll be from 7:00 a.m. to 6:30 p.m. basically I'll have classes till 1:30 or 2 and then a 1 hour break and then library in allen itself but the problem is no devices are allowed but I need my headphones to focus :'( so do you have any advices?? and can you also suggest yt teachers i should follow for Physics, Zoology, Botany, Physical chem, organic chem and inorganic chem. And   it'll be great if you guide me about books too!!"
t2_nnpk5h8wa,Done with it....does it matter?,0,5,1.0,0,1743724367.0,False,t5_311ttu,"This sums up.. most of my recent prep..
Could things have turned out better- yes
Did it- idk

Looking forward to other exams as well...
Peace✌️ 
"
t2_lvrkkcif,SUNSETS ARE NOT ALWAYS BEAUTIFUL...,0,10,1.0,0,1743706391.0,False,t5_311ttu,"Everything has an end.. That's what he got to know in these 3 years of his life...back in  2022, a boy very naive and full of dreams finally enters this rat race without knowing the depth of this path... He was just filled with the dreams to conquer everything in this world. The same things he wished to be true, like the college he dreamt of. But that's how life is; sunsets are not always beautiful. Life was entire of roller coasters for him, never complained enough although because of the nature he held in himself because of this journey ...never tried going out to achieve but rather to be in himself and just work for himself and His aim yet failed in it.. he's okay with this too by believing that's how life is? You don't always get what you dreamt or aimed for. That's a cool saying, right? Only until it happens to yourself. 3 long years of just captivity trying to find a wormhole to just exit this world and enter a new one but failed every time.. Some of you will think he didn't try. Haha, he did to every extent possible just by himself alone, missing out on things in his life to finally realize it didn't help enough. All the aims shattering around as his last attempt for Jee is tomorrow... he knows the result, yet he's not ready to accept? He feels not accepting the reality gonna make it a lie but to his knowledge he already accepted it .when he saw the books lying on the table with just thousands of dreams and some of the aims dying as he couldn't save them.. sometimes sunsets are hard and not beautiful too but not always he used to think till the last year but this time with the final jee attempt he's gonna give for his life is waiting for him in less than 24 hrs he feel sunsets are not always beautiful moreover painful now, JEE  won for the 4th time from him and this time he's not sad but strangely lost and calm...though he might know whats gonna happen tomorrow but still he's feeling the calmness from this torture of trying again and again but not winning once.....Now he finally gets ready to step down from this journey and move to a new path with hundreds of experiences and plenty of satisfaction that he at least tried for it not just dreamt it ...not always you win yeah right but not always you need to lose too..as  the jee is just closing down on him rn he just misses the time he was naive back then without the reality of this path and filled with energy to win this world over but sometimes life isn't same for everyone I guess thats how he reached to the end of this journey with a saying ""**SUNSETS ARE NOT ALWAYS BEAUTIFUL**""   

HE refers to me,  
finally this jee journey comes to an end after 3 long years of trying my ass of to just recover from the pothole I fell into by the mistakes I did to just achieve something good but not always life is sweet to you  
I might not have won it, but yeah, I learnt a lot, and I don't regret being a part of this jee world. It gave me myself but took something away from me too and brought things to me which I will be always grateful for  
Life gonna be hard soon after tomorrow. .success gonna take some more time I guess but that doesn't mean I wont try anymore   
at the end its you who know the reality behind your decisions and reality... there's always a sunrise after the sunset just get along the dawn and you gonna know sunset was the most beautiful thing happened to you   
( bhot gyaan chod diya ikr)   
(btw  pvt hi jaana pdega bc) ( mzza aaya but, to be a part of this journey never gonna forget it feels like a love hate relationship yet its warm and firm(might gonna cry))

Penning this down rn, just  15 hrs before my exam, as a token of memory to which I will be grateful for my whole life ..... Have a great life ahead, guys. It's not the end, though. All the best to everyone for the future shifts. Thanks. ❤️  
u/internal_database_45  
04-04-2025 / 12:20 AM"
t2_bhiyj7ll,Saalo help kardo,0,1,1.0,0,1743751219.0,False,t5_311ttu,"Basically gave jee on 2nd april 2nd shift paper went good jan mai 97 thi but now thoda sa time hai to i wanted to ask you guys about bsc statistics from isi or like du top college i know i know i should give jee and other engineering exams but like mere papa ke dost he told me his story like he was very good in pcm got i guess air 3 or 4 in boards at his time but unka 1st go mai nhi hua to drop lia firr kia firr nhi hua so he joined i forgot the college name but du mai koi top bsc statistics ka college tha wo bata re the ki he used to feel like loser as jo chahiye tha wo mila and unko usse nikalne mai 1st year laag gaya but as jee ke proper aspirant the to maths unko easy achii lagti to unhone kafii mehnat ki and now he is earning a lot and pata nhi kya kya karte hai like week mai 5 dinn bahar rehte hai and unko boht saree government chizo mai kaam milta rehta hai i mean i don't eally know but in short he is killing it and he told some of the companies he worked with or is working and unhone boola"" kitne iitian hai jo mere andar kaam karte mai ye nhi keh raha sare iitian mere neeche hai but tumko baas market reality batana chahta hu"" so yeah people if anyone could pls explain this bsc statistics and scopes in future kya badhia rahega as mere interest kuch khudka karna ka hai so kya ye ek achaa option ?"
t2_1jt3emttl4,Adv ki cutoff,0,1,1.0,0,1743751035.0,False,t5_311ttu,"130 around aa rhe hai 3s1 
Clear hogi cutoff?"
t2_1laf5rt4wi,2s2 doubt,0,1,1.0,0,1743750946.0,False,t5_311ttu,"Guys in that SP Sp2 Sp3 questions was it arranged in this manner or opposite,

Cause I did option 4,2,2 jaldbaazi mein now I'm feeling terrible ki i made silly mistake cause YouTube wale sab bol rhe 2 ,2 4 hoga , can y'all please confirm it I'm feeling miserable Now 😭😭"
t2_1evhn5q492,What should I do?,0,2,1.0,0,1743737273.0,False,t5_311ttu,I got 99.4 percentile in January attempt but still my parents treat me like a failure and taunt me everyday for not studying more....
t2_c5fgv2bzf,need info,0,1,0.99,0,1743750395.0,False,t5_311ttu,can anyone tell how is the srg batch selection done for allen 11th nuture jee(non-kota centre)? 
t2_1brdtubhou,what value of deltah does nta take in case of strong acid and strong base neatralisation reaction,0,1,1.0,0,1743750134.0,False,t5_311ttu,my teacher told to take 55.84 kj but what about nta pls tell
t2_1foxfgqoyy,Which edition NCERT should I buy for chemistry,0,1,1.0,0,1743749924.0,False,t5_311ttu,Kis year ki NCERT lu..... Batado na😏😏😗
t2_15kiqk7di8,Best/Premium Study Materials For 11th PCB And Neet Prep?,0,1,1.0,0,1743749777.0,False,t5_311ttu,"Has anyone got premium notes, books, PDFs, Drive links, or trusted Telegram groups for high-quality study material—preferably for free? Any help would be greatly appreciated! :)
"
t2_jff1dlnoq,ARE GIRLS EVEN REAL IN JEE FIELD,0,19,0.72,0,1743690270.0,False,t5_311ttu,so this post is not made out of desperation/frustration but from experience january mei 23s2 mere centre mei 1 bhi ladki nhi thi baddies to dur ki baat h and now to 3s2 aaj i thought sirf rizz ruzz krenge ppr ki makichut but aaj bhi sirf ladke like girs are even real atp?
t2_1i2qacnl2t,any fast way to solve such ques 🙏🏼,0,1,1.0,0,1743749348.0,False,t5_311ttu,
t2_7tdhdz03,Why do we waste hours studying subjects which have no use in our job ?,0,0,0.36,0,1743776215.0,False,t5_311ttu,"I have a difficulty understanding why I have to study thick chemistry textbooks , memorizing so many chemical formulas , when I will be doing a job in IT sector ? Like what does chemistry have to do with coding ? Same goes for my friend who wants to be a Skin doctor , solving questions of Projectile motion and rotational mechanics .... It's like you want to be a Singer , but to get into a top tier Singing school ... You have to crack exam based on quantum mechanics 🤔 like it doesn't make any sense ... Who the hell create this exams "
t2_gcsquoyst,3 april shift 1,0,1,1.0,0,1743748569.0,False,t5_311ttu,bhai log 135-40 aa rhe hai kya expect kar sakta hu 95 cross hoga?
t2_f64pb2fxc,questions repeated from jan attempt?,0,1,1.0,0,1743748435.0,False,t5_311ttu,kuch hue the kya bhai repeat jan attempt se ?
t2_jiriq1ww,Allen,0,1,1.0,0,1743748347.0,False,t5_311ttu,Allen walo grp mila gya tumko?
t2_130vqqzzgt,"Bhai log, aaj meri story suno…🚬",0,8,0.91,0,1743705289.0,False,t5_311ttu,"Pehle full laude lag chuke the, padhai barbaad, dimaag satyanash, motivation zameen pe. Soch raha tha bas, “Ab khatam.” Phir ek bandi mili. 💀🔥

Pehli baar kisi se pyar hua, laga life sorted hai. **Confess kiya, ladki ne seedha reject de diya.** 💔 Us din laga aur zyada gir gaya. **Par uss ladki ne saath nahi chhoda.** Na fake hope di, na bhaag gayi. Bas itna bola – **""Padh le, tu kar sakta hai.""** Aur wahi baat dimaag me set ho gayi.

Fir chhapri mode hata ke bas ek kaam kiya – **padhna.** Kahi se bhi motivation nikalni thi, nikal li. Aur kisi tarah **ek admission nikal bhi gaya.** Lag raha tha ab life smooth chalegi… **Par class me ghuste hi laga, bhai yeh toh aur bade chomu nikle.** 😂

Ab jo baat juniors ke kaam aayegi –  
**1. Pehle se hi padhai pe dhyan do.** Last moment pe sudhroge toh life latka degi.  
**2. Fake motivation mat dhoondo, bas discipline lao.** Jab tak khud nahi chahoge, koi nahi bacha sakta.  
**3. College aaye toh doston ka dhang se chunaav karo.** **Surroundings matter karti hain,** chomu log mil gaye toh tu bhi chomu ban jayega.  
**4. Aur sabse important – rejection ya failure end nahi hota.** Bas ek push hota hai. Usko **ego pe mat lo, use it to level up.**

Bhai, **padh lo jab tak time hai.** Akhir me regret se bura kuch nahi hota. Aur ek aur cheez – **maa-baap ko kabhi bura mat bolo.** Tu haar bhi gaya, duniya bhi chhod gayi, tab bhi yeh log tere sath honge.

Ab batao bhai, tum log kaisa jee rahe ho? Koi apni kahani sunane wala hai yahaan? 🚬🔥"
t2_lknndgyd,Help for bitsat,0,1,1.0,0,1743748207.0,False,t5_311ttu,Please suggest some good test series for bitsat. 
t2_1lqi4rrife,Pls anyone give me Allen or Pw class 11th modules pdf,0,1,1.0,0,1743747698.0,False,t5_311ttu,
t2_vpagk9x6p,Can I study from lakshay 2024 batch I have to complete my 12th syllabus soon,0,1,1.0,0,1743747083.0,False,t5_311ttu,"so can I study from Lakshya Batch 2024(faculty of these batch are top notch) Will there be any topic left in it, considering 2026 jee exam "
t2_1kgx9m46q0,rant?,0,5,1.0,0,1743715291.0,False,t5_311ttu,"Sabko kyu lagta hai ki koi 10th mei accha karega to jee bhi nikal lega? han 96.2 aaye 10th mei par CBSE boards se aaye. Last ke 4 mahina to padha tha, pure saal bas interschool events kiye volleyball khela ladkiyo mei time waste kiya. Kabhi andar se aaya hi nhi ki jee karna hai. Pata nahi kyu nhi aaya par kabhi mann hi nhi kiya. jan jee -> mei 28 percentile. april mei 19 sawal bana ke aaya hu and expecting ki firse 25 30 ke bich hi aaega (2s1). Syllabus sab padha hai par kuch yaad nahi. mains ke pyq nhi bante, met ke pyq nhi bante, mhtcet ke pyq nhi ban rhe. comedk ke pyq khola nhi abhi tak. Drop bhi option nhi lag raha hai halat dekh ke. Mann hi nhi karta padhne ka pcm, jab syllabus leke baithta hu to depress hojata dekh ke par kya hi kar sakte. Everyone around used to say tum to iit material ho. I regret scoring good while i was in school. I'm not smart. I never was. I am and will be just a normal dickhead"
t2_p6i11svq,I MESSED UP MY CLASS 11,0,1,1.0,0,1743746288.0,False,t5_311ttu,ummmm i don’t know mai kaha se bolna shuru karu par at this point bohot anxiety ho rahi hai mujhe maine pw ka online course le rakha tha 11 me par wo maine bilkul bhi nahi padha aur sirf ncert aur school ki cheezo par dhyaan diya matlab starting me ache se padha par fir kuch family issues ki wajah se wo flow tuta aur fir kabhi nahi sahi hua fir maine sirf ncert ki ab 11 jee pura backlog hai aur 12 abhi start hui nahi meri bhai i am not able to focus on anything please suggest me how can i manage both and 11 ka syllabus mujhe kitne time me khatam karna chahiye 12 ke upar pura focus rakh kar 
t2_dfj1jv46,NTA fucking up admit cards for foreign students,0,9,1.0,0,1743703215.0,False,t5_311ttu,"As everyone knows, the shifts for students with boards on 2,3, and 4 april were postponed due to clash with JEE. However, NTA seems to have also shifted the dates of every student writing the paper outside India.

However, the bigger issue is that they are intimating these changes via email **the day of the fucking exam**

Apparently, there have been multiple kids in gulf countries who were sent a new admit card literally minutes before the paper, and as a result missed the exam.

So, all the parents of gulf students are trying to write a mass-signed petition to NTA, asking for a re attempt for these students who missed their papers. I'm making this post to bring awareness to this problem, as well as to ask whether this change of dates has only happened to foreign students or to everyone, including those in India.

Would really appreciate any responses, as well as further reach.

Thank you."
t2_imxul9x0,Current scenario,0,935,0.99,0,1743612817.0,False,t5_311ttu,
t2_ixipr74a,Should I give Advance ?,0,1,1.0,0,1743745785.0,False,t5_311ttu,"So I'm illegally qualified for advance (OBC) jan me 89.89 tha aur ig april me 93 expecting, since mera competition ab 98-99 walo se aur mujhe advance ka kuch bhi nii ata, I just tried 2-3 question of kinematics (irodov) bruh! I was blank, I don't know ki agr mai 40 dinn grind bhi krunga toh kuch hoga. 
So is it good to shift towards BITSAT, comedk or should I grind till last breath for advance....
"
t2_1h96hoxqwt,I cant stop thinking about branches and colleges right now and i think Im losing my mind,0,1,1.0,0,1743745759.0,False,t5_311ttu,"98.2 percentile in jan, lower than expected. But still my mind keeps trying to convince itself that i will have to fall back on this percentile to get admission in colleges despite having so many exams left (apr attempt shift 7s2). I find myself on college predictors and researching what branches are worth it and trying to convince myself it is not getting better than this. Is anyone else struggling with this? Im finding it hard to study."
t2_1jvapcfyx9,NEETARD WALO SYLLABUS HO GYA KYA SABKA ?,0,1,1.0,0,1743745602.0,False,t5_311ttu,SYLLABUS COMPLETE HO GYA KYA SABKA ?
t2_d8rvywc9,Online Coaching Suggestion for Younger Brother,0,1,1.0,0,1743745247.0,False,t5_311ttu,"Hey everyone, 

My younger brother is going into class XI. And had asked me which online coaching to consider for his preparation.   
  
(his school has a tie-up with Aakash which has bad reviews, plus I don't want to burden him with an offline coaching, cause that leads to shrinkage in self-study time)

  
We're confused b/w Allen and PW. 

I'm not much aware about PW because I feel most of their teachers aren't famous and might be mediocre - something which due to uncertainty causes a bias in my mind.

As far as Allen is considered, I have attended their NTSE bootcamp when I was selected for the same. So, that was something really good and I wished I had taken their coaching at that point in time.

But that might be an exceptional case.

So, considering it's a suggestion coming from my end - I want the best for him, so please help me with your suggestions on what will be best for him in a city like Lucknow."
t2_slf0wuy4h,7s2 hai....,0,24,1.0,0,1743683530.0,False,t5_311ttu,"Padhne ka mn ni kar rha ab bilkul bhi.... Kisi cheez ki chinta ni ho rhi ab... existential crises ho rhi...
"
t2_372pgucd,was 4s1 really that hard?,0,0,0.25,0,1743766266.0,False,t5_311ttu,"in my opinion it was an easy to moderate paper. yes there were 1-2 questions with ambiguous wording, and tbh this wasn't a paper where we can score 300 easily. it's just that scoring a good mark 170+ in this paper was actually easy. (mai padh kar nahi gaya tha, i regret it a lot). c'mon guyz most of the physics questions were direct formula based"
t2_lpa15ierw,And That's all I wanted to say,0,27,1.0,0,1743680297.0,False,t5_311ttu,"Kal 2 April ko maine apna 4th attempt diya...13 question bane, ab tak ka sabse kharab exam gaya...ab na mai aage drop lunga aur na hi gharwale lene denge. So finally I am  out of this hard but beautiful JEE Journey. Ab samajh nahi aa raha aage kya karu, 3 saal pahle Jo Sapna dekha tha IIT jaane ka wo ab tut chuka hai, bahut dukh ho raha hai ki jindagi badalne ka ek golden chance kho diya,aage ka to pata nahi par filhaal JEE se related koi bhi cheez dekhi nahi jaa rahi na books na lectures na hi ye subreddit,...aisa nahi hai ki maine jii jaan se mehnat ki ho par fir bhi thoda sa to kiya hi tha...3 saal me bahot kuchh seekhne ko mila, personality develope hui...life ka ek major turning point tha par in sab cheezon me bahut samay barbaad hua jo karna tha wo nahi kar paya.

Kota Factory ki ek line hai ""bachhe to kota se chale jaate hai par kota kabhi bachho ke dil se nahi jaata"" khair ye line exactly to mere upar suit nahi karti kyuki mai kabhi kota gaya hi nahi par similarly JEE ka mere life me bahot bara influence rahne wala hai. To juniors please apna samay barbad mat karo baad me bahot regret hoga.

PS- Pahli baar iss sub pe post daal raha hu I hope Mods ise approve kar de...aur mera koi aisa dost nahi jisse mai khul ke baat kar saku to tumlogo se hi share kar diya...
aur ek baat batao kya karu chhor du iss sub ko ya rahne du kyuki atleast abhi to dekh ke bahut dukh ho raha hai, failure wali feeling aa rahi hai aage ka pata nahi"
t2_w6rvb3j1,WE GOT THIS💪🏼,0,46,1.0,0,1743670195.0,False,t5_311ttu,
t2_bhiyj7ll,I am confused help me plss,0,2,1.0,0,1743730850.0,False,t5_311ttu,"Basically gave jeeon 2nd april 2nd shift paper went good jan mai 97 thi but now thoda sa time hai to i wanted to ask you guys about bsc statistics from isi or like du top college i know i know i should give jee and other engineering exams but like mere papa ke dost he told me his story like he was very good in pcm got i guess air 3 or 4 in boards at his time but unka 1st go mai nhi hua to drop lia firr kia firr nhi hua so he joined i forgot the college name but du mai koi top bsc statistics ka college tha wo bata re the ki he used to feel like loser as jo chahiye tha wo mila and unko usse nikalne mai 1st year laag gaya but as jee ke proper aspirant the to maths unko easy achii lagti to unhone kafii mehnat ki and now he is earning a lot and pata nhi kya kya karte hai like week mai 5 dinn bahar rehte hai and unko boht saree government chizo mai kaam milta rehta hai i mean i don't eally know but in short he is killing it and he told some of the companies he worked with or is working and unhone boola"" kitne iitian hai jo mere andar kaam karte mai ye nhi keh raha sare iitian mere neeche hai but tumko baas market reality batana chahta hu"" so yeah people if anyone could pls explain this bsc statistics and scopes in future kya badhia rahega as mere interest kuch khudka karna ka hai so kya ye ek achaa option ?"
t2_725sffqn,Duality of nature,0,22,0.97,0,1743683849.0,False,t5_311ttu,
t2_5us3t5x5u,Don’t want JEE to end,0,5,0.73,0,1743709121.0,False,t5_311ttu,"Tomorrow is my exam, and finally I can stop studying 10-14 hours everyday, I can go out with my friends, play games, go to the gym, go do MMA, everything like it used to be before my drop year. I was longing for everything to go back to how it was, but right now I feel sad, it’s ending tomorrow, I don’t want it to end lol, I still wanna study. And this comes from someone who failed maths last year, gave compartment, planned on joining Chandigarh University and living there, but then I failed in the compartment as well and had to take a forced drop. I got so depressed but I thought I won’t be like this anymore. I didn’t know how to add fractions, I couldn’t even do 1/3 + 1/6. I really like what I became in the last 7-8 months. Did everything by myself, no coaching because the teachers wouldn’t explain how to add fractions, they would never have paid attention to me, no friend to guide me, no one I know is doing JEE, I did it all alone, by myself. The best thing that could ever happen to me, was to fail in maths. If everything thing goes how it goes in my mocks, in a few months i’ll be in DTU CSE. I’ll study bio or CSE curriculum if I can find it after advance. Studying is my favourite thing now. "
t2_lk9hdcdil,8 KO NHI PADAA KYA KISIKA EXAM?,0,1,1.0,0,1743744045.0,False,t5_311ttu,NAMASKAR! jisse puchra uska 7 ko pada hai. 
t2_fqz1mibh,Advance 2025,0,3,1.0,0,1743722129.0,False,t5_311ttu,"2s2 here, so I am a dropper (didn't take coaching during 11-12th , scored 94% in boards and started preparing for jee in May, got 88% in Jan attempt and now attempted 45 questions, I hope I score good , all my basics (mains) level is complete, so how should I prepare for advance within this month?"
t2_1i4umljv0a,Guide for comedk,0,4,1.0,0,1743716123.0,False,t5_311ttu,Anybody pls guide me how to prepare for comedk exam so that I scor around 120+
t2_1g64awp8bp,Op abhi centre pohchega,0,1,1.0,0,1743742900.0,False,t5_311ttu,"No risk ke chakar mai 3 ghanta pehle pahuch gaya, abhi sakinaka hu, powai jaunga"
t2_c848a7f7,OP ne aaj centre top Kiya 🥳,0,11,0.68,0,1743695793.0,False,t5_311ttu,"Syllabus physics me rotation to fluids, chem me GOC, hydrocarbons, chemical bonding, bot me photosynthesis, respiration, pgr, cell division, zoo me excretion, circulation, body fluids"
t2_1a7n3jc2st,Why does my approach not work!?,0,0,0.33,0,1743742481.0,False,t5_311ttu,"So, basically I assumed the centre to be (m,n) and used the distance formula to form a relation between m and n. But since the centre lies on the line ( 2x + y - 1 = 0)  I used that to substitute the value of n in the previous equation from where I got the values of m i.e 5 and -1/5, and substituting that in n I got -9 or 7/5. But Kalia sir used a quicker approach but we both should get the same answer, can someone point out what mistakes I have done!?"
t2_b2rsaob4f,For real.....,0,8,0.91,0,1743699321.0,False,t5_311ttu,
t2_1k9xieup6o,How do I start my JEE Prep ?,0,1,1.0,0,1743742018.0,False,t5_311ttu,27Tard here. My 10th boards are over and I've got vacation till June. I think I should start JEE preparation. I will start by studying 3-4 hours a day but I am completely clueless on how to start. Where do I learn ? How do I practice? Please help me out. Explain like I'm 5.
t2_19xopw1k4h,Allen IOQM workshop,0,1,1.0,0,1743741963.0,False,t5_311ttu,"I wanted to ask if Allen's IOQM workshop is good or not? Also, can it be managed with class 11 JEE preparation (I am a dummy school student from allen digital)"
t2_1c49xl418r,Me before alarm rings😭,0,37,0.97,0,1743671331.0,False,t5_311ttu,
t2_13dr3rzww0,Time to reach centre for morning shift pleaseee batado,0,1,1.0,0,1743741724.0,False,t5_311ttu,Bhai subah centre ke gate PE kitne baje Tak pahunch Jana chahiye like 8 30 gate closing h to 7 45 tak gaye pe pahuchne se chalega kya 1st attempt mein 1 hour extra baitha pada tha jaldi Jake plus subah fake shift mein dikkat hogi kya agar sleep schedule ulta h to?
t2_slf0wuy4h,For those who are giving jee and are worried about the results...,0,44,0.98,0,1743667448.0,False,t5_311ttu,All the best ✨
t2_1aa5abw2m9,Lm college Borivali review,0,1,1.0,0,1743741108.0,False,t5_311ttu,Anyone from Lm college???? Please lemme know 
t2_96y7ttdts,Bhai 60 marks pe kitni percentile ban sakti hai?😭😭,0,1,1.0,0,1743741092.0,False,t5_311ttu,Title
t2_n79iis1e,breakup during drop year( HELP),0,1,0.67,0,1743740890.0,False,t5_311ttu,"3 April ko breakup hua 13 months of relationship tha and sab badhiya chal rha tha but achanak se Tut gya and maine drop ke liye padhna start Kiya tha ab lag rha sab kharab ho jayega, mera 11th 12th dono wasted hai toh drop me padhai krni hai bas lekin ab kya? I can't blame her for this tho uske bhi reasons the but ab kya karu mai? mere saare dost iss saal chale jayenge meri dosti mere batch ke kisi se nai hai ki 3 dost the vo log me se ek pichle saal and 2 iss saal chale jaayenge and Mera kya? maine socha tha ki vo mere saath rahegi to drop year nikal jayega ab kya kru? drop some advice bhai, feelings share sirf mmi se kr paa rha hu roo rha hu(it's okay to cry ig) kaise padhu? chest heavy lgta hai uska kya kru? "
t2_12kzsecvgu,nit miIegi kya??,0,0,0.14,0,1743767540.0,False,t5_311ttu,85%iIe **ST** k0i nit miIegi ???
t2_1cva89oala,"PLEASE GUIDE ME TO 7K-8K RANK (Aapko apna pasandita IIT mile, madad krdo)",0,9,0.91,0,1743697049.0,False,t5_311ttu,"**TLDR PROVIDED BELOW**

So, I am a dropper with 95.8%ile in Jan 28s1 (103 marks) \[P - 28 (90.2%) C - 40 (92%) M - 35 (98.6%)\]

I went to a local coaching, it was only focused on Mains level. **I dont even know if 7K-8K is possible**. So I have no knowledge of how to start or what to follow for this 1 month. I have never studied the deleted portion too which is only for Advanced. But since its my last attempt I will be trying.

Chem - Weakest of the 3. I always struggle with rote learning(I get bored). I am able to understand it easily but I always forget it. So there's always a patchy memory of every topic. Something or the other I will be forgetting. Physical being the strongest.

Physics - My marks scoring sub but not the strongest. Again struggle with some formulas, sometimes I forget them. I can do pretty well in a bit of twisted questions but I did see some Advance level questions and yeah they are not in my reach ig but maybe if sources are there to help, i can, i have no clue.

Maths - Strongest. Easiest to capture, less to remember. Also I love solving it, so I sometimes randomly solve Advance level question. I take a longer approach but do get the answer sometimes. I did solve some cengage in std 11 and 12 but not completely. Only problem is if I leave it completely I forget it but after solving for 4-5 days I again remember it back

My mains mock scores averaged at 140-150s. I always solving started with Phy, switching to Maths and Chem in b/w in mocks. So, my shift, as it had the toughest Phy, I misjudged it and started with Phy as that was my marks scorer(avg 60 in mocks) with took a lot of time with many negatives, then I didnt have time for maths, which I couldve pushed uptill 50 marks atleast.

I was planning to maximise scores in Chem and Maths, though Chem is weakest I think its easy to memorise than to develop IQ for solving Physics in a month i guess. And Phy I will try to clear the cutoff. Please tell if my strategy is ok or should I maximise Phy and Math and how do I start.

**TLDR - Scored 95.86% in Jan Mains. Chem is weakest cause I have patchy memory of all topics, Phy is good till formula based and a little twists but struggle with Adv level ques, Maths strongest. Thinking to maximise Chem and Maths with Phy only for cutoff. Is this strategy correct? What is the highest possible rank I can achieve and how do I start its prep?**

Also my JEE Apr is tomorrow 4s2, I was a bit exhausted after studying so thought to post this, as this lingering in my head from a few days. I will be opening this post tomorrow after my exam only. Thanks for the help."
t2_hgam6wtnk,Alright people what the hell,0,33,0.97,0,1743671949.0,False,t5_311ttu,"So I got around 98%ile in my first attempt and well my second attempt didn't really go well...🥲

So my mom looked up how the exam was and well they said it was easier which I do accept and I do admit that it's my own fault for messing it up and everything was fine yesterday but after she came back from work today she completely lashed out on me.

She pretty much told me there's no value of any of the efforts I have put into my studies and that I'll not be able to be happy going forward in my life. She also asked my dad to give up on helping me with exam registration or driving me to the centre and stuff indirectly asking him to give up. She literally directly asked me to stop studying and just throw my books away.

I am not the type to do anything drastic so of course none of that is happening but what the hell is up with parents nowadays it's 99%ile or nothing. Of course I am hurting the most for not getting what I wanted but this is just dumping and entire bag of spices on the wound.

Then there are like god knows how many people out there who don't get the percentile or people who don't even know about JEE in India alone and you can't tell me all of them are living the worst kind of life possible. I just...

Is this the case in your houses too? 

I just needed to let all this out somewhere. So if you read all of that then thanks a lot."
t2_ryzeylcfe,Dikkat,0,2,1.0,0,1743725960.0,False,t5_311ttu,"Yaar socha tha all nighter pull karke revise karunga proper , ek ghanta hi padha baaki time so gaya , abh aur neend aa rahi hain , neend kaise udauu

( 7s1 hai. Mera btw )"
t2_sepremiap,Why tf anup sir has uploaded english dub😭😭,0,39,1.0,0,1743668392.0,False,t5_311ttu,
t2_rlfia82fg,HELP FOR ADVANCE PREP,0,1,1.0,0,1743739120.0,False,t5_311ttu,"pehle toh congratulations jisko lgrha kii cutoff clear h, i want to ask kii abhi 1mahine mei adv ke liye kyy kruu specially chemistry mei. Koi book koi teacher suggest krdo, physical chem strong h meri organic and inorganic mainly krna hai. physics ke liye toh coaching notes and pyqs hii krunga baaki sbt ke imp question mere coaching vale sir btadenge rest salim sir dekhunga. maths toh avg h meri kaam chlau

koi chem ka btado bdii help hogi"
t2_19xjh8kbpp,Story of my Traumatic IIT prep experience,0,5,1.0,0,1743711930.0,False,t5_311ttu,"Hello everyone , I wanted to share my story , I am a very introverted person since my childhood Since kindergarten I was a very bright student aced all subjects, I have cleared IMO, Aptitude exams,Mars Exam(idk something like that was (mars exam)),(& I didn't attend some coachifs for it , it was pure solving for imo book vi bhi khud se)

 i m really great at maths , aptitude tests, 10th Tak I got good grades , but I always hated every subject except Maths,Science bcz they were logic based and not memory based(SST,HINDI,ENG) my parents always said how I am a really smart student not like others who just rattafy and Covid came i just passed 7th in 8th grade they wanted to me attend a local coaching for IIT , there was an entrance exam where instead of learning for it few months like my parents, children did , instead my oversmart dad thought of doing it selfstudy I didn't understand I mean who can understand that topics which had concepts of 8th,even few of 9th , entrance exams mock test i have it with my parents by my side online where I got 0 marks which really made go in depression, but my parents thought of taunting me how I couldn't do ( i literally followed their sayings but I was scolded/mocked very hard they just didn't care how it was really hard for me, even though I am good at Maths,Logic I hated to study any subject) and then I stopped playing with few friends of my society literally just was playing online games to escape this reality ,  a reality where I was the best where my online teammates really cared how I was the best player in there...

Then came 10th std after being deaatched from the whole world keep in mind i didn't use insta till my 12th so I had no idea what this Genz PPL used to do (I did watch some Movies in Covid , also got my p#rn addiction )

In my 10th std ,
So i was really alone in the class, used to sit alone in an empty row of my class , no one gave a shit about me, and also I had my 2nd online coaching locally and offline too for IIT prep (i couldn't get into my 1st colocal coaching cuz I couldn't even clear the entrance marks(it was 50/100 I got 20/100)

Then in 8th I went to other coaching which was absolute dogshit and my parents wasted around 45k for an 8TH CLASS STUDENT AND BLAMED ME HOW I AM DUMB I CANT EVEN PASS 12TH std all I did since the Covid starting was follow their instructions, and I thought if i followed them life is set my mum told if I went into a decent coaching my IIT is confirmed yes she did say that idk how I got into that bs keep in my mind all happened when I was 13(8th std) , 9th,10th I went to other coaching where again I was alone but I did good in maths,logic there at this point I have no idea what I was doing in my mind i only wanted to do what they were saying , and have sometimes just to play my fav online game(so i can scape the reality), fir 10th I went into a coaching for 10th ki padhai cbse boards ke liye and my local coaching for IIT which was for around 50k per year jaise taise I did got 92percent in 10th std , where I loved SCIENCE I GOT 81, MATHS I ALWAYS LOVED GOT 89 , AND IN BULLSHIT EXAMS I GOT 95,94 BECAUSE ECAUSE RATTA WORKS IN CBSE 🤡) & then the trauma of my parents saying some hurtful things and saying i am so irresponsible, ungrateful boy i literally asked less things compared to an Avg ladka in my society where they had Cycle I didn't have that also bachpan ki toy wali cycle hai mere pass)

Then came 11th i thought fresh start friends banaynge , new personality, new life BUT MY PARENTS WANTED TO SEND ME IN REGULAR SCHOOL AND VOACHING AFTER ALL OF THIS I DESERVED SOME FREEDOM I REVOLTED AND GOT INTO DUMMY , AND SINCE I HAD NO SOCIAL SKILLS DEVELOPED and got sucummed to the pressure of that IIT PREP I DIDNT UNDERSTOOD SHIT WHAT WAS THIS MECHANICS KA FUNDA , CHEMISTRY WAS BULLSHIT IOC RATTAFY , OC I STILL ONLY ONLY IUPAC, GOC ACHE SE I BARELY TOUCHED 12TH CHEM, there 4 batchs on merit , I had gotten into the worst one thru entrance test but risen upto the 3rd batch and then got back to worst one still I was good in maths had almost equal scores than ones of toppers 1st,2nd batch. I just couldn't handle everything how to do all of this plus my school was so unserious in 11th i didn't had any idea what to do in 12th, then came my 12th where I just couldn't handle the pressure backlog pe backlog , PHYSICS 12TH I STILL AVG KNOW SHIT , CHEMISTRY I HAVE NO IDEA WHAT THIS SUBJECT DOES IN EEVRYDAY LIFE WHATS THE USE , then I went blam for a couple of months I couldn't study (5-6months) till my Jan , now i fucked up my boards PHYSICS MADE MY CRY INFRONT OF MY OARENTS WHERE THEY ALSO TOLD ME HOW MY INCOMPETENCE, IRRESPONSIBILITIES AND MORE LED TO IT EVEN THOUGH THEY MADE MANY TERRIBLE DESICIONS DURING MY PREP WHERE THEY MADE ME GO TO A TRIP MAKING ME MISSING MY FIRST 2 WEEKS OF 11TH STD IIT PREP , + THERE ARE MORE BUT CANT SHARE THEY HAVE ISSUES AMONG THEMSELVES (my dad&mom) but they wanted to make me best give me best things since I was very emotional person too, I always gotten into their sayings.

Also to mention I had gotten way much overconfidence in Maths,Sci in 10th I thought atleast yeh trauma 8,9,10 th ka kuch help karega JEE ke life but kuch nahi kiya

Now today of 4th April I have filled COMEDK,MHTCET,MET,VITEEE,BITSAT( not getting above 75%) i literally have no clue what to just grinding and procrastinating at same time.

Jan me 45%ile , April ka form nahi bhara atleast my parents accepted it they didn't scold me for it (they are very weird literally) now they want me to get 99.9%ile in MHTCET 🤡😭😭

Since I really liked Maths,Logic,Tech I am thinking of going into BTECH CSE I have no clue mujhe khud se kya karna hai I am dead inside , emotionless pls help me how do I get great marks in these pvt college exams please help kardo sorry for wasting your time , I just need someone's help pls don't argue about my parents I love them , I really have seen from them asses off but somewhere wrong decision were taken pls help this guy
(I just turned 18 in Jan, and i amwriting after seeing other students raant , and my post nut clarity)
Pls help me give me guidance I will GIVE ME 100 PERCENT to get into a decent clg and I don't want to stay in same city with my parents I want myself to grow , develop myself , socialise and more pls help me!!!

Even if there's no help it makes me feel a bit good on getting off my chest (it would have been really great if I knew about reddit couple of years ago I did but never used it , I am using  for jee for a few weeks)sry if it's a very big story for u to read

Thanks,
"
t2_1gv3affrz9,how to get physics wallah app for PC?,0,1,1.0,0,1743738997.0,False,t5_311ttu,
t2_ebfwn9v0h,Is N Avasthi worth it?,0,1,1.0,0,1743738568.0,False,t5_311ttu,"I just got into class 12 and I am really looking for a good and effective book for both jee and board for chemistry in class 12. I almost wasted my class 11 in chemistry because I simply didn't grasp any concept. I bought chhaya prakashani chemistry for wbjee and jee in class 11 and I didn't study a single bit from it even when I tried to because I simply didn't understand a word and felt that the whole book has unnecessarily long calculation sums which was never asked in any of the pyqs I faced in physical.
Although my jee mentor has said that chhaya prakashani was the best book for physical chemistry for him but not at all for me 😭 so  decided to change my options and looked online that all over YouTube people are referring N. Avasthi for physical chemistry and IOC and OC NCERT/Modules.
I made a post earlier referring this and was recommended RC Mukherjee.
So one last time what do I do-"
t2_1mc6ltifo7,Collage nhi mil rha 😭,0,1,1.0,0,1743738547.0,False,t5_311ttu,Mere class 12 me 70 se upr percentage nhi ban the he mp board me or jee mains me agr me 95+ le aao is sal ya drop me to koi collage milega jisme 75 percent criteria na ho or 90-95 percentile jee mains pr scholarship ya admission dede tier 1-2 ka to drop bhi lu cause kya kru collage ka samjh nhi a rha viteeee ka form dala he 20 din me exam he pr agar drop lu to koi collage he acha jo admision dede jee mains percentile pr 💀😭
t2_fsug88aq2,What's your opinion ?,0,1,1.0,0,1743738401.0,False,t5_311ttu,"I'm cooked in my jee( dropper) & I'm sure I'm not going to pass the xam so any other good college.
I'm planning to write BITSAT. What's your opinion abt BITS & ik the fees r high but I heard they gave scholarship for those who have income less than 12lakhs."
t2_1dqtuxe0d3,Har boys only centre ... Why nta ?,0,1,0.67,0,1743738019.0,False,t5_311ttu,
t2_1iai5sn24i,JEE ONLINE COACHING,0,1,1.0,0,1743737486.0,False,t5_311ttu,"hi guys , i am done with my board exams, i have decicde to prepare for jee

which are the best coaching platforms apart from PW..

i am not going to do non attending...

is MOTION online good ?"
t2_148xws6o98,Uploaded photo (2y old) on application form now which photo I need to bring in exam centre old one or new (mera chehra bhi thoda change ho gya hai to mujhe andar jane denge kya 😓),0,1,1.0,0,1743737453.0,False,t5_311ttu,
t2_9qz8lykb1,want only 90 percentile major syllabus done hai eduniti ke top pyqs hardly hore hai any tips........,0,1,0.67,0,1743737165.0,False,t5_311ttu,title
t2_1lrw4u37wb,7s2 walo,0,0,0.5,0,1743736852.0,False,t5_311ttu,"Hamsab dusman hai ek dusre ke 😈, Thore der ke liye bhi lacking ki toh Sax sux krdenge baki log tumhara aur tumhare rank ka "
t2_1izzy9k5be,3rd April shift 1 me kitne questions bonus honge??,0,1,1.0,0,1743736678.0,False,t5_311ttu,"Bata do 

[View Poll](https://www.reddit.com/poll/1jr269y)"
t2_w1myn2qzx,OP ka kal exam hai sb ATB bolo,0,9,0.85,0,1743693652.0,False,t5_311ttu,title
t2_1izzy9k5be,Guys abhi tak 3rd April shift 1 me kitne questions bonus hone ka chance hai plz bata do..,0,1,1.0,0,1743736586.0,False,t5_311ttu,Plz batao guys 
t2_1iuhpx9dcl,How to sleep 8hours in 3hours,0,1,1.0,0,1743736230.0,False,t5_311ttu,Enough anal-ysis done 7 tarik tak I'll be dead😊😁😁😁😁😊😊😊😊😀😀😀😃
t2_u4nudn85,Having a serious problem with modules,0,0,0.33,0,1743749414.0,False,t5_311ttu,"So I'm a 27tard(please do not downvote without reading the post), I had started prep last year but wasn't very serious, it was more so for IOQM.

I'm currently having a pretty peculiar problem, I am not able to do entire modules, I just do Subjective questions from Exercise 1 or entire Exercise 1(Resonance modules) and that's it for any particular chapter, I understand that this is not very good considering I do have the time to finish entire modules, and I should but I simply do not for some unknown reason, I tried searching if anyone else has had a similar problem but I couldn't find anything.

I have decided to somehow force myself to do the entire module before moving forward, but I do not quite understand how do I ""fix"" my previous chapters, I've already done 7 total chapters, with proper notes, I would appreciate if someone would guide me on what to do in this scenario "
t2_1bjxd5z7z4,Being a 26tard ek fact bolna hai,0,0,0.18,0,1743782610.0,False,t5_311ttu,PAPER AASAN HI HAI BAS PROBLEM YE HAI KI TUMNE PDHA NHI GAALI PADENGI BUT SACHAI YAHI HAI SAAL BHAR ANUP DADDY ALECC DADDY KRTE RAHE IS UMEED MEIN KI NTA AASAN DEGA PAPER. AFTER JAN FIR BHI NHI SUDHARE AUR AB YE BOL RAHE KI NTA KI GALTI HAI CHEM GAAND PHAAD AAYI HAI ASAAN HAI CHEMISTRY SABSE. TO PHYSICS MEIN TORQUE KA FORMULA PUCH RHA HAI AUR BOL RHE HO KI ADV LEVEL KA PAPER THA. ACCEPT THIS FACT KI TUMNE DALALI KI PDHAI NHI MUJHE PTA HAI KI REDDIT AUR TELEGRAM DONO JAGAH MUJHE KHUB GAALI AUR DOWNVOTE PADENGI PAR SACHAIHYAHI HAI. I KNOW HARSH HAI BUT DIL PAR HAATH RKHNA KYA TUMNE WAISI MEHNAT KI THI. AGAR KI THI TO RESULT ACHA AAYEGA AUR NHI KI THI TO RESULT WAHI AAYEGA JO SAAL BHAR KIYA THA  REMEMBER THIS FACT RESULT US DIN HI DECIDE HO JATA HAI KI TUMNE SAL BHAR MEHNAT KYA KI HAI EXAM KE EK SE DO DIN PAHLE PADHNE PER RESULT MEIN IMPACT NAHIN AATA AUR AGAR AATA HAI TO ACCEPT THIS FACT KI TUMNE SAL BHAR PADHAAI KI THI INDIRECTLY AUR DIRECTLY. KADVI HAI PER SACCHAI HAI AUR BUS ITNA HI BOLUNGA KI COMPETITION BANO BHED CHAAL NAHIN. BAAKI JO DROP LE RAHE IS ATTITUDE KE SATH DROP LENA KI IS BAAR KUCH KRNA HAI ALL THE BEST. RAJWANT SIR NE EK BAAT BOLI THI KI IS SAAL KA CBSE KA PAPER JEE WALON KE LIYE AASAN HI THA PAR SIRF UNKE LIYE JO SAAL BHAR PDHE THE... 
t2_7z62l9vc,droppers that failed,0,3,1.0,0,1743722037.0,False,t5_311ttu,"how many of ya'll took a drop forcefully when noone from your family supported it and ended up wasting it by getting same or worse scores, how did you cope with it and did life get better?"
t2_1l0myjch4p,Cooked,0,72,0.97,0,1743651495.0,False,t5_311ttu,
t2_wdi4axe8c,DOCUMENTS FOR EXAM CENTRE ??? PLSS BATADO,0,1,1.0,0,1743734835.0,False,t5_311ttu,
t2_1exx2nytsr,"ok so need help, 2026tard preparing for jee, my whole 11th is wasted realizing now , so can i crack jee advanced , need guidance....",0,1,1.0,0,1743734537.0,False,t5_311ttu,
t2_kd537uep,About dummy schools...,0,1,1.0,0,1743734428.0,False,t5_311ttu,"So I'm switching this year - icse to cbse kyuki ncert aligns... Is dummy really necessary for this? I don't like the idea but mummy ko inn coaching waalo almost convince kardiya tha, but i am not sure sure. Recently heard cbse is cancelling affiliation of dummy schools and I can't take this type of risk kyuki mujhe boards bhi dene hai. Aur jo coaching inhone dekhi hai (my parents) they say unka khud ka school hai so it's more like ""school integrated programme"", kids take admission in their school and go to coaching else where (the coaching centre) so it's safe but I feel like this is also a dummy school in disguise... Kya itna unmanageable ho jaega ki, if I go to a normal cbse school + coaching, that I won't be able to cope up? Agar kisi ne successfully coaching with schooling kari hai pls tell me... "
t2_nxycgmci,"how can i get mka sir, pms sir, bj sir lectures for free😌",0,0,0.33,0,1743734278.0,False,t5_311ttu,
t2_fgb5oo94e,Op abtak ghar nahi pohocha,0,648,0.99,0,1743607718.0,False,t5_311ttu,"Centre se station ke liye bus hi nahi mili aur rikshaw wala 10x bhada bol rha tha 

Station ke liye 10 hota hai

Rickshaw said 100rs 😭

Btw ye hai local ka haal

Saas lene bhi probs hai yaha"
t2_1me9yccayx,title hates pixels,0,6,0.87,0,1743700593.0,False,t5_311ttu,
t2_1bc3goaqf4,Khet ki factory me centre,0,82,1.0,0,1743646397.0,False,t5_311ttu,
t2_1iypydbvqw,"Zinda hu, time pe room ne entry mardi papa ne.",0,287,0.97,0,1743621300.0,True,t5_311ttu,"Book pe hi blade thi papa phone deke chale gaye baat karne ke liye behen se toh mai bachne ke liye blade fek di, taki pata chale. Agaya exam deke jitna aya utna, 3 saal se isi mai laga tha aisa nahi tha padhai nahi li lekin bas oriented way mai nahi kar paya. Aaj kafi support kara sabne aur kaha ki agar tujhme skills hogi aur tujhe chize aati hogi toh tu deserving jagah pahuchega mehnat karke. Blade fek di side mai fir himmat nahi hui chune ki gharwalo ko dekh ke. I've accepted my mistakes and I'm the one to be held accountable and ab viteee ki taiyari kar raha hu, wouldn't slack of I owe one to myself. Aaj dost bhi bahar legaye raatko dinner karne, toh realise hua ki aas paas mai log hai who care for me. Also I'm very sorry about that childish post, I am ashamed Indeed and my sincere apologies to all the people who were trying to console me. Thanks and goodbye! (This time it's time to make things right). ""You can't connect the dots looking forward; you can only connect them looking backward"". I will do my best for VITEEE and comedk ab. 

Context previous post:- https://www.reddit.com/r/JEENEETards/s/lIpwFI84Pu 

Also I am very grateful for all having all of you, lot of people even reached out to me. Thanks and yes sorry again! 🙏🏻"
t2_1i71aqji7w,April cutoffs ke baad ki haalat,0,16,1.0,0,1743677596.0,False,t5_311ttu,
t2_ag201adke,Detailed analysis of 3rd April shift 1,0,23,0.97,0,1743669596.0,False,t5_311ttu,"First of all, na nahi hua comeback xd
Aaenge ka karne ke chakkar me peeche ka bhul gya formula yaad nahi the (adj(adj(a)) tak yaad nahi tha xd🤡


So here is the analysis from what I remember

Physics 
2 questions of Ray optics (Easty direct lens maker, 1 statement based of Minimum deviation pe)
3 KTG+thermo (1easy 1 of moderate difficulty)
1 fluids (vessel me ched kardiya to velocity wala)
2 Magnetism (moving current se magnetic field wale)
2 current electricity ( wire me rho l and Area diya hai usse cicle banaya resistance in diameterical points + simple ammeter se current wala)
1 electrostatics potential in sphere wala
1 rotation ka standard swaal F foce se uper ek ball ko pull Kiya centre ki velocity puchi thi
1 unit dimensions match the following ka gravitational onstant ka bhi pata ho to wo swaal hojata
1 capacitor se ratio of 2 series vs parallel capacitor jisme andar dielectric ho
1 gravitation (cant say the difficulty mene nahi kara tha)
3-4 Mordern ke radiation pressure and Nuclear physics ( 2 swaal mass defect and binding energy (easy type))

Chemistry (iska breakdown nai karra)

1- physical se chem Kinetics + equilibrium + thermo(delta H of formation of ethene) + mol concept me % of carbon in hydrocarbon + atomic ke 2 the sayad + Duma method jisme balance karna ho aur kuch aya ho to yaad nahi mostly physical ka weightage tha

2- oc ncert level 2 questions diazo ke baki oc easy thi biomolecules se L-fructose ka structure pucha tha weightage kam hi tha bhot jayda nahi thi koi tough reaction bhi nahi ayi (strong suit thi meri oc 😂)

3- IOC dikhi hi nahi bhot kam the 1 coordination se tha usme konsi light emit karga batana tha, 1 swaal P-block ka (mene Kara nahi tha shit, N-N is weaker than P-P ka statement type)
Aur 1-2 exact yaad nahi arhe but sare very doable with like uper uper ka knowledge bhi ho to hojega


Maths 
2 integration moderate
2 SNP 1 GP and 1 method of difference
2 matrix and determinants (east as hell I messed up me adj(adjA)) ka formula bhul gya)
3 3d + vector ajeeb se vector in numerical doable lagra tha mene nahi kiya
1- probability pnc mix
1- pnc set mix
1- set
2- function ki domain types
1- continuity ka easy
2-3 coordinates (dont know difficulty)
1- complex algebra
1- newtons formula quadratic ka 
1- area under the curve
1- differential equations






TLDR - structure karle biomolecules ke + Modern me radiation power wagera ke formula dekh lena 
Chemistry me method of prepration + physical pe zor dena
Maths me standard swaal hi the bus Newton formula aur Matrix wagera ke formula dekh ke jana 




"
t2_9bkn6p3g,"9 baje utthna tha, 6:45 pe neend khulgyi aur ab aa nahi rahi, gaand fatt rahi paper me na ajaye(evening shift ofc)",0,83,1.0,0,1743645307.0,False,t5_311ttu,
t2_1lu1w31kfv,How to get 30 marks in upcoming JEE Advanced Chemistry?,0,1,1.0,0,1743730945.0,False,t5_311ttu,"Hey there, I've always had my chemistry fucked up, and I just want 25-30 marks, as to clear the subjectwise cutoff and to balance out things. I'm alright with Phy and Math, but chemistry is really fearful. My JEE Main already ended(Did only 8-9 que in chem).Here are the things that I did already, but have no idea if I can score 30 marks in chemistry just by these (as advanced, so mixed topics). Please tell me what else to do to JUST get 30 marks:

IOC:   
\* Periodic table and quantum mechanical model  
\* Chemical Bonding  
\* Coordination Compounds

OC:  
\* Nomeclature  
\* GOC  
\* Isomerism (str and stereo)  
\* POC

PC:   
\* Mole Concept & Concn. terms  
\* Thermodynamics and Thermochem  
\* Ideal and Real Gases  
\* Solid States  
\* Chemical Eqlbm

That's it. Seniors are welcome to help (yeah, requesting xD)."
t2_1fh5fpv4o5,2S2 PERCENTILE PREDICTOR,0,4,1.0,0,1743703221.0,False,t5_311ttu,"Agar 170 bane to kitni percentile ayegi
Chutiya mat banana genuine advice mang raha hu"
t2_17n09xex5a,Wtf was that maths 2s2,0,843,0.99,0,1743599030.0,False,t5_311ttu,Maths me gand bang krdis chemistry ease physics moderate 
t2_1hjqdelgjq,PW dancing over unsolved problem,0,7,1.0,0,1743695118.0,False,t5_311ttu,"No Reason, was watching it and paused at the right moment thought it was kinda funny."
t2_985zkygd,Are 2 months enough before JEE january attempt for revision?,0,1,1.0,0,1743730095.0,False,t5_311ttu,"As the title says , I am gonna take drop (probably) and I am aiming to finish my whole syllabus by the end of October . So is 2 months before January (ie November and December) enough time for revision and questions practice before JEE mains 2026 attempt ? "
t2_1k4jh719qk,I am not stripping nak*d!,0,0,0.22,0,1743764914.0,False,t5_311ttu,"Yesterday was my JEE exam (3 s2)

Physics - 24/25  
Chem - 15/25  
Maths - 15/25"
t2_1jth5ubyor,Drop your organic memes,0,1009,0.99,0,1743594720.0,False,t5_311ttu,
t2_18am8f08y3,Day 167 of studies as a 12 grader,0,3,0.81,0,1743702188.0,False,t5_311ttu,
t2_1kz2aknuku,VIT or SRM?,0,3,1.0,0,1743707772.0,False,t5_311ttu,"If I have an option of joining anyone of them, which one should i choose for [B.tech](http://B.tech) CSE?"
t2_1b8fn88s3k,कबीर k dohe op version,0,26,1.0,0,1743666240.0,False,t5_311ttu,
t2_8f2rou24,Should I just do it?,0,3,1.0,0,1743707470.0,False,t5_311ttu,"It's my drop year and I have my exam in 7th but I am not confident at all I am completely zero in maths and it's not because I didn't study but I was weak at maths from the start I got my lowest marks in maths boards as well, I just need a college but you can't get a good college unless you score 94-95 percentile perhaps even higher I feel like crying I saw my parents face how much they were dissapointent in Jan... I can't afford to take another drop year I am sure I would go in depression if I did that 
I did think of ending it but I am not a coward ( and time heals everything) why should I even do now I feel like the whole world is collapsing right before my eyes I had realised that I am not good enough to qualify mains but it was too late now I am here watching videos and solving questions like crazy but to no avail....."
t2_d7ffp8r41,AYOOO ‼️‼️,0,39,0.98,0,1743657841.0,False,t5_311ttu,
t2_bsm1p8o9,Am I wrong regarding a question in 2nd April shift 1,0,1,1.0,0,1743728924.0,False,t5_311ttu,"There was a river boat problem in physics , as clearly as I remember it was given 90 sec or 1min 30 sec but on yt everywhere they are solving using 30 sec and if we solve using 90 sec the answer was not matching. Can anyone clear was it 90 or 30. I read the question 2 times but I still think I made a brutal mistake because using 90 sec answer was 375 but it was not in option. "
t2_fjl805em,Totally f-cked,0,4,1.0,0,1743701580.0,False,t5_311ttu,"Jan 22s1 me 58%ile aayi thi. 
11th 12th me koi coaching nahi li (regretting)
School me 90percent aa hi jate hai (teachers giving fake expectations to parents about me getting into good college)

Vit,nest,iat ka form bhara hua hai 
Idk what to do kal jee hai I'm so so fucked i js know it

Im thinking about taking a drop but papa mama are saying that phele sare exam dedo agar kahi nhi hua toh drop lelena
But I think with 58%ile in jee I can't do anything now, like I'm totally fucked

I did well in boards this year (expecting 89%+)

Mera kuch nahi ho sakta 
I feel like a failure rn 
All my life i was a decent/good student but now im like bc dummy hi le leti toh behtar kr leti 

When I told my parents mu percentile 
Papa ne kaha ""koi nahi next attempt hai""
Mama said ""bohot sari chize hai padhne ke liye ye nahi hua to koi nahi""

I don't even think I can even get like 75%ile. 


Im fucked.
"
t2_1bkuwlqn29,Ak failure aur do regret   -4s1,0,22,1.0,0,1743669816.0,False,t5_311ttu,"# Meri kaahani -

mai ak dropper hu .12th mai kuch nahi padha just passed in boards 71% aye socha drop leke kisi dhang ke college chala jaunga .

Mere drop lene ka main reason yahi tha ki mujhe koi regret nahi cahiye tha .Aisa nahi hai drop mai padhai nahi ki ,ki par aur kara ja sakta tha.

Ak bail ki tarha gol gol ghumta raha wahi gine chune 5 6 ch karta raha batch ate gaye procastinate karta raha socha improvement dedunga

jan ke start mai thoda serious hua but 40%ile aya aur fir wahi youtube doomscrolling karte karte feb 1st week mai boards ki padhai shuru ki pata tha phys utha acha nahi jaega but theek thak gaya

Chem exam ke 3 din pehle mummy ne bataya ki unke gale mai ak lump hai aprox 7cm ka phir aur padh nahi paya chem exam chudgaya but i think zaruri tha i made sure ki mummy papa panic na kare

6th march ko mummy papa delhi ke liye nikal gaye and i had 1 and half day to study for math ig 50 aajaenge

mummy ko nasopharynx cancer diagnosis hua. It shook me

But uske baad padhai nahi kar paya ik mai ak chutiya hu jo iske baad bhi pura time nahi padh paya comp exam acha tha but jee ke liye mai bilkul prepared nahi hu

bech mai socha ki sucide kar hi leta hu but family mai itne problems pehle se hi chal rahe hai aur problems deke jana is not something i want to do waise bhi is 2 kodi ke exam ke liye mera land de apni jaan(coping)

kal paper hai ik 40%ile se bhi kam aenge and ik ki abhi sab khatam nahi hua exams hai

Bc bitsat ke liye to june tak time hai manzil comeback aur vora classes se syllabus wapas karunga aisa lag raha hai 0 pe hum abhi bhi hope hai bitsat, comedk,viteee,met

agar kuch nahi mila to iter ya kisi chote private college chala jaunga  
ak baar bitsat 2nd attempt khatam ho fir detail mai bataunga puri kahani

# 

rukjana nahi tu kahi haar ke , kato pe chake milenge saye bahar ke-kk"
t2_q0ktbo3tb,Phew.....,0,8,0.9,0,1743690221.0,False,t5_311ttu,"Took a drop .... Studied my ass off , no coaching online or offline, just yt, ghar pe padhne ka mahaul bhi nhi tha ....

I got 43ptile in April last year ....
Anddddddd got tadadadada wait for ittt.... A
Whopping 21 percentile with 13 marks ....
Pta nhi kese m sab galat krke aa gya and I was destroyed aur worst part is kisi ko kuch nhi bata skta tha .... 

Now aaj subh ki shift m mera paper the ....
I attempted 40 which may not seem a lot to most of you but it's pretty good for me ... Mujhe apne state ke govt college m ece mil jayegi hope fully .... 

Byy.....

Aur jinka bhi paper h all the best tumko...


"
t2_lqh8spkjv,Caught a Pokemon today 😨,0,2580,0.97,0,1743576416.0,False,t5_311ttu,Aluminium rod 💦
t2_10rs4r3k8b,JEE MAINS -> JEE ADVANCED please help bohot dua lagegi by god,0,3,1.0,0,1743705742.0,False,t5_311ttu,"How to score 100+ in JA in 45 days
I have my physics and chemistry done till mains level 

Please help and behave civil 🙏"
t2_157jagq0bz,You are welcome everyone,0,7,0.9,0,1743689149.0,False,t5_311ttu,Aisa paper diya ki meri vajah se cutoff niche jayegi(3s2)👍. No need for thank you 😎
t2_1i3oki373u,"Guys yeh allow hai kya, paper hai aaj btado pls",0,46,0.97,0,1743652170.0,False,t5_311ttu,"It has a total of 5 pockets, btado hai ya nhi wrna jeans is the only option."
t2_vwhhb4pb4,Thoughts on Sir,0,6,0.88,0,1743691884.0,False,t5_311ttu,Has anyone completed whole maths syllabus from Mohit Tyagi Sir's YouTube channel ? What should one solve after watching sir's youtube lectures? 
t2_puz280x81,Does anyone have the Solid State NCERT PDF?,0,2,1.0,0,1743713178.0,False,t5_311ttu,"Agar koi Solid state ki ncert dede toh mai unke liye bohot khushnaseeb ho jaunga🙏🙏  
subreddit ke materials mein nahi tha so I am now referring to you guys for it"
t2_1lda00xlca,FOR 2ND APRIL SHIFT 2,0,1,0.67,0,1743726541.0,False,t5_311ttu,"Yeh question mei option d wala option ppr mei nahi tha na...?
Iske alawa 2p2 tha... Bc net aur yt pe sab galat option de re..."
t2_egvsyzhp,Ye bhi padh lo(3s2),0,6,0.88,0,1743688327.0,False,t5_311ttu,"So physics thodi doable-mid moderate thi like fluids ke 4 question waves,kinematics,unit and dimension 
But chemistry gaand maarli puri in short
Maths mujhe aati nahi thi(kaash maths padh leta)overall chud gya hu,private college jaana padega ab,thankyou,( o ha mere center be baddies thi bahut saari aapko bhi mile iski aasha hai)"
t2_9rkhypeu,"Jee prep day 10, as a 27tard",0,4,0.83,0,1743698970.0,False,t5_311ttu,"It was my first day at allen today. It did a lot to show me that I still have a long way to go, seeing my batchmates get to the answer of a question that I'm yet to finish reading was unreal. It pinched me a little and showed me it isn't going to be the same as it was up till 10th. All my teachers were good, especially the physics one. They didn't really teach much today but gave a brief overview of the subjects. The total class time was 6 hours.

What I did today after reaching home:-
Revised maths class notes(nothing much was done in the other two subjects). 
Resolved class illustrations 
Read a bit of theory from modules."
t2_1ctjc5ab6y,jaa rha hun. pura material mil gaya. ab hoga cumback.,0,5,1.0,0,1743694600.0,False,t5_311ttu,"https://preview.redd.it/a9556jd63nse1.png?width=581&format=png&auto=webp&s=7343fadc6eca7662b1ec22a74972acbbd02bccdf

"
t2_e3t6hr03,Kal se advance restart,0,3,1.0,0,1743704297.0,False,t5_311ttu,"I tried a lot for mains, and failed nahi aayi 99 anup sir se nahi le paaya paise, advance hi abh last hope just need to forget what happened and focus ahead"
t2_f207cekd,theres no way that nearly 100k students saw ts,0,10,1.0,0,1743680552.0,False,t5_311ttu,
t2_pm5ka2cl,Admit card issue,0,0,0.25,0,1743739089.0,False,t5_311ttu,"Actually I'm a neet aspirant, just wanted write jee for experience, but the thing is i had forgotten that I had applied. Today I tried to download the admit card says either my details are invalid or it hasn't been released yet, but the news outlets say it has been released, was my exam in April 2,3,4 and I missed it...??
Is there any way to know..??
Any suggestions...?"
t2_1lzv3d80pa,Auto Dubbed anup daddy 🫦💦,0,18,1.0,0,1743668499.0,False,t5_311ttu,
t2_160z5hraqp,For 4S1 waalo !!,0,5,0.86,0,1743693428.0,False,t5_311ttu,BHAIYOOO kal pls paper blank chhod ke aana mera aur tmhara cumback ho jaega 99.99%tile at 4 marks!!
t2_sq3fcvdxd,Pw vidyapeeth kota ya koi or bhi jagah ka worth h kya? For drop.,0,3,1.0,0,1743702846.0,False,t5_311ttu,"Bhai pls mat bolna ki drop mat le. Bohot mushkil se decision liya h ab isi pe rahena hai. Vidyapeeth nahi toh koi or jagah ki koi or offline coaching koi h acchi toh pls boldo. I know online is sometimes better. But bhai mujhpe discipline nahi h bilkul bhi or wo mujhe improve karna h. I do not want to waste another year just like that. Please suggest kardo kuch seniors ya jo bhi abhi padh rahe h offline mei🙏 
Thank you!"
t2_bo8bt3f9,Nikal gya h OP,0,28,1.0,0,1743658934.0,False,t5_311ttu,"Mummy ko khana khane m der hogyi thi to 10 min nikla hu, par mummy gaadi aise chala rhi h ki 2hr ka raasta 2 min m poora krdegi💀💀💀"
t2_1fk8cztbyk,Pls God ji,0,1319,0.99,0,1743583243.0,False,t5_311ttu,8S2 m Chem gaand faad aajaye aur Physics and maths easy to moderate 
t2_1jx8xlx15i,@everyone,0,3,0.81,0,1743695972.0,False,t5_311ttu,hey guys i just have build a new website where you can track your studies and study together it is specially for windows/mac and coming soon on mobile devices dropping soon ! 
t2_1m477p8n8e,coordination compouns quick doubt,0,2,1.0,0,1743709320.0,False,t5_311ttu,"In Co complexes, H20 acts as SFL. it holds good when the complex is homoleptic. but what if the complex is heteroleptoc, say, the below one... will h20 still act as a sfl or will now act as an usual wfl...?

"
t2_t8ezu33a,yarr is reddit pe koi help ni karta,0,6,1.0,0,1743691337.0,False,t5_311ttu,
t2_1il8ti57uf,Need advice for 11th [JEE],0,2,1.0,0,1743709101.0,False,t5_311ttu,"Guys, im an icse student who just gave his boards on 24th march 2025 and am really in a bad position rn. I am avg student prob getting 88-90% in boards.

See, my father is incredibly hard working[14~15hr per day work]. He has a corporate job and is nearing his 50s.

Some days back, we started to discuss about what to do for 11th and 12th. I am opting for JEE. Heres the options that we found out about JEE PREP and main schl.

Jee prep options:
A) ONLINE:
1 Esaral [~₹50K]
2. Motion[~₹60K]

B)OFFLINE:
1.Allen (only coaching)[₹2,28,000 per year]
Got 40% scholarship. Therefore amt is ₹1,36,800 for 11th.

School options:
A)CBSE: [ALIGNED WITH JEE SYLLABUS]
1. Allen intergrated: ₹90k
2. Other clg: idk

B)HSC [*NOT* ALIGNED WITH JEE SYLLABUS]
1. Allen integrated: ₹45k 

C)NIOS: [ALIGNED WITH JEE SYLLABUS, DERIVED FROM NCERT, ALIGNS WITH CBSE]
PRICE: ₹3k-10k


Now, I have an extremely bad habit of wasting my time. Back in school, I didnt purchase any tuitions and only studied 1 or 2 days before every exam and scored barely avg marks. This is my weak point. Now i have understood that i need someone to stand infront of me and make me study, give me test etc or i wont study at all. I am ashamed of myself. I literally just cant study...

Thats why I had a firm belief that I had to get an offline coaching

I have experienced online class of motion for a year in 8th [foundation class]. Its app was literally trash and recorded lectures were uploaded after 7 days and by that time i had more and more backlog. So i ignored it and literally cheated in its tests. 

My older sibling also used unacademy and failed miserably by wasting full 2 years, studying last moment for HSC board and failed in JEE. 

I am scared that online is only a fantasy and gives no real outcome. Offline is a better option but they are looting huge of sums of money. Plus if I travel by rickshaw additional 35k per year. Or 25k on electric cycle which brings the cost again near 2 lakhs.


Please suggest Online or offline and anout the school. IF ONLINE, suggest which one and how you made yourself study, did you pass? Has anyone passed using online?"
t2_jff1dlnoq,I ATTEMPTED 25/25 in chemistry in 3s2 ami cooked?,0,3,1.0,0,1743700928.0,False,t5_311ttu,thought ki mujhe hi mushkil lag rhi h so tukke laga diye h kya koi tkkr mei ?
t2_z12qpbney,Advice for class 11th😭🙏,0,2,1.0,0,1743708795.0,False,t5_311ttu,"Bruh, I just got into class 11th PCM and I'm so freaking scared. Help me. I have very low attention span and get panicked really quickly. 

I got admitted in allen and the environment and competition there makes me sick to my stomach. 

Just help me!🤡🤡🙏🙏🙏"
t2_ok7a2yzxq,A promise to myself for jee 2026,0,2,1.0,0,1743708760.0,False,t5_311ttu,"currently I am in the last section in Sri Chaitanya , 11th almost completely wasted , but from here on out , I promise myself , that i will get at least 99.5 percentile in jee mains 2026 January attempt and below 4000 rank in jee advance 2026 , its 1am rn when making this post , I will look back at this in 9 months 

if this post gets some reach , I’ll keep updating biweekly or monthly"
t2_dgk3ty3v,BITSAT GRIND [DAY 1],0,2,1.0,0,1743708412.0,False,t5_311ttu,"i do a lil bit of poetry sometimes :) 
actually feeling good about overperforming tbh lmao.
"
t2_vz402fu4q,"does siteee ask boards level concept based questions? like if i do ncert very well can I do well in siteee? ai/ml chahiye sit pune mein, i need atleast 80/120",0,2,1.0,0,1743708360.0,False,t5_311ttu,"ai/ml chahiye sit pune mein, i need atleast 80/120"
t2_fe5iofwk,HOW IS NIT KKR,0,3,0.64,0,1743694678.0,False,t5_311ttu,GOT 98%ile EWS+HS QUOTA..
t2_97gabk9c,"SC Candidate, how to score bare minimum of 70-80 marks in adv",0,2,0.63,0,1743707892.0,False,t5_311ttu,"mains didnt go so well , 87%in jan, april went better than jan but who knows bc kya ho jaaye, i cant take a drop , iss bar se bhi kam marks aayenge drop me 100% sure, how can i secure a bare minimum of 70-80 marks in adv , syllabus is complete like 95% , some physics chapter are on a good level, organic is decently good too, IOC also to some extent, how can i secure a bare min of 70-80 marks in adv? "
t2_jzq7najhc,any website to give previous year jee advanced mock test for free?,0,2,1.0,0,1743707727.0,False,t5_311ttu,
t2_1m477p8n8e,poochta hai bharat!!!,0,2,1.0,0,1743707409.0,False,t5_311ttu,statement 2 toh false hoga na kyuki + charge carbon pr alkyl groups toh aur zyada -i lga denge so + charge unstable ho jayega... moreover hyperconjugation toh alpha hydrogen show krte hai na....
t2_1foxfgqoyy,Alec sir misses me 🥺,0,0,0.38,0,1743742333.0,False,t5_311ttu,
t2_14g5dfdzkb,3s2 My centre..,0,19,1.0,0,1743663021.0,False,t5_311ttu,Darr ka mahol..
t2_1gp5e7yp0z,Is NTA recreating 2025 Jan pattern??,0,6,0.87,0,1743689026.0,False,t5_311ttu,"Don't you guys think ki NTA is trying to follow Jan pattern? 

Like 22S1 was quite tough and similarly 2S1

23S2 had better Chemistry ,and 3S2 too is said to have tricky Chemistry

22S2 was easy-moderate and 2S2 also

 Just a random observation.I might be wrong"
t2_ypwz2edz4,"Lost My Exam Buddy... Bro, Where Art Thou?",0,9,0.85,0,1743675318.0,False,t5_311ttu,"He said he lurks around here, I hope i catch that pokemon again."
t2_qravgyd1,what should i do👿,0,7,0.9,0,1743678864.0,False,t5_311ttu,"my friend (owner of this reddit id) is giving his exam rn 3s2, I came along with him for his exam. I have his phone unlocked and he has no lock on reddit, wp, insta. what should i do?"
t2_1jzj6o6dav,"""JEE"" Ka Paper Dekhe aare ho na tum bhi??",0,238,0.99,0,1743611514.0,False,t5_311ttu,
t2_x22x7h6w1,Adv cut-off for EWS in JEE (M),0,2,1.0,0,1743704620.0,False,t5_311ttu,Guys what do u think what is the expected cut-off for jee adv? Please give honest reply! 
t2_r405cf57x,3s2 definite integration ke option galat the na? Please bol do galat the.,0,2,1.0,0,1743704513.0,False,t5_311ttu,Title padh.
t2_1ipu4inchj,???????,0,398,0.97,0,1743601129.0,False,t5_311ttu,
t2_e3t6hr03,Let me provide you with some fresh hopium,0,6,0.87,0,1743686171.0,False,t5_311ttu,"So after hearing the reviews from 3s1 and 3s2 I have observed that both had a similar pattern with similar question type, math was lengthy in both according to people and most if those who claim it to be easy are saying it was lengthy so they couldn't solve much, I believe this will affect the cutoffs, and they are not gonna go high I believe for 99 they will be around 170 in both(cause that's how much am getting and I want 99 :)), so drink this hopium till the answer key comes and study for advanced"
t2_8y9fngv4,Need Help,0,2,1.0,0,1743703837.0,False,t5_311ttu,"Anyone here from NIT ALLAHABAD 3rd YEAR (preferably ECE Branch) ? 

Need some help please hmu"
t2_1kff2npitp,Puri duniya meri khilaaf ti Aaj tho,0,4,1.0,0,1743690120.0,False,t5_311ttu,Aaj Mein Ghar se 2 ghante pehli nikla  kyunki bahut duur tha centre . Raste mein galat jagah chale Gaye fir kisi tarah 1 baje centre paucha . Fir ek tho lab mein Biometrics kam nahi kar raha tha waha pe 10-15 min kadha raha fir . Fir paper chalu hua tho construction walo ne Kasam kha li ki aache se questions solve karne nahi denge . Itni jor jor se kam kar rahe te ki bahut jyada dikkat Mera Seat bhi khirki ke pass tha tho mujhe sabse jyada pareshani hue . Meine invigilator ko bola band karwane ko fir band hua fir jab maths chalu kar diya 4-5 questions hue te fir Mera computer kharab ho gaya . 2 baar mera computer band ho gaya . Fir jagah change ki meine itne hone mein mere 10-15 min kharab ho gaye . Bahut bekar hua Bhai . Bahut jyada 😭😭
t2_u88n2cmrk,28S1 --> 3S1 (I hope it is not the same again),0,468,0.98,0,1743597068.0,False,t5_311ttu,
t2_o2yre5hyl,Will 3s2 be the new 24s2,0,5,0.65,0,1743685361.0,False,t5_311ttu,I just came out of the centre and I'm shit scared man
t2_1lzv3d80pa,Another one,0,15,0.94,0,1743663800.0,False,t5_311ttu,
t2_1526cw44kq,Apna Experience in 11th,0,3,1.0,0,1743695220.0,False,t5_311ttu,"So mera 11vi khatam ho gaya hai and I dont know ki mai kaha stand kar rha hu iss point pe kyuki bohot hi vague tareeke se padha hu mai pure saal. I did my 11th from PW Arjuna and I have Complex Numbers 2 ka backlog in maths and Waves in Physics. Chemistry Done(Block chemistry 12th me karunga 🥰🥰). Revision ki maa chod rakhi hai bc maine!!

Idk Kaise Ho payega lekin I'll try my level best. I want my Parents to be fucking proud of me, THAT'S IT.

To all the 2027 aspirants, Bhai mt padna uss chutiye 247 ki baato me, Teachers Are like Your god for these two years! Aur tips nahi hai mere paas kyuki sab chutiyaap hai. Sirf padhna hai bc wo bhi nahi ho rha tumse???

And agar koi senior padh rha hai toh mujhe maarg darshan de ki kya mai sahi raah pe hu ya nahi. Reality check koi toh de😭😭😭

12vi me faad dunga bc (hopefully bas wo meri gaand na ho)"
t2_1eetp5inln,ONLY PLACE WHERE I AM CONSISTENCE 🤡,0,10,0.92,0,1743671001.0,False,t5_311ttu,
t2_l7w6uewx8,Wiki link for study material seems to be broken,0,5,1.0,0,1743684507.0,False,t5_311ttu,"I have been trying to open the google drive link for JEE books in the wiki of this sub but the link seems to be broken. I'm not sure if the link is actually broken or if this is just happening to me but if the link is actually broken i request the mods to fix it or if anyone has an alternate link with the material(JEE books), please provide me with the link. I would be really thankful🙏🏿"
t2_bqiusop4,2 april s1 gang🤙🤙,0,4,1.0,0,1743688631.0,False,t5_311ttu,"Bhai bkl sab aadhe kehrahe hard aadhe kehrahe easy 💀, ye batao ki around 95%ilw kitne par banegi? Idea h? Lowest and max number ka range bta do "
t2_1k39jf1vk2,3rd shift 1,0,9,0.92,0,1743672506.0,False,t5_311ttu,Kya sirf meko hard laga bc 
t2_1ki1863am0,3S1 easy or tough?,0,3,1.0,0,1743693974.0,False,t5_311ttu,"Kitne attempt kiye h sabne, aadhe bol rahe hai easy tha aadhe medium ab batao

maine 51"
t2_1hsxcqpxoa,Regarding Eligiblity Criteria for Bits!!!,0,2,1.0,0,1743701525.0,False,t5_311ttu,"So I am GSEB Student and I have to give my improvement exam which will conduct around last week of June and result will out upto mid July..But in Eligibility criteria they have mention that we have to submit our result by June 30.

Is this date can be extended or I am cooked🥺

Plz Koi help kardo🙏"
t2_ci0p5seg,Goodbye fellas,0,14,1.0,0,1743664641.0,False,t5_311ttu,"Jaa rha hu , iss subreddit se
Dono attempt fuck up ho gye hai.

Drop lene ka jigra mujh mei nahi hai .

Cet ki tayyari thodi bohot kar lunga baaki ab mujhse nahi hoga , adv ka cutoff clear ho gya hai par ab mujhse nahi hoga "
t2_p3ykuwox9,Any application form to be filled for mbbs before neet? Like ggsipu,0,1,1.0,0,1743714725.0,False,t5_311ttu,Same as above
t2_lqtc0xd0h,last push,0,3,1.0,0,1743693234.0,False,t5_311ttu,"last one month to neet and meri gaand fatti padi hai, full syllabus pehli baar diya tha sunday ko and 400 hi score hue. papa ko dikaye toh kehtey hai tu preparation bandh kar, chal gaav chaltey hai fir june me aakar wapas 2026 ki taiyari kar lena. but mere me intni himmat nahi bachi hai ki firse ye sab karu yaar, already ek saal drop ho gaya, saare dost aage nikal gaye hai. kitna stuck feel hora hai life me and upar se ek aur drop toh maut se kam nahi hoga. muhje kya karna chahiye, muhje kuch samaj nahi aata. ik ki marne se koi fayda hai nahi, its not the solution but its only the solution i see cuz meri wajah se sab upset hore hai and im nothing but only a source of disappointment to my family which they dont deserve."
t2_12onfvw3ey,What if?,0,6,1.0,0,1743679546.0,False,t5_311ttu,"Start posting your what if comment related to jee/neet only,i start with mine What if jee ka cutoff neet jaisa jaye or neet ka jee jaise"
t2_f846i74j,kahani ka e padav poora hone jara h kal as double dropper,0,2,1.0,0,1743700991.0,False,t5_311ttu,Same as title 
t2_1jendp6958,My First and last post on this reddit,0,5,1.0,0,1743683074.0,False,t5_311ttu,"Bhai 3 saal se jhel rh hu padhai karna accha lagta hai isliye sanity abhi bhi bachi hui par mental resistance mera bhi fomo se nhi bach paya but in the it all ends in 4th apr S-2 and finally agr 11-12 th me jo pankh fela nhi paya ab thoda kar saku, anyways atb to everyonet in this sub and do wish me luck as well"
t2_1ia5rnf4sl,bhagwan 99 percentile de please btao,0,2,1.0,0,1743700700.0,False,t5_311ttu,mera theory complete hai 7 ko exam hai yeh btao kya ques dekhu irrespective of length all subject ke liye bta do please aise videos bta do ki atleast 60 percent queestion similar mile joh read krke answer dega use sundar biwi milegi 
t2_v5djr73fv,Which animal is you?,0,17,1.0,0,1743658776.0,False,t5_311ttu,
t2_13r69cyzhc,Fruity question(or it is just me who is immature)👩‍❤️‍👩🏳️‍🌈,0,4,1.0,0,1743686835.0,False,t5_311ttu,Ik I am just being a little immature 
t2_kxhlu54f,Anyone who gave or saw 3s1,0,2,1.0,0,1743700366.0,False,t5_311ttu,At 110-115 what %ile can i expect 
t2_m9zuv83s1,Completely cooked in life,0,11,1.0,0,1743666937.0,False,t5_311ttu,"Class 10th cbse 96%.   
Fascinated by engineering.  
Wanted to try jee,   
parents wanted me to do neet  
Still chose pcm    
Just entered 12th.   
Passed 11th with like 75%.  
 Wasted 11th with many backlogs  
  Local coaching was shit Left local coaching Wasn't able to purchase allen online 110k fees Got allen 22k video lectures only 
  Turns out its all animated bullshit    
School is syncro (3days/week, fees 1.5L) Currently fucked up    
Dont know what to do.  
 Dont know any sources to study    
Very scared to spend any more money.   Ashamed from parents to ask for more    
I am just a burden to them     
Its better if i just kill myself      
My situation is cooked.   

Have no actual friends.   
Situation at home is not stable.
Cannot talk to parents as I already got 22k Bs.
Its all useless..
If you have any opinion then please share.
Thank you"
t2_1izzy9k5be,Guys 3rd April shift 1 me question to ye tha na ki least acidic kaun sa compound hai chem me??? To OEt wala hoga na answer?,0,2,1.0,0,1743700128.0,False,t5_311ttu,
t2_jtlu0bx3e,Guys what channel to watch for the paper discussion ? (7 S1),0,0,0.4,0,1743713636.0,False,t5_311ttu,"just wondering which one to actually follow, if you have one in mind or one you follow lmk it will be of great help , thank you"
t2_enbymwo5,Me after finding the ratio of maximum intensity and minimum when they asked difference ( itna mushkil sei toh formula yaad hua),0,9,1.0,0,1743672823.0,False,t5_311ttu,
t2_1db6f6dihl,GUYS NEED HELP FOR JEE ADVANCED,0,2,1.0,0,1743699802.0,False,t5_311ttu,"So I have given my mains now and I'm getting around 200+;

Now I want to prepare for advanced; My physics is really good and further, I have my teacher in coaching for Physics( Allen), so I'm sorted in physics

Talking about Chem; My organic is really good, physical is also good( Need to get in more conceptual depth about topics) and inorganic is fucked up apart from Periodic Table and Chem Bonding

The real problem is maths, no matter how much I try I just don't know how to tackle questions, how to observe patters and start the question cuz I never developed that thinking during classes; Now I need 40-50 in maths and like I'm mediocre at every topic other than calculus( Purely fucked up in calculus); And I just got to know, my maths faculty has joined other coaching so I don't know have any clue how to go ahead in maths; So please tell a teacher I can follow to study Advanced level maths who teaches how to approach advance level question( I don't need to study from basics, I have my basics good in every chapter other than Complex Numbers). Since I only have 45 days, I need teacher who just focuses on advanced level; Someone like Vijay Uppal who teaches methods to solve problems in less time and doesn't focuses much on basics like telling definitions and easy JEE mains problems; Please give some advices"
t2_uxiu1sqwx,Is this site (kota modules) legit? Should I buy these modules?,0,0,0.5,0,1743713253.0,False,t5_311ttu,
t2_sdggcuq5,Is this ans correct ? 3s1,0,2,1.0,0,1743699374.0,False,t5_311ttu,
t2_d7ffp8r41,full syllabus FST/aiats ANY AAKASH TEST SERIES  ka link dedo please,0,1,1.0,0,1743712307.0,False,t5_311ttu,please:(
t2_slf0wuy4h,Dad said i should solve atleast 65 questions in jee mains 🫠,0,129,0.99,0,1743617189.0,False,t5_311ttu,"Failed dropper here.... couldn't even score 80 percentile in jan attempt 🙃...

And here after my dad got to know the number of questions in jee mains and the maximum marks in jee from his colleagues....he told me that i should atleast solve 65 questions and atleast 50 questions of mine should be correct 🙃🫠🫠...

I was like ...dad ....isme under 10k rank aa jaati...and he said 'to laao na itni rank'.

Ab kaise btaun unko ki yahan pincode jaisi rank aane waali hai 🫠🫠🫠"
t2_7l0dhqfn,Baddie staring at me before the exam,0,9,0.8,0,1743668465.0,False,t5_311ttu,"3s1, Noida sec 62

This one girl two rows back kept staring at me through the gaps between the partitions, I returned some eye contact. Exam k baad bheed m gayab hogyi vo😭 didn't get to start a conversation.

>! I was in a black polo and gray sweatpants, messy hair (in case she's on reddit and recognises me) !<"
t2_plrc4207,How do you even become attracted to a subject?,0,2,0.75,0,1743697680.0,False,t5_311ttu,Do you just think you're flirting with a girl and assume that she is the question and flirts back every time you get the answer or you just feel it because yes
t2_1lkfjz42uw,Any advice for me 🙂,0,3,1.0,0,1743689686.0,False,t5_311ttu,"Tomorrow is my  jee Mains exam (4 April) and haven't studied anything for last 20 days not even today . Bt still I am in illusion that I will take drop and will get into top IIT by starting studying from 5th April.
Got 54 %ile in S1. 
I'm addicted to YouTube
 But deep inside I am totally broken and can't explain it 😔
"
t2_1ku3sr6u4t,To 2026tards who took dummy in CBSE what are u gonna do with school???,0,1,1.0,0,1743711125.0,False,t5_311ttu,Am also a 2026tard and i just want to know what will u guys will do cuz government has made it mandatory to attend offline school and i am already also going to offline coaching for JEE so it would be great if u help me a little bit and tell if there are any other options to not attend the school....
t2_1g1zbypion,jo hona hoga woh hoga hi 3s2,0,20,1.0,0,1743653540.0,False,t5_311ttu,"Ho gaya bhai 3 saal de diya, ab aaj jaisa bhi hua bina upset huye adv ke liye best karna hai. Phy is least prep maths moderate and chem above average... lets see how the paper turns out to be. All my friends excelled in first attempt itself and i couldnt score well, drop year hai toh thoda pressure toh hai but ab jo hoga accha hi hoga.   
ATB guyss"
t2_1e6coac483,Admit Card problem,0,1,1.0,0,1743711075.0,False,t5_311ttu,"My exam is on 7th, and when I checked today for admit card, it says that username or password is incorrect, or it isn't issued. Anyone else facing the same problem? I checked the credentials multiple times but still the same."
t2_w6rvb3j1,why tf they do us dirty,0,615,1.0,0,1743585608.0,False,t5_311ttu,
t2_jiriq1ww,Should I take drop,0,2,1.0,0,1743697120.0,False,t5_311ttu,"Aaj 3s2 tha 
Paper acha gya 150 lg rah hai but jan mai 60 percenttile the to is bar 90+ ana bhi impossible hi hai
Ab drop lo ya nhi merko apni glti pta hai merko bas time chiye par parent nhi man rahe aur merko katai bhi bekar college nhi jana 
"
t2_lxtc3x4jl,3s1 walo kasa gaya . Mai to chud gaya especially math mai bc vector ke sawal nahi hue,0,11,1.0,0,1743663601.0,False,t5_311ttu,
t2_9xogr9q3,last mock before jee 8s2,0,5,1.0,0,1743683365.0,False,t5_311ttu,"https://preview.redd.it/c30ib78v5mse1.png?width=1920&format=png&auto=webp&s=2fbcb5d5094dc62bec8a6e864a6b12c9fee6682a

"
t2_bhodllr4,"F**K JEE, Tell me how was your JAPANESE PAPER",0,703,0.97,0,1743582382.0,False,t5_311ttu,paas ho jaunga bhai 
t2_1jksd4tqb9,How to fuck your life,0,153,0.99,0,1743612041.0,False,t5_311ttu,"->Be me, bright student till 10th, chose JEE out of passion (I liked engeneering) against my parents will.


->Join a local coaching which turns out to be shit.


->Study everything from YouTube but couldn't keep up eventually piled up backlogs 


->Spiral down into PORN addiction 


->11th is wasted, barely passed school exams 


->Choose online in 12th, as no good coachings in city. 


->Beginning is great, everything's going fine.


->Addiction becomes severe, start wasting more time into it.


->Syllabus is incomplete 


->School starts pressurizing fuck, boards and practicals


->Waste 2 months in preboards and practicals 


->Fuck JEE is here


->Gives JEE with incomplete syllabus and got 68 percentile. 


->Focus on boards instead of 2nd attempt.


->BOARDS went shit, expecting around 50 percent 


->April attempt is near and I'm unprepared 


->ITS OVER, PARENTS ARE NEVER GONNA FORGIVE ME 

What should I do ? Off myself."
t2_1lg3jxpnmi,How many of you have already decided to take a drop year ?,0,2,1.0,0,1743696468.0,False,t5_311ttu,"As for me i have already decided  

[View Poll](https://www.reddit.com/poll/1jqmgbn)"
t2_dplkiw6c,need suggestion,0,0,0.5,0,1743709611.0,True,t5_311ttu,competishun or pw which one is better? for droppers.
t2_1eya5e1n2j,Turned 19 today,0,7,1.0,0,1743674404.0,False,t5_311ttu,Idk how i wasted my 3 yrs on jee prep (3rd yr going on). Can't get how 1 yr 22 months just went on n i cannot even feel it. I never thought at 19 i will be in this situation when my parents told me they will support me till 18 yrs only then i have to work part time to support them along with my studies but i failed there. I m hating this growing up. Idk if i ever be able to forgive myself for my this present..... everyday i feel i will change myself today so i won't see this day back n regret again. Those 3 months changed to 6 then 1 yr then 1.5 yr now 2 yrs almost. Idk wht i am doing in life... this is insane.... i hate me....
t2_tdgn6gca3,OP chutiya hai ya uski watch?,0,11,1.0,0,1743662524.0,False,t5_311ttu,"Bc stress ke mare l lage h , aur ye bolti hai normal 🫠"
t2_1fmmzr4eot,Best book poll Maths,0,1,1.0,0,1743709320.0,False,t5_311ttu,"After solving Allen modules which is best 

[View Poll](https://www.reddit.com/poll/1jqs2n9)"
t2_a59gvfqr,isko kaise samjhau?,0,2,1.0,0,1743695765.0,False,t5_311ttu,"https://preview.redd.it/lkbl5m2d6nse1.png?width=1256&format=png&auto=webp&s=123b13f53cd55a2fa6d12204fe67f5522a2ac0d6

ye mera dost ko kuch ho gya hai. bol rha hai ki nishant jindal sahi bolta hai, iska team bahut accha hai. koi counter arguments btao isko samjhane ke liye. (btw humlog 12thies hai. iske 96 percentile aayi the)"
t2_fky2dwevm,Vmc(vidyamandir classes) at nsp. Questions about A and B modules.,0,3,1.0,0,1743687829.0,False,t5_311ttu,I have started my preparation for JEE 2027 and just joined vmc nsp. I saw some posts about how the A and B system was bad. Is it really that bad? Do they not teach the regular batches B part? (I am in regular batch)
t2_act31p64x,"JEE DROPPERS, PLEASE GIVE A SUGGESTION",0,1,1.0,0,1743709243.0,False,t5_311ttu,"all the jee droppers, please tell me if I'm doing Wrong, abhi kuch time baad prayas 2026 start ho jaega, I'm thinking ki jab tak ye log kinematics karenge, utne me saath saath mai 1-2 12th ke chapters karlu saath saath,I'm already doing electrostatic rn, is this a bad idea? Kyuki ye log kinematics hi 1 mahine me kara rahe hai"
t2_1mh9o3go4b,Ashish Aggarwal sir,0,1,1.0,0,1743709198.0,False,t5_311ttu,When did sir complete syllabus in prayas batch 2025?
t2_1mghmcrf2p,3rd April shift 2,0,3,1.0,0,1743687712.0,False,t5_311ttu,"Paper was on moderate side compared to yesterday it was better 
Maths - question were from expected topics integration conic sextion differential equations matrices and determinants 
Chemistry- tough some questions were direct biomolecules and inorganic were direct statement based were bit tricky 
Physics questions were easy to moderate numerical were easy no question from rotation shm electricity had good amount of questions "
t2_1kx4t6gkn3,7th April JEE MAINS,0,1,1.0,0,1743709171.0,False,t5_311ttu,"1st attempt mai tukke maarke 78.5%ile aa gyi ab second dene jaa rha hu but bc kuch pdha nhi dhnk se basics bhi dhnk se clear nhi h lg rha hai, 3din hai bss 85%ile aa jaaye bohot h, kya lgta h possible h?? Koi tips koi important topic ya repeated topic vagera ho toh bta do🙏🙏"
t2_159j73jsy3,Help krdo 🙇🙏,0,1,1.0,0,1743708880.0,False,t5_311ttu,
t2_1bwhmn5ue8,Urgent help required,0,4,1.0,0,1743681596.0,False,t5_311ttu,I am so frustrated from my family toxic parents playing victim card mujhe bss bahar niklna he kese bhi aur jldi i can't survive a day unke sath i am a girl physical abuse by my mother father everyday on very argument unko regret he mujhe paida krne pe i am a dropper from Indore 18 years old i hate them phone pe kisi female friend se baat nhi karskti janna to chodh do kahi i am so messed up mujhe kese bhi niklna he i am a general candidate got 91 in jee january shift and I can't wait for college re opens i want ki me jldi nikl jau yha se wrna I'll die please 
t2_1ekinjkl0x,Please predict my percentile for april 3 shift 2,0,1,1.0,0,1743708531.0,False,t5_311ttu,"Attempted 21 in chem, 22 in physics and 5 in maths. No questions wrong in maths, 2-3 might be wrong (uncertain) in physics, 4-5 in chem might be wrong (uncertain). Overall 192 marks attempted. If you can't predict then at least please tell if I will clear cutoff so I can start advance prep from tomorrow onwards"
t2_1mch9zsmn2,Pw module (jee mains),0,1,1.0,0,1743708528.0,False,t5_311ttu,How are pw module for jee mains prep (I'll not prepare for advance) (2027tard)
t2_xgrw80018,I am confused,0,2,1.0,0,1743694817.0,False,t5_311ttu,"I got 94ile in mains1(syllabus complete nahi tha, started late but still could've done better on d-day but whatever) Mains 2 distractions ki wajah se bhot kharab gaya aur ab samajh nahi aa raha ki aage kya karu, adv ke liye padhu ya ugee ya MhtCet aur comedk ke liye, sabhi exams alag hai and diff skillsets reqd and look at their *dates:
-Ugee 19 apr
-MhtCet 19-27 apr
-Comedk 13 may
-Adv 18 may

*Mysituation:
- JEE Advanced me try karu ya nahi? Kuch chapters PG & Cengage se kiye the (theory+ illustrations+practice exercises + koi ek exercise), but pura syllabus complete nahi hai. Advanced losing game lag raha hai.  
- Maths meri sabse weak hai—ho gaya toh ho gaya, nahi toh gaya and main dhng se kr hi nhi paayi 
- Chemistry achhi hai but syllabus bacha hai dosto.  
- Physics ka bhi syllabus bacha hai

Ab kya best option hoga? Kis pe focus karna chahiye? Time bhi kam hai, aur abhi tak clear nahi hai ki kya karna sahi hoga. Koi bhi advice mile toh bhot helpful hogi! 😭 
"
t2_9asygbxvz,Is chemistry really that difficult in april shifts ?,0,3,1.0,0,1743686776.0,False,t5_311ttu,Aisa kya puchh rhe hai bhyi??
t2_mno2gtx1,Confusion regarding 75% criteria,0,2,1.0,0,1743694587.0,False,t5_311ttu,"hey everyone, i just finished 12th and about to take drop to peacefully study for jee , i dont have higher aims just to get in my nearby gov college by state quota ,  
since my physics board went absurd and didnt did well in math either , i am scared that if i join any coaching for jee right now and after the result i didnt managed to get 75 then the whole year fees would go down drain since they take whole year fees together,   
i just wanna ask that for a student who didnt met 75% , his prepration for jee is worthless?   
(my other papers including chem went well so i can easily get 75 but the fear wont go , negative thinking aaa)"
t2_ryzeylcfe,chinta ka vishay,0,2,1.0,0,1743694373.0,False,t5_311ttu,"Toh bhai , aisa hain , mera 7th ko paper hain pehli shift , aur at this point , main itna free hoke baitha hun ki chinta hi nahi . Haalat bohot kharab hain , jaise plan kiya waise padh hi nhi paa raha , yaad kara hua bhool jaa raha hun , revision dhang se ho nahi rahi aur abh hit kar raha hain ki ""kya kar rha hain tu bhai?"" . Toh abh 2 din bache hain ( sunday ko nahi gin raha coz uss din zyada padhke kuch hona bhi nahi hain ) , toh aaj raat , aur kal parso , main kya karu , revision ke liye bhi notes maine achhe nahi banaye hain , aur kaafi demotivated sa scene hain. Existential crisis jaisa mahaul hain proper. Dost wagera se sabh contact khatam hua pada hain , maa baap ne bhi ummeed chhod di , as such koi hain nahi jisse main baat kar paau. Toh koi agar kuch bata sakte ho toh bohot bhala ho aapka 🥲🙂...."
t2_1a2vzihnpo,im cooked,0,2,1.0,0,1743707790.0,False,t5_311ttu,"I am a 2027 aspirant.I have taken a school integrated coaching ( I have been studying there since class 7th) . I have a very solid foundation for jee preparation like I did many jee maths chapters from cengage in class 10th and I also have studied some jee physics chapters . I have also taken unacademy online batch for jee 2027 but now I am confused which thing to follow either I can depend on my offline coaching ( school) or I can follow online . If I follow online I will have to take a dummy school for my preparation and I am very distracted from social media and I don't think I can survive in isolation for 2 years straight for jee preparation in dummy school.  My school has taught me so much but they don't have any proven results the best results they have is a guy who scored 99.7 percentile this year in jee mains ( don't know about advanced) . All of my friends who were good in studies have left the school and some took online coaching and some moved to kota because there is no offline coaching in my area. I feel left out in school even though I am very good in studies and there is also very less competition in school. 

I have a very good front log and a great basics to start jee preparation but I think I will just my jee preparation just because of lack of resources I studied hard in class 10th for jee I fought with hard problem of cengage even if I couldn't solve them now I think they will all go in waste just because I couldn't get a good online coaching.Just because I couldn't afford to got to kota or I was born in a small town where they don't have good coachings . I am just lost I don't know what to do my jee preparation is ruined and I can't do anything. "
,guys HELPWW!!!(asking for someone else),0,2,1.0,0,1743694191.0,False,t5_311ttu,"thinking of finally starting a jee advanced oriented prep, pls lmk about free reliable oneshot series/batches on yt, i would love it if they are more questions oriented. i do know about manzil series, goated teachers, but ive watched it enough already.  
 a 25tard 98.6%tile in 23s2, and 0.9999%tile in 2s2"
t2_j7wk18iek,Maths question 3s1,0,3,1.0,0,1743686264.0,False,t5_311ttu,Iska kya hoga
t2_1jybwgeifp,Kya dop lu ??,0,2,1.0,0,1743694098.0,False,t5_311ttu,"meri jan me 88.8%ile ayi thi (kuch nhi padha tha)  
april me isse km hi hogi (pura time insta ne le liya)  
tohh kya mai drop lu  
drop year me hr din km se km 7 ghante to padh hi lunga kyuki meri chem strong hai aur physics moderate aur maths ka pta nhi like kabhi kabhi bhot easy lagti hai aur kabhi dekh kr maut aati hai "
t2_1hjh6ma4c8,A catchy mark of last night!!!!!,0,95,1.0,0,1743618102.0,False,t5_311ttu,"# 3rd (S2) . 
Am adhere to sit there(exam center) ,idk what would I do precisly but hoping fairly convert my hard work into result. 

Rigorously A spark blowing inside ;
A worms biting always ;
For just get in high order of concious to peace. 

I course to this chaupai of hanuman chalisa at this night for just get a tremendous spritual energy not just to clear exam. 

I hope to y'all that you too would gr8! 

(Bajrangbali may give guts to us) "
t2_zh4o144dd,FULL SYLLABUS OR PART SYLLABUS DOUBTS,0,2,1.0,0,1743693692.0,False,t5_311ttu,"in the allen majors i am getting around 450 to 500

the aakash its around 550

and pw last test i got 644

all of these are in full syllabus exams

what i am asking is should i start giving the PSTs or FTS from aakash or just stick to full syllabus exams

ps i am planning not to give too much focus on allen exams coz unke vajese mera confidence 0 me chala gayaa, and i cant go in 4th may with 0 confidence

thankss in advancee"
t2_gjcck9u0w,can you sleep in the centre after finishing up?,0,1,1.0,0,1743707022.0,False,t5_311ttu,i would probably not take long so i just wanna know if thats possible
t2_11dhs4hky5,pw arjuna modules pls if anybody have,0,1,1.0,0,1743706743.0,False,t5_311ttu,i got allen patna modules they feel literal rubbish even of mains level.....anybody has pw arjuna modules????
t2_1m477p8n8e,fake trick?,0,1,1.0,0,1743706730.0,False,t5_311ttu,"https://youtu.be/-1SeHDnr_g4?si=usXf-0qd2HA_T3dh

ig the trick in this video is fake kyoki isse 2 april shift 1 wale maths question ka answer galat aa rha hai... (binomial wale ka)... verify krdo guys... 

aur haan, koi acchi wali sahi me important wali trick ka link ho to wo bhi share kr dena... "
t2_kxhlu54f,3s1 doubt,0,7,1.0,0,1743671662.0,False,t5_311ttu,Q : which of there are possible for motion in 1d
t2_twp3ufik,Why NTA???😭😭😭😭😭 Mera centre dusre universe mein lagwa diya + Morning Shift 💀💀😭😭😭😭😭😭😭😭😭😭😭😭,0,154,0.99,0,1743608105.0,False,t5_311ttu,
t2_mjzt3kqy5,3 April S1 Piston vale lengthy sa ques ka ans batao guys🤬,0,3,1.0,0,1743684800.0,False,t5_311ttu,Kya tha?
t2_bhhdhguog,Anyone had LN college Borivali centre for jee ?,0,2,1.0,0,1743692398.0,False,t5_311ttu,"fatt rahi hai , google pe likha hai computer kaam nhi krte waha ke , aur bohot negative reviews hai , 2024 ke CET me waha par gadbad ho gayi thi . Agar koi bata sake ki wo centre achha hai to dil ko sukoon mil jaayega 

(ik agar kharab raha still I cannot do anything , but peace of mind mil jayega agar sahi raha to)"
t2_hju6dnes,will I qualify for advanced at 95 percentile?,0,2,1.0,0,1743692379.0,False,t5_311ttu,"assuming I dont improve in the second attempt and 95 is what I get finally, will I qualify for advanced?"
t2_vaqkdk4l,"Where can i find kunal sir(mathongo) lectures, bought batch but about to expire",0,1,1.0,0,1743705925.0,False,t5_311ttu,"so i bought mathongo rbc course but its expiring after april attempt, where can i find kunal sirs lecture, i need maths only, telegram, reddit anywhere is fine for me"
t2_w2tl2t6t,Conic Sections,0,1,1.0,0,1743705885.0,False,t5_311ttu,"Parabola Ellipse Hyperbola ka backlog hai sirf maths mai (aur circle ka revision krna hoga pura) toh abb cover krna chahiye ki chhor du?? Mains ho chuka hai I mean for adv bitsat and other exams.

Agar yes then one shot se krne se ho skta hai conics ?"
t2_1l7xdthkwi,Dropper with zero prep!!!!!!,0,2,1.0,0,1743692244.0,False,t5_311ttu,"So, i studied nothing these 2 years for JEE and I mean it like I had solved only 4-5 DPPs and gave 3-4 tests in this whole prep period but always wanted to go in a good college as everyone wants to

So, now i'm thinking of taking a drop cause a good college was always my dream and i never tried so this will forever gonna be regretful to me that i didn't even tried, this says my heart but my brain says that what if I procrastinate this time too and completing the whole syllabus in 9 months from scratch is a huge task

And another rason for drop is that i might get compartment in one or two subject too so then I have to repeat anyways

PS: I got 80%Ile in Jan attempt only beacause of tukkas and I wanna get atleast 97%Ile in my drop year

So, drop your suggestions what should i do"
t2_o6st26y9,Should I watch eduniti top 100 ques ( my exam is on 7th),0,2,1.0,0,1743692060.0,False,t5_311ttu,
t2_9ialunuw,3s1 bonus ?,0,1,1.0,0,1743705452.0,False,t5_311ttu,I think 1-2 questions were ambiguous like that 3eV one and should be a bonus? 
t2_1bsfi2yz34,Why is pogi Ashish Sir so popular?,0,8,0.9,0,1743664738.0,False,t5_311ttu,"Why is he so popular? I mean nobody watches his lectures nor he teaches for free, why is he so Popular?"
t2_1lxrooofwn,Regretting not studying for S2,0,1,1.0,0,1743705338.0,False,t5_311ttu,"For context: I got 99.59%ile in JEE Mains January. I've seen the first four papers of April and shit man. There's so much Inorganic that i haven't revised at all. My exam is 4s1. 


My rank will probably be messed up cause people will get higher %ile in session 2 right. Can anyone tell me how it works? 


Thank you."
t2_158y1quasr,anyone who gave or saw 2s2,0,1,1.0,0,1743704962.0,False,t5_311ttu,what %ile range can i expect at 120 marks.?
t2_tdnsi54j0,admit card download webpage not working,0,1,1.0,0,1743704924.0,False,t5_311ttu,"same as title, 8th april ka scheduled h, par website khul hi nahi raha. My wifi and internet connection is fine, all other websites and up and running, par the download admit card website isn't opening? what to do? plz mujhe panic ho raha h thanku"
t2_1me9yccayx,Pray for my friend (and yourself?) !,0,2,1.0,0,1743691260.0,False,t5_311ttu,"Ok so my friend , lets call him X , really cool guy and he is a great person but let's just say he's very unlucky . My guy was victim of the infamous 27 s1 mass@cre , then got 4S2 and then gave jee advanced , which surprisingly was easy and saw high cutoffs like never seen before . If you think that's enough , he took a drop and he got 24s2 this year . Now he got 7s1 , and I just want him to get a great percentile this time . He works hard and gets 160 plus but the cutoffs in his shifts get so high somehow . Let us pray his' is a good shift with less marks needed for 99 percentile . Thanks aur jiska 7s1 hai... well well well"
t2_1bwaal6alm,goodluck 3s1 and 2 kewties,0,14,0.95,0,1743654518.0,False,t5_311ttu,"okay zyada cringe ho gaya title, but you get what i mean, i hope you all do great."
t2_i46mh7vhc,"4 April Shift 1, ... Wish Kardijiye aur agar koi tip jinka exam ho chuka ho 🙏",0,2,1.0,0,1743691086.0,False,t5_311ttu,
t2_ojpz07ne,3s2 assemble,0,1,1.0,0,1743704326.0,False,t5_311ttu,Woh maths ka numerical vector Wale ka answer 128 tha kya ?
t2_1me9yccayx,"droppers who effed up their jan and april attempt and not even sure if they are gonna qualify for adv , how do you feel and what's your plan now?",0,3,1.0,0,1743690750.0,False,t5_311ttu,title
t2_13khzky5gg,first day first show,0,518,1.0,0,1743581968.0,False,t5_311ttu,
t2_1e6dwo8qn8,plz help (17MF),0,1,0.99,0,1743703935.0,False,t5_311ttu,"thinking of finally starting a jee advanced oriented prep, pls lmk about free reliable oneshot series/batches on yt, i would love it if they are more questions oriented. i do know about manzil series, goated teachers, but ive watched it enough already.  
im a 25tard expecting 0.986%tile in 2s2"
t2_163rynn868,Suggest entrance exams for which i can still register . I got 74%ile in session 1 and I missed session 2,0,1,1.0,0,1743703754.0,False,t5_311ttu,Suggest state entrance exams or good colleges (not the expensive ones) for btech
t2_slf0wuy4h,Wth ...is this true? 😮,0,6,0.75,0,1743668640.0,False,t5_311ttu,
t2_1e093yt90a,4S2 fatt rahi hai,0,4,0.83,0,1743676530.0,False,t5_311ttu,BC 24 GHANTE ME MAI EXAM LIKH RAHA HUNGA  MOCKS NAHI DIYE SIRF PHY CHEM KE BHAROSE JA RHA (neet wala nhi hu)😭😭 ANXIETY ON TOPP
t2_1brdtubhou,bro when do we take 22.7 and when 22.4 ?,0,2,1.0,0,1743689942.0,False,t5_311ttu,"https://preview.redd.it/98pxue7fpmse1.png?width=443&format=png&auto=webp&s=d213c65c49a66233f74abffcf5c563b41f22c0ac

"
t2_1bz28q5au9,Need some guidence :,0,2,1.0,0,1743689756.0,False,t5_311ttu,"So, basically i am qualified for JEE Advance. I am a complete online, i did everthing from youtube, with full time schooling. But the problem is that i am really confused on how to prepare or start the prep for Advance, its really confusing i have no idea on how should i prepare. If anyone from their experience or acquaintance's experience could help me and guide me on how to do an effective prep for advance so that i can clear it in this attempt."
t2_1dqtuxe0d3,Sala mai 22 s 1 me tha aur aaj 3. S 1 me dono ko easy bol rhe the par cutoff n aukat dikha di,0,3,0.81,0,1743681777.0,False,t5_311ttu,Talk about 
t2_1k6k3v3q8c,Even i fucked up,0,1,1.0,0,1743703214.0,False,t5_311ttu,"2 saal kaise gaya samja hi nahi 
Har bar padhne ka try kia 
Kabhi topic nai samje to kabhi questions ke concept ne demotivate kia .
Kabhi sudhar hi nai paaya . 
Am i alone ? Jisne try kia fir bhi usse nahi hua ? Whats. More depressing "
t2_14g5dfdzkb,Dumas Method (%N) ka answer kya tha 3S2,0,1,1.0,0,1743702739.0,False,t5_311ttu,
t2_7trs57mz,Nta ki mkc 2.5 to tha hi nhi option me  15 min ki maa chod di bhsdwalo ne,0,7,1.0,0,1743667679.0,False,t5_311ttu,15-18 min ki ma
t2_czbfeemnj,For those thinking there i a huge competition in jee,0,4,1.0,0,1743675518.0,False,t5_311ttu,
t2_u4swi7nz,Is it too late to start for JEE?. I am outside the centre guys 🙂,0,1524,0.99,0,1743559511.0,False,t5_311ttu,
t2_nf7x6o764,Ive gave my shot today (JEE diya) what colleges are good in MP for CSE?,0,1,1.0,0,1743702161.0,False,t5_311ttu,"Where else apart from jee shall i apply for exams, entrance exams, and what colleges are good, (gov or (good not too expensive private) for CSE in MP state, how shall i apply for them, im expecting around 100 marks in mains april, are there any good options for me? "
t2_11f158vvbg,ChatGPT being real homie,0,5,0.86,0,1743667142.0,False,t5_311ttu,Had me in tears
t2_c6abjb7v,Is it worth it?,0,3,0.8,0,1743680585.0,False,t5_311ttu,"Hi, new 27tard here and extra classes for 11th just started in my school, my father insists on me doing engineering and i have interest in physics and math so I'm not very against that

  
I just want to know from the start from more experiences people, is it more worth my time studying in these coaching centers and trying to crack IIT-JEE or spending more of my 11-12th in extracurriculars and building a portfolio so I may get a scholarship abroad?  
Can I handle coaching studying and extracurriculars all at once?"
t2_14c3qddv7w,Can't solve nothing.,0,3,1.0,0,1743680579.0,False,t5_311ttu,"i am a 2027tard and just shifted to 11th results still pending and i am solving cengage but i coudnt do half of the sums of the chapter, i have been studying continously for 7 days from the time my boards ended , i have completed sets and motion nicely but facing alot of problem in quadratic!.  
I have completed log, modulus, complex number {1} also faced no difficulty in those.  
Along with a bit of relations and function , integration and derivation!  
I can do mains level but just cant do adv level idk why!"
t2_a48hlv1vk,"Droppers and ""failures"", what went wrong?",0,0,0.4,0,1743701864.0,False,t5_311ttu,"What mistakes did you make during your preparation except the obvious ones like procrastination? If you could go back in time and start 11th again, what would you have done differently? "
t2_13kzv4kdai,Teachers brainrot quiz,0,364,0.96,0,1743586556.0,False,t5_311ttu,
t2_hr7dpdgyy,Free sources of neet,0,1,1.0,0,1743701568.0,False,t5_311ttu,"My cousin sister wants to prepare for neet , any telegram free sources you guys know "
t2_p02bzek6,That's procrastination for u,0,8,1.0,0,1743663318.0,False,t5_311ttu,
t2_1k9nu1otmq,1.5 months IIT prep or 2 months BITS prep?,0,2,1.0,0,1743687598.0,False,t5_311ttu,"I got 98.4 %ile in first session and might score more in 2nd session.
I was wondering what exam should I prep now 
i have studies the advance theory ( coaching mein padha rakha hai) except the chemistry chapters that are not in mains but haven't practiced a single advance question since January. 
should I play safe and prep for BITSAT or go for advance first and then prep for BITSAT after advance in the month left.

drop ur suggestions 🙏🙏🙏"
t2_1eya5e1n2j,Physics from saleem sir vs abj sir,0,0,0.22,0,1743732468.0,False,t5_311ttu,"Saleem sir explains things in detail n easy language and so many times same things but still i feel someting new is here. He explains in detail but still i intend to forget things and even revision is so dififcult due to long notes.... his lectures are never less than 10 in either arjuna or lakshya.
The lengthy lectures give me anxiety that so much time it would take but at same time long things intend to give much more than shorter n much more is covered in detail but still i can't decide on anything. I feel wht if i miss something or forget something as my memory but investing time on 20 lectures for 1 chapter when time is less doesn't give justice unless someone has ample amount of time to do but still can be done if worked more hard but then revision time will be less i really don't know
Abj sir (lectures on youtube) on other hand gives crisp explanations n i feel every line is important wht he says but still i just forget it. Idk how to decide, long lectures but good explanation or short lectures but deep things....
Someone who studied whole arjuna24 n lakshya25 from him please tell who would be best for understanding physics conceptual concepts n solving good questions without me forgetting basics or other things....
I know revision is must but still can't retain that thing in mind.... "
t2_1e5xi8vpum,Rkh sir ke yt wale lectures kaise hain,0,2,1.0,0,1743687311.0,False,t5_311ttu,Dropper jee 2026 hu kya yeh lectures dekh lu if I am mains oriented
t2_168vl9t7hc,What should i do for adv,0,2,1.0,0,1743687124.0,False,t5_311ttu,Mainly i cant solve phy adv question at all what should i do i have 1.( months left pls suggest resources
t2_1b1ykq9lpc,Dummy School,0,1,1.0,0,1743700661.0,False,t5_311ttu,"I'm joining 12th this year. I've seen many people talk here about online coaching + dummy school. I live in BLR, and I've tried contacting Allen, Unacademy, but they dont offer dummy classes for online coaching. This is the period where you can take those online admission tests so someone please help me out in finding a coaching institute that would offer online coaching + dummy"
t2_tnyet3ua,"96 percentile ke liye marks btao, couldn't study much for April attempt cause of boards scored 93 in mains1.I'm being realistic right? 4s2",0,4,1.0,0,1743673196.0,False,t5_311ttu,
t2_nngzfzb1,Marks vs percentile?,0,1,1.0,0,1743700114.0,False,t5_311ttu,"So I gave 2s2, i attempted 46 questions and am positive 45 of them are correct, so 179, anyways, what percentile can I expect? I am not trying to brag i genuinely need to get an idea because I need to know if I should take a drop or not."
t2_1exz88onrv,Help Me Please !,0,1,1.0,0,1743699936.0,False,t5_311ttu,"so i just started my 11th , started with NCERT but it dosent have any question of jee level so i am confused which books to use for solving/practicing questions please help .     and please tell me the order of studying like which book should i solve first then which then which ......."
t2_dgk3ty3v,"Fucked up JEE, BITSAT finna be next.",0,2,1.0,0,1743686286.0,False,t5_311ttu,"https://preview.redd.it/nsau1l2ydmse1.png?width=903&format=png&auto=webp&s=e8bad51a06b00ca7c17c9a45f03ede3821ffe4d4

Recommend Relevant Mock Tests please  
I was devasted yesterday cause I fucked up my chem section, but soon realised that I do not have enough time to sob and roll on the floor so here we go  
I'll be posting daily updates RAHHHHHH see ya :D"
t2_smh20gf0,Urgent help needed!,0,1,1.0,0,1743699759.0,False,t5_311ttu,"So tomorrow's my exam and I just noticed that my DoB(the year actually, the date is fine) is different in my admit card. It's correct in my adhaar card. Will I face any problems in the examination hall tomorrow😭😭?"
t2_1da5hmgjt6,Geniune Doubt Jee,0,0,0.4,0,1743699595.0,False,t5_311ttu,"Just a normal JEEtard issue , jab mai apne ghar pe jee main ke paper deta hu jaise maine saare JAN wale paper as mock solve kia tha I was able to solve 72-73 questions in most shifts (scoring around 250). Also in most difficult shift 28 s1 I solved 65 questions . But in real Jee mains at centre , I face time issue last time in 29 S2 I was able to solve 64 questions . 99.55%ile and this this 3S1 I only solved 59 questions 😭😭. 

So , I have to ask a genuine question ki mai soch rha hu ki jo bhi advanced ke mock papers dunga wo 3 ghante ki jagah 2:30 me solve kru aur uske baad leave kardu test . Agar yha 2:30 me krunga tabhi waha 3 ghante me kar paunga advanced ka 1 paper . 

So , what you all think please give your suggestion !!"
t2_mw8wiukk,"vo AB ,AB2 wala question ka answer kya h? (2s2)",0,1,1.0,0,1743699511.0,False,t5_311ttu,title
t2_1jboru4fby,Tell me,0,1,1.0,0,1743699403.0,False,t5_311ttu,"I don't know I think dummy schooling is right for students who want to prepare for competitive exams like jee/neet from class 11th.  
  
Why not yaar school me koi bhi teacher ko agar basic ka jee ka question diya toh phele 100 galiya dete he phir bhi nahi solve kar pate. So if they are banning it ( it was never legal) they should at least provide basic neet level studies   


Why a good reason, because of students who are preparing these exams from 6th or 7th standard. I mean WHY? BC ham logo ko hafte ka pt period milgaya toh best week of year se award kar dete the khud ko. But ye bache depression me ja rahe he. Just went to my coaching this afternoon for doubts and papers. I saw children crying because unko marks nahi ache mile aur parents bhi chila rahe the ki 4 lakh ki fees bhari he kya fayda. 

Seriously pura metro me decision ki sahi he ya galat. I am not a parent par yar unko enjoy karne do, abhi bhi 10th ki memories fresh he meri aur monthly 10th ke dosto ke sath party karte he ham.  
  
Pls start a conversation and state your points in comments. "
t2_giu8d3ml,I fucked my mains,0,1,0.66,0,1743699264.0,False,t5_311ttu,"This is my miserable story of wasting 2 years of my life
 

LONG STORY AHEAD!!!! (read it only if you have time) 
 

I was a good student until Class 10. I scored 94% in ICSE and then switched to CBSE for Class 11. Everything was going fine—I started school in July and had joined PW Arjuna 2.0 in May after my 10th results. Life was comfortable, and I was enjoying my time. But then, I started procrastinating.

At first, I missed just two days, but that led to a backlog of six lectures. It felt overwhelming, so I gave up for a while. I started watching anime and got completely distracted. Two months passed before I realized I was in trouble. In September, I decided to restart my studies, but then my school exams arrived, and I got caught up with them. After that came the December exams, and I still hadn't made much progress.

By the time 2023 ended, I had wasted a lot of time. My 11th finals were in early 2024, and I ended up scoring 65% (pretty bad ik). When 12th grade started, I got serious, in April, I joined Lakshya JEE 1.0. My routine was intense, six hours of school, followed by Lakshya classes, DPPs, and assignments. This schedule continued through April and mid-May, but eventually, I got frustrated. The constant cycle of school and coaching became exhausting. Since I couldn’t skip school due to the 75% attendance rule, I stopped attending Lakshya lectures altogether.

When summer holidays began in June, I fell back into procrastination—gaming, wasting time, doing everything except studying. By July, panic set in, and I tried to get back on track, but my 11th-grade concepts being awful, made 12th-grade topics difficult to grasp. Despite my efforts, my half-yearly exams in August came, and I barely managed to pass.

October arrived, and I lost my momentum again. In mid-October, I tried to restart my studies, but soon, my pre-boards took over: the first in late November, the second in mid-December, and the third in mid-January. It was overwhelming, then came board practicals, a day before JEE (29th January, Shift 2), I had my Physics practical 🤡. My mains went horrible, I completely messed it up, scoring only around 20 percentile. I was beyond shocked. That night, I cried my heart out, realizing just how much I had wasted my potential.


Being devastated, I pushed myself for 15 days in February. Then, boards began, physics went okay, chemistry was fine but did silly mistakes, and maths… maths was devastating. I had focused on it for five whole days before the exam(not like i didn't study whole year, if did by mediocre prep), yet it went terribly,(by the way, I really need tips for maths!) my phe and english exams went well, and I expect around 80-85% overall.

After boards, I became anxious about Maths. I started doubting whether JEE was even meant for me. Still, I tried to study little by little from 26th March. For my 3rd April JEE attempt (Shift 2), I managed to cover Modern Physics, Ray Optics, Electrostatics, almost all of Chemistry—but for Maths, I barely studied.

Today, I gave my exam, and I’m completely wrecked. I couldn’t solve most of the Physics questions, even though they were easy. Chemistry went somewhat well—I did 14 questions properly but made some careless mistakes. Maths was a disaster—I attempted only 4 questions and made a few random guesses. I'm expecting a very low score, possibly even less than 20 percentile.

Now, I don’t know what to do. Should I take a drop? Is it even worth considering for someone with such a low percentile? I’m willing to put in the effort and stay completely focused this time, but I don’t know if it’s the right choice. Please give me some advice—I need to figure out my next step and my life itself 

"
t2_18rfcqll4c,to the ppl who had jee on 2nd or 3rd guys did any of u solve these ques? are they relevant to pattern nta has??,0,1,1.0,0,1743699131.0,False,t5_311ttu,"i've my jee on 8th april, seeing the memory based sessions, physical has high weightage.      i revise by solving ques, so please guide!!!

"
t2_dndro8cy,Need to qualify,0,1,1.0,0,1743698997.0,False,t5_311ttu,"Help I’ve completed only cell and human physiology unit 
Can I get 250+ if I continue studying only bio 

Time is running short can I leave any chp? Pls help me with a plan 🥲 "
t2_wrxudftio,Rank in jee mains,0,1,1.0,0,1743698956.0,False,t5_311ttu,Guys what can I expect at 98.85 percentile??
t2_g1mqk8ugb,Best Of Luck Guyz for tomorrow. Ashish Sir ki Peshkash.,0,76,1.0,0,1743614676.0,False,t5_311ttu,
t2_baij3tqx,2nd April Shift 2 Discussion Megathread,0,182,0.98,0,1743597051.0,False,t5_311ttu,"Tards posting irrelevant or repetitive questions will face a 15-day ban.

No excuses will be entertained later, as this serves as your official warning. Avoid spamming. Let those who appeared for today's exam share their experiences.

Comments such as:

""How was the exam?""

• ""I am getting anxious!""

• ""When will people start posting?""

""How was it compared to \[specific shift/exam\]?""

will be removed, and appropriate actions will be taken.

For detailed discussions, join our Discord community: [https://discord.gg/JEENEETards](https://discord.gg/JEENEETards)"
t2_sq3fcvdxd,Baat suniye mere dost ki🥰,0,92,0.96,0,1743610361.0,False,t5_311ttu,
t2_a94qak41,Koi bta do ye SiO2 pe confusion ho rha,0,3,1.0,0,1743677113.0,False,t5_311ttu,
t2_1cr8j2ere5,Anurag Mishra Sir - Joined E-Saral | Left Allen 🤔,0,1,1.0,0,1743698506.0,False,t5_311ttu,"Suddenly I came across a youtube video on E-Saral that featured Anurag Mishra Sir on it .
When I recalled my thoughts I can remember Anurag Mishra Sir was in Allen .
What's your comments on this"
t2_em46hbwwc,Is ALLEN malviya nagar good for droppers? [leader batch],0,1,1.0,0,1743698384.0,False,t5_311ttu,"I have my asat on the 6th (if any of yall gave the 30th march paper, please send), I used to go to fiitjee (2 year classroom program) absolutely wrecked my preperation. I will be taking a drop year and the best alternative I could find was allen. (yes I am adamant about joining a physical coaching, I want to remain accountable)



any reviews/insights will be welcomed"
t2_u424ctni8,3sS1 doubt,0,2,1.0,0,1743684719.0,False,t5_311ttu,">Ydse wala swaal ratio pucha tha ki difference 
>Dumas wale me 0.42g tha ki 0.43g"
t2_niikr9gb,iet davv vs jec jablpur,0,1,1.0,0,1743698129.0,False,t5_311ttu,"Jec etc,ee
Or
Iet davv mechanical "
t2_1jc3r1mujb,How much should I study in a day if I have regular school+ Online classes,0,1,1.0,0,1743698045.0,False,t5_311ttu,"Seniors, please tell me how much I should study in a day and how much time I should give on each subject. Baaki thank you! \^\_\^ <3 "
t2_tuadgsef,Bhai jan se pehle kisi ne optical isomers nikalne ki trick ki video share kari thi for coordination compounds. Please share kardo!!,0,2,1.0,0,1743684367.0,False,t5_311ttu,bhai mil hi nahi rahi saala voh video. Na search karne pe mil rahi post. usme kuch 1111 use karke bataya tha
t2_cw4jmu0v,BITSAT and further exam Resource and Guidance .. please help 🙏,0,3,1.0,0,1743676320.0,False,t5_311ttu,"Hello everyone.. I got 82 percentile in jan .. thought I would improve it by leaps and bounds but boards and practicals got delayed till 20th March(usually previous years they finish by 10th March)..after which I was able to restart prep and long story short.. I didn't do well today 3rd April Shift 1 exam.. 

 Most likely not qualifying cutoff.
My next big exam which I am aiming is BITSAT, KIIT ,EAMCET (Ts and AP) , ComedK , NEST and IAT.

Any guidance as to how to prepare and where to prepare? Any crash course or mocks or material you would recommend? Please help 🙏. 

Parents are very hesitant for a drop. But they are willing to buy any resource or course if I were to request them.."
t2_18cutn05sb,Kal hai JEE 4 apr 2nd Shift,0,1,1.0,0,1743697772.0,False,t5_311ttu,"Batao bhai tukka techniques 
PCM mein konse options sahi rehne ki jyda probability hai? 
Saare MCQ tukka maarunga ✊"
t2_doobym3bi,"YR YEH INORGANIC KE COLORS D BLOCK,COORDINATION,AUR SALT KE JO EASY SECTION UNKI KOI SHORTCUT PATA H KYA KISIKO",0,0,0.5,0,1743697649.0,False,t5_311ttu,YA FIR KOI VIDEO JIISSE EASY RAAT JAE..7 KO PAPER H 
t2_1k5w91lnck,Bhai help kardo,0,0,0.5,0,1743697472.0,False,t5_311ttu,"Kal paper hai subah and idk aisa lagray ki kuch nahi padha even tho pura din padta hi tha. Tips do to cool myself down, jan mei acche se perform nahi kar paya "
t2_zgh1ucp4x,Are the compistishun module good ?,0,1,1.0,0,1743697213.0,False,t5_311ttu,"I am enrolling in arjuna batch. So I know that PW module are not good so I got to know that resonance has the best material but also at the same time compistishun is complete copy of resonance module (acc to this subreddit) and also it provides video solution of each question which resonance doesn't. 
                      So should I buy the compitishun module or the resonance module (2nd hand) 
Or wait for compitishun to release the latest modules ?"
t2_uews2931,QUICK QUESTION,0,1,1.0,0,1743697195.0,False,t5_311ttu,Do yall believe that being smart helps (in neet at the very least) and smartwork can make someone a topper without working hard?
t2_elm7lq9o,"Alright just got into 12th, are pw manzil one shots enough when starting from scratch",0,1,1.0,0,1743697136.0,False,t5_311ttu,"title  
good luck everyone for your april attempt btw <3"
t2_rvyiuidsx,Im gratefull,0,2,1.0,0,1743683571.0,False,t5_311ttu,"i dont know i used to go here, even if i dont clear jee these years have taught me patience , dicipline and detmernination, it has taught me to push myself forward always and how to deal with failure, so even if i dont clear jee, love you nta love you jee, love OP"
t2_r1apij329,27tard help and recommendations,0,1,1.0,0,1743697069.0,False,t5_311ttu,"Is this free course by NCERT Wallah https://youtube.com/playlist?list=PL2xF3HCNxGM9XUg8-o8sfN_4aDQ4snGCK&si=v43HmM3G8KzLM2jp 
 Good to watch as basics for Physics bow?If yes should I also do the same with Chemistry.If not what will you recommend instead?"
t2_e3t6hr03,Isme second is correct or incorrect?,0,2,1.0,0,1743683339.0,False,t5_311ttu,"https://preview.redd.it/zs1xb1tr5mse1.png?width=458&format=png&auto=webp&s=76950bd564b8dffada4f8bd3ff92e2be85f8243d

"
t2_1kph0589uy,"Ye Prateek sir ki SRM or Saleem Sir ke Notes, en dono ne sabke dimaag apne jaise kr diye",0,1,1.0,0,1743696763.0,False,t5_311ttu,"https://preview.redd.it/jm6mctdj9nse1.png?width=576&format=png&auto=webp&s=7d30cbc47fd49662d59e103e67661099ea98bf7d

"
t2_1jqiql7gn6,(18Fluid) How to score 99% in 12 hour,0,0,0.33,0,1743696731.0,False,t5_311ttu,"Mujhe toh abhi yaad aaya ke kal mera jee hai ,do saalo se bhul chuka tha. Is there still a way"
t2_klunl9ox,competishun advanced test series (ats) review,0,2,1.0,0,1743682830.0,False,t5_311ttu,same as title. agar kisi ne mt sir ke competishun ki test series li hai then can you pls tell is it relevant or not. if no then pls suggest konsi test series leni chahiye
t2_baij3tqx,2nd April Shift 1 Discussion Megathread,0,490,0.98,0,1743575453.0,False,t5_311ttu,"Tards posting irrelevant or repetitive questions will face a 15-day ban.

No excuses will be entertained later, as this serves as your official warning. Avoid spamming. Let those who appeared for today's exam share their experiences.

Comments such as:

""How was the exam?""

• ""I am getting anxious!""

• ""When will people start posting?""

""How was it compared to \[specific shift/exam\]?"" will be removed, and appropriate actions will be taken.

For detailed discussions, join our Discord community: [https://discord.gg/JEENEETards](https://discord.gg/JEENEETards)"
t2_1mjcw6q2h4,CHUD GYE GURU Kal OP ka paper h ATB wish krdo gang,0,1,1.0,0,1743696202.0,False,t5_311ttu,
t2_1mc5qw4xh4,I am so unlucky (18F),0,1,1.0,0,1743696065.0,False,t5_311ttu,"I got 24 s2 in jan attempt  (highest cutoff)

Now I got 3 s1 (highest cutoff log bol rahe ha easiest ha)

Why am I so unlucky (ladka hu Varna reach nahi milti)"
t2_1dky28efkv,I didn't gave Jee mains with 12th due to some personal issues is it a right descision please be serious coz I was mentally disturbed in 12th due to some personal reasons so is it a right descision,0,5,1.0,0,1743664456.0,False,t5_311ttu,I didn't gave Jee due to mental health issues I faced in 12th due to some reasons and mene prep puri Kari thi jan m but form bharne se pehle kuxh serious issue ke chalte maine jee nhi diya tha rn I'm thinking to take a drop so what to do I have started to prepare for jee now 
t2_1b1eeph06j,Maths and chemistry easy lessons,0,0,0.33,0,1743695797.0,False,t5_311ttu,Tomorrow is my jee exam 1st shift koi please bata do maths aur chem ke konse high weightage aur easy chaps karke jau mujhe kuch nahi aata🥹🥹🥹🥹🥹aur channel bhi batao yt ka
t2_1l6itlj2k9,Help regarding chem,0,1,1.0,0,1743695791.0,False,t5_311ttu,As the title sayss I need some serious help in chemistry tbvh chem is my weakest subject and sabse difficult wahi aa rhii so like what should I do in next few days to atleast get some 'muh dikhane layak percentile in chemistry'
t2_1h0kjcjiw5,feeling so defeated right now,0,1,1.0,0,1743695693.0,False,t5_311ttu,"gave 29s2 yesterday....i think its over for me...

exam is on 8th and i need atleast 95%ile to get a low branch at an nit (gen male)

should i consider taking a second drop??  i am already 19 and will be 20 in a few months...i dont have any other option other than jee except for bsc from basically a no name college... cant afford privates either :("
t2_47haf1s9o,75% criteria for jee,0,0,0.5,0,1743695400.0,False,t5_311ttu,"Bhai for jee 75% criteria total marks add honge...ya sirf theory ke..



And am i eligible for admission at NiT? Plz tell anyone 
"
t2_1mjafjhrlz,Jee advance,0,1,1.0,0,1743695397.0,False,t5_311ttu,"Should I go for Vora classes jee advance 2.0 crash course, im just worried about the physics faculty"
t2_1k1wgj9w7v,JEE - Amit Card released for 7th?,0,1,1.0,0,1743695377.0,False,t5_311ttu,Is the admit card released for 7th? I've checked multiple times but it's still saying it's not released yet.. BUT my friends are telling me it should've been released by now. Can someone kindly affirm?
t2_iyhvk8ca3,TIL Cengage Maths aur Physics dono ke alag authors hai,0,1,1.0,0,1743695335.0,False,t5_311ttu,meko laga dono series G. Tewani ne likhi hai😭
t2_89ngftl8,Mathongo wale bhot khatarnak hai. Paper hone se pehle hi analysis batadete hai,0,11,1.0,0,1743648461.0,False,t5_311ttu,
t2_1mjafjhrlz,Jee advance,0,1,1.0,0,1743695279.0,False,t5_311ttu,"Does PW launch any adv course after jee mains session 2 ,pls reply

"
t2_1i4m6husjr,If only I knew about marks a bit earlier......,0,5,1.0,0,1743663652.0,False,t5_311ttu,"So the thing is, 2 years ago I had purchased an application subscription from some unknown salesman for practice, and that meeting was very hectic because my father had called me for that shit while I was chilling with my friends. I have spent almost 25000 on that and trust me that app doesn't have relevancy even of MHT CET. JEE is simply not possible through that, it's simply for boards and nursery kids (2027 tards)

In the last month, my younger cousin (2026 tard) suggested me about marks app, he was using it since last year. When I discovered I slapped myself 2 times for not knowing about this. Short notes, Long notes, we can choose hard questions according to our own choice, my heart just melted on this app after I saw it's features. I have first shift of 4th April, literally tomorrow with respect to the day I am yapping this on reddit....

Bhale hi mera mains ho/na ho, but I promise to return my father's all 3 lakhs to him (including coaching)"
t2_qh6j8as0a,28s1>>3s1 what a journey,0,1,0.67,0,1743694730.0,False,t5_311ttu,Bc ekdm jhat kismat hai bhaii pehle toh itni tough aagyi ki kuch hua nhi ab sab log keh rhe hein ki asaan aayi toh cut off ki chaa mud jaayegi chud gya bhai mein toh
t2_kzuytbmk,What %ile can i expect at 129 Marks in 2s2,0,2,1.0,0,1743681178.0,False,t5_311ttu,
t2_1fhjonxewq,Anyone 7s2 shakti nagar rk digital?,0,3,1.0,0,1743673051.0,False,t5_311ttu,"Anyone? Saala pichhli baar adv diya tha wahan. Ac kharab tha unka 50-60 bacche ek kamre mei itni sadi garmi bc. Inke wahan ki chair bhi itni gandi hai ki air pass nahi hoti. Toh ur ass will be wet by paseena 😀. And shaamil ki shift hai, paseena aa raha hai, dehydration hogi and u will be end up with NEEND. Suddenly neend aayegi and pata bhi nahi chalega kab behosh hokar hosh aaya (real life experience advance second paper mei hua tha mere saath) "
t2_1e093yt90a,3S2 WALO HELP,0,1,1.0,0,1743694507.0,False,t5_311ttu,Vo 7th period ka question kya tha pls type karo
t2_17v3sblhsd,Should I take science and prep for jee/neet?,0,1,0.99,0,1743694183.0,False,t5_311ttu,"Now I'm enterning in 11th and i don't Know what to do now and I'm confused between science,commerce and arts. give me some advice and guide me for now 🙏🏻🙏🏻"
t2_1fo5xksx1j,ALL TRENDS OF p-BLOCK ELEMENTS 🧪⚗️,0,484,0.99,0,1743573231.0,False,t5_311ttu,
t2_rs20ps4sx,The Legend of Radheshyam Choudhary: How I Became the Dumbest Genius in School,0,1,1.0,0,1743694007.0,False,t5_311ttu,"Alright, this happened a few months ago when school was still in session, and I’m still recovering from the embarrassment.

So, in my school, there’s this big annual quiz competition. I never cared about it, but my best friend, lets say Chintu “The Cheetah” Chaturvedi, convinced me to sign up because he wanted an excuse to skip math class (respect). The problem? We actually made it to the finals.

Now, our school’s quiz finals are a HUGE deal. There’s a whole stage, a mic, and Principal Doomgaze D’Cruz (not her real name, but you get it) sitting in the front row, ready to laser-beam us with disappointment.

Everything was fine at first—Chintu actually knew some answers, and I was just there for moral support. But then came The Question.

Quizmaster Sir asked:
“Which scientist discovered radium?”

Chintu whispered, “Bro, it’s Marie Curie.”

Now, I knew this. I really did. But for some reason, my brain decided to betray me. Instead of saying “Marie Curie,” I grabbed the mic and confidently announced:

“RADHESHYAM CHOUDHARY.”

Silence.😔

The entire hall just… stared. Even the quizmaster, an actual history teacher, looked confused, like maybe he missed something in his own education.

Then Chintu, instead of saving me, starts laughing like a dying seal. Principal Doomgaze D’Cruz facepalmed so hard I think she dislocated something.

Needless to say, we lost. But guess what? From that day on, I wasn’t just Saini anymore.

I was “Professor Brainstorm.”

And to this day, whenever someone gets an answer wrong in class, someone always whispers:

“Radheshyam Choudhary, bro.”
And to answer ur query radeshyam chaudhary was our school gaurd🤣🤣"
t2_hzdehqlu,Missed exam!!,0,4,0.75,0,1743672462.0,False,t5_311ttu,"Exam was about to start from 8.30 reached the centre at 8.31 due to heavy  traffic they didn't opened the gate . Officials suggested to mail nta to change the shift 
What should I do now please "
t2_8jgtcc4s,Bacha loo,0,1,1.0,0,1743693920.0,False,t5_311ttu,"Bhai kuch nahi padha hai bas aaise chapters bta do jisse 30 marks aa jye baki tukke se samhal lunga, 1st Attempt mein 75 percentile the is bar bhi itne hi kuch aa jye aur kuch nahi chahiye."
t2_12qyqv9ru2,can someone tell me whether this center have bag lockers/shelfs to keep bags and other things? (7S2),0,8,1.0,0,1743653233.0,False,t5_311ttu,
t2_19za4gba5d,Going to make my greatest comeback story,0,168,0.9,0,1743593832.0,False,t5_311ttu,"I know it's cringe, I don't care if I get downvoted or anything but today 2 april 2025 my shift was 2nd and i got late to my centre by 5 mins, my train was an hour late but whatever, I made two posts both got deleted idk why


Am already qualified for advanced(gen non ews)but still feel like my basics for adv are weak, will be grinding for next month and a half, going to delete reddit, study, study and study, and my next post will be on 2nd June 2025 named ""My  greatest comeback story"" will make sure to make my parents proud

Bye"
t2_1fo5xksx1j,d and f BLOCK TRENDS 🧪⚗️,0,287,0.99,0,1743583102.0,False,t5_311ttu,
t2_8gfzqnec,Help me!,0,1,1.0,0,1743693176.0,False,t5_311ttu,Hey guys what If I don't give session 2 after registering will my result come?
t2_1i8s4rrie2,Help 18M,0,1,1.0,0,1743692933.0,False,t5_311ttu,"So guys mains to hogya aaj jan me 98.87 aagyi thi,idk aaj wale me improve hoga ya nhi
So guys abh adv ki prep krni hai but idk what to do mene fitjee me enroll kiya tha but fitjee he bnd hogya so pls suggest me kya kr skta hu adv ke liye iss bche hue time mei pleaseee guide me😔"
t2_15rrumwxm2,Should I change boards?,0,1,1.0,0,1743692643.0,False,t5_311ttu,"Hey guys... I need advice. I (16F) am going to be in 12th class this year. So to understand this situation you need a little context. I'm a NEET aspirant and I'm studying in a school that follows CBSE board rn. So recently this school+coaching centre opened in our city and it has hostels for the students. But the school follows state board. One of my own friends left our school this year and went to that school... today my uncle went there and got all the info about fee structure and all... my mother wants me to go there. My mother had refused at first when I told her a friend of mine went because of the board thing. She did not want me to do state board in the last year of my schooling after I spent all these years in cbse. I also agreed with her. But now she herself wants me to go and says to just focus on entrance and says state board is okay now. And as far as ik our state board is just ncert... I'm really confused. Should I change the board and go to that school or should I stay in my own school? Btw the education in my current school is expensive but really sh!tty. Esp our physics teacher, eugh. I never understood a single thing in her class and chem has been tougher since 11th. I'm only doing well in bio and the side subs (eng and IT). So I'm not happy with the education in my school either. What should I do? Is changing the boards worth it? Or will it cause any problem in future? Should i favor cbse board? I'm really confused. :(

Ps. If that school+coaching centre was affiliated to CBSE board then I'd have joined without any hesitation."
t2_1lbu3bsflo,JEENEETards MEETUP,0,581,0.95,0,1743568531.0,False,t5_311ttu,"Boys, **this is it**. The moment we’ve all been dreading since we first picked up NCERT and realized **no one actually finishes inorganic properly**. It’s **JEE Mains day**—the battlefield where dreams are crushed, NTA gaslights you with **""normalized marks""**, and the topper somehow finishes in **30 minutes just for fun**.

# Step 1: The Arrival

Walk into the center with the confidence of an IITian, despite knowing that you haven’t touched **thermo, modern physics, or integration** since last year. Sweaty kids everywhere, someone in the corner whispering **“bro, will they allow full sleeves?”**, and one dude aggressively revising **Snell’s Law**, as if **light bending will somehow bend his rank too.**

Invigilators scanning everyone like we’re entering Area 51.

* **“Koi chits toh nahi laaye na?”**
* Bro, **hamare dimaag mein bhi kuch nahi hai**, let alone paper mein. 😭

# Step 2: The Exam Begins

You log in. Timer starts. **First question:**  
*""A block of mass m is placed on a smooth incline of angle θ...""*

**Brain immediately crashes.**

You move to chemistry. **First question:**  
*""Which of the following is the most stable carbocation?""*

Your brain tries to recall **Alakh Sir’s wisdom**, but all you hear is: **""Bhaiya resonance dekh lo, hyperconjugation bhi hoga""** – and yet, **nothing makes sense.**

Move to maths.  
*""Find the area bounded by y = f(x) and the x-axis...""*

**tf is a bounded area???** 😭

# Step 3: The Breakdown

Clock is ticking. Hands are shaking. **Brain is rejecting all formulas.** Suddenly, your **inner resonance unlocks**—and you do the unthinkable:

You **STAND UP**, arms raised, and start screaming **“ALAKH DADDY OP!!”** 💀🔥

The invigilator looks confused. The guy next to you **has already entered a meditative state**, staring at the PC screen like he’s trying to astral project into IIT Bombay.

But you? **You go full peak unhinged mode.**

You **jump onto the table**, grab the monitor, and start **HUMPING THE PC** in pure frustration, chanting **""JEE NEET MAHARAJ KI JAI HO!!""**.

Security rushes in, but it’s too late. **You have entered NTA’s permanent blacklist.**

# Step 4: The Aftermath

They drag you out. Kids inside are **traumatized but inspired**. **A new movement is born.**

Next year, at JEE 2026, **200+ students stand up mid-exam and start chanting ""ALAKH DADDY OP!""**, starting a **national revolution against normalization and silly mistakes.**

**Legends say that those who witnessed it now auto-qualify for IIT just from sheer secondhand trauma.**

🔥 **JEE MAINS 2025 – NOT JUST AN EXAM, A RELIGION.** 🔥"
t2_j7wk18iek,Lengthiest maths,0,3,1.0,0,1743670961.0,False,t5_311ttu,Bhai 3s1 ki maths bohot lengthy thi 13 kiye bas last time 17 kiye the…99.38 percentile (23s2)
t2_e3t6hr03,Jo bhi log aaj ki math ko easy keh rahe,0,3,1.0,0,1743670788.0,False,t5_311ttu,Kehte raho mereko kya marks vs percentile mai pata lag jayega
t2_dy71g32t,SCENES ON 7TH AND 8TH APRIL,0,326,0.99,0,1743579314.0,False,t5_311ttu,
t2_1hbfvqdobp,Opinions on Vibrant teachers?,0,14,0.94,0,1743641944.0,False,t5_311ttu,Is their teaching style a bit outdated?
t2_uwz8kxfe8,"URGENT !! , IS MATHS REALLY EASIER ??",0,2,1.0,0,1743678354.0,False,t5_311ttu,"option a \] like 27s1  
option b \] like other 24 papers  
option c\]  more lenthier than 24 , just like jan 25  
option d\] none of these , then how was it , please tell  
everyone saying that maths is comparitively easier this time , i hope it is not like 27s1 , or is it ???? (btw mine is on 7s2)"
t2_smjw5i9g,Problem downloading admit card,0,2,1.0,0,1743678334.0,False,t5_311ttu,It's saying that captcha did not match when entered several times.
t2_mk0rw8n2,3s2 99%tiler,0,1,1.0,0,1743691811.0,False,t5_311ttu,All 99+%tiler and 99.5+%tiler apne jan ki percentile aur 3s2 me kitne ques kre batao.
t2_1eea7oy2qj,wanna become a physics researcher,0,1,1.0,0,1743691553.0,False,t5_311ttu,guys i got 99.2 in jan but was not able to study after that due to some personal issues and  will not give any other exam i have 0 intrest in becoming a money chaser i want to become a physics researcher will i be able to achieve that in nit
t2_1jezw5o9dx,Please urgent help admit card me Jo photo hai wahi same to same le jana hai kya,0,1,1.0,0,1743691546.0,False,t5_311ttu,
t2_l7n6ijvjg,Revision,0,2,1.0,0,1743677975.0,False,t5_311ttu,"Kal exam hai meri , kya revise karu joh most imp hai aur aa sakta hai bata do jaldi please 🥲🥲
4th shift 2"
t2_vhjimsfn,Aisa thumb impression chalega Kya?,0,1,1.0,0,1743691479.0,False,t5_311ttu,Lagate waqt thoda gadbad ho Gaya. Kal morning exam Hain. Pls help needed 
t2_g8gnp9lb,Brijesh teri mkc,0,111,0.95,0,1743599254.0,False,t5_311ttu,
t2_1mjrbsgvt4,Btech clg selection,0,1,1.0,0,1743691274.0,False,t5_311ttu,"I'm considering applying to manipal Institute of technology for btech. I'd love to hear from alumni or current students about their experiences! How is the faculty, campus life, and placement opportunities."
t2_11rmyjiy3x,[SERIOUS] konsi book lu arihant skills in math or cengage or black book or A das,0,1,1.0,0,1743691201.0,False,t5_311ttu,
t2_crsbr7en,HOW TO DO MY BEST IN 11TH LIVNG AWAY FROM HOME AND NOT DIE,0,1,1.0,0,1743691087.0,False,t5_311ttu,"am 16 going to live in a different city for 11th to start my preparation for jee 2027 this decision was made after a lot of back of forth with my parents and i mean A LOT but its all set now. i will be studying in Allen,  dummy school , living in hostel . what will be som general or even specific advice u would give me to not only not waste my 11th and do my absolute best but to also manage in hostel because i have never lived away from family. THANKS"
t2_czbfeemnj,"Ain't no way 400 people helped a girl, idhar bc ek doubt puchhlo to 1 banda reply ni karta /s",0,688,0.99,0,1743563479.0,False,t5_311ttu,
t2_1e2mi8omp0,"Guys, good online coaching for JEE 2027?",0,0,0.5,0,1743690902.0,False,t5_311ttu,"Yes, I am 2027tard.


I will be taking online coaching, as I'm physically weak and don't have energy to go offline coaching everyday. I am consistent in studying, so I can cope with online and also I have chosen ISC for my 12th board. (I gave 10th board ICSE)
I have taken PCM, so could you please tell me the good ones?


I am more inclined to PhysicsWallah, since it is affordable. But I am open to more expensive options. So please, give some helpful opinions (no bs pls)"
t2_1jezw5o9dx,Ab koi umeed nhi hai bhai ... Suicide nhi karungi bas ghar se dur aaya hu,0,106,1.0,0,1743599825.0,False,t5_311ttu,Literally crying..... Meri mummy nhi hai aur papa baar baar puch rahe hai...ho jayega na ho jayega na is baar matlab april attempt mein ... Zindagi bohot tez chal rahi hai .. me baar baar watch dekh raha hu ek ek second ka hisab rakh raha hu ... Kuch nhi jaa raha dimag me kuch bhi nhi aata sach me ... Itni tez anxiety kabhi nhi hui ..sab k paper achhe jaa rahe kyuki tum logo ne padha hai .. mene to kuch nhi padha ... 7 ko first shift hai kuch nhi aata ... Kabhi kabhi lagta hai ki jee is not everything but ab lag raha hai ki jee is everything.... 1 % bhi jeene ki hope rehti to jee leta Bhai yarr ... Papa dusro se (family memeber) bol rahe hai ki isse (me) puch to iska ho jayega na .. papa bol rahe hai ki agar tera nahin hua to tu meri maut ka karan banega ... Tere saath sab ki zindagi barbaad ho jayegi ... LITERALLY YARR JEE SACH ME ITNA IMPORTANT HAI KYA ...😓
t2_vf7n7gv6,"Guys maths revise karna hai through problem solving, kal exam hai 4s1, konsa wala karu?",0,4,1.0,0,1743663318.0,False,t5_311ttu,"Toh yt pe toh bohot saare available hai abhi, neha ma'am, kalia sir, nv sir etc etc. Toh agar kisi ne kiya ho toh batado better konsa rahega. Waise mai kalia sir wala dekhne ki soch rha tha, kisi ne jo dekha ho aur relevant laga ho toh suggest kardo. ik bohot farak nhi padega but still thoda fomo ho jaata hai exam ke pehle "
t2_ku0kk17hn,MATHANGO!!!,0,1,0.67,0,1743690299.0,False,t5_311ttu,MATHANGO KE JO CHAPTERWISE PYQS  KA COURSE H USKI PIRATED WALI SITE KI LINK DEDO PLS 🙏🙏 
t2_78a3v5xld,Iske baad se prakhar ke kaunsa lec dekhna hain?,0,2,1.0,0,1743676640.0,False,t5_311ttu,31 tak dekh liya hain ab ye bataon prakhar ka geometrical optics main kaunse oec se dekhna hain?
t2_ur51jri6,Urgent help,0,2,1.0,0,1743676368.0,False,t5_311ttu,"Ab 11th mai entry lunga and im preparing for neet. Yeh aakash coaching ke baare mai bhot bura suna,Sachi mai itna bura hai kiya.like waha pe sirf toppers pe dhyan diya jata hai and average bachon ki wajah se A1 …A6 batches Mai baat diya jata hai .and waha itna acha bhi nhi padhaya jata 

Itni fees dene ke baad bhi yeh chize hoti hai ? 

Should i opt for local coaching/tuition 
And dummy lena in 11th is now not a great option right?"
t2_1dc4n9e2ql,I Want NSEP Batch of PW 2024-25,0,0,0.5,0,1743689906.0,False,t5_311ttu,"I anyone has or have any method to acess PW NSEP batch for Free for Either its Modules, or Lectures or Both... Pls Help Me.. If Anyone has Purchased that Batch Pls help..  
Also Pls GIve Tips For NSEP. Are old Lectures of NV Sir of Physics from Etoos India, Good Engough to Cover all the Knowledge for NSEP????"
t2_1m477p8n8e,jee 2025 april question.,0,1,0.67,0,1743689528.0,False,t5_311ttu,"mera 15 percent aa rha hai, which is fuckin' near and is correct ig... he solved in very long way pehle poc lagaya fir ideal gas eqn... will nta accept my 15 ya 13 hi only accept hoga...? will they give a range...? ***attached my method for ur kind reference ***respond kr diyo :)"
t2_1jsoau194k,Plzz Help me out !,0,1,1.0,0,1743689490.0,False,t5_311ttu,"So I(17f) got 7s2 and my prep was not so good that's why  I'm thinking about skipping some chapters..

Plzz tell me about the weightage of Chapters like isomerism,  EM waves , Magnetism (theory wala , barmagnets ye sab wla) , P block , Hyperbola and Ellipse

I'll be very grateful 🙏 
"
t2_168vl9t7hc,Bc itna decimal mai inhe ans chahiye hota hai pta hi nhi tha,0,1,1.0,0,1743688986.0,False,t5_311ttu,
t2_1aeey60je3,Help pls ..........,0,2,1.0,0,1743675408.0,False,t5_311ttu,"HiiI bro,  mere jee ke bare me bahut late pata chala. Mai 2nd drop le raha jee. Ye puchhna tha kya jee 2nd dropper ko nit ,iiit me placement me koi problem aayegi "
t2_17emiflxkx,what is the marks required to get cse ar iiest as an home state general female only candidate?😭,0,1,1.0,0,1743688809.0,False,t5_311ttu,
t2_439ifjx0,Lo bc (12th + 11th wasted) (Last shift),0,1,1.0,0,1743688744.0,False,t5_311ttu,"I want to know ki 


1. mujhe PW ka konsa batch lena chaiye.


2.unki dpps hi karu ya phir kisi aur coaching ka module online lena hoga?


3. 11th kaise clear karu (mains level is more than enough)


4. iss year boards bhi hai, unki prep kaise hogi.


5. Kitne chapters hai 11th (across all subjects) ke which are necessary to do before starting chapters of 12th?


Ive lost all hope and aspirations pr gharwale keh rhe h ki kuch join krlo that's why I'm doing this, mera b downfall aachuka h lmao. 


If any bhaiya/didi ne PW se apni prep ki ho then please leave a comment too, i have some doubts and any help would mean a lot to me 🙏🏼."
t2_lgmenn5ts,Don't Watch Paper discussion Videos,0,5,1.0,0,1743657139.0,False,t5_311ttu,"I had 2s2 , I did a lot of questions, but in those videos where they solve paper from memory based all questions are shit , some questions are not even there in 2s2 but they are solving in paper discussion..

 And all the instances when they did minute changes for ex Given diameter as r , (they took it as radius in paper solving) and there was no fucking spring question but they are solving it."
t2_5gpp9jx9q,IIT Bombay VS IIT Delhi 💦,0,75,0.96,0,1743603670.0,False,t5_311ttu,
t2_17ql4tfz2i,Doubt h bro clear plzz 2 april shift 2,0,1,1.0,0,1743688305.0,False,t5_311ttu,Bhai wo 2 april shift 2 mein mncn63- compound tha kya ki mncl63- tha bro plz clarify 
t2_1gdtrlhcwu,"seniors, reddit nai apko help kari JEE mai??",0,1,1.0,0,1743688008.0,False,t5_311ttu,
t2_g22l4yyc,Need 10-15 most important maths formulas,0,4,1.0,0,1743660641.0,False,t5_311ttu,"Can u guys suggest like 10-15(just drop like even 1-2 u feel it is an important one) must-know formulas in maths overall which is like most commonly asked and easier to solve.

It would be soo helpful I could solve like even 1-2 questions with this."
t2_165ijccy7f,Math ain't mathing,0,5,1.0,0,1743656230.0,False,t5_311ttu,
t2_i3wvec1fv,"Long hair rn, short hair in submitted photo.",0,0,0.33,0,1743687642.0,False,t5_311ttu,Same as the title.....  Will they allow me to enter? 
t2_12g3y5dem8,Sakshi mam ---Pookie,0,335,0.83,0,1743574042.0,False,t5_311ttu,
t2_jfe0fc217,2s1 doubt,0,2,1.0,0,1743673818.0,False,t5_311ttu,"[iska ans kya tha](https://preview.redd.it/m7miev8gdlse1.png?width=1168&format=png&auto=webp&s=a4ddb100241b41c5975e1b0fe6ebce159e013fd4)

"
t2_oo9b1cjc,my dad shared an esaral reel,0,3,1.0,0,1743665761.0,False,t5_311ttu,
t2_7bxmayi2,MET and UGEE dates clashing,0,3,1.0,0,1743665308.0,False,t5_311ttu,"MET, the entrance test for Manipal, is on 18/19 April, but at the same time, the entrance test for IIITH, which is UGEE, is on 19th April. The admit cards haven't come out yet, but what if I get the exam on the same day, i.e., the 19th? Is anyone else in the same situation? What should I do if I get the same days?"
t2_15a4yefrr4,Biotech programs open for PCB students. No math required.,0,0,0.5,0,1743686620.0,False,t5_311ttu,
t2_dq8xxxhl,game over,0,24,1.0,0,1743625118.0,False,t5_311ttu,
t2_9j9fqfw2,Physics kar rha hu,0,268,1.0,0,1743576707.0,False,t5_311ttu,
t2_8xg07zf5,3S1 phy ques wrong?,0,2,1.0,0,1743672456.0,False,t5_311ttu,Bhaiyo ek ques aya tha jisme work function 3 de rkha tha light ka colour pucha tha approx 400 nm aa rha tha toh violet colour hona chahiye lekin option m violet nhi dikha mujhe m blue lagaya mene dekhne m galti kari ya kisike bhi violet nhi tha? 
t2_1eeg9b82d7,Fucked my second attempt,0,3,0.8,0,1743664418.0,False,t5_311ttu,"So yeah, it just happened bc mai ratne wala portion like magnetism, biomolecules, p block wagere itna acchese nhi kiya tha, aur 2s1 fucked me right in that g spot bruhh.. 
Guys first attempt me 99.43 percentile aayi hai, nits me cs mil skta hai kya? I am gen EWS male pls seriously btado my mind is still in a fucked up state."
t2_o7d6rok3,Seniors help,0,2,1.0,0,1743672271.0,False,t5_311ttu,"The ressonance bridge course should I attend lol I think it's a waste of time I'm from icse and the books which they gave me all that topics are already done for me in grade 10 , should I go or wt?"
t2_b1e0f48qp,3 s 2 waalo,0,1,1.0,0,1743685714.0,False,t5_311ttu,polymer and dumas pe konsa ques aaya tha plij batado 
t2_1au8mf126l,Will start preparing for GK for CUET? Kindly tell the resources or yt channel,0,1,1.0,0,1743685535.0,False,t5_311ttu,"Will start to prepare general knowledge and awareness, therefore need some good yt channel for it that covers maximum portion. I don't want recommendations for GAT(entire paper) only for the general awareness and knowledge questions.."
t2_18r89lbndt,Age 22 me college ja rha hu,0,2,1.0,0,1743671718.0,False,t5_311ttu,"Maine jan me jee mains diya tha 83 percentile thi dropper tha mere mock me 180 chal rhe the but mere father ki death ho gyi is wajah se result kharab ho gya April ka bhi diyaa hai kuch Khaas umeed nhi hai 95 bhi ram bharose hai dropper tha mai
Kya mai 2nd drop lu jee ke liye puri mehnat karunga dhang aur agr nhi to koi option batao yrr course karlu ai waghera ka Delhi se koi "
t2_7uyx6dob,3S1 marka vs percentile???,0,2,0.75,0,1743670417.0,False,t5_311ttu,Ky lagta hai 130 pe kitni aaygi ....... I just want 92%ile ky itne me mil gaygi??
t2_a0lu6l2i,What are some absolutely necessary physics and chemistry chapters from 11th?,0,1,1.0,0,1743683711.0,False,t5_311ttu,"I didn't study in 11th, what are some chapters i should complete from phy and chem so i don't struggle much to understand 12th?(No neet ka chakkar just boards ke hisaab se btana, woh slay krna hai)"
t2_1izzy9k5be,Guys chem me jo iodoform test wala question tha uska correct answer kya hoga bata do Lil bros..,0,1,1.0,0,1743683632.0,False,t5_311ttu,"Bata do 

[View Poll](https://www.reddit.com/poll/1jqh8av)"
t2_1k7mei9si4,GUYS I THINK I HAVE ADHD ......,0,4,0.7,0,1743661816.0,False,t5_311ttu,"me un logo me se nahi hun jo apni chhoti chhoti problem ka rr krte rhte h bht jyada and i rarely talk abt mental health as a thing . but the thing is jab mene adhd k bare m suna and uske symptoms dekhe then i was shocked !! each and every symptoms was in me . like over impulsivity over stimulation to every every thing being very very emotional and not able to focus properly on one thing , cant sit still and rotating ur head up and down for no reason . mere me h yeh sab h . padhne bhi beth ta hun to mostly time per hilata rhta hun , i noticed now jitne bhi classroom lectures mene liye the unme se hardly kisi me me dhang se beth k padh paya tha ... like jor jor se per vibrate krana , hato se hawa m punch krna ( like jhunjhuna bjate time krte h na vese ) and mostly chize mere sar k upar se hi jati thi ,  ghar ake module ki o1 bhi nahi ho pati thi dhang se . isliye mujhe 10 10 12 12 ghnte siting krni padti thi to score as much as jo sirf 5 6 ghnte padhte the , and most of my class mate mujhe pagal hi bulate h like the most ressembling character to me is ishowspeed . m bht hi jyada khush ho jata hun bilkul hi chhoti chhoti bato pe .... and many times i laugh without any reason, so so much of delusion, daydreaming, over thinking , over reacting  aur agar mene din me 1 hr bhi reddit ya instagram chla liya to age ka din pura ka pura waste ho jata h ... me wapise uss study zone m ja hi nahi pata , brain fog, word yaaad nahi ana ,instantly gussa ana  r very normal things to me but the thing is despite all this shit i topped almost every class of mine until 11th and my avg rank in 12 was 15-20 out of 600 students , also me apni har  classs me youngest tha , 2 3 yrs of age gape ( 14 when i was in 11th ) pta nahi kya post kar rha hun .... but koi bta skta h isko kese handle kar skta hun ?  cure to h nhi iska , aur doctor vgerah k pass ghar wale jane nahi denge (ese hi pagal bolte h )and agr tumlogo ne esa koi similar experince kia ho to .... kese handle krte ho ... ibut thoda bhadiya bhi lag rha h fancy bimari hui h ... cool lgta h nahi ?  I HAVE ADHD  bhai koi digree ka naam ho jese ...."
t2_dxicrjap,Mera khel khatam😂🤤,0,5,1.0,0,1743656146.0,False,t5_311ttu,Brain fuck ho gaya hai revise karte karte.. 3s2 hai.. Aaj ke Baad ncert kabhi bhi nahi open karunga.. Itna yap to mere friends ke girlfriends bhi nhi karte honge😜 mai chala exam dene.. All the best sabko🥀
t2_w1myn2qzx,What jee does to a mf !!,0,169,0.98,0,1743582859.0,False,t5_311ttu,Bhai to shayar bn gya loll
t2_hf20v8l6p,What coaching should I choose near the delhi ncr area?,0,1,1.0,0,1743683173.0,False,t5_311ttu,"I have being offered 15% scholarship for Allen NCR coaching centres and my original plan was to go to sector 62 Allen centre but 
Their so called helpline number was extremely unhelpful.

So should I go with admission there or look for admission in Allen Lajpat Nagar or VMC noida sector 4.

By the way both Allen Lajpat Nagar and Allen Sector 62 are 30 minutes away from my society whereas VMC sector 4 is only 15 minutes away.


"
t2_12v6whnha8,KHAZANA LOCKED,0,1,1.0,0,1743683095.0,False,t5_311ttu,"I'm a 2025tard of neet. In my arjuna batch, I wanted to cover 11th physics from mr sir so I decided to watch his 2021 arjuna lectures from khazana. But the thing is it's showing locked to me now. I have already covered 2-3 chapters of 11th from that khazana few months ago. Even though the batch will expire on 30 june'25, the app's asking me to pay money and upgrade to khazana."
t2_ukrpeu61,I'm done .,0,24,1.0,0,1743621574.0,False,t5_311ttu,"Abb ja raha hu gov job ki prep karne na hopayega 
Abb . khub pnc laga li abb bss yahi kr sakta hu .srry yrr bhut dukh hai par sab ki condition ek Jaisi nahi hoti so .yeah 👍"
t2_1d7xpcasdl,Only NCERT FOR IOC,0,1,1.0,0,1743682608.0,False,t5_311ttu,Agar IOC ke liye sirf Ncert karunga to kitna fucked hu ? or is it fine ?
t2_qrb1vt6cw,Should I as an Indian student do online college ?,0,1,0.67,0,1743682550.0,False,t5_311ttu,"# Should I as an Indian student do online college ?

hey people this might be a bit stupid but I am currently in class 12 and thing is I was gonna abroad to study and kind of settle outside of India (my therapist kind of suggested me to cuz I have cptsd) and like I'm not quite sure what to do after class 12 since I don't really have the most time right now since as soon as I complete my class 12 right now from India in 2026 and then if I go the usual route (and I'll be studying CS too lol) and do a 4 year college in India by the year I graduate, within 6 months my dad will retire and I'll kind of be sitting in dust there (kind of a dead beat dad really tried to kill me, tried to r word ppl etc etc stupid guy) so I was thinking I could do an online cs bsc degree which wont have that written on the degree so that I can complete and get a job without a debt (since my ""dad"" will be spending a max of INR 2-5 lakhs on me as he said for college) and then while doing that college I can do a job and save up a bit and take a loan and go to somewhere else for masters yk? like within 25 I could complete masters with a offline masters and an online cs degree too? Should I do this? since the problem is I'll be missing out on college so much too. I'll be missing out on so much around me I'll be missing out on college life. And I can't really sit at home all day and I have no idea. I don't want to miss out on college, that college youth feeling (I've spent most of my time sitting at home since no one allowed me to leave), those friendships, those relationships you know? That is if I have enough money to cover 50% of my masters or I'll take up a job and try to move abroad tbh. I don't know even how I should socialise if I do take up online classes for a year or two I already have so much trouble talking, processing emotions etc etc I don't want to attend online college tbh but its better for marks and global reach tbh I'd really appreciate it if anyone could help me. I know it sounds really stupid and I'm sorry if it does but if you can please do help me out. I'm just really confused everyone around me has a plan I dont want to get into debt and like I want to have a better life than what I have right now too dude. I honestly want to settle somewhere else. Not because I hate India or something like that but I hate the 5% of India that makes it like this for us bro"
t2_1mch9zsmn2,How many notebooks to make per subject?,0,1,1.0,0,1743681986.0,False,t5_311ttu,"
Is this distribution correct for class notes? 
P : 1 register
C : 3 register (one for each branch) 
M : 1 register

Also how many registers should be made for dpps and modules and homework questions? Kya dpp module and homework questions ka ek hee register bnana chaiye ya teeno ka alag? And homework questions ko class notes me likhna chaiye ya dpp and module wale register me? 
Also dpp and module ke register PCM teeno keliye alag bnau ya Physics, Maths, PC, IOC, OC teeno ka alag bnau (though this one seems strange)
Also ek register jo test keliye lgana hoga usi register me test analysis karu, like ek test khtm hone ke just baad uski analysis krdi? Also test wale register me Kiya question solve krne ke baad uska sahi solution likhna chaiye ya nahi? (As video solution pw wale dete h)
Also :- Thanks a lot for your reply 
So dpp & module question -> rough N.B 
And class notes me jo question solve nahi huye khudse, sirf wohi likhne h , right? 
Also : Jb Sir ne question diya class me, toh phele khud usko notebook me solve krna chaiye. But agar wo question easy hua toh fir notes me likhne ka fyada nhi hoga. Toh fir kya Krna chaiye? And agar question ko maine galat solve kia, toh apne solution pr cross markr, side me sahi solution likhna sahi rahega?


PS : pardon if my doubts are dumb (2027tard)"
t2_1dqtuxe0d3,3 s 1,0,2,1.0,0,1743668353.0,False,t5_311ttu,22 s 1 thi meri 99.2 percentile ayi thi ..
t2_qxn6ukll9,Bhaiyo plzz help kardo😭😭🙏🙏,0,3,0.67,0,1743660395.0,False,t5_311ttu,Bhai aaj ek din me maths ka kya kya karlu plzz btado jisse 3-4 question solve hojay physics aur chem ho rkha hai pura bss wahi baaki hai bhai plz help kardo🙏🙏
t2_bty9wcjg,3s1 Analysis,0,2,1.0,0,1743668291.0,False,t5_311ttu,"ok those who are sayin that it was an easy paper, trust me, it was not. esaral and anup are saying very easy maths, but me and my friend (99.94 272 marks) could only do 16 and 17 qs respectively, maths was VERY lengthy, imma go ahead and say it was the hardest math till now. 

physics was doable, pretty easy majority qs (14-15), few tricky theory questions and bhadwo ne ek q galat hi de diya, like uss q pe kitna time waste kar diya mene, chalo koi nhi, wo toh ek factor hone wala hai cutoff low jane ka and overall it was like jan only, 70-75 cutoff. 

chem, oh boy, y'all are crazy if y'all say paper was very easy, like dude, itne gande theory qs and lengthy numerical questions, like dude, if y'all are saying cutoff for THIS paper will go above 70, y'all wild. organic easy tha, inorganic ke kuch qs boht hi tricky and most likely galat hone ka chances hai and physical boht acchi thi, like previous two shifts. 

overall, chemisl better than jan, physics same and maths harder than most shifts in jan. idk how some gyani people are saying 200 jayega cutoff. anyhow i digress 🙏"
t2_1k9qfdhkw8,Paper hone ke pehele hi analysis....,0,6,0.87,0,1743654534.0,False,t5_311ttu,
t2_1krrxps57f,Vibrant teachers are scammers,0,1,0.6,0,1743681499.0,False,t5_311ttu,"Vibrant ke teachers hmesha babar aadam ke jamane ka results dikhate hai itna hi dum hai toh 2010 se 2024 tak kitne aur produce kiye unhone???chalo 2020 to 2024 ka hi bata de ...woh log online me isliye aarhe because vibrant offline is almost ded kota students know the reality ki koi rank 1 inhone produce nhi ki saare Bansal ke students the and these old shameless teacher are claiming them as their students 😂 lol..
What's your thoughts 💬 this topic guys ,tell me .."
t2_sepremiap,Me from today(2s1),0,163,0.98,0,1743582040.0,False,t5_311ttu,"Frenship ended wit jee menz ,now bitsat new fran"
t2_9f67a4fq,Ganne ka juice before shift 2,0,255,0.99,0,1743572717.0,False,t5_311ttu,
t2_1l516cjddk,Anyone who hates this is my friend without introduction,0,51,0.92,0,1743604547.0,False,t5_311ttu,
t2_168vl9t7hc,Op shock mai hai,0,3,1.0,0,1743659485.0,False,t5_311ttu,Op ke centre mai kl 90% se zada ldki thi bhot km ldke the our pichli bar ek bhi ldki nhi thi sare ldke the
t2_1gw8lgcqqn,Tukka strategy for tomorow wish me luck,0,41,0.98,0,1743608378.0,False,t5_311ttu,
t2_1i8tuu896v,How it feels to have jee main tomorrow....(What are you guys up too 4 S1?).,0,3,1.0,0,1743659265.0,False,t5_311ttu,"https://preview.redd.it/31e6w9s16kse1.jpg?width=1280&format=pjpg&auto=webp&s=4a2f162db1ae50594406cc5fba7f01a9ea8ab287

"
t2_19bd6mehwr,UNABLE TO IMPROVE MY BIOLOGY SCORE,0,1,1.0,0,1743680434.0,False,t5_311ttu,
t2_judefonkd,is it okay to watch on shot vdos  of jee mains physics for neet?,0,1,1.0,0,1743680344.0,False,t5_311ttu,
t2_1k87jrdv90,Low percentile in Mains Still Can I prepare for JEE ADVANCED???,0,6,1.0,0,1743645215.0,False,t5_311ttu,"Jan 28s2 got 93 percentile(belong to obc so cutoff cleared) and after that due to boards did not study properly for mains April attempt and hence may be scoring today around this percentile only (3s2) 
So should I prepare for advanced in this remaining 1 and half month 
Areyy there any chances that I can crack it if studied properly???"
t2_seykdc8pt,Admit card misprint,0,1,1.0,0,1743680155.0,False,t5_311ttu,Do I need the ip address and all at the end of the page? Or this is fine
t2_baij3tqx,aaj paper ho gya,0,28,0.9,0,1743613637.0,False,t5_311ttu,
t2_dy71g32t,Admit card out guys,0,81,0.99,0,1743594215.0,False,t5_311ttu,
t2_1gqa9wwhlb,Where should I put my phone and bag,0,2,1.0,0,1743666405.0,False,t5_311ttu,"In this I am going for my jee exams alone so anyone having Idea where I should put my phone and bag cause in jan attempt when I was gone with my father I handed to him but in school there was a rack there students were placing their belongings but there was no one to watch who is taking what at departure time.
So any idea. 💡"
t2_tn2cziaf5,Bhai mere area me literally tufan aaraha hai and kal subha paper hai mera,0,1,1.0,0,1743679913.0,False,t5_311ttu,Kal subha paper hai mera and yaha light chali gyi hai and barish and tufan aaraha hai. Mast mausam ho raha. Mann kar raha bahar chale jaun ghumne par yaar kal paper hai bc. Ab light hai nai to padh nai paa raha kyunki bahar bhi andhera type hogya hai kale baadlo ke karankaran. Photo and video banane ka try kiya par cam ki quality utni hi achi hai jitni achi meri taiyaari hai kal ke liye. Bhopal se hu me and literally bhopal ka shyd hi koi hai iss sub pe to no tension of doxing. 
t2_1bpo88d99p,kon sa nasha kiya hai bhai ne,0,35,0.97,0,1743610417.0,False,t5_311ttu,what too much reddit does to a mf
t2_nq2ymkmcg,"Is anyone enrolled in allen digital nurture batch , or was enrolled ?",0,1,1.0,0,1743679885.0,False,t5_311ttu,is there a srg and will there be shuffling after tests? the teachers avoid these questions for some reason
t2_m6pj3l9vk,Anyone interested in buying?,0,2,1.0,0,1743666321.0,False,t5_311ttu,"Tip top condition 
Can trade in Mumbai only"
t2_1ctoy3tu0x,Batao ??,0,3,1.0,0,1743658296.0,False,t5_311ttu,
t2_ugle1qqa,Advice Ig,0,1,1.0,0,1743679750.0,False,t5_311ttu,"Ok so I have just got into class 11th and opted for Pcm . I just wanna know from y all how i can crack either jee mains or bitsat and hopefully get into a decent Nit,Iiit or bitsat . Also i am not aiming for a iit  bcoz i am aware of the competition and am not like cringe peeps who think they can get a rank under 100 in an exam where 1000s of students start their preparation from class 7th or 8th . so plz help if yall can to provide me good tips to crack bitsat or get into a iiit or nit"
t2_bt85mjlf,Kal hi hai,0,1,1.0,0,1743679744.0,False,t5_311ttu,"https://preview.redd.it/ibhhh8swulse1.png?width=293&format=png&auto=webp&s=1bbf88fb6da61997f17b56bec070693f3d3a9fff

4s2 ko paper hai mera, and yaha baar baar power cut hora baarish ke karan. If god doesnt want me to study, THEN WHO AM I to INTERFERE !!!!"
t2_9gs5awpj,Anyone who scored below 70 in jan attempt,0,1,1.0,0,1743679424.0,False,t5_311ttu,PLEASE TEXT ME :///
t2_1mf32a37fa,Iska ans B nahi hona chahiye?,0,0,0.29,0,1743700735.0,False,t5_311ttu,
,I feel so rushed and suffocated rn.,0,1,1.0,0,1743678305.0,False,t5_311ttu,"I don't but why the fuck I AM WRITING A RANT POST BUT YES

  
I have my BOARD and SESSION-2 tomorrow.  
My syllabus is not completed for the board exam and I have just completed my revision for chemistry.  
The subject is one of my main subject but idk I feel so tired. I still have so much to cover.

Maybe gonna pull an all nighter today but NOTHING seems to be entering my brain right now. It feels that it might burst. I am so tired of life right now.

Earthquake ajaye atp I am gonna be fine with that but I don't wanna score low in boards specially.

I feel so much like a failure I studied whole year for psychology but now it feels that I HAVE NEVER EVEN TOUCHED this subject before.  
I HAD SO MUCH TIME FOR THIS SUBJECT but only if I studied for this instead of studying for JEE, it would have been better. "
t2_l555wfcbu,[image unrelated] What percentage of questions come from 11th syllabus in jee?,0,19,0.91,0,1743620495.0,False,t5_311ttu,"is it 50-50?
60-40?"
t2_nw3huxge,DOES REPEATING 11TH CLASS WILL AFFECT MY CAREER?,0,3,1.0,0,1743656358.0,False,t5_311ttu,"Hello everyone, I am an jee aspirant and i just cleared my class 11th with great marks, i was also well prepared for boards and jee examination. But recently my father got an tranfer to a different city far from where i live now and school's in that city are saying that they couldn't give me admission in class 12th and i need to repeat class 11th on order to study there. But now i am worried that if i repeat my class 11th will there be any consequences for my jee exam or my career. Please give me any suggestions you have. "
t2_tjvwnvpz4,3s1 guys be like,0,90,1.0,0,1743589885.0,False,t5_311ttu,
t2_7kydap9q,Abhi tak jitno ne bhi diya hai.....Kisi bhi channel ya pdf me memory waale ques sahi hai ?,0,1,1.0,0,1743677825.0,False,t5_311ttu,"Koi bhi channel pr dekho toh kuch kehte hai haa saar yhi ques tha ...kuch kehte hai nhi tha.
Pls help 8 ko exam hai to acche se sab dekhkar jaaungi "
t2_78a3v5xld,Iske prerequisites??,0,1,1.0,0,1743677435.0,False,t5_311ttu,"Sub main daala tha toh usme toh solutions dikha rha tha fir yaad aaya ye alk sir hain isliye ek baar cross check ke liye daal diya hain.

Aur sur je notes printout na nikalwa lun? Bich bich main addition karta rahunga?"
t2_144yk78cgx,"Aadhar card issue, need help",0,3,1.0,0,1743655630.0,False,t5_311ttu,I don't have my original aadhar card nor can i download an e aadhar card as it doesn't have phone number linked to it. My father has taken print out of photo of my aadhar card but on google it says that only original aadhar card or print of e aadhar card will work. What can i do????? I have exam at 3 pm
t2_1gv3affrz9,"Should I buy Infinity or Infinity Pro(Arjuna JEE, 2027)",0,0,0.25,0,1743690567.0,False,t5_311ttu,
t2_1drs5614dc,Suggest a mock test,0,1,1.0,0,1743676783.0,False,t5_311ttu,Ek last mock dena h koi acha sa batado relevant sa 
t2_t07zyd5qo,really important,0,1,1.0,0,1743676591.0,False,t5_311ttu,I just wanted to know if the mathongo crash course has more tests than their test series for advanced and bits 
t2_1epz3lho0q,I made a study group,0,1,1.0,0,1743676528.0,False,t5_311ttu,"Asking doubts on reddit takes time so i made a study group on dc to discuss doubts, help others and learn together!
To join dm me and ill send u the link because this sureddit dont allow external links"
t2_17ql4tfz2i,2 april shift 2 question doubt,0,2,1.0,0,1743662953.0,False,t5_311ttu,"Bhai wo spin only magnetic moment wala sawaal which has least enthalpy of atomisation aur identify Krna tha diamagnetic complex to get the value of n uska answer kya h bro bata do
"
t2_7f66zaw8,So like..... join my college ig? Engineering for PCBtards,0,1,1.0,0,1743676413.0,False,t5_311ttu,"so like itna accha hai ni. gaav dehat ke andar hai. teacher log thik thak hai. peers addhe chutiya hai. but pcb pe DSAI , MLAI vagere btech ho jaega. fees bhi normal hai.

College name : DMIHER Faculty of Engineering and Tech. sawangi wardha.

  
my dms are closed. do your own reasearch"
t2_1j83wpx14r,"Well,,,😨😨",0,27,0.97,0,1743610992.0,False,t5_311ttu,Is this a gen-z coded clickbait or what 😭
t2_e3t6hr03,Yeh thodi tha question,0,1,1.0,0,1743676031.0,False,t5_311ttu,"https://preview.redd.it/5k0ezpfzjlse1.png?width=718&format=png&auto=webp&s=80c5d69cd71f9788fa4e983951bf3b8639ad8dbb

iska toh molecules max karna tha matlab least mass number toh Pr hoga na"
t2_15suvpw65p,DROP YEAR RESOURCES,0,1,1.0,0,1743676026.0,False,t5_311ttu,"Everyone recommends either great channels or absolute worst channels on youtube for studying for JEE. But in both the cases, no one tells actually how to utilise them. I have decided to take a drop for JEE this year (I want to do the best in Mains) and maybe try for Advance as well. This year I did absolute worse because I screwed up with resources and other things were there as well. Please suggest me structured resources for free which I can follow (to cover theory and illustrations) in a minimum time but in detail for Maths, because I have already studied NCERT level for Physics and Chemistry. I have books which I will solve like HCV, N Avasthi, Ms Chauhan, MTG JEE Mains Mathematics and PYQ'S. I also have Carrer Point Modules.

Edit: I am a non-coaching going student as I can't afford it and I have already gone through the theory of Physics and Chemistry. I am curious about Maths (because I have done only the NCERT, which I know is not near to sufficient.)"
t2_ts3e6484g,Neend nhi aa Rhi,0,11,1.0,0,1743630865.0,False,t5_311ttu,"Kl din ko exam h  11 bje nikalna h acha hua eve shift h. best of luck mujhe and mere dropper bhaiyo bheno ko you did your best and love you all. 
Asha karte h 24s2 ka paper aur 28s1 ki cutoff ajaye absolute cinema.jisne hate kiya is post pe toh uski cuttoff bhi nhi hogi. Baki love you all goodnight."
t2_6x6wcp1y,QUESTION PAPER OF 2 APRIL 2025 SHIFTS 1 &2,0,1,1.0,0,1743674427.0,False,t5_311ttu,"ONLINE I AM GETTING ANSWERS AND QUESTION BOTH NOT JUST THE QUESTION PAPER IF SOMEBODY COULD SHARE

OR REMOVE THE SOLUTIONS FORM THE AAKASH PDF  
[https://dcx0p3on5z8dw.cloudfront.net/Aakash/s3fs-public/pdf\_management\_files/target\_solutions/Ans-and-Sol\_JEE\_Main\_2025\_Ph-2\_02-04-2025\_Morning.pdf](https://dcx0p3on5z8dw.cloudfront.net/Aakash/s3fs-public/pdf_management_files/target_solutions/Ans-and-Sol_JEE_Main_2025_Ph-2_02-04-2025_Morning.pdf)"
t2_1alp1zznf1,Hacks In Jee Exams,0,0,0.5,0,1743674329.0,False,t5_311ttu,"So bhai ek dam practical chiz tum logo ko bata raha 100% work krta hai jab tum exam de rahe ho and when you stuck at answer usko chor doh and do one thing windows key daba doh us sai tumara system lock ho jyega  fir invigilator ko bula kr bolna ki sir head down kr raha tha toh dab gya then he will unlock your system 
ek baar he krna fir tum log ke pass 1-2 baki bachho sai exam time milega jismai tum apne bagal wale sai answer puch sakte ho 
Is samay pr invigilator log subki rough sheet collect krte hai 
Try this and do let me know"
t2_udad9r0w,Salt Analysis ☠️☠️,0,2,1.0,0,1743660762.0,False,t5_311ttu,"Bhai kisi ke pass salt analysis ke notes hain ??

Please send it 🥺 🥺 "
t2_18n0gmw20w,Help me please,0,1,1.0,0,1743674277.0,False,t5_311ttu,"Hii.. I'm a neet aspirant...  Due to  unforeseen circumstances I couldn't enroll for any test series in January and then because of cbse boards. Now, with 31 days remaining I want / need to attempt test series. I plan to attempt 2 test per day... Sometimes one if the prep is gonna take long or analysis and revision.. still I can do 30-40 tests.. so I wanted your help in selecting a test series which could be available in test booklets format delivered at home... Online is the last option for me... But if not available.. I'll go for that as well... I was recommended Allen but as far as I read there on their website it's of DLP and pre-scheduled and it'll be sent via post if demanded after the completion of the test on schedule only.. wo v 300 rupar kuchh DD se pay krne pr .. thoda messy hai.. but itna time nhi hai mere pass ki mai kisi test centre pe Jake test du ya post la wait kru.. kuchh btao jo ek baar me hi sare booklets aa jaye omr and solutions ke saath.. 

"
t2_1k05r1rrh3,ST girl student got through cheating in NITK?,0,47,0.87,0,1743598574.0,False,t5_311ttu,"So there was a ST girl in our coaching in different batch. Her bf is my Friend's Friend. Today, I just while talking to my friend about exam and Post JEE things... He told me that his friend's gf has gotten NIT K (Mech)  last year with 93%ile.

then my friend asked... She used to get very less marks in mocks like 10 20. And used to fail in school exams...how did she got 93%ile?. 
 
Then his friend (the bf) told him(my friend) that she cheated her jee main exam. 

My friend became curious, how did she cheated... But the bf said ""I don't know, but she did confess me, she cheated."" 


My friend told me all this while we're discussing about JEE shifts and It made me wonder ... 


How many fraud students get such seats so easily? 

How many lakhs of unskilled enginneers/students get access to such good institutes and end up unemployed. 

Is it that easy to cheat in an National exam like JEE? 


Edit : And also I forgot to mention, she took a crash course too and her crash course marks were like  40 30.  It was around march 16 when the crash course started and 2nd session jee was on April 4th and in that session she got 93%ile


And this led us all shocked like how tf she increased   80-90  marks approximately in just 2 weeks or something. 

I was feeling fishy back then but somehow let it go. But today the truth came upon. "
t2_1aeey60je3,Placement,0,1,1.0,0,1743673748.0,False,t5_311ttu,"Kya bhiaya jee 2nd dropper ko nit, iiit me placements me problems aati hai"
t2_14lmdodnij,rough sheets kitni deer pehle milti hain?,0,1,1.0,0,1743673683.0,False,t5_311ttu,URGENT
t2_1ia5rnf4sl,serious,0,1,1.0,0,1743673133.0,False,t5_311ttu,kisi ka exam hai 7s1 chandigarh university me 
t2_onkt1fhx,"2s1,2s2 aur 3s1 ke papers pdf form mein kaha milenge?",0,0,0.4,0,1743673029.0,False,t5_311ttu,Bta doo😭
t2_x22x7h6w1,3S1 qn doubt,0,1,0.67,0,1743673016.0,False,t5_311ttu,Phy - B field wale integer wale qn ka ans kitna aya? 
t2_1ka5adg13g,Took bio in class 12 HELP!,0,1,1.0,0,1743673013.0,False,t5_311ttu,"So i choose maths in class 11 but I barely got passed in it I want to take bio mid session but my father didn't let me.. now I took bio as I'm entering in class 12.. I'm aiming for neet 2026 , how should I cover class 11 pcb syllabus? .. I'm joining lakshya neet batch... ? Please give best strategy "
t2_1lqcyfzn26,Guys it's my second drop.... But because of some serious health issues I can't get over 200.Should I take a partial drop in good college?? I wanna give my best try.,0,2,1.0,0,1743659438.0,False,t5_311ttu,
t2_vl2460n1,just want to know,0,1,1.0,0,1743672980.0,False,t5_311ttu,18M and obc category and with home state quota what percentile i need for nit plz if you know answer comment
t2_g5vz2ufz,24 hours to April 4 Shift 2!!,0,1,0.67,0,1743672674.0,False,t5_311ttu,Are you JEE-Ready?? 🗣🗣🗣
t2_17djjengap,2S1 detailed review,0,66,1.0,0,1743590748.0,False,t5_311ttu,"Physics : Jan level. A few questions of rotation and fluid were a little out of the box. Heave weightage of units and dimension, electrostatics and modern physics (bohr model and photoelectric)

Chem: Toughest I've even seen in a mains paper or mock. IOC and PC had very high weightage. Weirdass questions where we were asked to find molar mass of a weirdass compound and EXTREMELY LENGTHY CALCULATIONS in physical, extremely lengthy. Organic didn't have very high weightage and paper was MILES beyond ncert


Math: weak hai meri :(( however HEAVY weightage of matrices and HEAVE weightage of diffwrential calculus. Statistics ka ek bhi qs nahi CONIC KE 3 and Vector 3D (my strongest topics) ke bas 2 😔 


But overall ig it was  way above jan level, however the wonders of chem might bring the cutoff down."
t2_1hvcs7w176,Scoring 300,0,4,0.63,0,1743645287.0,False,t5_311ttu,Guys i got 60 percentile in jan attempt but now i'm fully prepared and all done for scoring 300/300.. i have a doubt .. after scoring 300 should i prepare for advance or NIT is also good?
t2_1mf0plsc2k,Kal OP ka exam h (3s1)🤡,0,30,1.0,0,1743605054.0,False,t5_311ttu,
t2_f47aigd3e,Need Help from anyone who had Attempted AMUEEE,0,1,0.66,0,1743671305.0,False,t5_311ttu,Hey guys I have registered for AMUEEE i know mains mein kuch nahin hoga AMU ke liye bhar diya tha 15 din hai koi bta do kya padhu kya level hoga 0 prep hai guys kuch batado
t2_5l4xfqdg,3s1 math question doubt,0,1,1.0,0,1743671172.0,False,t5_311ttu,"Wo matrices ke question me |2adj(3Aadj(2A))| tha ya |3adj(2adj(2A))|??????
"
t2_19nvwnm8n5,Ye centre me rahta hai ki nahi,0,2,0.67,0,1743657598.0,False,t5_311ttu,
t2_1il4i3feab,Crash course of MR Sir,0,0,0.33,0,1743670570.0,False,t5_311ttu,"

maine 11th ki physics nahi padhi like backlog hai puri and I am 2026tard so can I complete physics of 11th with the help of crash course of MR Sir ?? kisi ne kara hai toh batado"
t2_bb2ja39e,How do I digest the fact that meri engineering ki exam got fucked because of chemistry????,0,2,1.0,0,1743656993.0,False,t5_311ttu,"Seriously engineering ki exam me chemistry hard kardi??? Bhai me na.... ☺️☺️☺️
Well I have accepted the fact ki nit me to kuch hone nhi wala with 130~ marks 
I realised mujhe engineering karni thi na ki med, like in Jan. So i didn't have time for math. 
I was hoping har baar ki tarah math hard rhe but sala bhagwan pura ka pura uno reverse maar diya. Kher, phy to mog kiya😭😭😭 "
t2_4ny77jd4a,"Missed my paper, now don't know what to do.",0,199,0.97,0,1743567030.0,False,t5_311ttu,"Dropper here, exam centre ke bhr se likh rh hu. 2S1 tha mera jo maine miss kr diya, jan main 80 percentile thi(tb bhi april ki preparation kr rh th because mere chemistry main question jyda ghlt ho gye(13) the jisse score kaam ho gya tha). Abhi tk ghr pr nhi batya, smjh nhi a rh kya kru. 

Late hone ka reason:
 Main 8:30 bje exam centre pucha tha pr inlogo ne entry nhi di,  ye bolke ki NTA ke order hn kisi ko bhi entry nhi milni chaiye jo late aye(pta nhi tha NTA itni strict hn) and ghr se main 6:15 pe nikla tha, because phele wala(same as jan attempt) hi exam centre allot kiya tha iss bhar bhi, jan attempt main gate closing ke 30 min phele centre pr a gya tha. Yeh sb hi soch ke main 6:15 pe nikla tha ghr se pr iss bhar metro se aya tha and pichli bhr bus se "
t2_1jvt2qdeki,Should the e-Aadhaar be printed on the day of the examination?,0,1,1.0,0,1743669848.0,False,t5_311ttu,"Should the e-Aadhaar for JEE Mains exam hall ID verification be downloaded and printed on the day of the examination? Also, which type of paper should be used? "
t2_12lene288w,An AVERAGE JEETARD [my experience with a weirdo guy],0,2,0.75,0,1743656216.0,False,t5_311ttu,So yesterday was my exam 2s2 i reached my center at 2 30 ik it is too late but whatever after reaching i got my seat . My seat was last seat so on my left hand there was a guy who was acting weirdly like he was shaking and rubbing his legs so panickingly like placing his hand on his heart and saying ALL IS WELL and breathing so fast i mean usse aise dekhkar mein hi panic mode par chali jati and a girl who was sitting next to him . We both were seeing each other like ise kya hogya . 
t2_1laf5rt4wi,What if 2S2 ke sab ne easy samajh ke jyada questions attempt kardiye ho negative marks ke karan 99 percentile 180 pe hi aajaye,0,16,0.91,0,1743614071.0,False,t5_311ttu,
t2_1j6k3mmc57,mhtcet+ others admit card details,0,2,1.0,0,1743655572.0,False,t5_311ttu,"is there any telegram channel ya koi bhi medium where we can receive updates about these other exams like vit, manipal, mhcet etc etc "
t2_eijp0h4m,Need your Help 🙏🏻,0,1,1.0,0,1743669025.0,False,t5_311ttu,"Maine abhi boards diye hain class 12th ke aur NEET 2025 doonga par mere ko nhi lag rha ki mera selection hoga. Par phir bhi apna best doonga.

Par agar selection nhi hota hai toh mere ko konsi coaching leni chaiye online ya offline? Maine aaksh join kia hua tha last 2 years ke liye aur saare modules toh hai mere paas. Mera mann toh online lene ka hai par samaj nhi aa rha PW ya unacademy? Aur koi test series bhi join kar loonga. Please help !!!

I NEED YOUR ADVICE"
t2_64xsy5a36,GUYS PLEASE HELP 🙏🏻,0,2,1.0,0,1743655335.0,False,t5_311ttu,"The thing is I have got piercing in my right ear and the earing is fixed and I can't remove it (cause of religious beliefs)
So will they let me enter the center or not
I'm 4s1"
t2_dixeskt3e,"fumbled jee, ab hoga cet mai comeback",0,2,1.0,0,1743655237.0,False,t5_311ttu,kaha se padhro ho tum log cet ke liye
t2_djcelvx1,Title ko inorganic ki cha mudi padi hain,0,2,1.0,0,1743655166.0,False,t5_311ttu,"Ok, so my mains is over and advanced is upcoming. And I have some serious problems, hear me out.

Thing is,

I have some chapters of inorganic left, like, truly null. No clue, attended no lectures about them.

These are the chapters: 

Solid State

Surface Chemistry

Metallurgy

Salt Analysis

Hydrogen

States of matter.

  
Now i don't have the luxury of time. So please help me sort out the ones that have unnecessarily high content or impossible to do with a crash course. Or the ones that have had less questions over the years till now."
t2_wq3xfr39r,HELP bahi ye mera printer ain waqt pe kharab ho gaya aur admit card ki print nikalna baki hai  to please ye bata na ki waha black and white print chalti hai ky mene suna hai colour leke jana padta hai please help,0,2,1.0,0,1743655158.0,False,t5_311ttu,
t2_1kd3rwocr1,Aaj ya toh win hai ya toh lun ( 3S2 ),0,5,1.0,0,1743647106.0,False,t5_311ttu,11.2km/s ki gati  se faat rha 
t2_1g6bimb562,Order Allen got AllinOne,0,38,1.0,0,1743597965.0,False,t5_311ttu,"Mains 4 apr ko hai, socha todha edge milega par ye flipkart walo ko isi order pe fumble karna tha like seriously wtf"
t2_1j1j9bx4y2,Did anyone else from 7th or 8th April get this?,0,2,0.75,0,1743654933.0,False,t5_311ttu,I have used the same application number and password with which I had previously gotten the city intimation slip but now it's showing like this.
t2_1ikqkoaio5,HOW  to crack viteee PLZ HELP,0,1,1.0,0,1743668393.0,False,t5_311ttu,"i have not prepared much for jee  
how can i prepare so i atleast gget cat 2 cse or anything above ece "
t2_1l84wfr4i6,Just do your best.,0,42,0.97,0,1743595315.0,False,t5_311ttu,
t2_981fesaz,JoSAA counselling doubt,0,2,1.0,0,1743654804.0,False,t5_311ttu,"Hi guys, I got 97.3%ile in jan and expecting similar(not above) in april(2s2). I will be going for advance and my family is planning for an out of India trip in june just around the jee adv result date.
Just wanted to know that since the josaa counselling is online, will I be able to participate in it from out of India?
Like would I face any problem or something, I would take a laptop with me."
t2_18wtvtkxm3,A question from electrostatics,0,1,1.0,0,1743668013.0,False,t5_311ttu,Guys.wuestion is to find the position of charge Q. The two charges q and -16q are fixed. Place a charge Q at anyplace where it comes at equilibrium. The charge of Q is +ve. I don't have anyone to ask for help 😶.
t2_1k264znydx,"Mere boards aaj khatam hua,(bengali) kal jee hai and Maine really 2 month se kuch jee ka nhi padha :( am i cooked",0,21,0.93,0,1743608401.0,False,t5_311ttu,
t2_143jht92z0,Why tf bro is moaning for justice,0,23,0.96,0,1743607420.0,False,t5_311ttu,P. S: maine nahi dekha lecture bas bore hora tha toh comments padhne laga
