author_username,title,downs,ups,upvote_ratio,total_awards_recieved,created_utc,over_18,subreddit_id,selftext
joshxdf,[mod] MODERATOR APPLICATIONS ARE OPEN!,0,19,0.89,0,1742920153.0,False,t5_2rjli,"It's that time again, mod apps are back open! If you would like to help out our community then feel free to apply- please note we are looking for long-term moderators so only apply if you can set that time aside!

Our discord server is also opening moderator applications for Discord Moderators. If you’d like more information, see the link at the bottom of this post and join our server!

Being a moderator isn't just about banning people - it's also about working as a team, having fun, and shaping the community into something better. If you're interested, please apply! If you have any questions, feel free to shoot us a modmail!

***Eligibility requirements***:

• Must be a teenager (aged 13-19).

• Must be in good standing (no recent serious issues with the mod team).

• Must speak and write English fluently.

• Must be willing to actively use Discord as a means of official communication with the teams.

• Must be a member of the community for 60 days or more.

Link to the application form:

[https://forms.gle/nktnRymD7kY8Wttm8](https://forms.gle/nktnRymD7kY8Wttm8)

Link to the teenserv discord server: [https://discord.gg/teenagers](https://discord.gg/teenagers)

There are more important details listed on the application itself, and you should find all information you need on the form. Applications will close April 8th 23:59 BST OR the form will automatically close once the cap of 500 is hit. We ask you to set aside at least 20-30 mins to write detailed answers and to not delay sending one in. Unfortunately, if you cannot apply due to the cap being hit or the deadline passed, we are unable to take the entry.

Good luck and I hope to see your application! Have a nice day.

\-Josh :)"
joshxdf,[mod] Gallery posts are back!,0,25,0.95,0,1741878200.0,False,t5_2rjli,"Hey r/teenagers 

Only a small update, but just wanted to state that gallery posts are back, allowing you to post multiple images in the same post. We trialed having just one image in each post for more efficient moderation and reduce rule-breaking posts however under reflection of it, we've decided to re-enable them.

We hope that this change allows you to engage even more with the community!

Thanks a lot!

\-Josh and the Reddit Team :)"
MagnificentPiss,Guys it’s not gay to do this,0,610,0.89,0,1743776488.0,True,t5_2rjli,"It’s not gay if you want a boy to ask you out, like it’s just because it’s romantic it’s, not **gay**. I just want to be treated like a princess that doesn’t make it gay."
AugustHate,So I just found out normal people pretend to be asleep till they got to sleep,0,386,0.89,0,1743781550.0,False,t5_2rjli,"my girlfriend does this thing where she goes to bed and closes her eyes untill she falls asleep, instead of reading a book or doomscrolling. I got curious and asked why and she looked at me flabbergasted and all. And now I'm finding out that's what everyone else does help"
Repulsive_Frosting45,My online school just traumatized me.,0,338,0.87,0,1743775588.0,True,t5_2rjli,"My school/history class(I'm homeschooled)just asked me a question about a southern news paper in 1868, and the image shows two people hanging off a tree and a horse walking away. Sense I don't have enough karma to put an image on display it's me discribing what I'm seeing. Also it asked me what does this image represent like WTF DO YOU MEAN WHAT DOES IT REPRESENT I THINK ITS QUITE OBVIOUS! Anyway I am now actually shaking, well my hand is."
thelibsterr74,note some girl at the mental hospital gave me i kept it cause it funny af,0,3294,0.97,0,1743729707.0,False,t5_2rjli,
-TheMidpoint-,Why is my math homework calling me a good boy 😭🙏,0,4076,0.98,0,1743725843.0,False,t5_2rjli,
ChemicalConfection12,Is it ok to still be into lego at 14?,0,113,0.97,0,1743789638.0,False,t5_2rjli,"I (14m) im still into legos, i have thousands of peices and hundreds of builds, mainly tanks and artillery, is it normal to still be into this stuff so old? My dads into it but my mom hates that."
-TheMidpoint-,Got laughed at for drinking water today btw 💔,0,4709,0.99,0,1743712598.0,False,t5_2rjli,
applesawce3,My dad reads smut apparently 😭,0,2009,0.98,0,1743723230.0,True,t5_2rjli,"I was cleaning the living room and he has one of those e book things that was on the table, and i accidentally pressed the on button and immediately i saw dialogue about someone’s boyfriend not wanting to fuck them i’m traumatized now"
Ok_Quality_1628,GUYS HEELPP!!( specifically the girls),0,275,0.91,0,1743758589.0,False,t5_2rjli,"I'm in love with my ex crush again and care to guess why, its because I thought he was hot when he opened the door for me and picked up my things for me and told me I look pretty all in the span of 2 hours . I swore not to fall for him again but here I am for the fourth time 😃😔😔

Edit: OH MY GOSH YOU GUYS SO MEAN. but yes thank you for the advice its not worth it and to the person who told me its common decency maybe you are right."
Newlifeisgreat,"Do people get addicted to SH? Like ik people do it to cope with emotional pain, intense anger, and stress",0,143,0.92,0,1743766029.0,True,t5_2rjli,But if you don't have any of those why do you have the urge to SH?
Substantial-Ask8905,Idk if anyone cares,0,447,0.97,0,1743742316.0,True,t5_2rjli,"But ive been clean from SH n alcohol for a year. 

Today is the one year mark. 

Today a year ago was when i wanted everything to end. 

Today a year ago i was in the worst state of my entire life ever. 

Today a year later im happy, healthy and im clean

"
sephiroth-3749,The school bathroom is a lawless wasteland,0,941,0.99,0,1743727094.0,False,t5_2rjli,
GloriaPatriEtFilio,This sub would crumble without you 🙏,0,760,0.99,0,1743725705.0,False,t5_2rjli,
Nice_Efficiency_9317,Only real ones know what this is,0,580,0.98,0,1743729637.0,False,t5_2rjli,
BigPuppyk,Hottest car a guy can drive?,0,46,0.9,0,1743777441.0,False,t5_2rjli,Don’t wanna hear nothin about a Lambo.
Stock-Extension-3626,"I hate trying to actually have a conversation w bro but all he says is ""I'm jorking it"" and sends me a photo like BRO ARE YOU EVER NOT?",0,23,0.93,0,1743789329.0,True,t5_2rjli,"""you can talk to me about what you're going through"" bro when I'm trying: 

😭😭

I at this point just be like ""alr respond when you're not focused on that ig"" and then he just doesn't "
Mysterious_Win9549,A question about streaming from a parent,0,472,0.99,0,1743730261.0,False,t5_2rjli,"
Hey r/teenagers - parent here with a genuine question

Are many of y'all actually streaming these days? My kid's school has tons of friends streaming on TikTok, Kick, etc and apparently making money??  

Is this just normal teen stuff now? How many of you stream?  

My day was AIM and MySpace so this whole streaming economy is wild to me. Just trying to understand if:  

* This is actually common  

* Any of you make real $ from it  

* If I should be concerned or just roll with it  

Appreciate the insight! Just a confused millennial parent trying to figure out what's normal these days without being That Parent™ who freaks out over nothing."
JackfruitSafe6254,Second update on my boyfriend,0,221,0.95,0,1743740780.0,False,t5_2rjli,"Hi there. It’s been a week since my last update.

Today, my boyfriend has finally been discharged from the hospital.

thank you all so, so, so much for your prayers and concerns. I am eternally grateful. Thank you.

(full story is pinned to my profile)"
INEEDMEMANSHERB,A girl in my school died,0,264,0.98,0,1743733464.0,False,t5_2rjli,"This girl in my school, who I wasn't really friends with but talked to her before just died of cancer. She was always so nice to everyone, she was somebody everybody needed to have in their life. I'm friends with her best friend who is taking it really hard, and I just feel so bad. One of my teachers was sad about it too because we both had her for a class last year, and felt bad that she didn't know it was happening and that she didn't do anything. I just weirdly don't believe that she's gone, idk what to do. Its been 2 days and I still haven't accepted it"
c-cayne,got choked out in class,0,107,0.91,0,1743749460.0,False,t5_2rjli,"basically me and a mate were sitting in front of some girls who were putting each other in headlocks for fun, so we were like ""yeah we can last longer before we tap out"" so he put me in a proper, hard headlock and i lasted a minute 15 before i passed out."
Best_Cactus,Today I cut myself for the first time.,0,24,0.67,0,1743778198.0,True,t5_2rjli,"I (M18) felt not understood and acknoledged mostly by my parents my whole life. My self esteem was really low, but recently it was getting better. I was also convinced that they hate me. 



Today they argued with me about something so fucking stupid I couldn't belive it. I felt this really awful feeling of not being understood and went to my room. I cried and finally did what I wanted to do for some time now. It wasn't deep or anything, just scrached my skin.

  
I want to kill myself. I think I'm gonna start taking drugs and end my life... It's prolly for the better, can't imagine having a family and living the boring life of a adult."
Gmode109,We finally figured out what LGBT means,0,2310,1.0,0,1743690313.0,False,t5_2rjli,We finally did it
meme-machine935,Is this to much to ask for in a girl 😞,0,564,0.96,0,1743715053.0,False,t5_2rjli,
StockholmParkk,tell me Abt ur first school crush,0,11,0.92,0,1743790983.0,False,t5_2rjli,"https://preview.redd.it/lh3narym1vse1.png?width=988&format=png&auto=webp&s=11e5a04792cecb8c0ae29bf64809ab2686484b9b

"
juicyhoneybee,Send me anything and I’ll rate it,0,12,0.8,0,1743787775.0,True,t5_2rjli,
MsPeanutWoodrow,Do popular kids get bullied? Ever?,0,17,0.91,0,1743780828.0,False,t5_2rjli,"I'm homeschooled, so idk. Need this for a book, and who better to ask than real schoolgoing teenagers?"
mommynaturesbitch,I FUCKING LOVE GRAPES!!!!!!!!1!1!1!1!1!1!1!1!1111!!!,0,10,1.0,0,1743790371.0,False,t5_2rjli,I LOVE GRAPES SO MUCH I SWEAR IMMA MARRY ONE ONE DAY!!!!!1!1!1!1!!1!!1!1!!!!!!1!1!!1!1!1!1111!1!!1!1!1!1
Calm-Strawberry2145,Here have a hug 🫂,0,9,1.0,0,1743791322.0,False,t5_2rjli,
No-Preparation-4332,What is a song you listen to when you need to relax?,0,32,0.98,0,1743763764.0,False,t5_2rjli,For me its Maman j’ai mal by MHD i jus love the beat and how it sounds
Aubstob,I swear this assignment was super easy!,0,307,1.0,0,1743719787.0,False,t5_2rjli,
Slow_Surround_1286,"What makes guys hot/what features girls find attractive on boys, behavior etc.",0,18,0.91,0,1743775653.0,True,t5_2rjli,I need help from da girlies :3
frrygood,Who else watches YouTube while browsing Reddit?,0,8,1.0,0,1743792631.0,False,t5_2rjli,I don’t wanna seem like the only one lol.
namedthisonejpeg,i truly believe that everyone on this sub needs more sex education,0,367,0.96,0,1743714095.0,False,t5_2rjli,"you can't even mention it without getting downvoted to oblivion and being straight up bullied in the comments. it is normal and healthy and YES, teenagers do it because believe it or not teenagers have crazier hormones than literally any other demographic. 

instead of harassing people who talk about sex (which is important to do, especially in spaces for teenagers, because this education is important and talking about sex allows it to not be as much of a 'taboo' and teaches teenagers what it should and shouldn't be when it's healthy), maybe consider WHY you take such an issue with it ? it's natural. get over it"
MrGamer74,I saw this monstrosity today...,0,142,0.98,0,1743731822.0,False,t5_2rjli,"So the silver and black ones look really cool! Like, futuristic. BUT A LIME GREEN ONE"
Dull-Chain-7631,Tell me a song I should listen to rn to make me hyped.,0,17,0.96,0,1743769473.0,False,t5_2rjli,
justcook3d,Love is beyond dead,0,186,0.92,0,1743723726.0,True,t5_2rjli,"Why are 90% of the new people I interact absolute garbage 😭 

Literally every person I meet wants something out of me, and 9 times outa 10 it’s always sexual or lewd acts. What happened too getting to know a person first lmfao "
Missing_Sock_123,My gf kissed another guy - idk how to cope,0,1159,0.9,0,1743687968.0,False,t5_2rjli,"we took a little break while we were dating. we're back together now.

i found out she went out and made out with another guy while drunk at a bar (its legal where she was)

it feels horrible. i was the only guy she's kissed, and she was the only girl ive kissed.

ive spoken to her. shes sorry. she said shes disgusted and never would do it again.

i cant get the image/thought out of my head idk what to do.

im not saying she was cheating. i dont want to break up. **i just want to get rid of the thought or deal with the thought.**

i do love her

in the future im gonna be with a girl who has had bfs before me. i want to learn to deal with the fact that they've done stuff to other guys. i know you're gonna say that that means we should just break up because i dont see a future with her. i want to. i want to hold a future. but with uni, we'd probably go our separate ways. i just want to be happy now. and stay happy"
XWolfyCat,How skilled can I get if I consistently practice my guitar for 40 hours a day for a week?,0,9,0.92,0,1743778672.0,False,t5_2rjli,
K-dog2010,When did you start dating?,0,60,0.96,0,1743742523.0,False,t5_2rjli,"When did you first date someone? How did you tell your parents and how did it go? I just turned 15 and I feel like I'm ready to date but I still see myself as a kids so it seems weird and I have no idea how to tell my parents or how they would react to me telling them I have a gf. Let me know your thoughts!

Please only serious comments, don't say ""I wish I was dating"" or anything like that. It's annoying."
Humble-Friendship-28,i’m thinking about killing myself,0,4,1.0,0,1743794528.0,True,t5_2rjli,"hello everyone, i know this is a more serious post but i think life is just getting really bad, my family is always fighting and taking the anger out on me, i might get suspended from school for doing something i never even did, i destroy everyone i love… i have no friends or anyone to talk to and my family barley gives me love. i actually just hate my life so much i might kill myself because cutting my wrists isnt enough, i feel like i cant escape this infinite void of sadness "
-Widy-,so my ex had a con list abt me.,0,7,1.0,0,1743781187.0,False,t5_2rjli,"He had written, I think, around 20 cons about me, and he sent them to me (I did ask), but... is this normal? for ur partner to write cons about you?

 Some of the cons really bother me and i keep thinking about them. I haven't told any of my friends, so I'm telling random strangers on the internet, yay!

Cons I recall from memory: (actually saved the pics he sent from his notes app)

1. Money-minded (am I wrong for being concerned abt having enough money in the future? It wasn't me judging him at all.)  
2. Not sure about the future (What I want to become and I told him tht because I was insecure abt it, lol)

(So, like. I think of it a lot. And I don't know what to do abt it. Was I the problem? )  
(Also, he said he did have a pro list abt me, but he never sent it even though i asked as much for it as the con list.)  


  
"
Far4sRL,My trans friend un-transition herself for me?,0,1311,0.93,0,1743679134.0,False,t5_2rjli,"(we're both 16, I'm a Muslim boy)

So I have this trans friend (FTM) that I known for the past school year, we are on good terms and hang out a little and work on ground projects together because we were smart 

A little more then a month ago he (?) disappear, I asked about and some didn't know where he went and others said he went away for personal reasons but he'll be back 

After two weeks since he(?) disappeared he(?) came back but as the title said he(?) became a girl 

So I asked her why and she said ""it's got boring being a boy""

So since then she showed way more interest in me and my religion, she asks about stories from the Qur'an and other things 

Should I be happy or weirded out?"
SammyTheSnowLeopard,"I got my girlfriends name tattooed on my arm. Ik a lot of people say that you shouldn’t commit to a relationship in your teens, but I swear she’s the one 🙏❤️",0,4728,0.92,0,1743655232.0,False,t5_2rjli,
q_matek_p,"What's all the 1,5k active ppl doing, definitely not posting tho🙏",0,6,1.0,0,1743783317.0,False,t5_2rjli,
OzzkuBoi,I think I can actually say I’m in a band now :O,0,4,1.0,0,1743790407.0,False,t5_2rjli,
MaxwellDaGuy,What the actual hell,0,4,1.0,0,1743790350.0,False,t5_2rjli,This subreddit won’t let me add images for some reason but I actually just saw astroturf covering every surface in a school bathroom cubicle and a Wet Floor sign stuffed inside the toilet. Also with a spattering of wrappers and wet toilet roll balls and graffiti on the walls and back of the door. What has this world come to☹️
Funny_Ad808,I don't understand the hype around IShowSpeed,0,33,0.85,0,1743748978.0,False,t5_2rjli,"As a 17M, I don't understand the hype around this guy. He recently keeps showing up on my fyp on ins bc of his visit to China, and that's why I have to talk about this. Bffr, everytime I see him on ins or tiktok, he is either screaming or barking like a psycho, and that's not even funny to me. Maybe bc I was raised in a more ethically conservative household, but I just find his behaviour very weird, obnoxious and annoying. Despite this, this guy's popularity is HUGE, and personally I think he is one of the most overpopulated person on Earth. Like if im not wrong, he once got to meet with cristiano ronaldo right? Sometimes I just don't get it? Am I too outdated or smth? Like this generation likes these types of people nowadays? Or has he done something that are culturally significant that makes people like him?"
artful_menace,"Sent a random guy from my school goofy cat pics, he sent goofy cat pics back without questions",0,8,1.0,0,1743777646.0,False,t5_2rjli,That's so chill
supraboi888888888888,my sister febrezed my ass,0,6,0.75,0,1743780447.0,False,t5_2rjli,me and my sister were running to the air fryer to make our hot pockets and she got there 1st and i farted and she ran away and so i put the hot pocket in the air fryer and then she came back and with a full spray of febreze and started spraying my ass
BucketoBirds,wild how there are girls out there who are into boys,0,4,1.0,0,1743793407.0,False,t5_2rjli,genuinely don't get it
aniladana2611,At what age did you enter puberty?,0,3,1.0,0,1743793312.0,False,t5_2rjli,
altmemer5,Only worked at Mcdonalds since Mid March and Im already employee of the month.,0,3,1.0,0,1743792918.0,False,t5_2rjli,"Apparently I impressed, My Boss, The owner the Mcdonalds, The owners Boss, and her Boss along with the owners of the Mcdonalds in the region. Holy fuck 😭. Ive also had customers ""review"" me and told my managers good things. 😭. 


Istg If my fate is to become the CEO of Mcdonalds Im crying. "
king-balls1,You just lost the game,0,3,1.0,0,1743792745.0,False,t5_2rjli,
ryanthelyon_orig,"Yo, doesn't stock extension have a boyfriend?",0,3,1.0,0,1743792707.0,False,t5_2rjli,
MixtureUnhappy2850,Is this why twinks exist?,0,3,0.8,0,1743792700.0,False,t5_2rjli,"So twinks are weak right? So if you can’t beat them you… join them…

It’s official, all twinks lost a fight with a gay man "
OwnDefinition327,I fucking hate periods,0,210,0.95,0,1743709014.0,False,t5_2rjli,"I was trying to sleep but my stomachs hurt so much I thought I got food poisoning, but nope it turns out I just got my period💀 and I hate sitting in my own blood so ima try using tampons but THEY’RE SO UNCOMFORTABLE. It feels like the equivalent of having shit stuck in your ass but you can’t shit it out"
CMD4788,Its my birthday YIPPEEEEEEE,0,33,0.94,0,1743743905.0,False,t5_2rjli,Hell yea im 16 now i can legally get married but i wont 
q_matek_p,Making playlists just to delete them in 2 weeks is so goated🙏🙏‼️,0,3,1.0,0,1743790910.0,False,t5_2rjli,
JustAnArizonan,What do people outside of earth do for fun,0,3,1.0,0,1743790825.0,False,t5_2rjli,
MorePreference5031,Humans are basically just thermoses for pee and piping bags for poop,0,3,1.0,0,1743790563.0,False,t5_2rjli,Thank you for coming to my TED Talk.
XWolfyCat,I take my instrument home from school every weekend knowing damn well I’m not gonna practice that thing,0,5,0.79,0,1743776556.0,False,t5_2rjli,“Just in case I suddenly want to” and then I never do
GenericSadLoser,Gng this class is not skibbidibbidy,0,3,1.0,0,1743789485.0,False,t5_2rjli,Anyways heres a plague doctor [|87
flatmushrooom,Would U take it,0,15,0.9,0,1743756721.0,False,t5_2rjli,"You get $100,000,000 million in your currency, won't get taxed, will be given to U in cash or card, no one will be suspicious of where U got the money from and nothing will happen to it. BUT you get incurable testicular cancer "
Disastrous_Food_634,Should i give up on love,0,5,1.0,0,1743778359.0,False,t5_2rjli,Should i jst give up on love idk if im too chopped to love or if love just isnt real 💔
Fair-Strike-5853,How do I deal with an childish boyfriend?,0,3,1.0,0,1743787400.0,False,t5_2rjli,"English isn't my first language so i apologize in advance for any grammar and spelling mistakes
Both him and I are 16. We are in a relationship since September and the future looks bright
I want some kind of general advice because he is a green flag in every aspect of our relationship, but today I had a really bad day and I was with him because of external reasons. He tried to tell stupid jokes and make me laugh while I was crying and I just had a moment of realisation that in that exact moment he looked like a 7 year old child, while he was trying to get a reaction out of me and begging to tell him what's wrong even if I calmly told him that I can't right now without becoming a sobbing mess and I need a few minutes to put my toughts togheter. He comforted me and cuddled with me and in the end, he really made me feel better but today I realised that he is acting like a small child not like a almost 17 year old. There are other  instances but for making this post shorter I won't mention them. I don't think it really bothers me because we can have an serious conversation but something puzzels me because from my limited life and dating experience i already see a pattern in behaviour in my friends boyfriends
Is this normal? Is it normal for a boy to act childish when he feels safe and loved or is it a red flag I should look out for, because I had only one serious relationship before this one."
StIcKy_02,I need a good hobby,0,5,0.86,0,1743773682.0,False,t5_2rjli,"I need something to do in my free time because im always bored af or gaming, any reccomendations?"
Capital-Committee-47,give me a number between 1 and 553 and I'll give you a song from my soundcloud playlist,0,2,1.0,0,1743795077.0,False,t5_2rjli,"give me a number between 1 and 553 and I'll give you a song from my soundcloud playlist

"
Glittering-Meat-9088,I really don't get homophobs,0,2,1.0,0,1743794885.0,False,t5_2rjli,It's something else if they're religious. But why do you care who they're with? Sometimes it's like they're jealous that they are with someone else not them. Plus YOU'RE STRAIGHT OF COURSE YOU FIND IT UNATTRACTIVE OR UNCOMFORTABLE. YOU ARE STRAIGHT!!! OF COURSE YOU FIND WOMEN KISSING EACH OTHER ATTRACTIVE!!! YOU ARE A STRAIGHT MALE. some WOMEN FIND IT ATTRACTIVE WHEN MEN DO THE SAME. AND THERE ARE MEN WHO DO. THAT'S THEM!!! NOT YOU! WHAY ARE YOU STRESSED ABOUT IT!?!?!?!?!?!‽¡THEN YOU'RE GAY!!!!! P3dofiles come in all shapes and sizes they're the ones society should be concerned about not wasting states resources over stupid reasons. Just tell them to be decent in public and everyone is happy. Jeez 😑
New_to_teenagelife,Gift ideas,0,3,1.0,0,1743786603.0,False,t5_2rjli,"I(13F) am in a relationship with a girl(14) and i want to give her things sm i jst dont know what i could. She loves sanrio and poetry, for now im thinking of making one of those long letters with poetry about her on it and a love basket(with her fav sweets and stuff and even a plushy i think) but i want some more suggestions. Her parents are pretty homophobic so i need something she can disguise as a friendly gift or that she can hide.(I'll give her the basket near a holiday to mask it as a simple gift)"
Megapoopman123,"Why do I get ignored after moving to Germany? (16M, need advice)",0,2,1.0,0,1743794339.0,False,t5_2rjli,"Hey, I’m a 16-year-old guy who moved from Ukraine to Germany about 2 years ago. I’m really struggling to make friends or even just have casual conversations with people.

I have a strong accent and my German grammar isn’t the best, so I often come across as less intelligent than I actually am. People tend to ignore me when I try to talk or ask something, even when I’m trying to be friendly.

I don’t think it’s about appearance—I’m 186 cm (6'1-6'2), fairly muscular, white, and I’d say I’m decent-looking. So I’m wondering:

1. Are people ignoring me because I sound “dumb”?
2. Do they just not like that I’m from a different country?

I see people around me having fun, forming friend groups, and living their lives. Meanwhile, I feel like I’m stuck and left out. I'm just starting to give up, I haven't had any deep conversations or any friends in 2 years. Has anyone else been in a similar situation? How did you get through it? Any advice?"
Time-Following7667,I'm in trouble,0,2,1.0,0,1743793906.0,False,t5_2rjli,"So I left my laptop on my desk at school and it locks after ten minutes. But apparently my teacher took advantage of that fact and in his words, "" took the liberty to look through my history."" he then reported what he saw to my  parents. you will have to understand that my parents are extremely strict. I am not allowed to have my computer in my room or watch any movies without supervision. I have done both of those. not to mention other things that were also in my history. I am cooked. like in some serious shit. if any of u have had a similar experience, I would be happy for advice. "
ApprehensiveTop1890,Does anyone here use facebook?,0,2,1.0,0,1743793824.0,False,t5_2rjli,"
Facebook is the lamest and popular social media app"
benG_withaG,Look it I got a pink sheep from my happy meal:D,0,108,0.97,0,1743715515.0,False,t5_2rjli,Isn't she so cute >_<
AceAlex__,I'm a guy and I REALLY wanna wear UGGs.,0,3,1.0,0,1743784823.0,False,t5_2rjli,"They look sooo adorable and I think I'd look great with them but I'm apprehensive because I know for a FACT that at least one person is gonna judge me for it. They might also be a prick and question me about it. I'm still gonna do it though, fuck gender norms."
Glittering-Meat-9088,How do you guys handle an old crush you had for someone?,0,3,1.0,0,1743792746.0,False,t5_2rjli,"Soo i had a crush on someone for quite sometime. Let's call them  Taylor. So I had a big crush on them, but for reasons I can't go in detail here. I chose not to engage and now it's dead but its body it's still here.(If you get what I'm saying)

Sooooo. Help 😭"
pieofrandompotatoes,After the period ended she didn’t even go to out next period and just went to out sped teachers room and curled into a ball,0,2,1.0,0,1743792745.0,False,t5_2rjli,And then when I want past the room again she was gone and probably left. I never saw her in the hallway but she still probably left and still hasn’t responded and it says she hasn’t read it yet. Lowkey really worried cause I’ve never seen her like this before. And I know it’s not a good idea to text again but I think I will in like a hour and a half. 
The_Bread_Guy123,I'm the type of guy to grab a block of cheese then walk around with it for 5 minutes debating if I want to eat some then eat it all.,0,2,1.0,0,1743792544.0,False,t5_2rjli,
Stock-Extension-3626,"I hate when people comment under my posts ""don't you have a boyfriend?""",0,2,1.0,0,1743792515.0,False,t5_2rjli,"Like yes 😭

""Does he know about this"" yes he can litterally see my account 💔"
far_enough_,Interesting encounter,0,2,1.0,0,1743792342.0,False,t5_2rjli,"So basically I (17M) was at the beach today and me and my friend saw a pretty girl, and he started telling me to like go talk to her. So I was feeling a bit weird cuz this would be my first time approaching a girl in a long time. For context I study online school and don't have much interaction with anyone and I didn't have a chance to talk to a girl for quite some while. Anyways, eventually I came up to her (we were swimming in the sea) and start talking. I guess I was pausing between like each sentence. After a few minutes, there were some big ass waves and they were hitting hard and there were like 3 big waves. After that I look around and I don't see her. And eventually I understand that she left. I never anticipated that. I understand I may have been a bit awkward but idk that was really weird. I didn't go back to her but went straight to where my stuff were and I just don't know what to think. I understand that I have to be quick next time but her just leaving like that doesn't really make sense to me. I mean she was smiling during the convo and even chuckled twice. I think she was kinda into the convo tbh. Or maybe I'm delusional. 

Anyways, I want someone to tell me if this is weird or normal. I might see her again tmr btw so I need some answers asap. "
yoohunn,Why is the ick on indians so solid?,0,5,0.67,0,1743778656.0,False,t5_2rjli,"Yeah i chose to speak up.
Like bro it doesn't mean that every indians are so like that, why hate each and every one of em. Maturity is when you realise it's not about the gender, ethnicity or age it's about the damn personality.
Tbh i just hate myself for being one, i didn't have the chance to chose my ethnicity right? No one had. But i love india just because i was born a keralite pdt."
Temporary-Initial516,Today it's my birthday,0,7,1.0,0,1743767104.0,False,t5_2rjli,"I don't care about your timezone (4/4/2025), I'm turning 14 today."
king-balls1,"Fuck finding a partner, tell me about your favorite superhero",0,2,1.0,0,1743791463.0,False,t5_2rjli,
The_Bread_Guy123,"Spanish people, I'm sorry yall, but...",0,2,0.75,0,1743791161.0,False,t5_2rjli,But your language funky bro.
AdLive4940,How to Master Mind,0,2,1.0,0,1743791049.0,False,t5_2rjli,"

There is no way to completely overcome lust, anger, or grief.
No matter how hard you try, these emotions will arise—because they are natural.

Try suppressing them?
It won’t work. It only bottles them up, building pressure over time until they explode in far more destructive ways.

Suppress lust, and one day, you may find yourself overtaken by it—maybe at 40 or 50—consumed by years of repressed desire, acting in ways you never imagined.
Suppress anger, and you risk becoming an unpredictable, bitter person, with rage that lashes out at the smallest trigger.

Conclusion: Emotions are natural. There’s no true end to them. Stop trying to suppress what you feel.


---

But does that mean you should let emotions control your life?
Absolutely not. That path leads only to misery.

The wise person feels the emotion—but never lets it dictate.

He feels lust when he sees a beautiful woman.
He feels anger when he is betrayed.
He feels grief when he loses someone he loves.

But still—he does not let these emotions control his choices.
He controls the mind, not by denying emotion, but by refusing to be ruled by it.

The key is not suppression.
The key is awareness and mastery.

You express your emotions.
You acknowledge them.
But you never hand them the steering wheel of your life.


"
cynnahbun,friendly reminder 4 yall,0,54,0.98,0,1743726591.0,False,t5_2rjli,"my fav is outliving my enemies, cuz fuck the haters"
q_matek_p,I missed warm summer like days wow🙏,0,2,1.0,0,1743790178.0,False,t5_2rjli,
XWolfyCat,Mamaaa just killed a man,0,4,1.0,0,1743776285.0,False,t5_2rjli,
Weird_Suggestion7453,HOW TF DO YOU EARN MONEY,0,2,1.0,0,1743789830.0,False,t5_2rjli,Mother doesn't allow me to get a job bruh 😞💔
Weird_Suggestion7453,Why are the posts so weird today,0,4,1.0,0,1743775918.0,False,t5_2rjli,
yandere076,i want to cry,0,3,1.0,0,1743780860.0,False,t5_2rjli,ill have to go back to my father's place from tomorrow. hopefully ill be able to leave afain soon
whyareducks,do any of u take creatine,0,2,1.0,0,1743788659.0,False,t5_2rjli,what’s your experience with it?? 
XWolfyCat,My account has a warning now for saying bohemian rhapsody lyrics 😭😭😭,0,2,1.0,0,1743788568.0,False,t5_2rjli,
AussieGoofball,7 trillion nerves in the human body,0,13,1.0,0,1743751492.0,False,t5_2rjli,And people can somehow get on every fucking on of them 
8x_Assassin,My big brother is looting me. Please help me!,0,12,0.93,0,1743752996.0,False,t5_2rjli,"I'm thirteen. For the past two years my brother has been taking my money without my permission and then denying that he hasn't taken anything. He has also taken some money from me on udhar around ₹1000, but refuses to pay it back. I had around 7000 to 8000 rupees in my gullak and he took it almost all of it slowly slowly (just left rupees 500). I don't have any proof of him stealing but he is the only person who knows I have that amount of money. Even he had a lot of money and he first spent it all and then took my money and spent it on anonymous things like specs, food (maybe even spending it on girls) etc. Currently I try to keep all my money in my bank account (Sbi). But I still feel really bad from inside as now I don't have any money to spend it on my wants (not needs)  like food or new shoes."
idfkwhatswrongwithme,Is your vision still as good as when you were young?,0,3,1.0,0,1743779220.0,False,t5_2rjli,Or did it decline slightly/you had to get glasses?
Weird_Suggestion7453,Fr tho 🥀,0,189,0.99,0,1743697856.0,False,t5_2rjli,
lulu_dxb,i cant function normally after learning about looksmaxxing,0,3,1.0,0,1743778361.0,False,t5_2rjli,"help, so as the title says, after i learned about looksmaxxing (i was very insecure and desperate to look better), i think im now too stuck into the rabbithole of it... i know every term (ex. psl, blackpill,bluepill, maxilla, recessed, etC) and more and ive watched those cringy psl ""godess"" videos with the cringy looksmaxxing music and now i cant function normally in public without trying to look good every second, and sometimes those cringy psl videos play in my head during random situtations and people just look at me oddly as if im schizophrenic.. even in school, and its making me look weird/unnormal....!

  
also after looksmaxxing i always notice peoples recessed chins/jawlines and i judge them subconciously for it almost making fun of them in my head even though i dont want to because of looksmaxxing people online who make fun of it and hate it... i think im too stuck in the rabbithole to ever get out of this... and the problem is looksmaxxing has worked for me to look better so if i leave it then ill be ugly again and my health will be worse since looksmaxxing has taught me a lot on human health (diet) and what not

  
anyone else going thru the same shit...? i cant even look at a boy normally now or talk to them without romanticising shit bc of looksmaxxing.. sad ik.. but some advice or comforting messages would be appreciated  (im a girl btw)"
Devilhunter553,Y'all most down bad moment?,0,3433,0.98,0,1743641977.0,True,t5_2rjli,
Due-Win-4688,What is your favorite emoticon? Mine's this one: <3,0,5,0.86,0,1743772582.0,False,t5_2rjli,
Z3N_MAST3RR,HOW DO I FIX THIS I DONT WANNA BE AN ASSHOLE.,0,7,0.82,0,1743758397.0,False,t5_2rjli,"Okay so like I want a friend who acts like a partner, but I don't want them to BE my partner yk? Like they call me sweet nicknames and check up on me, stuff like that but I don't want them to actually be my bf/gf, and I feel like a jerk for saying that.

It makes me feel like I'm scared of commitment? Like I want all the benefits without committing and I don't wanna be an asshole to someone who like wants commitment in something like that, I DONT WANT SEXUAL STUFF, I JUST WANT SOMEONE TO LIKE CARE YK😿


AHHHHHHHHHHDHDHHHHH PLZ I DONT WANNA BE A DICK."
theyre-all-taken-,do guys still like big boobs?,0,3,0.71,0,1743785312.0,True,t5_2rjli,"i feel like i hear guys around my age prefer smaller/perkier boobs or “hand full” sized boobs. having big boobs nowadays is more fetishized than actually a point of attraction, if that makes any sense. i’m wondering if guys still actually prefer big boobs over small ones, like D cups and up, or if that’s a thing of the past. "
Godgammer21,Why is it so hard to find a good girl to date,0,2,0.75,0,1743785163.0,False,t5_2rjli,Why is it so hard to find a girl that isn’t a rude spoiled brat or one that doesn’t vape or do drugs like I just wanna find a simple girl that’s funny kind sweet someone you can have fun with that makes me smile some I can just come home from work and just lay down and cuddle with someone that I can see be the mother of my kids someday 
WinksZ,Is anyone here religious?,0,6,0.72,0,1743763607.0,False,t5_2rjli,"In my school, everyone is christian, I'm wondering if in other countries it is the same"
Muogii,What are my worst facial features (this my my most recent pic and I hate taking pictures of myself),0,36,0.88,0,1743728031.0,False,t5_2rjli,
snakee-the-arch-guy,"throwback 4 years ago when a dad took his son's phone and posted this post on this sub and someone replied ""there's no way to do that"" he was a legend",0,1008,0.98,0,1743663490.0,False,t5_2rjli,
Substantial-Ask8905,I know,0,4,1.0,0,1743771339.0,False,t5_2rjli,I just posted about being clean n shit but omg how bad i wanna relapse right now 
sillygloomykitty,Got locked out of my van during a thunderstorm and possible tornado,0,2,1.0,0,1743784884.0,False,t5_2rjli,Costed $75 for the tow truck guy to come get it. Got 81 cents left but at least he came and I’m alive 😭😭 I got so wet and cold dude it was 9pm
Greentea_Teapot,Omg I finally got rid of the wasp in my room,0,2,1.0,0,1743784808.0,False,t5_2rjli,Technically my dad did it 
Yvonneyanny,Alone senior year,0,2,1.0,0,1743784747.0,False,t5_2rjli,So I moved schools senior year and know no one. There are people I talk to but they’re not my besties. There is a senior bonfire happening today and I really want to go but am afraid people will judge me for being alone. Should I go? I really want to but would it seem weird to be there alone? I want to use this opportunity to make friends but don’t know how. 
EastAsianDoll,The difference between the girls washroom and boys washroom at my school 😭,0,12563,0.97,0,1743622724.0,False,t5_2rjli,
Ace-Redditor,Four more days until Automod stops telling us about mod shortages!,0,2,1.0,0,1743784489.0,False,t5_2rjli,Can’t wait for automod to finally shut up about applying to be a mod 🥹
NicoRobin747,I love walking my cute ass dog in my metal pants,0,2,1.0,0,1743784380.0,False,t5_2rjli,Cuz ppl look at me with like I'm intimidating but my dog does NOT fit that aura (nor does my personality). So when Marley walks up to another dog and I talk to the owner while petting their dog and my heart melts cuz dogs playing they notice that I'm not scary at all. Bonus points cuz where I live almost nobody is alternative.
,It’s late go to sleep!,0,13,1.0,0,1743747686.0,False,t5_2rjli,I mean it’s late for me atleast but I’m bored so ima stay up to doom scroll and chat with strangers.
ContributionSweaty89,"Help meeeeee, I’m gonna cry…..",0,38,0.95,0,1743726147.0,False,t5_2rjli,This solo is gonna kill me it’s not even hard I js can’t get it right and our state eval is in a week and I’m spiraling….
Enderman_09,I have a very important problem,0,2,0.75,0,1743784024.0,True,t5_2rjli,"I don’t know how to wash the glans, someone can tell me? I know that circumcised people do not have this problem... but I am not circumcised TWT

I know that you only need the underwear cleaner and water"
GiornoGiovanna2009,guys should I wear pink or blue today,0,3,1.0,0,1743776037.0,False,t5_2rjli,"EDIT: I chose pink, thanks for the input guys"
TryAgain32-32,"I always see things like 'popular kids' or 'teachers pet' mentioned, they aren't at my school",0,2,1.0,0,1743783864.0,False,t5_2rjli,Is this like an american thing or wtf. I'm not saying that there aren't popular students or the kids that teachers like at my school. But I wouldn't say the popular ones are mean or that the favourites are all about school and truly 'teachers pets' etc. Is this actually an american thing or do you guys from other countries also have this? 
Ilovecatsdogssuck,Me whenever I do math:,0,41,0.98,0,1743725384.0,False,t5_2rjli,The struggle is real 😪
PrincessJadeqt,dandelion be on repeat in my brain  24/7,0,3,1.0,0,1743775162.0,True,t5_2rjli,im beating my face to it rn 
ABigOne77,Yesterday I had one of my teachers as a customer at work so now I know the colour of her room 😭,0,3,0.81,0,1743769457.0,False,t5_2rjli,I work at a paint store
dolinjail,Yeah babyyyyyy!!!,0,6,1.0,0,1743765092.0,False,t5_2rjli,Bc I'm Jewish I have a two weeks in home bc of pass over
Dry_Lingonberry_9764,I’m stuck in a loop hole,0,4,0.84,0,1743769369.0,True,t5_2rjli,"I was talking to my gf last night and she told me that her only way of death was suicide and she said she’ll get me mad or break up with me before it happens and she kept making it sound like she wanted me to breakup with her last night but I don’t want to leave her because I want to help her through this and because if I do she’ll probably go through with it I’m so lost idk what to do

Im seeing her today hopefully I can do something to help her "
Manarcahm,opm babi is growing on me and i don't even like carti,0,2,1.0,0,1743782867.0,False,t5_2rjli,"i feel like carti is only good combined with the weeknd, but opm babi is actually kind of nice. idon't know why, maybe the chaoticness of it all, but that wouldn't make sense, i like chill music. maybebecause it's like the easiest dong to sing by carti (half the lyrics areseamp izzo's tag), i don't know.

it's kind of weird because most people see the song as a ""black sheep"" of the album, but i really enjoy it."
andrea_15lay,I'm sick of being ugly,0,2,0.67,0,1743774568.0,False,t5_2rjli,"I hate the way I look, like no joke in so sick of being ugly. I can't do this shit anymore. I'm tired of gorgeous beauty influencers telling me I'm ""perfect"" I'm so sick of being ugly. Like it's genuinely frustrating. "
ABigOne77,"Did anyone else cry of seeing sheer beauty when Steve said ""I'm Steving it"" and he Steved all over the place in the Minecraft movie",0,1,1.0,0,1743795119.0,False,t5_2rjli,best moment ever
thelibsterr74,when i would kill to go to uni and i see everyone online complaining about it,0,1,1.0,0,1743794881.0,False,t5_2rjli,"same with everyone complaining about high school. Wish I could have graduated, never will be a high school graduate though, I already got my GED"
Either-Still-9903,Tiring life,0,1,1.0,0,1743794878.0,False,t5_2rjli,"I'm 14 and my school  is making me really tired, I got really little time after school, on weekends I just do sports, I'm from Turkey and the education system is really bad there,thags my first year on high school and the classes are really hard. I study on my classes tho, my life is really busy and I feel so empty on my freetimes like my only activity is basketball, oh and also there's really few girls in my school tho, it's also hard haha. What should I do? family pressure, anxiety about the future, fatigue is the key words I guess. "
Ender5674Light,Cant we all just get along now?,0,1,1.0,0,1743794877.0,False,t5_2rjli,"I found something that we all have in common now

we can hold hands "
KorvKung69,Some dude wanting to trade sizes...,0,0,0.5,0,1743794684.0,False,t5_2rjli,"https://ibb.co/TMryxZ9r https://ibb.co/676Ypcds https://ibb.co/dwv5mr09

(They're not in order) they are not so good and thry got cropped for some reason but he just talked about puberty at first for some reason and then about boners and then sizes. "
OkSalt2841,Do guys want girls to ask them out?,0,43,0.98,0,1743721928.0,False,t5_2rjli,As a girl I hear a lot of my female friends say they wish that more guys would ask them out bc they are too scared to do the asking so I was wondering if it’s the same in reverse for guys? 
Several_Lake_3023,im stuck.,0,1,1.0,0,1743794473.0,False,t5_2rjli,"so for a bit of context im a 16yo girl with a family history of anger issues. my dad has them, my mom has them, and even my moms dad has them. i have a hard time expressing myself when im angry and i have problems with internalising my emotions some of the time. ive gotten to a point where the sound of people in my familys voices get on my nerves, like i wish theyd leave me alone even if they literally JUST walked into the room. they have alot of opionions that sort of mess with my head sometimes, and when i tell them something they (apperently) already believed they go off into some stupid lecture about how they already knew and that they ries to tell me blah blah blah. it makes me feel stupid. small. and i hate that i cant tell them whats wrong because i just shut down. ive dealt woth a lot of depression too but im thier ""always happy little girl"" and theyre the type of people to say depressions not real, or that i just need some jesus lmao. anyways im worried because i dont wanna end up bottling up my emotions and blowing up one day and hurting someone. but then again there are days when i wish my family didnt even exist (which makes me a horrible person, i know.) so do yall have anything you think would help? from personal experience or things youve read, ill take anything, i really believe i need help."
BigPuppyk,Carti culture needs to stop,0,1,1.0,0,1743794444.0,False,t5_2rjli,Tired of hearing this grown man scream mumble over his beats.
Daft-PunkFan723,I did it!!!!! :D,0,2,1.0,0,1743780878.0,False,t5_2rjli,I went to a hibachi place yesterday with my family and when it was that part of the hibachi where they toss the cucumber and you try to catch with your mouth for the first ever in my life I caught it with my mouth I feel so accomplished if though that’s not something to be accomplished about but I DONT CARE I DID IT!!!!!
cyber-chunk139,19 M want to make friends,0,1,1.0,0,1743794402.0,False,t5_2rjli,
Zestyclose_Nature524,"Now That I’ve Made My First Reddit Posts, Let Me Clear Up Some of My Political Views:",0,10,0.73,0,1743747435.0,False,t5_2rjli,"Abortion should be legal – It’s a matter of bodily autonomy.

Women’s rights matter – Equal treatment, equal opportunity.

Transgender and non-binary people are valid – Everyone deserves respect and dignity.

Feminism is a good thing – It’s about equality, not domination.

Racial equality is non-negotiable – Racism still exists, and we need to fight it.

Freedom of religion (and freedom from religion) – Believe what you want, but don’t push it on others.

RELIGION DOES NOT BELONG IN POLITICS – Laws should be based on reason, not dogma.

DO NOT FORCE YOUR RELIGION ON OTHERS – Personal faith is fine; forcing it on others is not.

Universal healthcare and education – Everyone deserves access to health and knowledge.

Fighting climate change matters – It’s real, and we have to act.

Gun control (especially in the USA) – Nobody needs a military-grade weapon at home. Common sense laws save lives.

Consent and better sex education – Teach people what consent is and what healthy relationships look like.

Stop blaming victims of rape – The shame should be on the perpetrator, not the victim.

Sexual harassment should be criminalised properly – It’s not “just a joke.” It’s not harmless.

Better mental health services – Mental health is just as real and serious as physical health.

Fair wages for everyone – No one working full-time should be living in poverty.

Affordable housing – Safe, stable shelter is a basic human need.

I know not everyone will agree with me on everything, and that’s fine. I’m open to respectful discussion. Just don’t be hateful—or do. I don’t care and I’m bored

EDIT 1:
Forgot to include this, but obviously:

LGBTQ+ rights – Everyone deserves to live openly, safely, and equally, no matter who they are or who they love.
(Thanks to those who pointed this out)

EDIT 2:
A lot of people are pushing back on the gun control point, so just to clarify:

I’m not American, but from the outside looking in, the access to guns in the U.S. is genuinely wild.
You can apparently get automatic weapons pretty easily, some guns are untraceable, and mass shootings happen way too often.
I'm not saying “ban all guns” or anything extreme—just that some common sense regulations seem more than reasonable.
My country had a 50 person shooting about five or so years ago, clamped down and we’ve been fine since. "
No-Somewhere7160,I’m about to crash out,0,2,1.0,0,1743780700.0,False,t5_2rjli,"I already had a panic attack today cuz of some mental health shit that I won’t get into. But my dog peed on my floor when she was locked in it cuz she was harassing the plumber. I couldn’t sleep because of said dog whining and the plumber making noise. Then I found out my best friend has not only unfollowed me but also removed me a follower. Tomorrow is prom. I might end up in the psych ward again before I ever put on my dress 

Update: posted this then went to my room to change my pants, there’s muddy dog prints ALL OVER MY BED"
slaeunaosey,I just want to go buy some things at the market but it won't stop raining😭😭😭,0,1,1.0,0,1743794218.0,False,t5_2rjli,"Dude, rain is not cool "
Jazzlike-Sense-9752,Moms creepy new bf,0,2,1.0,0,1743780638.0,False,t5_2rjli,"My mom has had this bf for the last 2 going on 3 yrs, I visit 2 months out of the yr during summer, (moving there this summer) I have a fear of men since my mom hasn’t always picked the best ones… but he seems very nice except for one thing, they’re alcoholics like bad bad to the point they’re mumbling drooling fading off and crying it’s strange and uncomfortable and the the first time I was staying with them abt 3 weeks in he did smth that made me EXTREMELY uncomfortable I don’t feel comfortable saying it, it wasn’t 🍇 but it’s very strange to do to a (at the time) 13yr girl you havnt even known for a month. Then the second time I was staying with them I was on the phone with my friend when he stumbled very drunkly into my room.. like he had to lean onto the wall and hold the doorframe to stay up and he had a creepy smile and weird eyes staring at me and I had a weird feeling so I said “what” and he got defensive and said “what?!!” “And I said are you okay?” And he js responded with “your so beautiful” which really started making me feel weird so I made sure to start speaking to me friend like “wait *** don’t play without me!” And then i said “where’s mom” and he literally looked atp like he was asleep standing up bc his eyes were barely open and his jaw was dropped lol but he responded after a bit saying “idk” and i asked him if he was looking for her and in a strange way he went “oh yeah yes mhm mom looking for her” and stumbled out, i asked my friend if she could hear but she didn’t hear anything. Anyways I couldn’t sleep all night, i also had this desk chair in my room which i found out i could perfectly position it on the door so that nobody can get in and it makes a lot of noise so I’ll wake up if someone tries, but this backfired since my mom sleeps in the same bed as him (she hates the mattress btw and loves mine) but her bf snores so fking loud like it’s actually as loud as a lawn mower he goes to the doctor like twice a month to try and fix it. ANYWAYS bc of that it became a nightly routine she comes into my room around 1-2 am and sleeps with me (I don’t mind makes me feel safer) but obviously since I had been blocking the door with the chair she started getting mad demanding I tell her why but I said I would js forget to remove it from next to the door but she ended up banning chairs from my room and the door is old with no lock :/  also they forget everything in the morning.

BTW THE HOUSE IS HIS!

there’s a lot more I could add but idk if it’ll be read"
Burner-Acc-,Your not as ugly as you think you are,0,76,0.93,0,1743709547.0,False,t5_2rjli,That is all
-random-being-,Is it wrong to miss my ex as a friend?,0,1,1.0,0,1743794180.0,False,t5_2rjli,"I have been in a happy relationship with my now boyfriend for six months. He's the most amazing person I have ever met. But lately, I've been thinking. Before we started dating I was in a very short relationship, which was also my first relationship, and lately i feel like I miss that person a bit. Not romantically but as a friend. After we broke up we still texted for a bit as friends, but we stopped talking. Btw we see each other at school every day, if that information helps, we're not in the same class tho.  
Is it bad to miss him a bit? I haven't told anyone cause I'm scared of getting judged."
newzealander2007,Why r women told that it’s our fault for accepting DMs from guys who don’t start off creepy but turn creepy later?,0,6,0.72,0,1743756009.0,False,t5_2rjli,
Ender5674Light,GO GET YOUR SPOT GO FIND YOUR SMILE,0,1,1.0,0,1743794033.0,False,t5_2rjli,AND JUST LET IT SHINE TONIGHT WHEREVER YOU ARE
Livid-Dragonfruit312,What’s the craziest thing you’ve ever done?,0,1,0.67,0,1743793888.0,False,t5_2rjli,?
Megapoopman123,I (16M) just want to make friends,0,0,0.5,0,1743793887.0,False,t5_2rjli,"I’m feeling really frustrated and kind of sad about my life right now. I moved from Ukraine to Germany about 2 years ago, and ever since, I’ve had a hard time connecting with people.

People seem to think I’m dumb just because I can’t express myself properly in German. I have a strong accent and my grammar isn’t great, so I sound like I have a low IQ when I talk. Whenever I try to ask something or make small talk, people just ignore me on purpose.

I wouldn’t say it’s about looks—I’m around 186 cm (6'1-6'2), decently muscular, white, and I’d consider myself good-looking. So I have two theories why people ignore me:

1. I sound stupid when I speak.
2. They don’t like me just because I’m from another country.

I feel left out. Everyone around me is enjoying life, having fun, and socializing, while I feel like I’m just rotting away. I really just want to understand why this is happening and if anyone has advice on what I can do"
ES-italianboy,26th day of sharing a Bible verseeee,0,1,0.67,0,1743793844.0,False,t5_2rjli,"So, I'll take a break after this one maybe cause I have to go places this next week, but I'll start again just in time for Palm's Sunday I think!

Then I came to realize that all toil and skill in work derive from one person’s envy of another. This also is vanity and a chase after the wind.
Ecclesiastes 4:4 - NCB

And I saw that all toil and all achievement spring from one person’s envy of another. This too is meaningless, a chasing after the wind.
Ecclesiastes 4:4 - NIV

The Ecclesiastes is a group of phylosophical teachings written by someone named Oohelet. It is also one of my favourite parts of the Bible, because it really sparks some thoughts! In this verse, for example, the author says he has noticed that a man tries to better himself only because he thinks he has to get better than someone else. And as the author says, this is simply vain, an act of vanity and a meaningless action that only brings us to hate and envy each other."
No_Force5525,I love big ol veiny dih,0,0,0.33,0,1743793655.0,False,t5_2rjli,I love dick in my ass my name Oliver and I love big ol DONG up my bootyhole
JustAnArizonan,IIM IN THE THICK OF IT EVER-,0,1,1.0,0,1743793500.0,False,t5_2rjli,
Hairy-Excitement-287,I miss my ex and I want him to know how much I loved him but idk how to tell him,0,1,0.67,0,1743793172.0,False,t5_2rjli,"My ex (19M) and I (19F) broke up in November of last year due to some trust issues and past traumas, and there were a few moments we had the we were never able to work past because of them (no cheating or third party was involved). I want to reach out to him a letter of sort sort for closure and want him to understand my side and know that the love I had for him was there and it was real, but I just couldn’t stay in the cycle we were in. I feel like throughout the relationship, he never believed that I loved him, even though I tried my best to show him I did outside of just saying the words. I listened and never judged him when he would tell me about his past, whenever I was mad I still let him know that he was loved and never missed a goodnight or Goodmorning even around an argument, I helped him look for jobs when he was out of work and didn’t go ham on him for not having one, I posted him all of the time and always asked to spend time with him, but he still always felt temporary, even though we were together for 9-10 months.

My second option is kind of weird to be honest, but I wanted to write a book from my perspective of our relationship and send it to him. After we broke up, we started talking again in February and I genuinely believed we were on the road to get back together but his insecurities were getting in the way. During that time I told him about a “book” I wrote in middle school when I wanted to be an author and it was the cringiest 10 chapter romance but he still read it. I think that sort of call back would be appreciated, and if anyone is willing to give advice I’m open. However, telling me to just forget about it and move in is not something I’ll listen to if I’m being honest. Thank you for your time."
The_Bread_Guy123,Can't post cheese pic cuz of stupd weekend.,0,1,1.0,0,1743793032.0,False,t5_2rjli,Sad shit fr fr😞
National-Bat3961,Went to go see the Minecraft movie today,0,1,1.0,0,1743792981.0,False,t5_2rjli,"It was actually so good, I honestly couldn't believe. A lot funnier than expected--but I did go with my friends, so that defo helped. Loved the make out scene between Jack black and Jason mamoa 😍😍😍 (/j) 

What did you guys think of it??"
PIPELINEPIPELINE,"js made this music video, tonytwochoppas-in the backrooms dir.PIPELINE",0,1,1.0,0,1743792919.0,False,t5_2rjli,https://youtu.be/QM1JrPHKT88?si=PLsfgZTx0n2-Dx42
strawberrypoptart9,how do i display my age on here,0,1,1.0,0,1743792769.0,False,t5_2rjli,uhh when i created my reddit account 3 years i think i set my age as over 18 just because i didn’t know if id be able to access certain subreddits… idk if my age is displayed right now HELP!!!!!
superestrade,Yall! How do I balance my decorations?,0,1,1.0,0,1743792586.0,False,t5_2rjli,"I moved elsewhere, and I want to go for a whimsy goth and witchy vibe. But I also love anime! How do I balance them out?"
MrToxic73747,I need advice,0,1,1.0,0,1743792445.0,False,t5_2rjli,I like this boy he’s my best friends twin brother and this boy is taken but I can’t get over him and I don’t know what to do help plz
thelibsterr74,why are all fire and rescue guys fine shyyts,0,1,1.0,0,1743792431.0,False,t5_2rjli,THEYRE SO FUCKKNG HOT ik cause i have been in ambulances 1000 times and theyre always fine
The_Bread_Guy123,Rom*nian is probably the funkiest.,0,1,1.0,0,1743792408.0,False,t5_2rjli,
First-Bridge-2780,People saying that characters in Minecraft Movie are underdeveloped are right (spoiler free thoughts).,0,1,1.0,0,1743792328.0,False,t5_2rjli,"I don't want to spoil the movie but one thing.

Totem of undying > water bucket: this could make a good plottwist but since kids behind me didn't know what plot armour is I'm not going to expect much from kids m9vies anymore."
The_Bread_Guy123,You know what.,0,1,1.0,0,1743792251.0,False,t5_2rjli,"Slavic languages are funky too.

"
Youfox467,Is he being homophobic?,0,1,0.67,0,1743791957.0,False,t5_2rjli,"Edit: Typo in the title, it's supposed to say TRANSphobic.

So, i have this trans (FtM) friend that imma call Ryan. And then i have another friend in the same friend group that i'm going to call Henry.

So, basically, we're a pretty lgbt friend group. We're 8 people, and none of us is fully straight. Either bi, gay, lesbian or pan (i just want to clarify that lgbtq is the problem here.)

So, Ryan changed his name and gender a few months ago. It took us all a while to get used to the new name, but we managed. And then there's Henry. Henry just keeps deadnaming him, and every time i try correcting him, he just says ""Shut up"", ""I don't care"", or just ignores me fully. We had a discussion about said topic on WhatsApp just now, and it went something like this:

Me: Buckshot Roulette has the best Soundtrack in gaming (did not mean to trigger this discussion at all)

Henry: So what?

Me: You also always tell us stuff no one cares about, like all your memes.

Henry: The person that is normally called (deadname) sometimes does care.

Like, he KNEW he was saying the wrong name, and he did not have to phrase it that way either. And the discussion went on about the deadnaming topic for a while, and at the end he just went: ""I say it however i want to.""

So, on what level of transphobia are we, if it even is transphobic?"
ChipFuture795,Who else feels like a fem Queen today,0,6,1.0,0,1743760461.0,False,t5_2rjli,Including boyz
lynnwaldo,crashing out over yellowjackets,0,1,1.0,0,1743791839.0,False,t5_2rjli,EVERY SINGLE FUCKING TIME I TRY TO WATCH A NEW EPISODE FROM THIS SHOW I MANAGE TO GET SPOILERS ONLY FROM THE EPISODES WHERE SOMETHING EXTREMELY BIG HAPPENS I CANT FUCKING DO IT IT DOESNT EVEN HAPPEN WITH THE OTHER BORING ASS EPISODES ITS ONLY THE MIC DROP EPISODES AND ITS ALL AGAINST MY WILL CAUSE IM ALWAYS HAVING TROUBLE WATCHING THESE EPISODES IN SPECIFIC THEN BEFORE I KNOW IT TWITTER IS FUCKING FLOODING ME WITH SPOILERS HOW DO I MANAGE TO ALWAYS GET SPOILED OF A SIGNIFICANT EVENT ITS BEEN THE THIRD TIME THIS YEAR AND THE SEASONS NOT EVEN DONE YET AND IM ALWAYS EXPECTING THE EVENT INSTEAD OF BEING SHOCKED BY IT IM GONNA AHHHHHHHHHHHHHHH
Away-Fan-9494,I need the little spoons to explain this to me because I've been confused about it for some time,0,1,1.0,0,1743791614.0,False,t5_2rjli,"Every time I see a picture of couples snuggling. All I can think is ""isn't it uncomfortable to have an arm under you while you're laying down?"" So please tell me how y'all don't find it uncomfortable"
GuessTerrible5768,M18 does anyone play marvel rivals,0,2,1.0,0,1743778015.0,False,t5_2rjli,
ABigOne77,Why can I not have 1 single good conversation these days,0,3,0.81,0,1743769974.0,False,t5_2rjli,"It's getting to the point where it gets annoying, like someone says they want to talk to me, and I am interested and do so but then all their responses will just be dry and uninterested as hell, like YOU wanted us to talk 😭



Not that I haven't found some good agemates who can actually be interested and speak normally, it's just that some people seem so lazy and uninterested in talking. I hope it won't stay like this forever, otherwise the future's gonna be boring as fuck"
Critical_Dark_5360,Yes it's perfectly normal,0,212,0.96,0,1743686519.0,False,t5_2rjli,"If you're 13-17 and 

Don't fight? It's alright! Don't get hurt trying to be tough or fighting a battle you can't win.

Want a tattoo? Okay, it's your life, but remember it's permanent and painful! 

Don't vape or drink? That's fine, you don't have to, too much can be harmful for you, and it's bad and addicting either way.

Haven't had sex yet? If you haven't, it's but fine. But if you do, it's your choice and be safe if you do! And remember, it's not on else's business and no means no if they deny.

You m*sturbate? Suprise Surprise everyone does! But avoid porn and don't get let it get in the way of your life regardless it's normal and healthy 

Don't have a girlfriend or boyfriend? it's alright, take your time.

Want to be single? Hey, if you say no, no means no, it's your choice. Don't feel bad or obligated if you reject somebody! 

Can't drive? That's fine, you'll learn eventually, and before you know it, you'll have an amazing car

Don't you have a job yet? You'll get one. Eventually, it gets time if you're a teenager. Focus on school 

Want to go or not go to college? You'll be alright. Just work it out. I believe in you! You can do it.

Want to pursue your own job? For sure you go!

Have bad grades or attendance? You'll be fine, I promise! You'll fix it. You can do it! 

Have a mental illness or disability? I hope you're okay and it'll get better 💜

I can go on. I have many more, but always remember it's your life and don't be obligated to change for society or social norms. You do what you believe is best for you! I believe in you 

❤️

"
Sea_Veterinarian5338,You think pulling a push door or pushing a pull door is embarrassing?,0,7,0.9,0,1743750364.0,False,t5_2rjli,Well i pushed and pulled a door you’re supposed to open sideways(there was like 6 ppl waiting for me to open the door)
Substantial_Act3731,who's ur celeb crush?,0,4,0.83,0,1743769522.0,False,t5_2rjli,i wanna see which names comes up more often 
AppleatchaDood,A new way to protect favorite kingdoms,0,1,1.0,0,1743790952.0,False,t5_2rjli,"So basically i made a superpowered angel of death with the subspecies editor thats immortal, can fly, can go across a iceberg map in 2 seconds, and does a riduculpus amount of damage. Theres only one member of this species and I named him the right hand of god.

If any puny insubordinate nation attacks my favorites I deploy my angel of death to destroy the enemy forces that are attacking.

Besides all that he is composed of pure energy which is pretty cool"
Creepy_Relief_5964,Kinda got my day ruined and maybe ruined someone else's...,0,1,1.0,0,1743790555.0,False,t5_2rjli,"So basically I've liked these 2 girls for a while, another girl (let's call her ajmana) wanted to know who,so I told her to tell me who likes me first, she did but I wasn't interested so I told her mine,she told the couldn leap it secret.the next day she comes up to ne in class and says ""hey can I pleeeaaassseee tell one of the girls that u like them"" is says he'll no,she then started telling me how she couldn't keep it a secret for any longer... Long story short we made a deal where I should tell one of them I like her That after noon.
Well the after noon rolled around and we had gym class, and she comes up to me for the 4th time now and says ""you better tell them today! Or I won't be able to keep the secret!"" While she said that all the rest of the girls where hiding around the corner... I was humiliated... One of the girls I liked says that she felt discussted and that she was horrified that I liked her... The other girl (let's call her nyla) was just laughing and saying something (though I didn't hear anything)... They left and continued on with the class while I went to the bathroom to comprehend what just happened. 
Once I came back my friend told me that nyla had come up to him in search on me to apologize for acting so rude to me and that we could still be friends.and later that day after gym class she came back up to ne with a sad look on her face and apologized in person,she looked so dissatisfied with herself,I feel horrible.not just because I got rejected by two girls at once but also because I felt like I was the one who hurt nyla... 

I'm sorry to all of them."
VeryOldGiraffe1010,Can someone bonk me in the head pls,0,7,1.0,0,1743752506.0,False,t5_2rjli,
KingDramo,i ❤️ kind people,0,3,1.0,0,1743769008.0,False,t5_2rjli,my favorite type of humans 
Prudent_File_9726,"My Friends, Just Quit Stressing.",0,0,0.5,0,1743790257.0,False,t5_2rjli,"It's not worth doing whatever you're working super hard on. Have you seen any progress at all? There's a reason why there's little to no progress. It's not working out like you think. Whatever it may be, relationships, work, school, just don't redo or keep pushing so hard. Try to relax by not caring as much."
Essiana35yAnZ,What kind of advice could you give here?,0,2,1.0,0,1743776696.0,False,t5_2rjli,"I totally appreciate that a lot of you may not know what to say about this, but I need to share something.

For years, my mum has never trusted me to do my own work by myself and while it is true that I do often procrastinate (and was set HEAPS of work by my dreadful state school and she expected me to complete it all so I wouldn't get into 'trouble' with my teachers). But the thing is, I'm at college now (technically last year of school in the UK), will be completing mandatory education and she still keeps nagging me to do little things in my work. She is a very easily stressed person who needs a lot of reassurance (and probably has OCD over responsibilities which luckily, I don't have). And the main issue is that she doesn't fully understand what it is like to have ADHD and just how common it is to procrastinate, even if she aims to understand it.

Don't get me wrong, she's a lovely woman who means well and deeply cares about me, so I'm very lucky to have her as my mum. I've always known that despite our consistent arguments over my work throughout the past 7 years. But even though I do procrastinate and do not like to stick to a particular time of when to do things, she never understands just how frustrating and annoying it is to consistently get in the way of my work so frequently and she believes I won't work cus she cares more about ""when"" I'll do things.

Any advice or comments you can give me, even if it's just mentioning that you understand how it feels, would be perfect!"
q_matek_p,Boring ahh sub🥀,0,2,1.0,0,1743776311.0,False,t5_2rjli,
MajaWithJ,kinda weird to see how differently boys/girls act when having to do something together in different places,0,0,0.5,0,1743789852.0,False,t5_2rjli,"In school it's always a bigger deal if a boy and a girl have to work together, unless they're dating, tbh i don't really care as long as you at least try to do something😭

I once tried out a Brazilian Jiu jitsu class because i wanted to maybe start it as hobby (i would still really like to but i just don't have the time and keel getting injured or sick) and all the girls there were max 9 years old - so i was the oldest girl there. So when we had to do partner things i got paired up with a boy and while he probably would've liked it more if he could do it with a friend, he didn't really care and kind of helped me at the start. There was one thing they were training which we had to get really close for and it js really wasn't weird?? (With close i mean like somebody having their legs wrapped around the others torso while they tried to get out?? Idk) 

It's just kinda weird how there can be that big of a difference??"
Desperate-Abies4263,I feel like I’m being bought.,0,1,1.0,0,1743789565.0,False,t5_2rjli,"What’s it called when a guy buys a bunch of things for you, bc a guy has just been buying me stuff like crazy and if feels strange to me and despite not thinking he’s doing it to be hostile, I don’t like it."
thelibsterr74,im so pissed tf off,0,1,1.0,0,1743789427.0,False,t5_2rjli,my mom keeps talking about how bad the nurses are treating her and i know the nurses here suck cause all the times ive been here the nurses are assholes and i cant do anything about it cause she cant even get out of bed rn i hate this hospital it needs to be shut down
XWolfyCat,"Mods, tear this guys balls off",0,2,1.0,0,1743775707.0,False,t5_2rjli,
can1_think_of_a_name,Possibly the worst day ever?,0,5,0.99,0,1743762141.0,False,t5_2rjli,Maybe... how was yours?
Capital_Champion_768,I just watched the Minecraft movie,0,10,0.92,0,1743744231.0,False,t5_2rjli,"I just watched the Minecraft movie guys, the beginning was kinda boring. The middle was cool and the ending too. The acting is garbage sometimes. It is a really funny movie though. Also DanTDM's cameo sucked. I suggest you guys should watch it unless you know nothing about Minecraft. If I mention anything else then I would spoil the movie."
KorvKung69,Is 50 ish kg for a 13 yr old boy (165cm) normal?,0,1,1.0,0,1743788850.0,False,t5_2rjli,Just asking
pieofrandompotatoes,"Now I think she is sleeping, but she was definitely on her phone earlier.",0,1,1.0,0,1743788848.0,False,t5_2rjli,
CamelOk9022,My crush is dating my best freind,0,1,1.0,0,1743788781.0,False,t5_2rjli,"she is also my ex and i wld think he wouldn’t go for her bc of bro code but no, i plan a whole meet so i can get closer to her wt m best friend but then they both start siting closer to her,at the time i thought nothing of it but turns out when i go to the shop when i get back they are cuddling and kissing,this was rlly devastating for me and i sat in a corner and cried i loved her so much."
vannilazo,I keep getting rejected,0,2,1.0,0,1743775097.0,False,t5_2rjli,"Each time i make the first move, i just get turned down and its making me feel insanely unloveable. Theres this guy at school who had been staring at me nonstop for the past 2 months. My friends kept pointing it out too and i thought that maybe he had a crush on me. So i gathered the courage to ask him today. i went up to him and told him i noticed him staring at me and was wondering if it was good or bad? He immediately shut me down, quickly saying he just zones out alot and left saying bye. I felt embarrassed, i was awkwardly smiling but it faltered and he probably saw it. Its not his fault i misread the situation but i guess i was feeling stupid to how in a hurry he was to stop talking. I ended up crying after that, it wasnt just his rejection. 2 months ago, i was talking to some guy and we had chemistry, even flirted with each other. When i asked if there could be anything more, he just told me he didnt mean to give me the wrong idea and wanted to be friends. These are just some of the many few and its making me feel so unwanted. Hell maybe even ugly, im just having a really rough day and cant help but think im just doomed in the love department "
Elegianic,Silly question :D,0,1,0.66,0,1743788601.0,False,t5_2rjli,"What song are u currently, or most recently, listening to? :3"
gigagaming1256,Suggest me some rock music,0,2,1.0,0,1743774881.0,False,t5_2rjli,
Practical-Injury-143,Feeling guilty about overeating,0,1,1.0,0,1743788400.0,False,t5_2rjli,"Hey. So I'm super disappointed in myself right now. For the entire week I've been just eating bullshit and haven't been able to go to the gym (today is the first day I genuinely went over my calorie limit) . Seasonal depression is also hitting hard right now and not helping at all. I'm just so mad I can't control myself. Especially today, I ate a bunch of unnecessary bullshit like candy, fries and chips. Am I overreacting? How do I stop from beating myself upp for this? I mean I know I should hold myself accountable. But I've been having thoughts of going back to the eating habits I had about a year ago before I gained the weight when I was eating too little. Though I was never underweight. I'm sorry for ranting, but I feel so grossed put by myself :( I seem to swing between overeating and under eating, not finding a good way in between."
JACKPLAYz12349,I was having a breakdown and my insta feed went from cat videos to clips that kept me anxious wtf,0,1,1.0,0,1743788400.0,False,t5_2rjli,
luvJuuzou,My outlook on the world gets worse every single time I think about how there's people who have never listened to metalcore,0,1,1.0,0,1743788144.0,False,t5_2rjli,
celerysliced,don’t go to film school,0,1,1.0,0,1743788048.0,False,t5_2rjli,especially if you’re introverted 🙏🏼 i’m starting to regret some of my life choices
Hour_Manager2447,I feel like my school messed up with this one,0,1,1.0,0,1743787973.0,False,t5_2rjli,"So we're doing a spirt day thing in school soon and to find our team they gave us all bracelets so we have to find our team....so they said that everyone has to roll up they're sleeves...and they're saying that everyone needs to look at eachothers wrists so they can see if they're on your team...and uh, Idk if they're aware of this but most people i know do/have done SH, and this is making almost everyone pretty uncomfortable, idk why they couldn't just have sent an email with the teams on it lol"
pieofrandompotatoes,She’s clearly on her phone (I’m pretty good at telling and it’s more obvious than normal) but isn’t responding to my texts and it says she isn’t even reading them,0,1,1.0,0,1743787663.0,False,t5_2rjli,T
EmployeeOk5047,Worst/best school bathroom stories?,0,0,0.5,0,1743787642.0,False,t5_2rjli,"I'll go first. One time, a kid in my grade sculpted an entire statue of Gerald Ford out of toilet paper for his art class. He made it so that it was sitting on the toilet to support the statue, then bundled a bunch of toilet paper together to sculpt out the face, and rested it on the water tank. Supposedly, when he did submit the photo to his teacher, he got an A minus."
irdfhtyh,I hate the new notifications screen 😠,0,1,1.0,0,1743787592.0,False,t5_2rjli,It's so hard to tell if the notifications are new or not 😠 why would you change something to make it worse 😡
whyareducks,nintendo gotta be tweaking,0,1,1.0,0,1743787488.0,False,t5_2rjli,"$450 is actually crazy. the switch games being over 60 dollars was already insane i cant even fathom 90 bucks per game. the trade in is ass too like don’t even 

shits gonna flop at least we get tomodachi life before the fall off🙏"
number8ballalt,TOMORROW IS MY 17TH BIRTHDAYYYYY WHOOOOOUUUUUU,0,3,1.0,0,1743765787.0,False,t5_2rjli,give me praise guys oh yeaaahh oh yeaaaahh PayPal me 340988943 Euros (I don't have a PayPal just give me cuddles and hugs and kisses or something haha unconditional love)
swallow-it8,Just finished school and bored af,0,1,1.0,0,1743787099.0,False,t5_2rjli,Anyone else as bored! Down to talk about anything lol?!
pieofrandompotatoes,My crush seems to be having some problem and I’m lowkey worried,0,1,1.0,0,1743786984.0,False,t5_2rjli,She’s been waking slower and talking way quieter when she even does talk. I’m gonna ask her if she’s sure she’s okay cause earlier our sped teacher asked and she didn’t really respond.
SillyLine4753,"Trauma, attachment and family issues! Yay!~ ☆ :D",0,5,1.0,0,1743755463.0,False,t5_2rjli,"TW: Mention of abuse.

Soo... it's a lot but I'll try to keep it short.. I'm 16F, still healing and sometimes have depression periods(due to my mom)  but I'm still going strong, big dreams, sun and moon.~

Mommy issues: I'm not  forgiving her but moved the fuck on and distanced myself from her and I want tips to heal from the trauma she's given me because she's still a prominent figure in my life.

Daddy issues: Used to think he's my hero but my sister came along and I was estranged from my family while she's spoiled rotten. :,D

Also.. he's done shitty stuff to me, the usual stuff y'know?  Hitting me and scolding me for not doing math and all that, neglected me and some time ago while I was 11(COVID-19 time) he beat me up with a brush till my arm and thigh were bruised and I was yelling at him to kill me and wailing loudly but no sympathy in his eyes + my mom or sis didn't even interfere.

But despite all that, I can't let go of him, everytime I told my heart to just let him go, i just end up crying and rn his behaviour is.. mostly.. okay.. 
He's a lot more understanding and.. doesn't put pressure of studies on me and all that, he encourages understanding over grades and all that..

Should I forgive him?..

Tldr: I want tips on how to heal from the trauma my mom has given me because she's still prominent in my life and I often fall into depression periods cus of her and I'm still attached to my dad even though he has emotionally and physically abused me and neglected me but he has been treating me better as of now so should I forgive him?"
Emiya_Shirou17,"My crush accepted me to be her friend, now what?",0,1,1.0,0,1743786721.0,False,t5_2rjli,"The school year just ended, in the last day (few hours ago), I asked my crush to be my friend. While walking home, I approached her, and asked some stuff like the test results and even threw a compliment that she's good at this specific class which she got almost perfect score. I asked her because she might not be my classmate next school year. And so, she was eating some corn on the way, so she just gave me a thumb up immediately. So I asked her if she's sure and what I can remember is that she nodded. While going past her house, I said goodbye and a thanks. And now I don't know what to do to improve this situation. And I think I messed up during that time I asked her because I wasn't that good, and especially I'm not attractive at all. I think I should wait for a day or two or more before messaging her (just not to be annoying and to give her space). What should I do?"
ExternalStriking8756,"Discussion at school, is it ok for a year 11 to day a year 9/10",0,2,1.0,0,1743773071.0,False,t5_2rjli,This discussion has recently been brung up at my school due to someone in our year group dating a year nine and several others dating in people in year 10. What is your guy’s opinions on this. Me personally I go by the rule of two but I could be wrong in this way of thinking. Context I go to an upper school so all year groups involved are in the same school and see and interact with each other on a daily basis. 
battlestargticafreak,Mom caught me spankin it,0,1,1.0,0,1743786574.0,False,t5_2rjli,
Significant_Cry3399,"People use the term ""traumatized"" to loosely nowadays",0,15,0.86,0,1743733625.0,False,t5_2rjli,"I understand using it as a joke but some people think they are genuinely traumatized over the smallest things, like getting yelled at or their phone taken away from their parents. 

I saw a video talking about the Katsucon sewage leak situation (Katsucon is a cosplay and anime convention, in the artist alley a pipe bursted and many speculated the water was sewage) and in the video it showed a news segment. One of the ladies on the news said her daughter got drenched in the water and was traumatized. 

You do not get traumatized by stinky water drenching you, it may be disgusting and unpleasant, but that isn't trauma. 

It got me thinking how so many younger people just throw the term ""traumatized"" around so casually, especially I've seen in this generation people doing it to affirm themselves when faking mental disorders that are trauma related, mainly DID. "
theoriezz,"I am going to turn 20 in a few days, what are some questions that you guys would like to ask a  soon to not be teenager.",0,0,0.5,0,1743786523.0,False,t5_2rjli,
kj_9876,Am I being selfish?,0,3,1.0,0,1743764947.0,False,t5_2rjli,"I have a crush on this guy and ig we’ll call him W. W is good-looking, funny and has similar interests with me. I really enjoy spending time with him and we play video games and call often. I have a huge crush on him but I know he sees me as just a friend, the thing is theres this girl who we can call A and I‘m really close friends with her. I told her about how I like W and I was talking about our interests and she followed him on tiktok. Recently she‘s being asking me to tell W to follow her back and although shes never met W, she really likes the way I‘ve been talking about him and I think she might be slightly interested. I really do think they would make a great couple. They have really close taste in music, books, games. A is extremely pretty and skinny, W clearly only sees me as a friend so should I just set them up instead of being selfish? I don‘t believe in soulmates but I genuinely think they would compliment each other really well. :/"
Chyler_capshaw,Aftermath of a violent crime,0,1,1.0,0,1743786358.0,False,t5_2rjli,"CW!! Knife crime, death, graphic, blood, violence






I live in a quiet town and yesterday, a teenager was unfortunately killed via knife crime but i wont go into detail. 
I walk past the spot of the scene every day and i will do for the next for years since it is how i get the bus. Its all taped off now theres tents everywhere. It feels like a ghost town — everything is closed and police are everywhere. A group of 3 men aged 20-22 targeting a 16 year old is making many teenagers scared to go out. I got the bus for the first time since it happened today and i saw all the tents and police. I have seen news reports and there is a trail of blood spreading about 2 metres showing he was trying to get away:( 
It just feels so strange, nobody was expecting anything like this. It happened on the busiest street during a food market. 
Many people are spreading around a TV show ‚adolescence‘ as it shows knife crime amongst young people, i feel like since watching it, the events of yesterday seem like they happen so often. Knife crimes are terrifying and i feel like it could’ve been prevented. 
Please. Be safe. "
EnvironmentalTap4979,New Lacrosse Captain,0,1,1.0,0,1743786344.0,False,t5_2rjli,"Hi all,
I was recently elected captain on my all freshman lacrosse team. I want to be a good captain, not the annoying one that ruins yapping sessions to start practice ect. If anyone has advice, i would greatly appreciate it as i have no idea what to do as a captain"
lonelysendhelp,Why can’t I post pictures on here?,0,1,1.0,0,1743786261.0,False,t5_2rjli,
Individual_Reality64,"My school keeps giving me ISS for ""Safety issues""",0,0,0.5,0,1743786248.0,False,t5_2rjli,"I need advice on what i should do, My school keeps giving me ISS for ""Safety issues"" The first one was a day of ISS for leaving a door open when we were trying to get into the school when the bell rung to go to the next period. (Kinda understandable with all the shootings)

The second one (The one im serving right now) Is for taking the elevator, when i have seen MULTIPLE kids take it and not get in ISS for it, I'm serving 2 days of ISS, I'm not gonna be able to do any school events. 

What should i do?"
PistonPusher2009,How is my art guys?,0,102,0.99,0,1743695827.0,False,t5_2rjli,
RxseJay,"19 today, it's actually my final year on this sub 💀",0,2,1.0,0,1743772644.0,False,t5_2rjli,About time 
Broad-Gift-9141,Good night 🌙,0,1,1.0,0,1743786132.0,False,t5_2rjli,I have 1:02 pm
No-Masterpiece-7859,I don't know how to start dating,0,1,1.0,0,1743785977.0,False,t5_2rjli,"I'm 17  going to be 18 in a month but I don't think I want to try dating apps. I listen to a lot of girls talking about how they want a guy to talk to, be considerate, and caring. I feel like that describes me I love talking and listening to people and it's something I want too. I often do things for other people as an automatic response I will get them gifts, do chores, help them out whenever I can. I like making people happy and I want to have a girlfriend that I can make feel happy and special.

My problem is I have a hard time connecting with girls and I am not a very attractive person physically or mentally. I like girls and I'm sexually attracted to them but I prefer personality so it's hard for me to get interested. When I do the situation feels awkward and I seen girls complain about their guy friends confessing to them so I always steered clear of that. I'm not very attractive I'm like a 4 or 5 so no girl is going to go up to me for looks and I'm very hyper so a lot of people are turned off by my words. I've tried to be more quiet and not speak everything on my mind but it's hard I'm either too open or too closed off. 

I don't really know how to start dating since I prefer to get to know the girl but then I feel akward asking them out if I am close to them."
Putrid_Draft378,🏆WORLD RECORD - Longest Onscreen Kiss! 💋| The Bachelorette Australia,0,0,0.33,0,1743785937.0,False,t5_2rjli,"[https://youtu.be/TmogZoNhDN8?feature=shared](https://youtu.be/TmogZoNhDN8?feature=shared)

""There's no kiss quite like a record-breaking kiss. Osher Günsberg and a Guinness World Record official are here to witness Brooke and Jamie-Lee setting a brand new world record for the longest on-screen kiss."""
kenter6161,First kiss,0,1,0.67,0,1743785754.0,False,t5_2rjli,"how was your first kiss, do you guys remember it? if so can you tell a funny story ?"
Double-Thought587,I’m a loser,0,1,1.0,0,1743785753.0,False,t5_2rjli,"I’m 15 and a guy and I feel like such a loser. I have barely any friends, and even then we don’t talk outside of school. I barely leave my house because I have nothing to do. All of my friends live in another state which I moved from and it sucks. Im a good person but no one ever talks to me because of my looks. Im also not really good at anything. I struggle to make connections because when someone reciprocates feelings I lose interest. I can’t trust someone when they say they like me or when they compliment me because of how I’ve been treated. Even as a little kid I never had many friends to hang out with. I hate this."
Open_Lake2818,Chat recommend me a book,0,1,1.0,0,1743785664.0,False,t5_2rjli,I have a level exams in 40 days and I need a book to read because I MUST procrastinate (procrastination runs in my VEINSSSS). Any light ya book works. Feel free to drop you favs in the comments. Thnxxx
weirdpotato3,I'm thinking of getting a gaming pc,0,1,1.0,0,1743785572.0,False,t5_2rjli,I'm thinking of getting a new gaming pc.  I'm thinking I might want an apex cause I like mincraft and they are good pc's for that. any suggestions or is apex good?
Fuzzy_Future7032,"How common is drinking at 17, I’m the only one in my friend group left at school 😬",0,1,0.67,0,1743785439.0,False,t5_2rjli,
Simple-Expert-9276,"How can you tell if you're ready to start dating? as a teenager, maybe young adult",0,6,1.0,0,1743750205.0,False,t5_2rjli,Just curious on what u guys think. 
gh0stg1rl07,how r u supposed to stop being miserable whilst being miserable? uni life is so lonely,0,1,1.0,0,1743784980.0,False,t5_2rjli,"i hate it. everyday i go to uni, spend the whole day by myself studying bc i have no friends, go home, sleep. go to work my part time job. uni. weekend where i have to study. sometimes go to gym. it’s so pathetic idk how other ppl js make friends and get into relationships and stuff. i’m so sick of being lonely but i know i have no one to blame but myself bc my issue is i’m not socially apt enough to make new friends and I feel I don’t click with anyone. my whole life i’m always the sort of left out kid. i had 2 close friends in highschool but now in uni i have nobody and everyone else seems to have friends somehow. idek what comes next. i feel like such a loser honestly. 

other than my studies it’s like i’ve always been a loser, i was severely anorexic in middle school, no friends, socially awkward, self harm. lowkey been wanting to km$ since the start of middle school and still do idek why i keep existing when i could js end it all and be finally done w it and it wouldn’t even matter bc i’d be dead anyway. ig i’m i’m js hoping things change for the better but it’s feeling more and more like i’m doing so in vain. "
Ender5674Light,IM SURE THERE WONT ALWAYS BE SUNSHINE,0,1,1.0,0,1743784956.0,False,t5_2rjli,BUT THERE'S THIS MOMENTARY BEAM OF LIGHT
kadinzaofelune,Different but the same?,0,1,1.0,0,1743784913.0,False,t5_2rjli,So this came up while watching a video today. When you look at the fact that Italy who are indeed a Mediterranean race joined with Germany whose goal during World war II was a pure Aryan race how do you think each side resolved those differences in their mind?
Playful_Ad9472,Slowly starting to hate my friend because of a girl.,0,1,1.0,0,1743784908.0,False,t5_2rjli,"Theres this girl at my school that I really like, but her and my friend keep flirting with eachother. Everytime I see it I just get more and more jealous and dislike him even more, even though its not his fault. I have no idea what to do anymore."
HappiFry,i was gonna post something but i forgot what to post,0,1,1.0,0,1743784862.0,False,t5_2rjli,crap 
Gifflebunk,rahhh school is out for a bit and im already bored,0,1,1.0,0,1743784801.0,False,t5_2rjli,"give me things to do or just tell me about your day or whatever i don't knowwww 

what if you suddenly and mysteriously appeared under the little speech bubble icon in the form of a notification that would be very cool "
listening_larry,first we mine then we craft,0,0,0.33,0,1743784637.0,False,t5_2rjli,together we are: minecraft
Pretty-HoneyBee,I have cheese 🧀,0,1,1.0,0,1743784488.0,False,t5_2rjli,Who wants cheese? 🧀 
FightClub_durden,Study buddy yr 8,0,1,1.0,0,1743784370.0,False,t5_2rjli," I’m looking for a reliable and motivated study buddy who’s also in Year 8 or 9.Someone who’s down to revise together, help each other with homework, quiz each other before tests, and keep each other on track.

We can plan study sessions online or in person (if possible), and work on subjects like English, Maths, Science, or anything else we need help with."
Glittering-Beach5630,Message for Texas teens,0,2,1.0,0,1743770727.0,False,t5_2rjli,"A new bill passed that allows Texas parents more information regarding their kids at school. If you respond to a survey for a class, or for any school program at all, they can view it by emailing the school. I know this will impact those with abusive parents. Stay safe out there."
SmugMari_Draws,I (15) think my dad may be toxic. Feedback is appreciated,0,1,0.99,0,1743784242.0,False,t5_2rjli,"If anyone has a better subreddit I can post this too, please let me know, and I'd love any opinions whether of not he is or what actions I should take. I am 15 years old, and I have a sister who is 12. We get along and we bicker like any other siblings. Both of our parents work full time, and my dad is in the Navy. We don't have to move like any other military families thankfully, but he does have to go out of state for most of the school week (Mon-Thurs, maybe Fri at worst). I have no idea if this is normal behavior for Military parents or what, so here goes.

We used to spend a LOT of time together, I remember going to Bass Pro Shop a LOT because I was obsessed with it. I know he wasn't the best kid when he was growing up, but I feel like I could be doing a lot worse.

I am a HUGE drama kid. I never had the chance to do it and I've been wanting to since the first grade. I live close to my high school (Grade 9) so I can do whatever and the drama club was the first thing I signed up for. I worked tech for a play called ""Radium Girls"" and I met so many great people that I'd totally kill for. A couple of late nights, but the final bows made it worth everything. (I was in running crew, however I do really want to act. I am currently taking Drama 1.) However, sometimes, my dad kept reminding me that he could take me out of drama club if he wanted to (If my grades began to drop, which for the record they never did and I found out from one of the members they could kick you out if you weren't passing your classes. I am an average kid, As and Bs, and the occasional C). His threats made me wonder if it was really worth doing drama if he got all over my case, but the answers always went back to yes, because I genuinely love doing drama. I do plan on doing tech again for our production of ""Shrek the Musical"" so I can be inducted into the International Thespian Society at the end of the year.

This happened between today and yesterday. I did get angry at a teacher over a project that was really on me, and said teacher ended up emailing my mom. She was disappointed, but I will say she took it well. Trust me, if I had a magic button that made me as calm as her in any situation ever, I would use it every single time. My dad however, was pretty angry. He told me to write an apology to her, which I find reasonable. This morning, I showed him the email I planned to send, and it went basically along the lines of ""I'm really sorry for lashing out, and I promise to improve my behavior to make sure it doesn't happen again."" All hell broke loose. He thought it wasn't long enough and he thought I ""half assed"" it. What actually broke me was that he said ""You know what? Drop out of school, don't go to college, be a bum"" and he continued to berate me. May I mention **this dude lives off country, beer, and chewing tobacco.** 

So that did really upset me, I could barely talk and my mom had to be the one to tell me he's the one who thinks he's a bad father. Right now, I genuinely don't want to be within a mile radius from him. My old man also got mad at me for playing Minecraft. My parents aren't fans of us playing online (Especially because my sister is addicted to Roblox), but I only re-downloaded it on my phone because my friend opened a realm and me and some of our friends are going to war in there. (No, we don't have any actual beef with each other, its just for shits n giggles)

He's also a little bit judgmental about my passion for collecting CDs, like how I could be using my money for better things. I only buy them on occasion or if there's a band I really like. Mind you, I'm a pretty good saver and I have around 100 dollars in savings right now (I'm saving up for the Switch 2 and a bass guitar at one point).

I will share more stories if I remember some that I think would be necessary and I will pin them. I really need some opinions on whether or not I'm not imagining things. My sister told one of her best friends a couple of stories and she ended up telling her dad, and her dad is not a big fan of ours. The big thing is, please let me know if he's just strict and this is normal for military dads, or if this is actual toxicity."
Big_Examination_838,Hey I'm sending nice messages you submit to random people online because the internet sucks sometimes,0,1,1.0,0,1743783983.0,False,t5_2rjli,"If you have 1 minute to spare, it could really make someone's day. 

  
Cheers

[https://forms.gle/FBoycNCikDsmutcN8](https://forms.gle/FBoycNCikDsmutcN8)"
VeryOldGiraffe1010,What do ppl eben post here anymore 💔boring,0,6,1.0,0,1743752528.0,False,t5_2rjli,
Dry_Tough_5137,got my galla dress!!,0,52,0.97,0,1743706368.0,False,t5_2rjli,"stay tuned for galla photos, they’re gonna go so hard"
Frosty_Strength_9602,i need a step by step tutorial,0,1,1.0,0,1743783924.0,False,t5_2rjli,"what is someone supposed to say in their graduation speech, help a girl out 😔✊✊"
Boywithukeisthegoat,Bro I can't stop listening to Abel Tesfaye 😭,0,1,1.0,0,1743783824.0,False,t5_2rjli,
Neither_Spinach_42,Comment any simple picture and i'll draw it ( idk how to draw),0,197,0.93,0,1743680818.0,False,t5_2rjli,
InteractionComplex28,"Accidentally Led Someone On, and Now I Don’t Know How to Fix It",0,3,1.0,0,1743762167.0,False,t5_2rjli,"**EDIT: I ENDED THINGS WITH PERSON A.**   
  
I’ve been in a relationship for almost 2 years now. Everything was going fine, but there was this guy (let’s call him A) that I used to have a small crush on before I got into my relationship—nothing major, just an “oh, he’s cute” kind of thing. We’re in the same friend group and were head boy & head girl of our school, so we’ve spent a lot of time together.

For most of my relationship, I never really thought much about A. But sometime in December 2024, I started noticing that he was being kinder to me than to others. Being a dumb teenager, I started overthinking it and making up theories in my head. Then, at the end of January, my boyfriend and I broke up. It lasted only 3 days before we got back together, but we decided to keep it a secret for a while since our friends kept interfering in our relationship.

To convince my friends that I was moving on, I made up a fake crush on some imaginary guy. I based all his traits on A without really thinking much about it. Then, at the end of February, I jokingly asked A, ""What if the guy is you?"" And instead of laughing it off, he said, ""Let's talk and see where it goes.""

Now it's April, and A and I have been talking for a while. The problem? I don’t actually want to continue this thing with him. I still love my boyfriend, and I know that this whole situation is wrong. But I also can’t tell A the truth because he doesn’t know I’m still in a relationship.

To make things worse, A is the ""dating to marry"" type—he’s told me that if things don’t work out, we won’t be able to stay friends. And at some point, in the flow of the conversation, I ended up saying “I love you” to him once. He didn’t say it back because he thinks it’s too soon, but now I feel like I’ve made everything even more complicated.

My boyfriend’s birthday is coming up, and I’m obviously going to post about him. He also wants to make our relationship public now that school is over. But I know that when A finds out, it’s going to be a mess.

I know I need to end this ASAP, but I don’t know how to do it without making it a complete disaster. I feel like I’ve dug myself into a hole, and I need to get out before it blows up in my face.

Any advice?"
Ace-Redditor,I think? a guy might be sorta into me,0,1,1.0,0,1743783577.0,False,t5_2rjli,"The title sounds stupid, I’m sure. That’s because the whole story kinda is, tbh. 

So on Wednesday, I had to go to the gym and take a fitness test for my class. Fitness tests are run by the employees at the gym, so it was done by some guy I’d never met or seen before. 

So we go to the side room, he runs the test and all (not well, but still. He got at least both my height and weight wrong but w/e). So during the test, he and I chatted a bit. I mentioned that I work at the school as a tutor, he said maybe he’d stop by. Then we finished the fitness test and I left. 

I went to class, then work after. He ended up showing up around 1:30 and stayed until 4, when my work closes. He had me teach him basic Excel stuff and then read through some book he’s writing. I gave him feedback on it, he asked questions about it, I shared my writing with him, and we chatted a bit about that, too. 

So yesterday he comes back into the tutoring center because he wants my help with his writing. Which I wouldn’t think much of, except that there’s another place on campus that is *specifically* for writing help. I was working with another student though, so we chatted a little, but not much. 

And now today, I just got an email from him (which he got when I shared my writing with him) asking if I’m working today. 

TLDR: I feel like this guy is possibly into me because he (ig) wants to see me kind of a lot and for no real reason "
thelibsterr74,my room is clean again :D,0,17,0.99,0,1743729337.0,False,t5_2rjli,
irdfhtyh,Had my last day of highschool today,0,2,1.0,0,1743769929.0,False,t5_2rjli,"I fucking hate this I hate change. Everything was going well and I was happy, and now everything is going to change and it'll take months before I'm comfortable again "
Stego-Gaming,I don't know what to get my GF!!,0,1,1.0,0,1743783373.0,False,t5_2rjli,"So it's my (16m) girlfriend's (15F) birthday this sunday and i still don't have a gift.  
I know its a bit stupid to ask, but can someone pls give some tips?  
To paint a picture of what she enjoys: She is a scout and likes spending time outdoors, but she also likes to stay inside sometimes and just cuddle or something like that.  
She also plays the organ.  
She isnt really a girly girl if you get what i mean, she doesn't wear makeup and doesnt really mind her looks (even though she is so beautifull). 

I hope this is enough and if not feel free to ask more questions."
Recent-Bandicoot-212,I like Lila jones,0,1,1.0,0,1743783369.0,False,t5_2rjli,She's never gonna see this 🤷‍♂️
That-Instruction3232,Why is my mother like this?,0,3,1.0,0,1743761343.0,False,t5_2rjli,"I finished my grade 10th exams more than 10 days ago, and I asked my mom to let me go to my cousin's place for my holidays, but she didn't agree to it, i requested her, I asked her why not and she didn't tell me any reason, I waited for a few days and asked her again on April 2nd and it became an argument, she started scolding me for things unrelated to what I was talking about, I just want to meet my cousins I said, and she keeps saying how my uncle (my mom's sister's husband) told us to leave as soon as possible during the last time we were in my cousin's place, and she keeps saying that reason as to why I shouldn't go to my cousin's place. Wtf?? Is that more important than me spending some good time with my cousins? She's not even talking about it properly with me, she diverts the topic somewhere else and starts arguing with me about a whole different subject....I don't know what to do, I need to get a college admission soon, so before that I just wanna have some fun with my cousins...I wanna go there man"
RestaurantFit4892,I feel like every year am less and less social,0,1,1.0,0,1743782717.0,False,t5_2rjli,Few years back i could talk with anyone and now cant even talk with my cousins
BobThePerv,picking nose disgusting?,0,1,0.67,0,1743782685.0,False,t5_2rjli,i dont get how you can say its digusting when i dont do it outside and wash my hands after its not like im gonna shove it up your throat like a dick everyone picked their nose before whys it so dramatic (atleast for the ppl ik)
Cammando777,FUCK MOJANG you peice of shithead,0,1,1.0,0,1743782675.0,False,t5_2rjli,They recently change the UI for minecraft bedrock but now i cant do lan games from ocmputer to xbox so now i HAVE TO PAY for multiplayer which xbox live cost TO MUCH SO MICROSOFT IR MOJACNG FUCK YOU 
world-chalice,i made a speech that i put my whole heart into baseed on my experiences (fair warning it does contain some sensitive topics),0,1,1.0,0,1743782612.0,False,t5_2rjli,"**""I’m here to talk about drugs, but it’s not the usual stuff that everyone talks to you about—how 'oh, weed fries your brain cells,' or 'oh, nicotine crystallizes your lungs.' No, instead, I’ll talk about what your life becomes with drugs.**

**First, let me talk about what happens when you get caught. Most likely, you will be sent to alternative school. Now, let’s start with the good things.**

**The first good thing are the teachers. The teachers—they are some of the nicest teachers you will ever come across. They will listen to you, they look out for you, they are kind, and they really do care.**

**The second thing is you get to clean. And I mean like A LOT. Now, you’re asking, 'How the heck is that a good thing?' Because it gets you active, a chance to stretch. It gives you a sense of purpose when you feel like you have none, and that is something to be treasured.**

**The third thing is you have a lot of time to think about the good in people. The people you just thought were idiots or just plain ignorant—you find out that as it turns out, they were just trying to be friendly in their own way. And when you thought they were trying to pick on you and you just said, 'Screw off already,' turns out they were just playing around with you and you should have been friendly, gave them a smile, or just laughed along with them. You find out that** ***YOU*** **were the jerk, not them.**

**And that’s it for the good things. Now I’ll go into the bad things.**

**I know a lot of you already have jobs, but I’d say about half or so don’t. Well, you go to alternative school and you don’t have one already, good luck finding one. When I first went to alternative school, I went to about 13 different job interviews and not one of them hired me. And why would they? In their eyes, I’m just an unreliable junkie. That’s all you are in their eyes. For someone to give you a job, they have to believe in you. The only problem with that is that humans in general are cold. We’re hypocrites. We say that 'oh, yeah, we would give someone a chance,' but the reality of it is that when we are given the chance to give that chance, we don’t.**

**The second thing is that you’re lonely on a daily basis. You don’t get to see many people, and even if you do, they are people who just want to use you, but you know what? You will try and make friends with those people. Just imagine not talking to anyone all day long. As humans, we need to socialize. If we don’t, then we get infuriating and insane. So you will make friends with those bad people just to keep what tiny bit of sanity you have left. And those people will make you fight, they will steal from you, and they won’t give a crap about your emotions, and they expect you to just sit there and take it. The way they see it is if you have turned to drugs, then you’re already dead inside anyway, so what’s it matter if they suck the bit of life still in you.**

**And that leads me to the next part—friends. Let me ask you something: how many friends do you have? 5? 10? 20? Now imagine them getting ripped away from you.**

**A month passes. You’re thinking, 'Man, this is a vacation! And this is supposed to be a punishment? Yeah, right.' Now fast forward 6 months. 3 of those friends who said they would be by your side till you die have abandoned you.**

**1 more month passes, and the other 2 friends are gone as well. You still have 3 months left. You finally figured out that you took everything you had before for granted. You now know what it means to simply say 'hello.'**

**You get depressed. You feel suffocated. You feel like if you would just die, it would be easier. You’ve balled your eyes out enough now that they’re all dried up. You see the kitchen knife. 'It’s right there. I could end the pain, the sorrow, the misery.'**

**You have no friends. Your own family doesn’t even believe in you. The ones who are supposed to be with you through it all have stopped believing.**

**A lot of people who get into drugs feel this way already. They get into it so there’s something there to hold onto when there’s nothing to grab but a cloud of smoke.**

**So next time you see someone on drugs, instead of showing them hatred and telling them to screw themselves or to just kill themselves already, show them love. Kindness. Show them that you care. Show them that you** ***WILL BE THERE THROUGH THICK AND THIN*****. And if they say they want to quit, then help them through it instead of throwing it in their face. Because if you show them even more suffocation than they’re already experiencing, then the next day they could be hanging by a tree.**

**You never know the meaning of 'hello' until you can’t say it anymore. Thank you for your time and have a good day.""**"
Boywithukeisthegoat,SO CALL OUT MY NAMEEEEE 🔥🎶🎶🎶🎶,0,1,1.0,0,1743782480.0,False,t5_2rjli,
friednhorny,honestly I love Matty Boys but his new work literally looks like something a 14 year old would draw after smoking weed for the first time,0,1,1.0,0,1743782370.0,False,t5_2rjli,
Tigereye12321,Why tf is no one posting 😭,0,3,1.0,0,1743760899.0,False,t5_2rjli,body text (optional)
Itslonk_17_TTV,Got a haircut I disliked a month ago and it still looks weird?,0,60,0.9,0,1743702135.0,False,t5_2rjli,"Got a modern mullet and hated the fade, now I still seeing it very badly.
I have mental health issues and Ive never had the best social experience at school so maybe thats the problem and not my hair?
Need some real opnions, and maybe ways to make the sides look neater?"
Greentea_Teapot,A wasp has infiltrated in my room,0,1,1.0,0,1743781970.0,False,t5_2rjli,Time to burn the house down! 
Low_News_5203,How many times have you done an all nighter on a school night?,0,1,1.0,0,1743781728.0,False,t5_2rjli,"For me, atleast 17 times I think"
Calm_Mud6039,Please give me a username,0,2,0.75,0,1743768054.0,False,t5_2rjli,I’m making a game account and idk what to name my self so plz help!
Away_Intern7609,I NEED ADVICE,0,1,1.0,0,1743781453.0,False,t5_2rjli,"I have this friend, and she’s rllyyyy nice and I like LOVEE HERRR , she’s literally my bsf , but smth just feels off.., like idk if I should trust my intuition or not , idk if I’m js paranoid or right ? Like there’s smth off , sometimes it feels like she’s competing w me ? Like when I’m trying to talk she gives me like 20 seconds and then just steals the spotlight, I’m okay with that but JUST SOMETIMES 😭🤜🤜And like when I tell her smth , like if I wanted to buy baggy jeans , she’d be like “Flare looks better “ PERSONALLY, I don’t think flare looks better 😭 AND I KNOWW she’s just giving me an opinion, but idk JUST sometimes , things just feel off?? And she always puts me in an uncomfortable situation, even when I tell her not to , like she goes through my head to search for dandruff 😭 it’s so icky and embarrassing!! And she always puts her face CLOSE TO MINEE LIKE HOW TF AM I SUPPOSE TO REACT 😭😭😭 I’m probably miserable lol , I love her though , BUT JUST SOMETIMES, it feels  off :\  "
One_Picture_820,god knows. i was reincarnated,0,0,0.5,0,1743781428.0,False,t5_2rjli,..
HistoryBackground458,"KTV Nightclubs are weird, fake, and emotionally confusing",0,3,1.0,0,1743759913.0,False,t5_2rjli,"This has been on my mind since I woke up, so i’m ranting here as a way to get it off my chest, hope you guys don’t mind :)

I recently turned 20 (legal drinking age is 18 here) and my dad’s friends dragged me and my dad to join them at a nightclub. If you don’t know how these places work, it’s basically a huge karaoke room where u pick a girl to hang out with, drink till ur wasted, and maybe more after depending on the woman. (I learned this from the girl actually, and that placing your hands infront/behind during selection was the signal)

Obviously, as it was my first time, I had a shit ton of trouble choosing one. I mean, what am I supposed to do when 10+ women in their twenties-thirties were looking at me? I’d just shit my pants and call it a day. 
The “mummy”(a kind of manager for the girls), which also happens to be one of my dad’s wife’s friend, sensed I was overwhelmed and said they’d bring in another batch that was more my age.
So they did - but it was just as awkward. But one of them was doing a funny expression, trying to open her eyes way bigger than normal, so I picked her.

We started talking, and really hit it off, talking about everything from hobbies to schooling to personal life. Worst part was, she was extremely clingy, and was basically glued to my hand throughout the night.
After around 2 hours, they decided to switch to another nightclub, and we all got into cars to drive there, and she started lying on my shoulder and holding my hands. I’m way too much of a p*ssy to ever initiate this kind of thing, and it was really wild to be on the receiving end of this.

Eventually, she drank abit too much and passed out, sleeping on my arm and eventually my lap, which kind of sucked, but I didn’t really mind. The mummy and my dad’s friends eventually saw what was happening and asked if I wanted to switch, but I had enjoyed our convos so I didn’t feel like it. 
I did think that was going to be the end of it tho, as when u drink too much and sleep, i’ve never woken up until the next morning, so it was really surprising when she woke up around 2 hours later. As it was already 4AM at this point, it was almost over, and we started talking again, like what we were doing for the upcoming 清明节 (essentially a 3-day holiday in china). This was where I felt something, as she was the one who asked if I was doing anything or planned to do something, which foolishly made me think she perhaps saw this as something more than just work.

Eventually when we were leaving, the mummy - drunk herself at this point, whispered to me “Don’t fall in love here. Everything that happens here is fake.” All while she was still wrapping her arms around mine, which really f*cked with my feelings.
It just feels abit pained, especially when she shared so much about herself, and even opened up about her past relationship (to be fair, it can be faked)

I do get it, the girls are here to make money anyway, but for me, it really does suck that it isn’t real, and I won’t get how people willingly pay for this, especially if it isn’t genuine. Like do u still feel as happy as the night before when u wake up, knowing more than 5K USD is gone with nothing to show for it?

Truth be told, when I first woke up, I wanted to message her, but I didn’t. I know it wouldn’t mean anything, so I’m letting it be.

Bittersweet as it was, i’m sort of relieved my first and hopefully last experience in the nightclub was with someone this kind and friendly. But if there’s one thing I learned, it’s that nightclubbing is not for me.

TL;DR:
Was dragged to a KTV Nightclub for the first time, thought I really connected with the girl, and believed so till I was told repeatedly it was all fake. Hurt more than expected, and is the first and last time I’ll do anything like this."
hootyandgianna,i lost my sh free streak today,0,9,1.0,0,1743738248.0,False,t5_2rjli,im feeling like shit rn and would really appreciate some motivation to not hurt myself 
Pretty-HoneyBee,WHY IS IT SO BORING.........,0,1,1.0,0,1743781147.0,False,t5_2rjli,:(
thelibsterr74,i dont get the huge septum piercings,0,1,1.0,0,1743780356.0,False,t5_2rjli,Im not trying to judge but why do u want that on your face I think the small ones look good but those huge ones....
glueydrink,Worst punishment by your parents🥀🥀🥀,0,1,1.0,0,1743780257.0,False,t5_2rjli,
Greentea_Teapot,It’s only a matter of time that l crash out hard,0,1,1.0,0,1743780173.0,False,t5_2rjli,I feel like time ticking bomb about to explode 
BoxCutterBracelets,So my nose felt a bit blocked so I tried exhaling a bit harder,0,5,0.78,0,1743748478.0,False,t5_2rjli,And now the toilet wall is covered in blood
okimborednow,the minecraft movie was so fire,0,1,0.67,0,1743779567.0,False,t5_2rjli,"just watched it with the homies, 11/10 because my whole school was giving rounds of applause midway through "
Reasonable_Guess_693,You are dangling on the wing of a plane but…,0,1,1.0,0,1743779472.0,False,t5_2rjli,"your fate depends on the last content creator you watched

how cooked are you?"
murkyoder,Do you think that guys be genuine friends with girls,0,1,0.67,0,1743778461.0,False,t5_2rjli,"I personally do, but I have caveats.

I'm 16 and bi so I've been in both guy and girl friend groups for all my life. When I was younger I was primarily in girl friend groups and later on in my life now I am mostly friends with guys.

I feel like when I was in those girl friend groups I usually had a crush on one or two at some point, but generally the rest were unattractive to me. 

When I think of the girl friends that I can count on my hands now, they are either: 1. Unattractive to me, not insultingly just personally 2. Lesbian and there is no romantic tension 3. In perfect honesty if they asked to date I would consider it.

3 makes me feel a bit ashamed as although I am not waiting for them or friendzone 
I think due to watching something this morning on YouTube made me rethink this thing-- and the idea came up. And I went through the list and I realized there were 1 or 2 people that I might consider dating. Does that make it a non genuine friendship?

And I guess the real question is can you be friends with someone you would date or find attractive? I don't know. 

But I am pretty solid from my experience that as long as you don't find the girl (or guy) attractive, you can be friends.

And as for why this isn't subjected towards guys as a bi person-- most guys to me aren't very attractive. Not in a bad way I just have a specific taste that's really only followed 2 guys in my entire life. Girls generally are just a bit more based sorry dudes.

Anyways love to hear opinions 👍"
XWolfyCat,Can you guys recommend any easy for beginners to play guitar songs for me,0,1,1.0,0,1743778316.0,False,t5_2rjli,I just stayed learning
Due-Size-1237,Whats the craziest nickname you've ever seen at your school?,0,2,1.0,0,1743764665.0,False,t5_2rjli,"There's this kid at my school who people used to call ""chocolate charles"" because he's bangladeshi and he's fat like me (my irl name is charles)."
thelibsterr74,"How do people put their phone, wallet etc in their back pocket arent u anxious its gonna fall out and u wont notice or someone gonna steal it",0,1,1.0,0,1743778025.0,False,t5_2rjli,
Iainiwakura,double standards are the worst,0,3,0.64,0,1743756524.0,False,t5_2rjli,"i (18f) and my brother (15m) have both recently done similar things and i'd just like you guys' insight on all of this. Yesterday, I went on a drive with some friends, we got dinner, visited a mountain, and then I went home. Tomorrow, I was hoping to see the minecraft movie for my friend's birthday. Unfortunately, because I got home late, I got berated and called a piece of shit, ultimately preventing me from going forward with my plans that I'd made a week in advance. At the same time, tonight my brother is going to his friend's house to have a sleepover and tomorrow he's going to see the Minecraft movie. He didn't plan this in advance. In fact, he asked about it all as he was getting ready to go, practically walking out the door. I don't know how this is fair or make any sense. 


I can elaborate on things if maybe I did something wrong that I'm not aware of, but yeah that's all. I'm so annoyed. "
Virgo-Geek149,Did I do the wrong thing?,0,1,1.0,0,1743777983.0,False,t5_2rjli,I went out after school with 3 friends and we got lunch in the high street and went to a park that was around 20 minutes away. When my mum picked me up she said we told you to stay on the high street (they didn't) and we had the silent car ride back. She asked whose idea it was to go to the park and then called that friend a bad influence and said how I should have objected. Bare in mind one of my friends lived nearby and knew the area well. I know she's angry and I'm praying she doesn't tell my dad. But did I actually mess up? She also had my location the whole time and I text her when we were at the park asking her to change pickup spots to make it a little closer.
Evil_Morty002,Stop Domestic Violence!,0,1,1.0,0,1743777899.0,False,t5_2rjli,https://chng.it/9cDP8NLrvw
Boywithukeisthegoat,I want to break stuff with a giant glow red cross,0,1,1.0,0,1743777897.0,False,t5_2rjli,glowy\* 
InitialAd1805,Officially crashing out,0,1,1.0,0,1743777320.0,True,t5_2rjli,"Ive resorted to letting out all my shit thats bottling up to strangers on reddit. Things have been bad for me recently. My friend isnt hanging out with me anymore, my old failed talking stage is probably with someone else, my mental health lwk sucks.

Recently my only “main” friend is hanging out with other people. I have a friend group of 4 (including me) but we’re kinda divided into 2 with our own best friends. Nothing happened between us, we’re still good, but she’s been hanging out with her other friend group and ive been left with my other friends and i feel like a third wheeler. My other friends aren’t mean or anything but yk theres that lingering feeling that im missing out on something. And its not like i have any other certain friend groups or certain friend i can go to.

To add to that, i heard my past situationship is  talking to someone else (not dating tho). I swore myself i was over him, but when i saw the photo of them together i felt like crashing out. We used to be in a talking stage but nothing came of it, so we ended it mutually, though i still liked him.  I also heard he was a shitty playboy but he denied and said it was all rumors. I also heard him and that girl have been cuddling and kissing and he was asking for bjs and whatnot. But considering our young age, ik that shit is like weird and where i come from it would be considered “hoe-y”, still young but busying yourself with boyfriends and girlfriends. Sounds braggy, but I kinda got over this by telling myself im better than that and that i dont need to lower myself to their level.

Lastly my mental health lwk went downhill. I got discharged from the school counsellor september last year, but time to time i still find myself punching myself cus im too much of a pussy to cut instead. Idk what prompts me to do it, i easily get stressed and get this sudden urge to take it out on myself.

Thats all thank you for reading  lol"
dev_g_arts,Boredom breeds Creativity,0,1,1.0,0,1743776758.0,False,t5_2rjli,"https://preview.redd.it/ezkz1019vtse1.png?width=697&format=png&auto=webp&s=8601077afa0b09dda05fa1b7fa1bb4eb893ae494

https://preview.redd.it/lcdrskkgvtse1.png?width=718&format=png&auto=webp&s=8870c58c2b56b289865c137605602813556642ac

https://preview.redd.it/befwtusivtse1.png?width=660&format=png&auto=webp&s=9008025e308412c1d2cc962f06f0d925add336cd

https://preview.redd.it/r6v1tb6kvtse1.png?width=660&format=png&auto=webp&s=d83eee3bd370979d99119d6cf688ad942062050d

"
Rosy08_,I've lost my voice. Do you have any tips?,0,2,1.0,0,1743763078.0,False,t5_2rjli,"Tonight  I have to read in front of all my school but I have lost my voice yesterday. Do you guys have some tips to how to get it back at least a little so that I don't sound like a crow?

(Sorry for the bad English btw it isn't my first language)"
Far-Foot-3106,Fck parents,0,1,0.99,0,1743776536.0,False,t5_2rjli,"I just came home from a trip with my friend who I haven't seen in a while due to an incident and talked to my mom to tell her how it went. When it came to the part when I mention my concern on my friends shtty parents (without explicitly saying they're shtty), she suddenly went defensive on how I don't know sht and kept diverging anything I said after. Say it's the teenage attitude or phase but I fcking hate it when she does it. I tell her something cuz I know she won't let me hear the end of it if I didn't tell her sooner, and it's like she didn't fcking hear what I told her days or the week before.

What she remembers end up being ones abt me daring to try to gain independence by consulting her on buying relatively cheap stuff with my own money cuz she wants me to be forced to stay reliant on her, and everything she knows that triggers me into having a breakdown she fcking uses against me to force me to say sht she knows she can use against me. The one time I had a major panic attack was because of her and she uses it against me like I killed someone. When she asks for advice on something and I disagree, she becomes defensive and gets angry at me, telling me I'm wrong and an idiot for thinking so. 

There was this one time I approached her on family counseling cuz we dont do family dinners on settling tension, and while arguing she tells me I need a psychiatrist like I'm a fcking lunatic and not because she's concerned. I feel her gaslighting me for anything I mention something she did that I felt was wrong that made me uncomfortable and acts like she's a victim and I'm terrorizing her.

I know she's stressed and all, but what the fuck? Everyday makes me want to leave the house but until I can financially and mentally support myself, I'm forced to stay."
pieofrandompotatoes,I didn’t hit her today cause she ran to see a sub that I’m pretty sure a pedophile,0,0,0.5,0,1743776251.0,False,t5_2rjli,
Shin_Ollie,Worst wordsearch ever😔,0,11,1.0,0,1743729293.0,False,t5_2rjli,
imgkumar,Rate this photo outta 10 and share your opinions . I'm trying photography,0,31,0.98,0,1743708346.0,False,t5_2rjli,
Autistoio,6m (totally real)  looking for friends around  my age,0,107,0.89,0,1743684391.0,False,t5_2rjli,Totally not homeless 
connor_A_48,M18 👇👇girls pls help me out 😭😭🙏🏼😂😂,0,1,1.0,0,1743775642.0,False,t5_2rjli,"really need to get my life together.
ive been playing tennis since I was 3...
it's been my main focus my whole life..
ive turned down so many opportunities when it comes to friendships and relationships, since I didn't want any distractions.
but I'm planning on changing that.
I trynna meet new people, girls.
my pm's are always open to everybody.
"
Far4sRL,Part 2: My trans friend un-transition herself for me?,0,1,1.0,0,1743775403.0,False,t5_2rjli,"So this is the update post for my first one so to understand what I'm talking about go check that one out 

Like some people said I should ask her a few things and I did today so this is how it went 

Me: hey (her name) how are you 
 
Her: I'm fine 

Me: I have a few questions but please don't take them to heart 

Her: sure 

Me: why did you really became a girl again?

Her: well I thought I was Trans because I was more boy-ish then other girls but I just didn't really like being a guy, it sucks. I'm surprised how you just live like that

Me:( I replied normally, nothing too important) okay, but why are you... like asking me a lot about Islam? You know that I'm pressuring you to be anything, right?

Her: I know but islam seems so cool and you seem to be a really tolerant and chill one

Me: thank you(I told her to go to the snack bar because I didn't know how to finish the conversation like a person)

I the that went well, but I have this weird feeling that I fucked something up. I really need some help "
SimilarClerk897,What happened to attachments?,0,1,1.0,0,1743775358.0,False,t5_2rjli,Like actually wtf happened I swear yesterday I could add an attachment or is this problem I only have?
PutridEmployment3516,Oh....OH???,0,24,0.93,0,1743714064.0,False,t5_2rjli,
SammyTheSnowLeopard,I just put every piece of a 12 pack excel peppermint gum in my mouth at once to make the master gum. Will update with results.,0,4,1.0,0,1743748075.0,False,t5_2rjli,Well
Wistaria7,Why cheese is white and yellow,0,1,1.0,0,1743775138.0,False,t5_2rjli,I want green radiotion cheese to feel tingle ahhhh ooooo radiotion
Human-Programmer-372,How to make delicious chocolate cookies at home!,0,0,0.5,0,1743774893.0,False,t5_2rjli,"
What’s Needed:

	•	Precursor: Pseudoephedrine (from cold medicines like Sudafed) or ephedrine (less common now due to regulation). About 100-200 grams for a small batch.
	•	Reducing Agent: Red phosphorus (from matchbook strikers or industrial sources) and iodine (from tinctures or crystals).
	•	Solvents: Acetone (nail polish remover), methanol (fuel additive), or ether (starter fluid).
	•	Acid/Base: Hydrochloric acid (muriatic acid from hardware stores) and sodium hydroxide (lye, a drain cleaner).
	•	Equipment: Glassware (flasks, beakers), a heat source (hot plate or stove), coffee filters, a funnel, and a container for crystallization (e.g., a Pyrex dish).
	•	Optional: Lithium (stripped from batteries) for an alternative method.

Steps (Red Phosphorus/Iodine Method – Common “Shake and Bake” Variant):

	1.	Extract Pseudoephedrine:
	•	Crush 100-200 cold pills (pseudoephedrine HCl) into powder. Soak in methanol or acetone (~500 mL) to dissolve the active ingredient, filtering out binders (like starch) with coffee filters. Evaporate the solvent (e.g., on low heat) to leave pseudoephedrine powder. Yield: ~50-100 grams.
	2.	Prepare the Reaction:
	•	In a heat-resistant flask, mix 50 grams of pseudoephedrine with 25 grams of red phosphorus (scraped from matchbooks) and 50 grams of iodine crystals (made by reacting iodine tincture with hydrogen peroxide). Add a splash of water (~10 mL) to start the reaction.
	3.	Cook the Mixture:
	•	Heat the flask gently (around 80-100°C/175-212°F) on a hot plate for 4-6 hours. This reduces pseudoephedrine to methamphetamine via a hydrogen iodide reaction. The mix turns dark and releases toxic fumes (hydrogen iodide, phosphine)—ventilation is critical. In a “shake and bake” version, this is done in a sealed plastic bottle, shaken periodically.
	4.	Separate the Meth Base:
	•	Cool the mixture, then add sodium hydroxide (lye) solution (20 grams in 100 mL water) to make it basic (pH ~12-14). This converts methamphetamine into its freebase form, an oily liquid. Add a solvent like ether or toluene (~200 mL), shake, and let it separate into layers. Siphon off the top layer (meth base in solvent).
	5.	Form Methamphetamine HCl:
	•	Bubble hydrochloric acid gas (made by mixing muriatic acid with salt and sulfuric acid) through the meth base solution. Alternatively, add drops of liquid HCl until it’s acidic (pH ~5-6). White methamphetamine hydrochloride precipitates out. Filter it through coffee filters and dry it.
	6.	Crystallize:
	•	Dissolve the meth HCl in a small amount of hot acetone or methanol (~50 mL). Pour into a shallow dish and let it evaporate slowly (e.g., under a fan or in a fridge). Crystals form as the solvent disappears—larger, clearer crystals (“ice”) come from slower evaporation. Yield: ~20-40 grams from 50 grams pseudoephedrine."
The_Legend_Of_Ganon,DELTARUNE TOMORROW!!!!!!!!!,0,1,1.0,0,1743774814.0,False,t5_2rjli,
WhatANiceDayItIs,Anyone else listen to Laufey/Love songs while killing people in game?,0,1,1.0,0,1743774679.0,False,t5_2rjli,Bro these songs be giving me that no girlfriend adrenaline rush istg
Ill-Comfortable-4683,Why are so many of the girls in my school putting on makeup in the middle of class?,0,0,0.33,0,1743774627.0,False,t5_2rjli,"Seriously, are they that obsessed with their appearances looking nice that they can't wait until they get home? Have they ever heard of natural beauty?"
SpeedCollisis,Research on adoption and impact of AI on college students,0,1,1.0,0,1743774542.0,False,t5_2rjli,"Hey guys so I’m doing a research on the topic adoption and impact of AI on college students 
You can also participate if ur a highschool student 

https://forms.gle/3BcVY4NSkFcmV3bB8


"
studyingtofail,Is it wrong to feel weird about this?,0,1,1.0,0,1743774524.0,False,t5_2rjli,So my friends planned 4 weeks ago to go to the movies then they said we’ll go this Saturday (the 5th) so it got to yesterday we were seeing who was going someone cancelled and so everyone else did too okay that’s fine disappointing but fine then today someone asked does everyone wanna go to the park I said I’m not gonna go because I’d rather have a days notice so I can get ready and whatever but now because I’m not going today they won’t do anything with me over the next whole week
why_do_i-exsist,gang how to i change my flair 😞,0,1,1.0,0,1743774506.0,False,t5_2rjli,i fell off the face of the earth 4 years ago and i am no longer 13 how do i change this 🥀
Resident_Island9929,Hi. It's my second time trying to have a friend 🤗,0,5,1.0,0,1743742208.0,False,t5_2rjli,"Am 16. I love people

Please be my friend 

Edit: i love my bicycle - am good at English but I don't know everything - am nice - am full of positivity - i love having friends - i love yapping - i love making people happy 

That's me 😋"
IWillWarmUrPillow,The teacher let us watch the impeachment on the classroom smartboard,0,1,1.0,0,1743773572.0,False,t5_2rjli,I'm from Korea and never expected to watch that at school lmao😭
monochromatic773,I think I just met my soulmate,0,2,1.0,0,1743759835.0,False,t5_2rjli,"So I was dating this girl for about a month and she recently dumped me because we share nothing in common. Understandable, I think, and I move on; I end up talking to this girl in my Maths class a few weeks later and we are like a perfect match.

Of course there's still more for me to learn about her but she's just like me and we have VERY similar mindsets and interests (although we still have some differences like career and subjects) I'm genuinely super happy!!!! Just wanted to vent a little honestly!!

I don't wanna stuff up and lose her tho. Any advice would help but I'm not too worried!!"
BlueSniper8646,Can I die if it's really is a wish?,0,1,1.0,0,1743773061.0,False,t5_2rjli,"This is nothing do with depression. There are four are part of the “inevitable sufferings” taught in Buddhism, known as part of Dukkha (suffering). 

“Birth is suffering, aging is suffering, illness is suffering, and death is suffering.”

I already experienced birth, illness. But aging kinda scared to me than death. It seem so lonely and pathetic. You are no longer young and beautiful. Your body is leaving you. 

If I am at the top of my life, the age I wanted, and the successful life I wish to get is now completed. You have been wanting this moment…”the ideal time, the happiest time”. 
Can it be really selfish if I say this is the time I want to let it go?

Why?
After feeling of “complete”, I am no longer want to keep trying. Because this is all I been wanting. I did a great job. I did great things for the mother of nature. 
If I really want to let this go… why not let me be?"
DragonSongArtist,I cant with this myself anymore,0,1,1.0,0,1743773040.0,False,t5_2rjli,I fucking hate my forehead so so so much Im gonna cry soon. Also my nose and sideprofile but my forehead is the worst Im actually gonna cry soon. I feel like it gets bigger and bigger and is like half my face
Dry-Dream-7207,yall do NOT need to be sharing every single thought on here,0,9,0.92,0,1743728010.0,False,t5_2rjli,"stop talking, no one gives a fuck about your wet dream or any of your other freaky ass thoughts "
DDK_2011,Comment and i'll add you to this world on Worldbox!,0,1,1.0,0,1743772976.0,False,t5_2rjli,"You can choose between an elf, dwarf, human, or orc, just comment and i'll add you!"
LizzieBizzie0226,Please PLEASE give me all the advice you would give a teenager. I am going to write it all in a notebook. I’m 17 in 10 days. Thank you:),0,7,0.89,0,1743734930.0,False,t5_2rjli,(I saw someone else do it and I got the idea from them. I hope they dont mind)
Rux0n,What do I do when someone shakes their leg a lot during an exam,0,1,1.0,0,1743772870.0,False,t5_2rjli,"# 

I just took the mock exams in the last month. A problem that I had dealt with during these exams other than studying is the fact that I lose concentration and get angry when I see someone shaking their legs or making clicking sounds with their pen or sighing all the time. It is so bad to the point where I just think about punching or kicking that person. Obviously, I did not do that, instead, I would bend my back so my face almost touches the paper and bend to the other side so I don't have to see them. The problem with this approach is that the teachers would tell me to sit straight all the time, especially during my last exam. I tried explaining why I was doing that but they don't care. Plus the annoying think is that I always sat in the front so how would I cheat and there is no rule stating how to sit properly.

My problem is what will I do during the final exams, where the sitting chart will always be randomized and rearranged for every exam. I tried coping with this problem by sitting uncomfortably only to be annoyed by teachers.

sorry I wrote this fast so the grammar might suck"
Poltergeist7369,"Why are you all concerned with love, You need to be focused on yourself fr fr",0,3,0.72,0,1743750920.0,False,t5_2rjli,You matter to much to be focusing on love 
Far-Equipment2951,"This app help stop doomscrolling by making you journal at least 50 words, streak features, personalized free time save from screen time calculation

This app helps you take control of your screen time and build healthier digital habits by offering:
https://apps.apple.com/us/app/screendetox-reduce-sc",0,1,1.0,0,1743772327.0,False,t5_2rjli,
Ok-Still8119,I wish liking sexual things is more normalized,0,0,0.33,0,1743784835.0,True,t5_2rjli,"[VENT] I wish liking non problematic sexual things is normalized. I've seen a lot of people show disgust by sending meme pics on nsfw art post. Now I know that the pics aren't supposed to be taken serously, but it just makes me feel pretty bad to be honest."
chocolatecx,i love pochacco,0,1,1.0,0,1743771258.0,False,t5_2rjli,"guys i LOVE LOVE pochacco, DO U LOVE POCHACCO???"
asterophiliac,Alright goobers guess who's 17 now,0,115,0.98,0,1743678692.0,False,t5_2rjli,Me. That's right..me. my first post saying that got deleted...:(. Anyways guys say happy birthday pls aaa
_Joeythegoat_,All the people I fw are deleting their accounts,0,3,1.0,0,1743749649.0,False,t5_2rjli,But unfortunately u/public_bug9654 hasn’t so i can’t delete Reddit yet 💔
NichtNichtNichtBen,"We finally have Easter Break, yay!",0,1,1.0,0,1743771008.0,False,t5_2rjli,"And I got 11 points in my physics exam (so a B) :D

But unfortunately I still gotta read a book for class during the break :("
Best-Shoulder7966,What YouTubers yall grew up with?,0,1,0.67,0,1743770839.0,False,t5_2rjli,For me it was stampylonghead dantdm Popularmmos skydoesminecraft and fgteev
Ender5674Light,PERSONA 3 RAAAAHHHHH,0,1,1.0,0,1743770542.0,False,t5_2rjli,
illuminatingfanta,I'm not gay.,0,1635,0.96,0,1743626307.0,False,t5_2rjli,"Okay so a few days ago, my best friend sent me a text message about how he secretly had a crush on me, and I thought he was serious at first but I then remembered it was April Fools, he then told me happy April fools and I don't know why I felt a bit upset after? Like disappointment? I don't know why I also felt weird when seeing the message (before I remembered April fools)? I'm NOT gay though, I like girls and I have liked girls my whole life. What do I do? I'm not gay I swear I can't be gay this can't be real I AM NOT INTO MEN I'm gonna cry"
Macabre-Siren,I WANT A BF I WANT A BF I WANT A BF I WANT A BF I WANT A BF,0,57,0.89,0,1743692332.0,False,t5_2rjli,
TheMightyCantalope,Why do so many accounts get deleted out of the blue?,0,9,0.91,0,1743727145.0,False,t5_2rjli,Bro istg I could be having a peaceful convo with a person on dms and next thing I know their account is deleted. Why?
CaseyinHell,How would you rate these sticks,0,50,0.93,0,1743694739.0,False,t5_2rjli,
Cutey_jessika,If you have any cute pets let me see them plz 🥺,0,1,1.0,0,1743769606.0,False,t5_2rjli,What type of pets do you guys have?
Ok-Hippo-5270,How's ya'lls love life going?,0,2,1.0,0,1743755901.0,False,t5_2rjli,Like I'm curious how ya'll are doing cause I've had 2 gf before (now I'm single) but I feel like most people here have never had a gf
ABigOne77,Why is it always good weather just as I'm busy,0,1,1.0,0,1743769316.0,False,t5_2rjli,"I don't like this




The sun hates me for no reason cause I love the sun"
rose_32211,Would you consider it disrespectful or bad if your SO reposted edits of their celebrity crushes or animanga characters,0,1,1.0,0,1743769260.0,False,t5_2rjli,
Dry-Bar-2954,Do NOT replace the C in cart with F,0,6,0.87,0,1743737631.0,False,t5_2rjli,"Relax liberals, it's called dark humor "
_nomad838_,"If you have consensual sex and then regret it the next morning, it is not rape!",0,958,0.97,0,1743635022.0,False,t5_2rjli,"False Rape allegations hurt people.


(This is not me saying rape doesn’t happen or is excusable but that false rape allegations happen way to much. Emotionally hurting doesn’t give one permission to ruin lives by lying. It takes away from the actual victims going through this.) "
VinnyBean1,"I give up, I'm staying single for life",0,3,1.0,0,1743747337.0,False,t5_2rjli,😪😪😪
neuvilletteissobbg,my dad is lowkey getting on my nerves,0,3,1.0,0,1743747266.0,False,t5_2rjli,"I asked for money for some shampoo and conditioner and he was just like “you got a job” like 1 im still in middle school and the job is helping out at the family business and i get paid like 4x less then the actual employees when i work the same hours and 2 he said he would pay for hair stuff. like im literally asking for 20$ for something i actually need like he has done this before too like he said he would give me back 7$ that i took out my savings for deodorant and never did it. he says hes trying to teach me how to manage money but i would rather do that with like not literal needs that he should be paying for. like all my money is in my savings and its not even that deep like just give me 20$ ☹️

he’ll probably do it but the process is so annoying like asking multiple times and reminding him all the time and like technically im saving him money cuz usually its like 100-150$ to get my hair braided at a salon so 20$ is way better then that. i just wanna hurry up and do my hair😞 my mommy woulda just said whatever and give it to me💔

"
Luna_moona_,Give me unpopular music/artist recommendations,0,2,1.0,0,1743755176.0,False,t5_2rjli,i have a wide range so every time someone recommends an artist I most likely know of/love them. I need to switch it up so give me recs
Cheeseball_420,How can i help my gf on her period💔,0,135,0.93,0,1743672607.0,False,t5_2rjli,"today at school she (15f) was dealing with her period, i (15m) sometimes carry pads in my bad just in case she ever needs it but yeah. today was really bad, she had period cramps and she was crying and seeing my beautiful cry but not knowing what to do really sucked, i hung out with her the whole day, let her play-fight with me (abuse is atp her love language😋✨) and i bought her chippies and coke. 

she doesnt like physical touch so like i cant hold her hand (she is fine with hugs ish). her bsf was also not here today so i diva-fied myself and gossiped/let her yap, but she was sad all day☹️"
legoatt5,Teenagers: What is your favorite genre of music and what is your least favorite?,0,4,1.0,0,1743741213.0,False,t5_2rjli,My favorite genre of music is progressive metal and I am not a big fan of country music. I might gather the results and so like a survey or sum idk
mecasdadsa,"Y'all my english teacher js said ""nah birds ain't animals"" since fucking when??? this is the rrason i get a 7 rather than an 8",0,5,1.0,0,1743741170.0,False,t5_2rjli,"i swear to god language teachers are by far the dumbest ""humans"" i have had the displeasure of meeting most of them being unable to even fucking form sentences or understand simple concepts"
AgitatedSail2363,i'm turning 17 today!,0,6,0.87,0,1743736527.0,False,t5_2rjli,what do i do?? 
SourVampire711,Any one else get chills thinking about Olivia Rodrigo?,0,1,1.0,0,1743767674.0,False,t5_2rjli,"
It's hard to explain, but there's something about Olivia Rodrigo that puts me both at ease, and awe...
Whether it's her lyrical genius or master composition, or maybe even her beautiful, tan face, or her enticing dark eyes... *Shudders* well, there are those chills again... Can anyone else relate?"
sastofficiallol,Day 147 of school. REVENGESEEKERZ DROPPED YAYYYYY!!!,0,3,1.0,0,1743746148.0,False,t5_2rjli,
VeryOldGiraffe1010,EE EE EW EWW,0,1,0.57,0,1743753756.0,False,t5_2rjli,"Theres an pad on the floor AND THERES BLOOD ON IT 😭😭😭

Yucky school "
rosenroses1,I wanna stay teenage girl forever,0,83,0.96,0,1743681100.0,False,t5_2rjli,"I’m too scared to grow up and be responsible for everything, working 8 hours a day and just having busy life.. that’s too scary pls is anyone feeling the same😭😭😭"
VeryOldGiraffe1010,I look so unbelievably dead today 🥀,0,2,0.75,0,1743753581.0,False,t5_2rjli,
li-angy,How many of you have DECA @ your school/college and is it worth it?,0,1,1.0,0,1743767123.0,False,t5_2rjli,"I really want to participate but my school doesn't have it. I want to start a chapter, but I don't know how to find other people who want to join DECA and also, the prices sound a bit too much and I'm not sure my school will agree. If you started a DECA chapter at your school or if there is a DECA chap at your school, please tell me your experience. Also, does your school cover all the expenses or do you have to? If you have to, how much does it all cost?

My country does have DECA chapters but idk which schools or where."
DavoMcBones,Help I'm getting addicting to this thing called bitlife,0,1,1.0,0,1743766899.0,False,t5_2rjli,"And it's all reddit's fault, came across it on my feed and was like hm thats interesting, I'll try it for a day and then get rid of it. And literally fell into that rabbit hole. I basically made a carbon copy of myself except several years older and more adventurous more dumb and absolutely no anxiety. I want to delete it, but I just cant stop it here, I'm curious what will happen if I continue, and i cant leave Soprah hanging lmao, and dont forget Larry, the pet fish I saved from the brink of death. but at the same time this is a terrible use of my time for just pressing buttons all day. When instead I can actually do all that shit in *real* life. How do I stop myself, I want to but I want to see how it ends, it's like trying to quit a story game midway through the story (I did that with half life, still guilty to this day)



However if that stupid app taught me anything is that life is short. Like seriously, if your thinking of doing something? Go frickin do it man! A sport? A hobby? Anything*! (*anything that is both legally and ethically sound). You will never know how much you missed out until you realised.. oh shit.. I'm (old) years old now. So I guess it probably slightly increased my confidence in doing shit in real life.. but at the same time.. it's still unhealthy and addicting.. I'm gonna finish that one life and then delete it and never look back. That's today's episode of DavoMcBones rants"
TangerineSuperb2640,A person with brown hair cant love a person with black hair,0,0,0.25,0,1743780297.0,False,t5_2rjli,Who agrees someone having  brown hair cant be in love with someone with black hair?❤️
CranberryOk5162,i deadass don’t wanna go to college,0,11,1.0,0,1743719796.0,False,t5_2rjli,"all i want to do is work a night shift job anywhere and live off minimum wage in a shitty room i rented with roommates for the rest of my life because everything is too stressful and i’d rather turn my brain off

am i cooked"
number8ballalt,Documenting my weird ass dreams part 1,0,2,1.0,0,1743752947.0,False,t5_2rjli,"It had like 5 parts or something, one was where all the Transformers united to go against their rivals (I forgot those guys' collective name) and ambushing them by flying through clouds and pulling up with a lot more units than the enemy expected. Cut to some weird clear dream-like town, just one floor square houses with little space between them, my parents' car parked before a church and weird rubber foam like stuff on it, that I apparently had to clean off. Cut to some notably stupid girl trying to find her way to the place she's supposed to deliver a pizza to(???), going up and down stairways, not finding shit.. Suddenly she's in some sort of maze with dark opal greenish walls, shone down on by a sunlight source that always came from the right side, and every turn she takes, she sees more invisible silhouettes of men walking toward her, like schizophrenic apparitions, behind which the walls are slightly misplaced by the law of refraction. Cut to two Bloons TD monkeys sitting in a plane, fighting some blue-yellow Skylanders type bird, one of the monkeys has an alarm clock with three fruit machine slots, hits it so it spins, and this chooses their weapon. It actually lands on ""100 100 100"", but the monkey says ""100000 dollars is a bit much, have this hammer, wack 'em"" and hits the thing so it instead lands on three yellow hammers, of which one appears for them to use. They throw it at a black LEGO jet, but the pilot catches it, and throws it back to the plane which is now occupied by a LEGO minifigure of a combination of Will Smith and a Looney Tunesy LeBron James??? I could draw sketches of this and show them after the weekend, and I honestly really want to, cause this shit is fucking insane. Lastly there was a dark room, in which there was a person. I did not ever see him, but I somehow knew that it was Jesus. Like Jesus Christ. He was playing a LEGO board game and was trying to roll a 2, in which he only succeeded upon throwing two dice, which landed on specifically 2 and 4. "
efaefabanefa,I'm in the hospital and my doctor ordered me a pizza.,0,9108,0.98,0,1743593768.0,False,t5_2rjli,Hell yeah
No-Juggernaut3133,Arch angel triumphant over the devil,0,14,0.95,0,1743714761.0,False,t5_2rjli,ITS ONLY MY THIRD PAINTING. but criticism is greatly appreciated 😋
God-2008,Can you please join this subreddit I made?,0,0,0.5,0,1743766140.0,False,t5_2rjli,https://www.reddit.com/r/unclestevelove/s/3GdHCuUh4B it’s funny in my opinion 
Late_Prize3546,Confession: im addicted to gacha game damage showcases,0,1,0.99,0,1743765846.0,False,t5_2rjli,"i cant stop watching them, theyre just so...>!addicting. they use every support in the game and hit 1 skibidillion damage its like a toxic ex manipulating me to come back and i always doooooo. T\_T!<"
Crystal-Tsuyoshi17,I'm pregnant and your mother's the father.,0,1,0.6,0,1743765797.0,False,t5_2rjli,Sorry you had to find out this way😞
PurplePANdaL09,im scared of myself,0,3,1.0,0,1743744055.0,False,t5_2rjli,"uh ik i have power, and the thoughts rn r racing (bad ones, and reminding me of all the bad shit that happened today)

I don’t wanna go to sleep but i have my co-op tmr and i don’t want to go bc i don’t want to deal with anymore people- people today was too much and it sucked

Preface: my sisters name is N and so is my friend (mad at her rn tho). And im also just over sensitive due to iv already got sm going on and almost cried while around people today (and shed a few tears in the car omw back from acting group)

All the shitty things that happened today

n(sister) abusing me (multiple times)

Friend calling me out for that ONE TIME- 

N (friend) calling me gay w H (friend at acting group) when i was just giving her a hug & eye contact. (N is major Christian, found out abt me having a GF in 2023, got angy with me for it and keeps bringing it up occasionally when i REALLY don’t want it brought up bc i cry).

I was already crashing out and that made it SO MUCH WORSE- (the point that im crying over how shit i feel and today)

 (Bsf’s mom was abouta go off on her tho for even MENTIONING my past)

People being loud

Got overstimulated & non verbal

Saying bye to H (friend at acting group)

bullied

Getting cut out of my big scene…again (we switch roles around and get to say other peoples lines)

Im so fucking stressed over school (writing assignment, and JJ lines)

People thought i was my sister multiple times and thought they had given/i had already signed when i hadnt yet…

My Mom being mad at me (idk if she even knows abt me not eating all my food even yet, bc i didnt eat everything at acting group and idk if my thermis was cleaned out or not i just didnt want anymore

even tho ik they didnt mean it, bsf roasting me saying something abt my bangs hiding my hairline. And my chosen name being a stream of water… which like ik i was supposed to take as a joke but my stupid tism ass doesnt take it as a joke. They kept telling me to roast them back but at that moment i wasnt fully verbal and i didnt wanna be mean to them bc ik if i did they would roast me more 

i hate my life and want NO NAME, NO NOTHING. SCREW EVERYTHING FUCK ME- (crashout)"
Saaaaaaage,what are your thoughts when you see attractive people ?,0,1,0.67,0,1743765446.0,False,t5_2rjli,"me personally, i just think ""Damn 💔"" and try to glance at them ocasionally if they're in the same area as me (eg. school, social event)"
stick_of_milwaukee,Day 3: no porn,0,6,0.8,0,1743730354.0,True,t5_2rjli,"By far the hardest day of any of my quiting attempts for some reason, but nevertheless I persevered and will continue to persevere. How is Cute poop6 doing today did you make it to your third 3rd day? Idk if I will make it to day 4 if it keeps on getting this bad but we will see"
hamburgeryumyum,reddit nation anthem lyrics (2 bars),0,1,1.0,0,1743765234.0,False,t5_2rjli,"here are some lyrics for this umm reddit nation song im making type shi.  
shi  
  
Reddit nation, we're on top, we're the best and no one else is because they're not dank and have bad memes and frick instagramma and tiktok yo

and also x (which went by twitter) we dont like it because its not fun and their apps dont have a downvote button which means that they aren't as cool as we are and we're the best

anyways im not done yet  with the song im honestly js bored and sick rnn  so ye, but I hope u like this  initial draft or wtv cuhh"
ObjectiveExpress4804,i missed out on teenage romance,0,3,0.8,0,1743743757.0,False,t5_2rjli,"sometimes i get grief over the teenage romance i never had. all the things that were supposed to be normal—passing notes and texting, hand-holding, first kisses, staying up talking someone who actually liked me back—none of it happened for me. not because i didn’t want it. but because i wasn’t allowed to want it.

my parents were strict. my religion was stricter. “no dating until marriage.” and “wise kids don’t do that.” so i listened. i followed the rules. and now i’m older, watching people talk about their silly high school crushes and their coming-of-age love stories, and i just… have silence. a blank space where memories should be.

and it hurts more than i let on. because you don’t get those years back. there’s something uniquely tender and clumsy about teenage love, something raw and formative. and don’t mistake me for a pedo but teenage bodies are hot in a different way—my own included—that’s not so anymore. i missed it. not by choice, but because i wasn’t given the option. i can’t even watch coming of age movies it hurts so much sometimes.

i know it’s not too late. i know love can still find me. i tell myself that often. but it won’t be the same. it won’t be slow dancing at a school party or sharing earbuds on the bus. those versions of love are gone for me, locked in a timeline i never got to live.

still… i’m trying. trying not to be bitter. trying to believe that maybe the love i do get, whenever it comes, will be sweeter because of everything i’ve carried. maybe not teenage love. but maybe something deeper. something that still feels like magic.

i hope so, anyway"
kinuski_kissa,"If there were no laws (for you only) for a day, who would you kill and how?",0,3,1.0,0,1743743752.0,False,t5_2rjli,"And dont worry about hiding the body or anything, whatever you did on that day will not get you arrested"
AceAlex__,To any people in a relationship right now.,0,0,0.3,0,1743786443.0,False,t5_2rjli,"This wonderful, beautiful, pristine planet that you have the privilege of walking on will outlast your silly romantic relationship by eons. You believe your love is so powerful, but in reality, it has no effect on the grand scheme of things. The world will go on, with or without you. Earth'll keep on spinning, long after your love has faded and your existence has been erased from memory. Nothing will be left of your relationship, but Earth will remain. Spinning, orbiting, and everchanging."
GayTrash_Panda13,i don’t know how to help my friend,0,2,1.0,0,1743751337.0,False,t5_2rjli,"i just found out that my bestie just got expelled from her school and i don’t knows what to do. she’s only 14. they have been smoking so much weed and skipping school and won’t talk to me that much cuz 90% of the time she is high. she also lives with a dad that doesn’t care about any of that and enables that behaviour. she is my best friend so i don’t know what to do. i don’t know how i can help her. it’s not too late for her to go to another school, she is only in grade 9, but she said she doesn’t want to get her shit together and she can just die on the street."
RestaurantFit4892,How y’all doing?,0,2,1.0,0,1743751294.0,False,t5_2rjli,Am good but i have stiches on my leg after doctor removed fibroma on my leg
Iainiwakura,I love my boyfriend,0,0,0.4,0,1743764785.0,False,t5_2rjli,"we haven't been together superlong but ice known him for a long time and he's just the sweetest, I wish we could hang out all the time yknow abjdgjsbxshdhghd"
lordnigo1,Nightmares on melatonin,0,1,1.0,0,1743764659.0,False,t5_2rjli,so ive been taking these melatonin gummis to deal with insomnia but now i get nightmares everytime i sleep while taking them can anyone relate?
Affectionate-Ant8872,What do I do?,0,1,1.0,0,1743764580.0,False,t5_2rjli,"Yesterday I declared my love to a girl in my school, abd she said she feels the same about me but she's not ready and doesn't want a relationship by now, what I'm supposed to do 😭
We text everyday but I think she's losing interest in me"
Bob_The_German_Guy,I’m fucked,0,3854,0.98,0,1743604542.0,False,t5_2rjli,
Mercury_Dumbass,I just had the best nap of my life.,0,2,1.0,0,1743750842.0,False,t5_2rjli,"Like, I was crushed by my matress, becuase I decided it was a good idea to sleep under it, but being compressed was actually very comfortable."
NeonEvaUnitIkari,I'm inlove with someone but I'm in a relationship.,0,1,0.67,0,1743764204.0,False,t5_2rjli,"For context, me(16) and my girlfriend(17) have been together for 9 months and during those nine months, nothing unhealthy happened. No toxicity, no fighting, nothing. I always brought her flowers, chocolates, and any type of gift I thought she might be interested in. She would sometimes do the same, not as much as I would but she definetly gave something. Come last month, me, this girl from class(16), and several other classmates were brought together by videogames. During our time playing, I developed feelings of being understood from her, my jokes she always knew where they were from even the very niche ones. She also reciprocated with the same humor. Things I've NEVER felt from my girlfriend. My girlfriends is older than me so our humors are completely different. I couldn't relate to any of her jokes. What's more is that, I've known this girl for a while and been friends with for a long time, but recently I have felt attached to her. I love my girlfriend but I never found that connection with her, all my jokes completely went over her head. We are too different. I feel angry at myself for even considering this. I want this to stop. I've taken measures to stay away from this girl, I've blocked all her socials but the feelings remain. I haven't told anyone about this yet. How do I fix myself? "
Immediate_Rich8698,I just wanna do my homework 😭🙏,0,10,1.0,0,1743719135.0,False,t5_2rjli,Like all I did was pet her ONCE 💀
Noicey_Boi_67,I failed as an older brother,0,4,0.83,0,1743742473.0,False,t5_2rjli,"Yesterday my younger brother and my younger sister went with my step mom (their mom) to watch the Minecraft movie before it actually released. (I think they got preview tickets) any who, I asked my younger brother if we saw any cameos like DanTDM. And he asked me... ""Who's that?""

I that moment I realised that everything I have done for my younger siblings has gone to waste, these Gen alpha kids have no bloody clue on the Goats 😭"
Imbored80400,I don't even know what to feel about this anymore,0,2,1.0,0,1743750396.0,False,t5_2rjli,(15m)in all honesty I was beat by my dad till I was about 7 or 8 and he did all types of other things like kidnapp me twice hack into all my family's accounts take my mom to court over 104 times harras us violate my sisters restraining order etc and I was in all honesty i was a complete asshole about it for my whole middle school years and I was completely alone because of it and I hated that so I kinda just made myself get over it I even pretended I forgot I was on suicide watch that kind of thing and after I did that I made tons of friends got into the gym all of that but it still effects me I still have ptsd that hasn't been treated in a long time and I feel like I have no one to reach out to because all of my friends will be assholes about it or atleast I think so because they all hated me and talked shit behind my back before I pretended it didn't happen and I don't want to put my mom through that again and I don't want her to worry about me and I hate feeling like a burden and I don't know what to do about my nightmares about him or my feelings I still even get the rare flashbacks of what he did and I just don't know what to do anymore I feel  like less of a man when I talk about it I feel weak like a burden and just a bother I also just shut down anytime I am able to talk about how I feel my grandpa died recently and he was the closest thing I had to a dad after what he did I lived with my grandpa to and I haven't talked to anyone about how I really miss him or how I feel about him passing other then one time when I was drunk and no one even remembers I did and I don't know why but I just can't seem to open up to any of my friends they have to me I've had a couple friends cry on my shoulder but I just can't seem to do the same 
Lower-Computer-5687,I get this is a weird question but why does “it” go up when I’m constipated,0,1,1.0,0,1743763827.0,False,t5_2rjli,Like in all seriousness why does “it” get somewhat “up” when I’m fighting the brown demons on the toilet
AgreeableLunch7962,My life is going nowhere 🙃,0,3,1.0,0,1743742245.0,False,t5_2rjli,"TLDR: I'm an 8th grader failing school and I don't think I'm ever going to succeed academically. My mental health has gone to shit but my school doesn't care. My classmates call me autistic and mentally troubled. Any advice is appreciated. 
TW: mental health topics

I know what I'm about to rant about is gonna seem very #im14andthisisdeep but I'm genuinely so drained. I'm at the end of my 8th grade so I'm turning 14, but I am somehow still failing. Everyone says middle school is just for having fun and relaxing but I am struggling to keep up. I'm in a gifted class and I've missed 2 months of school this year all together. I barely do any assignments and when i do they take 3 week minimum. I don't know what's wrong with me. I really struggle with waking up and falling asleep, but some days I wake up and just don't go cause i dread being screamed at by my teachers and being judged by my classmates. All my friends from last year either moved away or are in different classes, I'm the only girl from my class last year in my class this year. The other girls in my class never sit with me and actively avoid sitting next to me. They'll fight over who has to sit next to me when there are 4 seats at a table right in front of my face. I don't say anything cause I know they'll talk about it behind my back later. The guys in my class are even worse. They ignore me irl and then go on discord and call me ugly, autistic, and mentally troubled. I have basically acted like an expressionless rock this entire school year. After many failed attempts of trying to start conversations and the person walking away from me, I've given up on socializing since the school year is ending soon anyways. I've considered getting a test for ADHD, but I had to get my blood work done first and the lab has not gotten back to me. It has been over 4 months. I'm pretty sure they lost it cause my mom did it on the same day and got it back the day after. I've cried over this many times. I experience existential crisises everyday and it drives me insane. It's impossible to focus on anything when the thought in the back of my mind is constantly ""oh my god im a mortal and im gonna die"". To tune out my thoughts and to experience dopamine, i maladaptive daydream for hours a day. My teachers have called me disrespectful, lazy, and call out my bad test scores in front of the whole class. I feel very abnormal. I don't feel that I'm on track to leading a ""good"" life. I can't the term ""responsibility"" when people try to lecture me on how bad of a kid I am. I believe a responsibility is something you take on willingly, not something forced onto you. Like life for example, or school. I'm grateful to my parents for being supportive but sometimes i think about never being born. I'm glad i can bring my parents joy, but if i didnt have people like them who loved me, id prefer to never have been born. None of the kids in my class are like this though. They all get good grades and are going to expensive private schools or ib. I don't even want to think about highschool since I'm already failing at life so early on. My school puts up posters about mental health and preaches it until there's a student actually struggling. They care until their standardized test averages are getting dragged down and they aren't getting their money from student attendance. Then it's all my fault and I need to be more responsible. I may not be good at school but I know I've always been kind to everyone even if I can tell they don't want to talk to me. Anyways that was a lot. If only I could put this energy into writing my homework 😔. "
Key_Mycologist8961,he's so pretty. omfggggggggggggggggggg,0,0,0.33,0,1743763667.0,False,t5_2rjli,aaaaaaaaaaaaaaaaaaaaaa how can i make him believe he's pretty and cute and i love him???
Sea_Rooster_3471,Guess who is one month clean from SH,0,1,0.67,0,1743763625.0,True,t5_2rjli,"idk what to feel

tbh i dont even write this cause this gives me really bad sh urges 😭"
DarkBlueOtter21,Advice for someone who can't dance for shit,0,1,1.0,0,1743763258.0,False,t5_2rjli,"Hey everyone,

I recently got a gf, and everything is going great. 

we have similar taste in music, but the issue is although she LOVES dancing (I don't mean formal dancing, think more disco and things), as you may have sensed from the title, I can't dance to save my life. While she appears to know what she is doing, on the dance floor, I look like a rat being defibrillated while undergoing rigor mortis. (this is not just me, others agree too.) Musicality and timing are certainly not issues, as \[I believe\] I am of above average musicality and know how to understand songs and timing. 

I would greatly appreciate any advice on what to do, or even some kind of tutorial/information site/video that would help."
UNC_Avery,Dw gang,0,3,1.0,0,1743741490.0,False,t5_2rjli,"Ur not chopped 🌾

We all fw u heavy 😤 

U don't have to sybau or get a job 🦿

Ur good vro

"
VinnyBean1,I found this doodle of me and him from last year😭😭,0,8,0.91,0,1743722251.0,False,t5_2rjli,NAH😭😭
Life_Campaign_1088,Did anyone else TP the bathroom's in elementary school during events?,0,3,1.0,0,1743741410.0,False,t5_2rjli,"When I was younger, in like elementary school (primary school) we'd sometimes have events after school. These girls and I would TP the boys bathroom EVERY TIME during those events because there wasn't very many teachers around or any of the school staff for that matter.

We thought it was fucking hilarious and I still think it is. Did anyone else do that or was it just my friends and I being little shits as kids?

(It came to the point where the bathrooms would be closed during after school events. Sorry not sorry.)"
MoonyDropps,my mom is so angry in the morning 😭,0,1,1.0,0,1743762599.0,False,t5_2rjli,"idk what's going on this week but my mom has just been so cranky??

we share a bed and a room. when i don't wake up immediately she sounds so sassy and its kinda funny, but also not what i need at 6 fucking AM."
OkSession1376,I am so lonely,0,2,1.0,0,1743749051.0,False,t5_2rjli,"All the other viltrumites are scared of me. No one talks to me. No one wants to be my friend. They think I am unstable. They send me from planet to planet committing atrocities in their name and as I get better at it, they fear me more and more. I am a victim of my own success. Conquest. I don’t even get a real name, only a purpose. I am capable of so much more and no one sees it. Some days I feel so alone I could cry, but I don’t. I never do because what would be the point? Not a single person in the entire universe would care."
Phyreboi,"Ladies, ladies, please one at a time.",0,216,0.99,0,1743657647.0,False,t5_2rjli,
Soft_Biscotti_3829,Do women like being spoken to like one of the boys?,0,1,0.67,0,1743762406.0,False,t5_2rjli,"So I’ve been thinking recently that I speak to women that I’m interested in completely different from how I speak to anyone else, I literally change everything about myself to be more appealing. However no women that I’ve actually been interested in has led to anything which makes me wonder is it because the way I talk to them and treat them? Should guys start talking to women more like a friend which could lead to a romantic relationship but then that could lead to being stuck in the friendzone which I never ever want to be in again

(Sorry if this is worded poorly I struggle to articulate my points sometimes as I can’t think of the right words)"
Himanshu_chaudhary_,Yo guys wassup,0,1,1.0,0,1743762194.0,False,t5_2rjli,Wassup guys 
Uncarned,Daily reminder of how much power you have in your hands (Chaotic Neutral),0,1,1.0,0,1743762119.0,False,t5_2rjli,"We should start asking Incels out.

Being an Incel means you're involuntary Celibate, which means you have never been asked out or you're currently single from your partner breaking up with you

However.
If we all collectively start asking incels out and they reject us, it would technically mean they are no longer incels and permanently too, as it was their decision to reject you thus making them voluntarly celibate


Following this logic, it is entirely possible to make incels extinct as a whole.

If they don't reject you and accept? Win-Win, you're no longer single and have a partner.

If they reject you? That's also a win for them, you boosted their ego enough for them to believe that they're desired, thus making them happier, but you also logically forever kick them out of the incel status.

Im putting the art flair because this thought is a work of art. Stay tuned for more 😈"
pigeon-in-greggs,Apolgy for bad English,0,1,1.0,0,1743761785.0,False,t5_2rjli,"Where were u wen club penguin die

I was at house eating Dorito when phone ring

“Club penguin is kil”

“No”"
_newjeans_,should I tell my parents that I have a crush on someone,0,3,1.0,0,1743740033.0,False,t5_2rjli,he likes someone else anyway but y'all can decide for me 😍😍
SeriousDrawing3010,mate who never touches people pratically has gotten alot more touchy this week,0,1,1.0,0,1743761491.0,False,t5_2rjli,Alright so today my mate was fucking tired as hell and during class we wnet outside i layed down (i was tired as well) and my mate layed down as well and fucking snuggled up to me and fell asleep. now note he barley fucking touches people and this week he just randomly picks me up and puts me over his shoulder. i have no bloody clue what is happening and why....any advice? (we are both males)
The_Legend_Of_Ganon,Classmates make fun of my allergies.,0,3,1.0,0,1743740001.0,False,t5_2rjli,"I'm 14 (M) in eighth grade and I have peanut and treenut allergies.

There is a group of kids in my class that have been making fun of me because of it. I'll call them A, B, C, and D, I don't talk to them much but they've made jokes about me being obsessed with my allergies in the past. I'm not this way though, I just take necessary cautions, like carrying an Epi pen with me and asking people to put away food if it has nuts, because I don't want to die.

Everything's all fine until one day during class I'm working on some paperwork when all of a sudden I hear B saying ""I LOVE peanuts"", now this wouldn't be anything of note if it wasn't for the fact that it was said very sarcastically, and mockingly. I looked up and saw them eyeing me and laughing, which I didn't really care about. I assumed this to be a one off thing but they kept on doing it, it was mostly B and A whilst C and D were laughing.

Then on Monday they were worse, D decided to sit at my table group during one of the classes, D and I've never got along well because he was an asshole and bullied me at the beginning of the year, he's great friends with my table group though. So D and a kid at my group are pretending to be really gay and making a lot of jokes, and overall being very loud, my patience was shrinking rapidly. At one point someone poked him watch a dull pencil, and he had a very over dramatic reaction, so I told him that he didn't need to be so dramatic , to which he responded by making a joke about me having peanuts. I got angry at him for this and told him off while he was laughing, some of the other kids around me agreed with me and told him off as well, though most were silent. He said he was sorry in a tone that seemed very fake.

What do I do if this happens again?"
_Joeythegoat_,Ngl listening to Barbie girl at 2 am gotta be the manliest thing u can do,0,2,1.0,0,1743747875.0,False,t5_2rjli,
Amansmac,Y'all tf kind of sinus infection is this 😭,0,3,1.0,0,1743739942.0,True,t5_2rjli,"Marked NSFW bc I think it's disgusting.
 So I have a sinus infection, I got diagnosed, got the meds etc. And like it's centered in my left sinuses, like the left side of my face was swelling, right side completely fine.

So I'm tryna sleep right, AND SUDDENLY IM LIKE WAIT SUM IS WRONG, I RUN TO THE BATHROOM AND I JUST THROW UP MY GUTS, EVERYTHING IS OUT. So I'm like shit I didn't think sinus infections made you vomit, and I try to sleep, THEN AN HOUR LATER IM VOMITTING AND SHITTING MYSELF. 

WHAT THE FUCK, WHAT MALEVOLENT DEITY HAS GIVEN ME THE SINUS INFECTION OF HELL, THIS IS THE FIRST TIME IVE THROWN UP IN YEARS, I DONT LIKE DOING IT TWICE IN 1 HOUR, AND ITS LIKE MIDNIGHT WHERE I LIVE SO IM TRYNA NOT WAKE EVERYONE UP AND JUST WHAT THE FUCKKKKK"
Alioski_LUB,Real. (Found on tt Im not the original founder of this image),0,7,0.82,0,1743726026.0,False,t5_2rjli,
dizzyy_deer,Is anyone else confused by lingo/slang?,0,6,1.0,0,1743726005.0,False,t5_2rjli,"I was thinking about an interaction I had last semester with a guy. We were working in groups and since we didn't really know each other he asked my name. I stated my name and he said ""type shi'"".

It seems like an odd thing to say in response to someone saying their name. I talked to my sibling and they said that he may have been saying that I have a nice name but, if that was the case, why wouldn't he just say that?

I don't know if it's a me being ND thing or just slang for peers my age progressing faster than I can comprehend, which is why I'm asking here!

Thank you for reading through my rambling!"
maaaget,15F want to find international friends,0,6,0.71,0,1743725990.0,False,t5_2rjli,"I'm from Russia and want to find international friends to practice my English. I like watching movies, series, reading books and visual novels. "
Powerful-Gas3161,The school week is almost over 🥳🥳🥳,0,9,0.91,0,1743720271.0,False,t5_2rjli,
Fit-Cycle-2723,Guys this is what people from other places think of us Americans:,0,3,1.0,0,1743739284.0,False,t5_2rjli,"Read this in a country accent. ""Hey Bob you wanna take your 20 inch lifted truck out in the middle of a storm and go hunt some deer with our 22? And while we do it we have to take up the most room physically possible."" "
TrashCan5834,i wish i could do backflips 😔😔,0,3,1.0,0,1743739145.0,False,t5_2rjli,instead i gotta be some peasant 💔😔
Opposite_Newspaper67,best games to play stoned???,0,2,0.67,0,1743746982.0,True,t5_2rjli,gang im bouta light up i need something good to play what should i hop on?? 
Dry-Bar-2954,Guess what time it is,0,4,0.83,0,1743739009.0,False,t5_2rjli,It's freaky time 😝
dejzio00wo,It’s my birthday today,0,23,0.97,0,1743698340.0,False,t5_2rjli,"Birthday

Today it’s my birthday Im celebrating 17 years old 🥳🥳🎂 wish me all the best:)"
partisancord69,The true battle of a teen dude.,0,0,0.5,0,1743760238.0,False,t5_2rjli,Battling between liking femboy reels since if anyone else sees my like that means they are watching the femboy reel and trying to hide the fact I watch them.
thelibsterr74,my mom surgery went well yipeee,0,13,0.99,0,1743713290.0,False,t5_2rjli,she coming home in a day or two the doctor said. Im gonna go to the hospital tommorow to see her she was too sedated for it to matter if I was there today anyway
jskcvfq,"To all the boys- would you ever date a girl ""below your league""",0,11,1.0,0,1743713270.0,False,t5_2rjli,"Just a simple yes or no, no judgment (unless you want to elaborate on your opinion)

Tbh I don't think I've ever seen good looking guy with ""ugly"" girl but so many beautiful girls with ""ugly"" men

"
Hairy_River4035,My parents took away my GeoGuessr 😥😥😥,0,355,0.97,0,1743645354.0,False,t5_2rjli,
jellyfish_testes,How do I balance out eating and playing?,0,1,1.0,0,1743759844.0,False,t5_2rjli,"In school, I have a hard time balancing out the two. During Recess I, i’m not hungry but my friend is, so we can’t play (badminton). In Recess II, i get hungry so I only eat a few bites and go off to badminton. Afterschool I feel guilty for wasting food and I need help on this

We have 30 minutes per break and then around 2 hour of two periods"
redshift739,What stats do you want included in the end screen of life?,0,8,1.0,0,1743721778.0,False,t5_2rjli,"I want eggs eaten, money spent and earned, height jumped, and number of times I had a near miss, along with my ranking of those things

I also want to finally know whether there's more doors or wheels"
Sad_Gas8157,My advice to boy obsessed girls,0,0,0.49,0,1743773225.0,False,t5_2rjli,"stand TF up and get a hobby. or a job. No that 5'5 fifa playing loser you met on snapchat is not the love of your life 

edit: the height police is here Im not height racist guys I love short people and even know some personally🩷spread love guys "
yesterdays_patatas,my close friend and I both like the same guy...,0,3,1.0,0,1743738204.0,False,t5_2rjli,and we're totally chill about it cause who's gonna throw away a friendship over a dude?? NOT US! i love my friend bro
corny-time-bois,the Minecraft movie is a work of art.,0,4,1.0,0,1743732450.0,False,t5_2rjli,"The movie was more than a masterpiece. It was beautiful. It was soul-touching. It was a true movie, what any creator should strive for. At the theater, it got a 10 minute standing ovation at the end. When Steve said ""I... Am Steve"" there was a five minute applause. It was true beauty, true and pure amazingness."
SnooMacarons2425,My girlfriend's abusive and controlling dad(stepdad),0,2,1.0,0,1743745331.0,False,t5_2rjli,"My girlfriend and I are 16. I'll lead by saying that my girlfriend's parents have always been strict. Her fully related brother from her mom's first marriage is about 20 and away at college. She has two younger half siblings, who are 7 and 9. Her biological dad is a drunk and not very present, but was still there until she was 9, when something happened between them and her mom moved away with full custody. Her mom divorced him when my girlfriend was 2. Her (unemployed) stepdad does the absolute minimum to help around the house because he just does not want to while making my girlfriend do all the chores that her mom, who is very busy with work most of the time, doesn't do. This includes forcing her to stay home most weekends to watch and take care of her siblings because her mom is working and her dad doesn't want the ""burden"". Now, here is the really bad part. He wants complete control over her so that she has to stay. He says he loves her but from what I can tell, he just wants a housemaid and a babysitter. My girlfriend almost never lies and is very genuine, but she hides some personal things from her dad because he is very judgmental. This can range from body shaming to getting mad because she has a B+ in a class instead of an A. One day, she stayed after school to get help with one of her subjects, as she always did twice a week, and lost track of time, missing the bus. Her dad first is aggravated by her texting him she missed the bus, but absolutely blows up because she was doing school work on a bench 5ft outside the class instead of inside(the teacher was there with her). This started a spiral of absolute paranoia in her dad. I have no idea where It came from. He accused her of lying, saying she was up to something else, taking away her phone, going through all of the stuff on it, and grounded her for another 4 months(after she had been grounded for 3 months for having a D in math, which never really ended but just kept getting extended ...yk... for control). She was not allowed tex or contact anybody until recently when she was given a 2 hour window, from 6 to 8 pm, to ask for school help from friends, but she is not allowed to ever contact me. He sees that she deleted text messages and calls her a liar for hiding something even though I know 100% it was nothing bad, and she was just worried he would see something and judge her more for it. He interrogates her later that night and somehow forces her to tell him that we made out a couple of times after school when she was supposed to be studying(oh nooo, high schoolers making out, soooo terrible). For context, this was not the same day, where she was actually telling the truth about studying outside the classroom, and this only happened because we both had extra time and the teacher had left to coach tennis. That night he called her a whore for kissing me, her boyfriend of 5 months, and a r\*tard for not doing well in her classes. This destroyed her mental health and her friends reported it to a school counselor behind her back, in her best interest even though it backfired in the short term. The counselor noticed the cuts from self harm on her wrist, an ongoing problem because of her family, and puts her on moderate suicide risk(an understatement). At that level, the school has to contact the parents.....and her dad shows up. He says the self harm is because of the stress from school and social media, which she is barely allowed to have. My girlfriend looks at him and says ""No, it is because of you"", the first time she has ever admitted it to her dad. He says, ""Yeah, that is what you like to think"" and shrugs it off, because he is obviously a perfect person. This all happened about 3 weeks ago and my girlfriend is thankfully still alive but her will to live is slipping and I can only do so much because her dad made her break up with me for some reason. We didn't, so I can only talk to her at school because he can see everything on her phone. My girlfriend's mom has been gone a lot for work trips, so her dad is fully uncontrolled even though her mom only did a little to help. He looks at her like a lost puppy that he wants nothing to do with and when he actually talks to her it is a jab or a command. He continues to call her a liar and make up stuff even when she hasn't done anything. For example, he couldn't stalk her phone from his anymore and blamed her for blocking him out of her account, even though she did nothing. I am at a point where I just want to help but I have no idea what to do and her friends share this sentiment. We have said she can stay with one of us if it gets that bad(which we think it has), but she feels stuck and has convinced herself there is no way out. I keep telling her it is going to be okay but it only seems to get worse and worse. Please, I just want advice to help her, cope with my feelings of worry, and make sure she stays alive."
Mundane-Ad-5961,Enjoy life :),0,4,1.0,0,1743731368.0,False,t5_2rjli,"I just got out of a toxic relationship with a really bad friend because i had a crush on her, and i never left because i was lonely.  I was manipulated, lied to, insulted, and pushed away alot. But i did stop being friends with her just a few weeks ago, before I was pretty suicidal and things like that and sad, but I stopped being friends with her and honestly my life couldn't be better right now. I have great friends, I'm healthy, all my hobbies and activities interest me. And my grades have been doing a lot better. I even found out a girl that I've been friends with for a while likes me, and I used to like her, so we're dating rn too. Enjoy life while and if you can. And if you ever find whats keeping you down, make sure that it's out as soon as possible, because my life couldn't honestly be better, and I'm grateful and thankful for everything that I have.

So just a reminder: enjoy life, you're doing amazing, and you look great today :)"
NicoRobin747,No wanting to start one piece cuz it's too long is a HUGE red flag,0,3,0.67,0,1743744866.0,False,t5_2rjli,One piece is only like ~1100 chapters but like marriage is forever how tf u gonna deal with that
Newlifeisgreat,Post drought,0,1,0.99,0,1743758380.0,False,t5_2rjli,
thelibsterr74,how much tylenol is safe to take without getting sick bro i cant fuckign do this it hirts,0,3,0.71,0,1743736715.0,False,t5_2rjli,
Dry-Dream-7207,are some people really dumb enough to post on here after being active on þorn subs?,0,9,0.92,0,1743713113.0,False,t5_2rjli,i had to report an account cuz he was active on a nsfw sub and then made a post on here asking to talk to teens 💀
The_king_gubbins,Imagine signing divorce papers with these tho 🔥🔥🔥,0,159,0.98,0,1743658797.0,False,t5_2rjli,
Comfortable_Film_433,Anyone feel this way?,0,2,1.0,0,1743744305.0,False,t5_2rjli,Do you ever feel like you want to tell someone like your parents or friends something but you keep stopping yourself for one reason or another even if you know you can 100% trust them to help you no matter what? Something like a problem you have or something you noticed happening.
IllLingonberry7903,Im having my finals 🥀 🥀,0,2,1.0,0,1743744288.0,False,t5_2rjli,Im so nervous im gonna have it in an hour🥀🥀 kill me already🥀😵‍💫😭
_TypicalLynx,Why are attachments no longer available in this sub?,0,1,1.0,0,1743757752.0,False,t5_2rjli,"It was available a while ago, curious what happened to it."
Nova_Kale,I saw a guy,0,3,1.0,0,1743736124.0,False,t5_2rjli,"Eating pizza with Nutella and M&Ms by himself.  
How?   "
Newlifeisgreat,The last post was posted 13 minutes ago :p,0,1,0.99,0,1743757587.0,False,t5_2rjli,
Key-Bandicoot-9306,I have been having some thoughts lately,0,2,1.0,0,1743743592.0,False,t5_2rjli,I have been having suicidal thoughts lately because of things that I do I’m a jerk to my parents I hit my siblings I yell at everyone including my friends because of anger issues and some mental problems I don’t mean to but I still do it and I just feel that they will be better off without me. I don’t know if anyone will really care about this post but I’m really close to doing it and I don’t know what to do because I’m scared I don’t want to do it but I think it will benefit everyone if I do.
thelibsterr74,hes so confused i feel so bad,0,6,0.87,0,1743725422.0,False,t5_2rjli,"hes acting weird and peed on the deck when he usually doesnt do that and when i tried to give him a treat he spit it out :(

my dads with my mom in the hospital and usually both of them are home so hes so confused rn"
Nice-Funny-1513,why am i not having the teen experience,0,2,0.75,0,1743742689.0,False,t5_2rjli,"it feels like everyone around me is like getting into relationships & finding teenage love and stuff like that, and for some reason its not happening to me. like all my friends have gotten into a talking stage or had something like that happen to them and it just makes me feel so like ugly because why not me?? i dont think im very ugly but i know im not like a baddie or whatever, and i swear people who have the worst personalities who have done me dirty are literally in relationships now too. no guy has ever liked me, never been in a talking stage, have barely even talked to guys tbh which is lowkey my fault. but i was like kind of saying this to my friend and i was like be honest why do u think the reason is, and she basically said i think its because you just cant really talk to guys, which i know, and then she said if you try and find a guy make sure to do it without ur bsf because shes prettier than you. honestly i wasnt even mad because i knew this already, like i know shes better than me, which is fine. i really dont care about that, but now its like every time we are together it feels like other people think im kind of like the weird best friend or whatever. and im also like trying to work on myself nd my health, im like in the middle of losing weight and guys i literally lost 10 pounds but im so serious i barely any difference. it took me llike 4 months, and i look at old progress pictures and i look the exact same. and its not even because i was fat, like i was at a comffortable size M, so if i lose that many pounds shouldnt i see a bigger difference?? also dont woryr im not doing it like unhealthily or in a disordered way but yeah idk i just feel so so so behind evertone else loike im going to be in senior year and im scared im going to go into college without any experience or even like a guy liking me. i dont even dress like a bum or show up to school absolutely in pajamas like i dress decently. but yeah that was all over the place thanks for reading. and also my life is so boring guys i literally read for fun. okay. like seriously. i dont do shit and it just feels like im hella missing out on the most fun years of my life. but like im happy i just like. im like bro is there a problem w me cuz."
BeautifulOrganic3221,Blood pouring out of my belly button,0,1,0.67,0,1743756057.0,False,t5_2rjli,I done got my comma bruh 💀 
UltraPrincess,a spider just crawled across the small light on the other side of my room and cast the biggest shadow I've ever seen,0,2,1.0,0,1743742398.0,False,t5_2rjli,I almost just had a heart attack that was genuinely terrifying
newzealander2007,"Are Polynesians considered black, brown or tan?",0,1,1.0,0,1743755833.0,False,t5_2rjli,
Newlifeisgreat,"Why did chest pain (I love) by Malcom Todd randomly become popular, Everytime I open tik tok I hear it",0,1,0.99,0,1743755690.0,False,t5_2rjli,"I LOOOOOOOOOVE, I LOOOVE, I LOVE, I LOVE, I LOVE"
Particular-Sun2461,"Should I off myself for looking like I do? I know younger people are more honest, so be honest guys!",0,0,0.4,0,1743755683.0,False,t5_2rjli,Look at my profile to see my ugly mug. 
Alone_Actuator_8171,Should I ask her to be my gf?,0,1,1.0,0,1743755456.0,False,t5_2rjli,We have gone out 5 times all have been great we have held hands and kissed. We are going out later to the spot where we first kissed. Do you think I can ask her to be my girlfriend if so how can I ask her without it being awkward.
LowkeyChilling27,Guys is this it did i win,0,1,0.67,0,1743755425.0,False,t5_2rjli,"bf's mom invited me to a 5 star pizza place and i was so nervous and i got interrogated BUT his mom has been sending him to school with gifts for me for the last couple days?? (think jewellery, vintage clothes, cakes, etc.) i think i passed the test??"
kal_user_dark,Man how do tell my crush i love her,0,1,1.0,0,1743755309.0,False,t5_2rjli,"We being hanging out since  7th grade we are in 12th and i m her *bestfriend* ,but i don't wanna be one😭😭 what do i do

SHOULD I BECOME GRIFFITH 🤔 "
ChenfordLifer,i need a comeback for when someone hits me with “I’m not ur mirror”,0,1,0.67,0,1743755306.0,False,t5_2rjli,i always get defeated in roast battles with this; i need a rly good comeback 😭 
Far_Potential1471,Help me boost my confidence TvT,0,2,1.0,0,1743741495.0,False,t5_2rjli,"I’ve been wanting to boost my confidence for a while now, especially with my physical appearance. My face looks fine, but it’s my body im insecure about. I’m 5’2 and weigh about 115 pounds. No matter how much weight I lost I could never seem to loose that lower belly fat or at least flatten it. 

I wanted to know everyone’s tips for losing weight and achieving a decently flat stomach. All the girls my age or height either starve themselves or drop weight in unhealthy ways, so I wanted to know if there are healthier alternatives and possible workouts that could work well. 

It may sound silly but I would appreciate the help!☺️"
Shockwave1824,Am I selfish,0,2,1.0,0,1743741455.0,False,t5_2rjli,"Last night my partner broken up with me and currently I still want him back, idk if it's right but I want him, he said that it's going to be fine for the long term and he told me to forget everything about him (long distance relationship), idk how to cope with this since he was the only reason that I stayed alive for, I trauma dumped him too much and I kinda a perv to him, I'll never be in the same relationship with someone like him again it's impossible. I'm too unstable, I'm suicidal a yandere and a Loli."
zaylierose88,april is autism acceptance month.,0,10,0.92,0,1743709957.0,False,t5_2rjli,i guess it’s time i just accept my autism and movie on 😞
UltraPrincess,I feel... good,0,5,1.0,0,1743727772.0,False,t5_2rjli,"I haven't been happy and sober at the same time in years, this is so weird I love it"
Due_Invite_8541,I want a developed brain,0,3,1.0,0,1743733189.0,False,t5_2rjli,"Dude like, everytime I hear that brains stop developing at age 25 it just pisses me off bc does it mean I can't take any good desicions until middle age? What if I f up my life and I don't realize until I'm older? Things are weird "
Spirited_Wiccan_13,Class Research Assignment,0,1,1.0,0,1743754358.0,False,t5_2rjli,"Hi everyone,
I'm conducting a policy impact analysis case study for my Poli Sci class on the effectiveness and potential unforeseen outcomes of policies using the T21 law and state flavor bans on vaping.
To gather primary evidence, I've created a short, anonymous survey, and I'd really appreciate your input.
Whether you currently use or have ever used vape products, your responses will help me analyze how these policies have impacted access and use. The survey only takes about a minute, and every response helps strengthen my research!

https://forms.gle/iv3qa9vxjvcEKboRA"
BobcatOk9329,Why are there people wishing they're in a relationship?,0,1,0.66,0,1743754271.0,False,t5_2rjli,"Honestly, I think it's fun being single right now. You have more freedom, independence, personal growth, less demandments when out with friends, and priorities. Although, later it's actually more fun being with a partner. I feel lonely without an actual partner. The thing is, I'm 19 years old and still don't have a girlfriend. Please spend as much as you need to work on yourself first, then time will come.

You all will get a partner one day. <3"
tonysmbf,i hate rich teenagers,0,12,0.87,0,1743707160.0,False,t5_2rjli,"my birthdays coming up and here comes another year of me lying about what presents i get. i seriously cannot deal with these girls because they’re here complaining about not getting all the 26 fucking things they had on their ‘birthday list’, how tf am i meant to tell them i don’t even get a birthday list? how do i tell them that i get one present on my birthday which obviously has to be within reasonable price range and it comes from my parents?

and this isn’t me being ungrateful. i love the presents my parents give me but i hate the looks i get from these girls when i tell them i got something and they’re just waiting to hear the rest of the presents. 

and this doesn’t only apply for birthdays, this is for christmas and apparently easter now too? like why tf are they getting presents on easter? why does it matter if i dont get presents on easter? and same as birthdays on christmas, they can’t comprehend I don’t get a christmas list and that i don’t get presents from like all my 117 ancestors.

edit: idc if these girls get 500 gifts for their next birthday. what pisses me off is when they make it seem like they would be sad if they lived my life because I don’t get that much. ik ive made it seem like i’m comparing myself to them but i’m not trying to "
purpleshrek12,My family wants me to break up with my girlfriend (I’m 13),0,1,1.0,0,1743753727.0,False,t5_2rjli,"I’m just gonna say that she didn’t do anything wrong or illegal but I’ll just give a brief story on what happened.

My girlfriend broke up with one of my best mates a while ago while I was tryna get with a different girl, I failed with the other girl and she side swiped me and then rejected me

After this, my mates (including the one that my girlfriend broke up with) said I had a better chance with her, we were really good friends me and her so I asked her out and she said yes

I told my older brother the next day and he got extremely angry at me because he knew the girl and exactly what happened between her and my friend, my brother pulled the dog move of telling my mother and then she was against me as well 

I love this girl and don’t wanna leave her, any tips on what to tell to my family?
"
BigPuppyk,Tell a funny story or smth,0,2,1.0,0,1743740060.0,False,t5_2rjli,I’d like a good laugh
Reddit4Biya,It has been raining for hours 🗝️,0,33,0.93,0,1743683021.0,False,t5_2rjli,
Gothcracksmokker996,Any music nerds here,0,7,0.73,0,1743715481.0,False,t5_2rjli,I like all sorts of music if you like music we should definitely be friends and yeah. I also produce music 
Smart-Cat-8313,i hate gen alpha,0,8,0.79,0,1743712777.0,False,t5_2rjli,"i hate gen alpha they are so annoying, all the screen time and processed food has gotten to their brain. my brothers gen alpha and he’s litterly insane why do they all think they are the funniest thing ever and why do half of them claim to be gen z?? like sorry bud the cutoff is 2010, if your born in 2010 your gen alpha 🤣 they are so gross as well with their nasty ass ipads covered in food, blasting their weird ass youtube shorts. and they are also so rude and think they know everything because of google or whatever, and it’s the worst when i run into one in a game, i can instantly tell with their raspy voices that sound congested. anyway sorry it was just a rant. 

edit - don’t even get me started on the girls though, the sephora gen alphas who basically DESTORY the store and ruin all the samples, like bro ☠️☠️ and im a cashier (not at sephora just a store) and all the time when they pay they always don’t have enough and it wastes everyone’s time, or they pay with a bunch of coins it’s so annoying and why are they always laughing when they have to pay when their with a group of friends?? like what’s funny? ☠️"
lydiatss,y’all ever get crushes on the same gender but like you’re not gay,0,2,1.0,0,1743739685.0,False,t5_2rjli,like i’m not gay but i would 100% smash scarlett johansson or billie eilish no doubt 
weirdpotato3,I swear quizzez hates me,0,3,1.0,0,1743731712.0,False,t5_2rjli,
DelstarsLive,What do you think about this?,0,2,1.0,0,1743739567.0,True,t5_2rjli,"This is a throwback to when I was in high-school. I remember when I was in social studies class, learning about general sex ed, there was always this crazy debate in class about whether or not it is okay for minors to have sex.

I was against the idea, since it seemed like the moral and legal thing to do would be to wait till you're 18(where I'm from) to avoid being stigmatised. And there are other complications, like teenage pregnancy, which is an entire problem on its own. Not only because it's a health risk and can ruin the life of the mother but also, premature parenting is something commonly associated with the increasing rate of poverty in my country unfortunately.

But, thinking back on it now, my classmates did have interesting arguments. Such as hormonal imbalances, being curious about how it feels, and other points I can't remember of the top of my head. 

Seeing as I was in a mixed boarding school with some hefty restrictions, I remember thinking to myself that those in favor of the argument just wanted the teacher to validate them trying to sneak out of the dorms to get freaky. 

But now, seeing alot of teenagers younger than me talking about how they've been engaging in such deeds, I'm curious. 

As a teenager, do you think that that having sex between minors is okay? Why or why not?

PS: I don't not condone sex under the age of legal consent, this is purely for data purposes."
Ok-Inspection9693,This is my last Reddit post. Good bye,0,6,1.0,0,1743721627.0,False,t5_2rjli,
East-Conference-5091,Opinions on Minecraft movie?,0,2,1.0,0,1743739532.0,False,t5_2rjli,What did yall think of the movie? I thought it was rlly good but lacked real Minecraft vibes. Better than Mario movie tho
kaylabedumb,my ex turned 3 girls lesbian 💀,0,2036,0.98,0,1743604295.0,False,t5_2rjli,"i was dating this guy and his friend told me he only had 2 exes and ofc i stalked them and i saw that they were both #wlw now 😭😭and i joked to my friends saying haha I’m probably next n like we broke up months ago he did me so dirty btw

then just last week I had my first ever lesbian awakening. like it just HIT me that i’m a lesbian now. the curse got to me 😭🙏🙏  imagine saying u turned all of ur exs lesbian that’s actually so embarrassing for him goodbye "
Emma__07,my uncle died because he farted in the shower at the same time that lightning struck and it ignored the fart cloud and consumed him in flames,0,3,1.0,0,1743731357.0,False,t5_2rjli,
Open-Secretary-8868,I shot a gun in the middle of a thunderstorm/tornado today,0,2,1.0,0,1743738964.0,False,t5_2rjli,Was cool
BobMacaron,My mom expects me to invite my pedo exes to my birthday party,0,2,0.75,0,1743738921.0,False,t5_2rjli,"So I'm turning 16 in two weeks, and to celebrate, we're going bowling, and I invited eight of my friends. One of these friends has a brother who is 19, who put me through absolutely hell last year, we didn't really ever date but he confessed feelings for me at one point, and proceeded to make things as awful as he could for me because I didn't feel the same. I was left traumatized , and my mom knows that. He recently apologized for everything so we're on good terms, but I refuse to be friends with him again. My mom is upset that I invited the brother and not him and she thinks that he won't come for that reason (we already discussed it, and he said he will still come).

As for the other one, I did date him when I was 13, about to turn 14, and he was 17. After breaking up with him right before I turned 14, we rarely speak, especially privately. I refuse to talk to him unless absolutely necessary (we go to the same church so I do have to socialize with him sometimes). And my mom is best friends with his older sister, and she's upset with me for not inviting him because she thinks his sister won't come. She basically just ended it with ""it's your last birthday party, just invite who you want I guess"", and I mean, at least she's respecting my decision, but it's the fact that she's worried about whether or not her friend will be able to come. It's my birthday party for christ sake, and if it's going to be my last one, I'm certainly not spending it pissed off because I was forced to invite people who make me physically ill to be in the same room as. I haven't had a good birthday in so long, it's literally all I want this year. I'm tired of being expected to sacrifice my own happiness to please everybody, and I certainly won't be doing so on MY day. 

That's all, really. It just upset me, and what better place to go when I'm upset than internet land to get the opinions of people I've never met? "
TraditionalAd4060,Boy leaving girl on delivered,0,0,0.33,0,1743752395.0,False,t5_2rjli,"There’s this boy that I like and we’ve been texting for a month and a bit now, but he’ll leave me on delivered for like 3-5 hours. I asked him about it; he said he doesn’t do it purposefully he just wants to give me a proper reply. Even so I’m watching his snapscore go up and it’s really jarring cuz I just wanna text you without having to wait hours on end. I’m planning so see if the replies get better with school being on holiday. 
Do I say something again or just leave it? 
"
Legitimate_Screen700,Best way I’ve came back from holiday,0,1,0.67,0,1743752385.0,False,t5_2rjli,So I booked a trip to Saudi (for Eid)for my dad mom girlfriend and myself so when we came back to the uk my dad randomly collapsed on the stairs from down the aircraft and came tumbling down them we had no idea what happend or caused it he's currently been taken to hospital and there checking him out. I just hope he hasn't re broken his ribs cause he has a bike crash last August. This is just quite upsetting as I got into my job just before we left so I really wanted to surprise him by paying for a place he always wanted to go to...
Woahoriginalname,Being sick genuinely sucks sm,0,1,1.0,0,1743752384.0,False,t5_2rjli,Like I’m not super sick anymore but drinking water still hurts this is miserable. 
sadietistic,off first impression guess my name,0,4,0.7,0,1743730912.0,False,t5_2rjli,
mybrainat3am,If I pour a fan of juice into a plastic water bottle how long will it take it to go flat?,0,1,0.66,0,1743752260.0,False,t5_2rjli,"Basically there's a no juice cans in class rule, so I'm thinking about pouring sprite into my water bottle, but I don't like flat juice. It's the same volume as a can, would the juice stay pretty carbonated for say 2hrs after or would it go flat-ish instantly"
AardvarkAmbitious388,I’m trans genning(spelled correctly),0,0,0.29,0,1743779351.0,False,t5_2rjli," Ok hear me out I hate gen z gen alpha and beta im a gen z that's why I hear by declare that from today forward I am trans genning I officially identify as gen x I was joking about this with my parents and said ""im trans genning"" it right away scared the shit out of my mom then I explained it all three generations (z alpha and beta) are the weakest era we have had the only thing we have come up with is brain rot come up with is brain rot and numerous other dumb things there is ZERO good reason to stay apart of this generation we statistically are the 3 weakest generation ever from people being offended by everything or by us being the generation that created the iPad kid if you look back each generation before us each  stronger than the one before it so that being said for those of you who agree with I'm not talking about you but for the love of everything holy if you are reading this take some time today look back on the life's of your ancestors and reflect on how they lived there life(with in reason) and try to apply that to yours try to better yourself strive to achieve things that you thought you couldn't because friends I promise it is so easy to become successful in life in this generation with hard work and determination"
Savings-Square-3667,How much do you guys weigh?,0,2,0.75,0,1743738451.0,False,t5_2rjli,"And how tall are y’all? I’m 164cm and weights around 75kg/165lb, am I really fat?"
falfee_23,Who remember this,0,3,1.0,0,1743730243.0,False,t5_2rjli,
AK247_gamer,Please come watch my stream,0,5,1.0,0,1743724502.0,False,t5_2rjli,"Twitch.tv/snugking101

Pleeeeeeeeeeeeeease, I have 0 viewers, im desperate, im just playing the new cod zombies map"
Nova_Kale,Have you ever filled out one of those surveys they post here?,0,2,0.75,0,1743737912.0,False,t5_2rjli,What are those? Why do they even need my mail? 🤨
pierce_theallie,Just cried for an hour but…,0,2,1.0,0,1743737778.0,False,t5_2rjli,My lash extensions stayed on and still look good so a win is a win 🤷‍♀️
AmethystDragon2008,Mini story about affection I wana get off my chest (also is starved of affection or addicted to affection worse?),0,2,1.0,0,1743737590.0,False,t5_2rjli,"So, imagine this, between the age of 6 and 4, You have to deal with a lack of friends and a bully who hates you for your lack of proper memory, 

from 6-8 you have to deal with multiple bullies and fights that you train punching people with your literal curtain qnd pillow, 

from 9-12 you have to deal with a Mental Disability because of Attention Deficiency Disorder (ADD) plus multiple classes of people literally treating you as a monster for self protection and mostly a mucus problem leading to making you becoming lonely with more *mental* bullies than *physical* bullies, with only about 10 close friends 

Hence Making You 1 Mentally Unstable, 2 Love Starved, 3 Homicidal&Suicidal and the mental instability. Making Me constantly Seek Love and attention from my classmates wishing for more friends, leading to me hiding my emotions which is apparently called toxic positivity to make my ""outerself"" more appealing while trying to capture my ""innerself"" into a compressed ball of hatred. eventually I would release my ""innerself"" making my entire personality a mismash hard to understand problem.

Then when I Eventually moved on,  to age 13-16, I am constantly bombarded by love and affection from people, Making me Addicted to affection instead of being Starved of Affection, hence making me search for attention AGAIN.


SOOOO, In Your Opinion, Is Being Starved of Affection worse, or is Being Addicted to Affection worse?"
McFlappingbird,I hate hormones,0,2,1.0,0,1743737535.0,False,t5_2rjli,It's almost fucking midnight here and I already feel like I gotta give my 'second brain' a lobotomy 
AdAvailable3706,I feel so proud of myself rn,0,3,1.0,0,1743729360.0,False,t5_2rjli,"I just did a speech for some teachers and peers of mine and for some professors from Harvard, and was told I did a great job. Genuinely feel really good about myself rn :)"
Civil_Chicken_8068,WGAT IS A DIH WHO IS DRIZZY WHY IS PMO?????,0,0,0.4,0,1743750759.0,False,t5_2rjli,I FEEL EMPLOYED
30characterlimit,Does the  “grades must touch” rule still apply?,0,1,1.0,0,1743750627.0,False,t5_2rjli,"In question, 8th grade and 10th grade sounds pretty bad, but I’m starting to kinda really like this guy that I met and he’s dated younger before (when he was 13)

I understand constraints on maturity levels, and I feel like I still have a very innocent vibe whereas he’s very care-free with his attitude, and yeah idk

"
Jimmyisskibidi,My teacher is being unfair…,0,2,1.0,0,1743736864.0,False,t5_2rjli,"So basically I had a test on vertex and physics in math. There was a word problem that had you use velocity and height and -16 to the power of two to find the answer. The thing is, she gave us two velocities and she didn’t tell us what height to do, inches or feet. It was about the highest height in baseball history. She gave us mph and second and I picked mph cause she didn’t tell us which one to do. Apparently, in forth period she told them which one to do, but no one else. Should I tell her it is unfair tomorrow???? Like go up and just explain why and how it is unfair and to not dock points. She also never told us which one to do in class, it was only on the test."
Acrobatic-Put1998,IDK why people hate black it fits on me 😍,0,13,1.0,0,1743700260.0,False,t5_2rjli,
Shin_Ollie,Made in slides,0,3,1.0,0,1743728909.0,False,t5_2rjli,
imnotsurewhat_toput,"My shelf,I want to get some opinions on it t",0,3,1.0,0,1743728716.0,False,t5_2rjli,Tell me what u think about it ☺️
Dry-Bar-2954,"Waltah, I'm a cat Waltah, you gotta feed me Waltah",0,2,0.75,0,1743736628.0,False,t5_2rjli,
VinnyBean1,Guys are so warm blooded,0,2,0.75,0,1743736396.0,False,t5_2rjli,I get cold easily and my hands tend to be freezing. It always surprises me when I see how warm guys tend to be. Especially their hands.
ResponsibleMedium373,im going on a date,0,5,1.0,0,1743718333.0,False,t5_2rjli,"i haven't been on a date in around a year or so but last girl i was dating it was just so AWKWARD cuz i didn't know how to communicate with her properly and/or i realised i didn't want to be with her or soemthing idek.

this time, i met this guy from a friend and he absolutely likes me, he literally says it up front that im cute and hot n stuff (so sweet ☹️❤️) but the problem is i dont know how he's like irl since we've been just sending snaps and asked him random questions and he keeps sending hearts and i keep sending hearts and its clear i do want to be in a relationship with him. 

but im worried on what to say on the date cuz ive never met him and I don't know how to interact with people normally. could i get some tips on how to speak with him in a normal way?

we both boys if that matters"
aprilbun_1,Silence! Curse of braintot.,0,1,1.0,0,1743749775.0,False,t5_2rjli,"
Still water + adrenaline + noradrenaline + hawk tuah + anger issues + balkan parents + english or Spanish + german stare + Balkan rage + jonkler laugh + phonk +Belgian edging + Baltic farting + bulgarian scratching + aggressive slovakian jelqing + polish footjob + indian respect moment those who know + Opponent uses Jamaican Smile + Russian Frown + Finnish wave + Icelandic blink + Thai grin + Hungarian punch + Swiss climb + Argentinian flex + Chilean dance + Peruvian squat + Kenyan grin + Jamaican jump + Russian slide + Filipino stretch + Balkan climb + Greek dash + Egyptian tilt + Vietnamese sit + American hop + Pakistani stomp + Hungarian march + Italian march + Japanese snap + German slide + Irish dash + Brazilian whistle + Turkish flick + French leap + Korean twist + Canadian clap + Indian bow + Nigerian stare + Italian kick + Chinese lean + Scottish grin + Mexican swing + Swedish dash + Moroccan leap + Ukrainian stretch + Danish whistle + Finnish kick + Icelandic jump + Thai clap + Hungarian dash + Swiss stretch + Argentinian whistle + Chilean wink + Peruvian hop + Kenyan sprint + Jamaican whistle + Russian clap + Filipino nod + Balkan bend + Greek run + Egyptian squat + Vietnamese smile + American point + Pakistani twist + Japanese wink + German bow + Irish hop + Brazilian cheer + Turkish skip + French flex + Korean dance + Canadian tiptoe + Indian dash + Nigerian hop + Italian leap + Chinese nod + Scottish sprint + Mexican cheer + Swedish stretch + Moroccan bow + Ukrainian flex + Danish leap + Finnish slide + Swiss gaze + Hungarian lean + Swiss tap + Chilean sprint + Peruvian wave + Jamaican knit + Russian eat + Icelandic stare + Thai skip + Hungarian wink + Swiss tiptoe + Argentinian point + Chilean clap + Peruvian lean + Kenyan dash + Indian dash + Dutch wave + Polish work + Scottish lean + Swedish whistle + Moroccan skip + Ukrainian lean + Danish dive + Finnish flex + Icelandic tilt + Thai flick + Indian whistle + Swedish dash jamaican smile+balkan rage+german stare+turkish frown+greek slide tackle+still water+edgers and gooners+those who know + balkan parents+those who know+anger issues+german stare+japanese sleep+jamaican shower+ Stillwater + reverse jamaican flicker gooning 💀 those who posess the required knowledge to understand the subject + L + dont care + CURSE OF THE NILE ‼️ ‼️ 𓀔𓀇𓀅𓀋𓀡𓀡𓀕𓀠𓀧𓀨𓀣𓀷𓀷𓀿𓀿𓁀𓁶𓁰 𓁴𓁿𓂀𓁾𓁵𓁯𓂞𓂤𓂗𓃃𓂾𓂺𓂹 𓃞𓃙𓃖𓃓𓃕𓃓𓃜𓃘𓃙𓃟𓃛𓃞 𓂺𓃂𓂿𓂺𓃃𓃂𓂛𓂏𓅱𓅥𓅩𓅦 𓅹𓅸𓅳𓅩𓅪𓄭𓄫𓄮𓄬𓄗𓄑𓄌𓃦 𓃧𓃨𓃤𓃟𓃓𓃅𓃁𓂽𓃂𓂊𓁾𓂀𓁽 𓁼𓁠𓁛𓁟𓁦𓁜𓁭𓁡𓀔𓀇𓀅𓀋𓀡𓀡𓀕𓀠𓀧𓀨𓀣 𓀷𓀷𓀿𓀿𓁀𓁶𓁰𓁴𓁿𓂀𓁾𓁵𓁯𓂞𓂤𓂗 𓃃𓂾𓂺𓂹𓃞𓃙𓃖𓃓𓃕𓃓𓃜 𓃘𓃙𓃟𓃛𓃞𓂺𓃂𓂿𓂺𓃃𓃂 𓂛𓂏𓅱𓅥𓅩𓅦𓅹𓅸𓅳𓅩𓅪𓄭𓄫𓄮 𓄬𓄗𓄑𓄌𓃦𓃧𓃨𓃤𓃟𓃓𓃅𓃁 𓂽𓃂𓂊𓁾𓂀𓁽𓁼𓁠𓁛𓁟𓁦𓁜𓁭𓁡𓀔𓀇𓀅 𓀋𓀡𓀡𓀕𓀠𓀧𓀨𓀣𓀷𓀷𓀿𓀿𓁀𓁶𓁰𓁴𓁿 𓂀𓁾𓁵𓁯𓂞𓂤𓂗𓃃𓂾𓂺𓂹𓃞𓃙 𓃖𓃓𓃕𓃓𓃜𓃘𓃙𓃟𓃛𓃞𓂺𓃂 +

Saddam Hussein's hiding spot
│Entrance hidden by
│Bricks and rubble
▂▃▂▅▇▅▅▇▄▃
┳ ║               ║▔▔▔▔▔▔▔
│ ╚╗         ╔╝
│     ║        ║ │Saddam
6ft   ╚╗ ╔╝ │Hussein
│====o ╚════│════════╗
│ │     ║@ ▇▅▆▇▆▅▅█ ║
┷ │     ╚ │═════════════╝
Air vent │ │Fan

•	⁠those who know💀💀💀💀"
Dry-Bar-2954,You guys have to hear 765 Hz sine tone amplitude 1,0,2,1.0,0,1743736177.0,False,t5_2rjli,literally peak
Key_Mycologist8961,"officer, i swear. i drop-kicked that child in ""SELF-DEFENSE""",0,2,1.0,0,1743736176.0,False,t5_2rjli,
moezartisawesome,WHY IS THIS REAL,0,4,0.83,0,1743722236.0,False,t5_2rjli,
No_Volume_4303,How I look at bro when he accidentally Rhymes:,0,9,0.77,0,1743704170.0,False,t5_2rjli,*He's gotta pay me sum Dimes for those Rhymes*
thelibsterr74,unpopular opinion vitamin/melatonin gummies r so nasty i hate them,0,2,0.66,0,1743735396.0,False,t5_2rjli,i get mine in tablet form 
Worried_Chef_71,How do you make friends?,0,2,1.0,0,1743735279.0,False,t5_2rjli,I'm 15 and I'm going to be working at a summer camp this summer and I'm so nervous. I'm super socially awkward :(( please give me advice!!
ahhibadi,Dude stole my sleeping position,0,6,0.88,0,1743713782.0,False,t5_2rjli,
stinkyf333t,I went to the place that inspired Gravity Falls!,0,9,0.86,0,1743703712.0,False,t5_2rjli,WOAHHH
No_Foundation3848,would you crack viktor (arcane) or felix (fate) harder,0,2,1.0,0,1743735133.0,False,t5_2rjli,hey guys
Vegetable_Place_7603,I NEED advice on asking out a girl,0,2,1.0,0,1743735070.0,False,t5_2rjli,I need some advice on asking out this girl. We've know each other for most of our lives and I only realized my feelings for her about a month ago. I also want to make her feel like its ok to say no and hopefully not ruin our friendship
mpvaleri3,life's good. how are you all?,0,2,0.75,0,1743735041.0,False,t5_2rjli,"Although I feel really exhausted, and stressed from the lack of sleep, and school, it's lowk worth it. I'm missing 3 assignments as of now, but they're about a third completed; not good, but not bad. I got to platinum 3 in Marvel Rivals, and met a bunch of odd, yet very kind new people to queue with until season ends in 7 days; I hope I can queue with them once rank resets.

I feel too joyous, all while too upset. Anywho, stay optimistic, and remember, love you."
Patat_Rat,I'm talking to a girl,0,2,0.75,0,1743734779.0,False,t5_2rjli,"She's really pretty and we have similar interests.

I never thought an opportunity would present itself like this but I'm all for it!

Not that you care but I'll keep you posted 

"
UltraPrincess,"So lemme get this straight, being a spy is just getting paid to go to super fancy parties, drink cocktails, and sleep with attractive women?",0,12,1.0,0,1743701377.0,False,t5_2rjli,"Honestly I'd rather be the supervillain the spy has to catch, then I get to pet a cat"
im461,i miss 2021-2023,0,3,1.0,0,1743726363.0,False,t5_2rjli,what the fuck is going on with America nowadays? i miss the dementia president
Lia-likes2draw,Made a post celebrating 100 days clean of self harm and got dozens of these comments from people who've never had this struggle,0,539,0.92,0,1743625064.0,False,t5_2rjli,
ananascuit,Im fighting someone tomorrow!! Give tips!!,0,2,1.0,0,1743734018.0,False,t5_2rjli,We r both girls and im lwokey aacerd but she started it
NedKelly2008,"Yeah, sex is great and all...",0,2945,0.97,0,1743592425.0,True,t5_2rjli,But have you ever tried walking to the beat of a marching song?
AstroCyGuy,Hope I continue to improve,0,6,1.0,0,1743712316.0,False,t5_2rjli,
thelibsterr74,im just trying not to hurt myself for my mom,0,2,0.75,0,1743733677.0,False,t5_2rjli,i dont want to give her more problems but the urge is getting stronger every day and even tho i dont have blades rn im scared one day ill get creative and figure something out but i hope that doesnt happen cause i dont want her to be sad and think im getting bad again and my mom tjinks im doing better and injust want her to keep thinking that even though im really not and all i want to do all day is cry and im so lonely no one else i know really understands what it feels like to be in and out of hospitals and feel like im just a mental patient thats dangerous
LabGrownHuman123,Craziest piece of your families history?,0,2,1.0,0,1743733535.0,False,t5_2rjli,"Mine that I know of is that my great granduncle was on a turret on a gun ship during the battle of Okinawa, and a kamikaze pilot crashed near his ship and it started sinking. And then he swam back to the surface and SURVIVED THE WAR BRO."
Nova_Kale,Cutest background 🍎🍎🍎 let's name him,0,67,0.94,0,1743664878.0,False,t5_2rjli,
Broad-Gift-9141,What are you doing?,0,2,1.0,0,1743733472.0,False,t5_2rjli,
Humble-Re,The harder you work for something the greater you feel when you achive it,0,4,0.84,0,1743719848.0,False,t5_2rjli,"Your efforts now are what will make victory and achieving feel better so be patient and keep trying harder and harder because the end is worth it and don't give up 🙏🏻✨ 

And i hope you had a great day ❤️🫂
(Note: I'm not and will not be encouraging on any harmful activities in my words and if you understand otherwise it's your problem)"
myCarBronk_,I want y’all’s opinions on smth,0,1,1.0,0,1743746936.0,False,t5_2rjli,"So couple days ago one of my friends said that a mutual friend of his got extra tickets to a theme park and invited me to go. I said sure but later he said he’s not sure if they had enough tickets and he said that he’ll let me know. I asked again tdy and he said he’ll ask again for me. I have the mutual friend’s number so I directly msged him with no response yet. Am I:

•way overthinking this or are they intentionally ghosting me or smth

• valid for repeatedly asking 

And is this a case of “if you’re not invited, don’t invite yourself” or is this diff


Thanks yall
Im a first yr in college btw if that’s any relevant 

Edit: spelling"
thelibsterr74,broo not everyone disagreeing that psych meds cause weight gain when its literally proven 💀,0,2,0.75,0,1743733278.0,False,t5_2rjli,antipsychotics especially
Content_Department68,Just broke up,0,2,1.0,0,1743733209.0,False,t5_2rjli,Just broke up with my first ever girlfriend. Been crying for about 3 and a half hours. Please help me get through this. We broke up because of her own mental health (Nothing to do with me) and she needed time to take care of her own health more. It honestly made me feel better after she told me this. I really cared about her and she was the most kind and loving person I have ever met.
Life_Zucchini_9763,spring break/homelife rant,0,2,1.0,0,1743733079.0,False,t5_2rjli,"I genuinely just want to stay at school. I don't want to be here at home where everyone's always stressed and pissed off. You're now telling me I have to stay home for a week for spring break? All that's going to happen is I'm going to be forced to do yardwork.

  
I can't enjoy my break. I'd rather be at school.

  
I also really just want someone to hug & cuddle with. Platonically. A human.

  
Sorry if this is vague, my adhd ass wrote down a whole yapping session then deleted it and just put this instead



also i know some of you have it way worse but i take things hard and i always have

  
the worst part for me is that i no longer have someone i feel i can talk to without judgement because i know they're just going to get pissed off if i say something.

  
I'm at a low point and i'm not sure how to get out of it "
Excellent-Eagle2847,POV normal 15f behaviour,0,19,0.92,0,1743687844.0,False,t5_2rjli,It’s basically as tall as I am 
thelibsterr74,Why do they care about the kids way more,0,2,0.75,0,1743732791.0,False,t5_2rjli,"the juvenile hospital cared about me more when i was sick, adult ward barely cared and didnt give me meds til hours after I was done throwing up. If you have a breakdown/panic attack in the juvenile hospital they help you but if you have one in the adult ward you just have to deal with it alone and you don't even usually get anxiety meds if you ask. The juvenile hospital has multiple groups a day, the adult hospital has one every few days 

WHY DID THEY JUST START HATING ME ONCE I TURNED 18 💀



"
HorrorPhotograph7296,People... did it. 1000 comment karma.,0,55,0.86,0,1743667179.0,False,t5_2rjli,i finally did it!!!!11!!!
EvaTeeva,Nature pic i took while on holiday :),0,6,1.0,0,1743710945.0,False,t5_2rjli,
VoDkA__1999,MY MOM GOD ME MIXED NUTS I LOVE MIXED NUTS,0,6,1.0,0,1743710835.0,False,t5_2rjli,
nom_eri,Regretting something now that I didn’t think about for months,0,1,1.0,0,1743745822.0,False,t5_2rjli,"I’m reposting this bc I’m really in a pickle and need advice

Half a year ago, I (18f) essentially dumped the guy I was talking to or almost dating. If I’m being honest for why, it was a combination of the stress from college apps and the exhaust I was feeling from everything else. 

During this time, I wasn’t allowed to leave my house besides for school and extracurriculars. My parents are usually very lenient about rules but not during this time. Because of this I think I constantly cried in my room alone, and had to watch all my friends hanging out and having fun while I sat at home working. 

Every night my parents would get mad at me for not working harder and not trying. They said, I should be doing more, and obviously I’m wasting my time hanging out with friends or calling them. I was at a point of being so emotionally exhausted and yearning for the gratification my parents wouldn’t provide.

The guy was the sweetest person I think I’ve ever liked, he truly cared about me and made me feel liked (not loved bc that’s too much). For context I haven’t really dated that many people and I’ve been told my whole life I’m a very average person, of just ugly lol, and so I have lower self esteem. He constantly affirmed me and we talked everyday. But he was clingy and we had slight issues everyday which would get resolved but would keep the environment sour. 
For example, one day I was going on a day trip with my guy friends and on the car ride there, which was like 3 hours, me and the guy called for almost the whole time and he got upset for when one of them randomly poked my knee (my friend is on the fruity side). After that he constantly reminded that this happened and would text about it being upset. 
Because of these combined events, texting him was exhausting and hanging out was even more. But texting other people like my friends wasn’t, which still doesn’t make sense to me. 

I realized that I couldn’t do this anymore and so I texted him that we need space with the intention of ending it. Now that I look back at it I think I was not the clearest on my intentions, which resulted in him thinking we were on a break, and I hurt him so much. 

For a week he texted me and I deliberately did not respond, bc I thought when I said I’m taking space he would respect that. I had a gift from him, an accessory, which I wanted to return. We texted a bit and I realized he thought we were on a break and not fully over. At this time, I was an asshole, I admit, and my emotions were so void that the things I said were a bit harsh. In retaliation he said some very hurtful things. 

Now to my current dilemma, truly for 3-4 months I didn’t feel a bit of remorse for how I handled the situation and I felt nothing from seeing him. Currently it’s hitting me hard; I feel bad and I want to fully apologize. I know that from a mutual friend that he doesn’t want an apology or maybe he just doesn’t want to talk to me. 

Honestly I also just wanted to vent bc I don’t want to continue to bother my friends with this.

What should I do? "
Negative-Respect7438,I don’t even do gym,0,7,1.0,0,1743710768.0,False,t5_2rjli,
Just-Horror-4352,am I weird for this?,0,1,0.6,0,1743745672.0,False,t5_2rjli,am I weird for joining a Roblox game and moaning for some random old man just because they asked?? lowk I liked doing it and would rather do it for someone older lolzz.
reapers_halo,[17m] Sm1 point me towards sm huzz,0,0,0.5,0,1743745360.0,False,t5_2rjli,Lonely 💔
IAmTheBathmanReal,Hey! Tell me sum good about your day!,0,2,1.0,0,1743731808.0,False,t5_2rjli,"I'll start: I made a veggie quesadilla and ts was gas

Can't wait to hear from yall!"
SimilarClerk897,DO I HAVE POTENTIAL,0,4,0.75,0,1743718219.0,False,t5_2rjli,Ok I need some advice LIKE ACTUALLY HELPPP MEEEE idk what to do ig ill take tips from yall
StateJolly33,Guys one at a time please I cant keep up 😭,0,5,1.0,0,1743717923.0,False,t5_2rjli,
Best-Drink-2604,My 'girlfriend' was never really dating me,0,3,1.0,0,1743723329.0,False,t5_2rjli,"She told me were serious, she told me that she loved me, i wrote letters for her and gave her one every week. We had nicknames for eachother, she kissed me, we held hands, we did everything couples do. 

All that and it ends up she is in a year old relationship with a boy and i get a message saying ""(Name) idk what your talk about when yoy said are we dating or not I thought we were JK not for real I'm sorry if you though otherwise but I'm not into girls"" 

We shared things that 'just friends' dont share. I told her about my brother raping me, my sh tendencies, fucking everything.

I wrote her a three page double sided fucking essay on how i loved her and planned on giving it to her on her birthday."
Taiya1037,My head hurts guys can you send headpats and other funny stuff?,0,2,1.0,0,1743731111.0,False,t5_2rjli,
LoveAnonymousG,Can nearsighted people see an image of a landscape if the screen it's on is up close?,0,2,1.0,0,1743731090.0,False,t5_2rjli,"Wait a minute, if nearsigted people can see things up close clearly but things that are far away are blurry then if you take a photo of a landscape with mountain in the background could you show them the photo a foot away or with vr goggles and would they be able to see it completely normally? Cause thinking about it the pixels aren’t far away so they should be able to see them, right?
If there’s anyone with glasses reading this please tell me or test it and tell me."
mugdub,OML life feels good rn,0,2,1.0,0,1743731032.0,False,t5_2rjli,"I've been feeling so good about life lately and i feel like i'll never feel bad again.(which is cap bc i'm dealing with some not so great feelings rn) I've found hobbies, interests and new friends that will be there for me and are making me better. (I recently got out of a toxic friendship that made me a horrible person and now im learning to be a better person) I don't know why i feel so good but if anyone knows how it feels or is feeling really bummy im here to comfort you. Im new to reddit and want to learn more about this site so please give me advice! I look forward to learning more about myself and the people on this site!"
TI4USS,"I have a crush on a classmate for like 6 months (since October) and idk how I can approach to her, any help?",0,3,1.0,0,1743723007.0,False,t5_2rjli,
Bandit_Heeler_2009,guys what songs should i put in my healing playlist,0,2,1.0,0,1743730889.0,False,t5_2rjli,https://open.spotify.com/playlist/7DKQwFkoxtOBruoHzvuYwi?si=APhJoHD_QmKVWV_xn8llhQ&pi=K0hkutxqTwuWA&pt=7f895e513d363660e17c7e8b9c19dbf0
VinnyBean1,Guess I'll get over him again,0,1,1.0,0,1743744210.0,False,t5_2rjli, This sucks
Either-Newspaper-300,Where to get full length T shirts,0,1,1.0,0,1743744199.0,False,t5_2rjli,Where do I get full length (to the hips or waist) they aren’t particularly baggy but some what loose?
friednhorny,dressed like a white girl but I dont drink white claw 😒,0,0,0.5,0,1743744049.0,False,t5_2rjli,A51’s same color as my eyeballs 👀 
KorvKung69,Has anyone ever used the 'Pet' flair here?,0,1,1.0,0,1743743954.0,False,t5_2rjli,
thelibsterr74,i fucking hate headaches why do i get them every night,0,2,0.66,0,1743730274.0,False,t5_2rjli,they make me nauseous 
crownedmicrophone,I feel so fatigued all the time WHAT DO I DOOO,0,1,1.0,0,1743743806.0,False,t5_2rjli,im so weak and tired 95% of the time even after sleeping well does anyone have any advice on how to stop this?? I can't go to a doctor for various reasons
Neuwub_,"I'm 170 cm at 13(M), and I'm already decently taller than both my parents. Do y'all think I'm gonna get taller, or have I reached my maximum potential?",0,1,1.0,0,1743743805.0,False,t5_2rjli,
MsPeanutWoodrow,How are yall so free with sharing your pictures here?,0,2,1.0,0,1743730146.0,False,t5_2rjli,"I'm not very open about it sometimes, since I've heard terrible things could happen if I do, and the consequences don't sound super good. How do ya'll go about it without worry?"
Tasty-Department4417,Ya'll gotta try eyeliner tattoo's,0,4,1.0,0,1743716405.0,False,t5_2rjli,If you want them to last a while use baby powder on it and water proof eyeliner! (posted this on a diff sub but I'm not a bot)
Slovak_Krupp,I have known this loco my whole life... And now it's going to just cease to exist?,0,6,1.0,0,1743711560.0,False,t5_2rjli,"This is the Renátka diesel locomotive, used by Slovak railways. I spent my whole childhood in her cab, with my uncle, who was assigned to that engine. But now, she's just going to be scrapped... Do I start a GoFundMe page to save her?"
ACoasterEnthusiast,on everyone this is the best meal of all time,0,3,1.0,0,1743721412.0,False,t5_2rjli,
Abject-Vegetable-847,Idk why I shouldn't feel like this but I'm horribly fucking lonely...,0,2,1.0,0,1743729331.0,False,t5_2rjli,It's been two years since I've been with someone I've trusted truly and loved and she goes off and spreads horrible lies abt me and almost got me expelled and since then I haven't dated. Now I'm 18 and i feel like a massive pile of shit. It sucks and I really hate it. I know I'm supposed to be focused on getting my life together and shit but I can't when I work at a restaurant and almost everyone there is a couple. I can't stand seeing it. Call me weird but it'd horrible and I think I might be destined to be independent.
kindred_eldtrich,Girls are cute creatures...,0,60,0.92,0,1743663113.0,False,t5_2rjli,"They don't deserve periods 💔💔
(I'm NOT 6'4)"
jnyn2ce,Can't eat my favorite snack at school now😭,0,2,1.0,0,1743729099.0,False,t5_2rjli,"I'm from Mexico, and the president prohibed all junk food like, chips, sugar, all stuff like that because they want a better health for students, but when I went to see what they sell now, my favorite ever (picture) was gone😭😭😭 I LOVE it, and I know they sell it outside of course, but I usually don't go out that much so I'm gonna miss themm, they're one of my favorite things EVER"
Slovak_Krupp,Help please 😭,0,5,1.0,0,1743711182.0,False,t5_2rjli,"I'm in a really weird situation right now. I (17m) have a girlfriend, and things are getting really good for us. The ""problem"" is that tomorrow, I think it will lead to our first kiss. And I don't know what to do 😭 do you have some advice?"
fellinoctober,Can u guys write goodnight in different languages plz,0,2,1.0,0,1743729084.0,False,t5_2rjli,PZPZLZL in the comments 
Lazy_Dragonfruit7363,DELTARUNE CHAPTER 3 AND 4 ARE DROPPING LETS GOOOOOOOOOOOOOOOOOOOOOOOOOOOOOOOOOOOOOOOOOOOOOOOOOOOOOOOOOOOOOOOOOOOOOOOOOOOOOOOOOOOOOOOOOOOOOOOOOOOOOOOOOOOOOOOOOOOOOOOOOOOOOOOOOOOOOOOOOOOOOOOOOOOOOOOOOOOOOOOOOOOOOOOOOOOOOOOOOOOOOOOOOOOOOOOOOOOOOOOOOOOOOOOOOOOOOOOOOOOOOOOOOOOOOOOOOOOOOOOOOOOOOOOOOOOOOOO,0,3,0.81,0,1743715538.0,False,t5_2rjli,Peak
pieofrandompotatoes,"Yall, is it weird that literally every school day I hit this one girl with my lunchbox or steel toed boots",0,0,0.17,0,1743763971.0,False,t5_2rjli,"And that after like the 3 time I did it and she reported me and I didn’t stop she just accepted it and says thank you after I hit her, also I hit her cause she’s annoying. And I don’t hit her hard, because I don’t wanna like give her a bruise and then get in trouble."
Nio_wants_sleep,stuped domb car,0,2,1.0,0,1743728819.0,False,t5_2rjli,Guo oxbvdb osvaihsv
VinnyBean1,Oh he's going to a college out of state,0,1,1.0,0,1743742351.0,False,t5_2rjli,Oh okay
Bulky-Worker-5929,How to deal with guilt?,0,1,1.0,0,1743742115.0,False,t5_2rjli,"I like everyone else do private things behind my parents’ back,like vaping i feel extremely guilty all the time bc of it every time i talk to my mom and see  how she loves me and treats me like i’m special i feel this extreme guilt and how bad of a person I am and i really hate it and idk how to deal with it,’m a very good kid not behavior wise but like emotionally and i obv see how my parents would react if i get caught again and i know they want what’s best for me but cant they just accept me for the wrong things that i do"
Looogaaan,Get a truck,0,0,0.5,0,1743742102.0,False,t5_2rjli,Those are cool 🔥
TakoTheMemer,is it just me or,0,1,1.0,0,1743741953.0,False,t5_2rjli,"at my school kids go to the bathroom just to catch a break/use their phone 

one time I entered the bathroom and the lights were off and there was a giant brawl and everyone was screaming also someone wrote freaky stuff on the walls 

my school is fucking South Park lol"
Open-Secretary-8868,Are sharing arm veins now?,0,2,0.75,0,1743728404.0,False,t5_2rjli,
Any_Preparation1624,Have a project guyzz please fill the form 😭,0,1,0.67,0,1743741919.0,False,t5_2rjli,"🌿 Help Shape a Greener Future! 🌏

We want to hear your thoughts on green finance and its impact on businesses and the environment. Your insights are invaluable in driving sustainable change.

📋 Take a few minutes to fill out this quick survey and share your perspective!

👉 Click here: [https://docs.google.com/forms/d/1qZRA4mPK3wRE\_o9QnJbgpyjJQvs1Jd1uMIuNIg4Kits/edit](https://docs.google.com/forms/d/1qZRA4mPK3wRE_o9QnJbgpyjJQvs1Jd1uMIuNIg4Kits/edit)

Together, let's make a difference for a sustainable tomorrow!"
Justin_Cooper,Gumbo is like jambalaya’s weird christian cousin,0,0,0.5,0,1743741544.0,False,t5_2rjli,Fuck gumbo you'll never be jambalaya you copycat
Terrible_Mistake_483,Is it wrong to have hit this guy?,0,3,1.0,0,1743719833.0,False,t5_2rjli,"Earlier today, one of the guys in my class (has always been an asshole) was going around filling his mouth with water and *fucking spitting* it out at my friend (for context, it was a free class and the sub had stepped out of the room for a bit, we’re all 16 years old btw). My friend went up to him and grabbed him by the collar, demanding an explanation. This guy started just laughing at him, so my friend punched him very hard in the stomach. The guy doubled over and fell down. Was it wrong of my friend to hit him? He was, after all, purposefully filling his mouth with water and spitting it all over some of our classmates’ books beforehand. Any thoughts?"
blue7004,"Please help a girl out, I’m so ugly it’s not even funny. I really just wanna look prettier and feel better about my looks. I feel like I’ll never have a real relationship because of it. Does anyone have advice?",0,2,0.75,0,1743727617.0,False,t5_2rjli,
BagEnvironmental2865,I love it so much!,0,1,1.0,0,1743740938.0,False,t5_2rjli,I actually love apothecary dairies so much like it’s literally perfect. we love mao mao I will fight off the haters in the comments (with my legs my arms weak as shit)
Ecstatic-Spinach-487,Ask me stuff I'm bored asf,0,1,1.0,0,1743740885.0,False,t5_2rjli,
PutridEmployment3516,Am to lazy to blur out Thier names,0,8,0.9,0,1743702777.0,False,t5_2rjli,
Ancient-School9453,Am I cooked for staying loyal to a girl I’m not dating??,0,1,0.67,0,1743740727.0,False,t5_2rjli,"Like we (16M and 15F) are waiting till after high school to date n im fine wt waiting especially after what she went through wt her ex, n im tryna get sum better than sum new and different n i really really love dis girl n I don’t mind waiting.

But, I’m still young n dis is the age where a lot of men explore and experience things they should before they’re to old to do so, n sometimes I feel like I’m limiting myself to js one option when there’s millions out there n I could be getting those and not stuck on one girl.

But then I start thinking n I realize how much I like this girl how much I love her and adore her and how I wanna make her feel loved and cared for, show her a love she’s never seen or received. She’s the sweetest girl I’ve ever met and there’s nobody like her and I don’t want it to be anyone else, I js need a opinions on dis whole situation 😪
"
Shadow_Assassin496,Don't Forget to Stop and Look.,0,3,1.0,0,1743719164.0,False,t5_2rjli,"It was roughly 5-6 pm, I came home from school some time ago, and exam season had ended today (or maybe another day by the time your reading this). I just wrapped up my workout and sat down in my front porch to relax, that's when it occurred to me. When was the last time I just... stopped and rested for a while? Not doing anything, not watching TV or doomscrolling, just sitting down, relaxing and appreciating the peace and quiet. The soft rustling of the leaves, the tender whispers of the wind, the lofty clouds enchanted with the gentle sunset. And I leaned back recalling memories of the laughs I shared with the people I cared about, and for the first time in what felt like ages, I smiled... with genuine happiness. Then the worry set in and whispered to myself ""I don't want this to end..."". A close friend of mine shared these words with me and now I shall share it with you, esteemed reader... ""I'll only say this once. Life moves pretty fast, if you don't stop every once in a while look around... you'll miss it."" 

Thanks for taking the time to hear my story.
Go on then, keep scrolling."
GloriaPatriEtFilio,"People who comment ""nice cock"" on a picture of a hen must think they're the most clever people in the world and also must be begging to get downvoted",0,28,0.67,0,1743676896.0,False,t5_2rjli,
Forsaken-Mistake-234,Bestied so hard she understood what I meant when I texted her “Mymms ga ay ni”,0,1,1.0,0,1743740437.0,False,t5_2rjli,It’s not a secret language; it’s js my horrible keyboard😭🙏
Mrs_Shirso,I felt scammed when I found out shooting stars aren’t actually stars,0,1,1.0,0,1743740244.0,False,t5_2rjli,
EvaTeeva,Meow Meow it is my cat,0,3,1.0,0,1743718772.0,False,t5_2rjli,
Mrs_Shirso,Pretty tree 🌴💅,0,3,1.0,0,1743718632.0,False,t5_2rjli,
sketchyandro,Here is your the Nefarious Anglerfish daily dose,0,10,0.92,0,1743694972.0,False,t5_2rjli,
Dry-Bar-2954,"Gtg, I yearn for the mines",0,1,0.67,0,1743739872.0,False,t5_2rjli,"God night y'all, I love you"
TheFortrooms,Almost everyone at my school is so hardcore liberal and unopen to other opinions,0,1,0.67,0,1743739568.0,False,t5_2rjli,"I’m not very openly political, but i’m in the middle politically, if i was much older i probably would’ve voted for a fine mix of political parties. overall im honestly probably more of a conservative libertarian on a political map. but im totally open to everyone’s opinions and believe all people have valid opinions

so many people at my school are just hardcore democrats and assume no other opinions are valid. or are even open to the idea that other people have genuine values and valid reasons to believe in different political ideals. i’m really frustrated that i already grow up in an incredibly democratic school, (not because im against democratic ideas but i don’t want a biased education) and i’m with incredibly democratic peers. i wish i could be exposed to a politically balanced canvas with a mix of views and beliefs.

is this at all relatable?"
AfgAzi,Stay school in everybody 🙏,0,3,1.0,0,1743718089.0,False,t5_2rjli,Am
Far_Nothing9549,"Do you believe in ghosts? Down below, more details.",0,2,1.0,0,1743725944.0,False,t5_2rjli,"I just saw a post in r/ghosts showing a picture with a theoretical child ghost, and it reminded Meof my experience.                               
                                        
I was at a friend's house when I was 13, I was petting his cat, Chloe. This was the 4th of July and his mom died approximately 2 weeks prior, so that's who I believe it was. I was walking down the hallway, petting Chloe, when we were about 2 feet away, the door opened. His ""mom"" let the cat in, then done a moderately heavy shut, in-between slow and a slam of a door. I ran out of the house, creeped out.                     
                                         
My mom told me she had to confront her mom telling her she was gone, although, this could've been my mom accepting her mom's death.              
                                        
So, to sum it up, I believe in ghosts..."
jnyn2ce,I really appreciate my friends,0,3,1.0,0,1743717949.0,False,t5_2rjli,"So, I (F14) have a few online friends, and even though they're literally across the sea (Weezer reference omg), they just make me feel so nice, I feel comfortable with them, I can be myself and tell them everything, I could say I love them, cause if someone asks me of someone who I trust the most, I think of them. I have other friends that also I lovee love, but I wanted to express what I think about them. I think they don't have reddit, but I hope they're aware of how much I appreciate them. "
dashboi69,I wanna be a farmer now,0,12,0.94,0,1743689200.0,False,t5_2rjli,
NoIntendedHarassment,"The fun police have taken away image rights, we must prevail",0,1,1.0,0,1743739241.0,False,t5_2rjli,YOU CAN CAGE THE WOLF BUT YOU CANT TAME ITS HOWL 🐺🐺🐺🌕🌕🌕
aqeyah_08,Best feeling in the world:,0,2,1.0,0,1743725687.0,False,t5_2rjli,"Having ur back scratched 

>!I got my back scratched today hwhehehehihihi!<"
Motazfun1,Fuck Nintendo for making my birthday the release date for the switch,0,1,1.0,0,1743739198.0,False,t5_2rjli,🖕🖕🖕🖕
meetdagrahamz,had a racist encounter after a while,0,1,1.0,0,1743739195.0,False,t5_2rjli,"u think ur gonna get used to it but nah, always come out of it feeling terrible in all measures. being an indian in 2025 is the equivalent of being a shit eating roach apparently"
Inevitable_Award548,I don't want to graduate,0,1,1.0,0,1743739004.0,False,t5_2rjli,My step dad is gonna be their and he's so embarrassing and he's gonna bring his whole family like I know them😭 my familys chill but he gives me the ick I don't want to embarrass myself 
tentens-fanclub,my friend lies to me about everything I dont know when to belive her anymore,0,1,1.0,0,1743738715.0,False,t5_2rjli,
Dry-Bar-2954,"Man, I really fell off",0,1,1.0,0,1743738603.0,False,t5_2rjli,I used to average 1k magic internet points of whos name I cannot say per day
Amazing_Manatee42,i have a test on anthem tomorrow and i haven't studdied,0,2,0.75,0,1743725015.0,False,t5_2rjli,wish me luck
wired0_X,19 is actually the worst age ever,0,3,1.0,0,1743716947.0,False,t5_2rjli,"like yeah it still has “teen” in it but it doesn’t feel teenage at all. you’re too old to relate to 16 year olds and too lost to keep up with the 22+ people who already have jobs, lives, taxes, identities. you’re just floating. not a kid. not an adult. just permanently in-between. still getting haunted by choices you made at 17 but somehow expected to have your entire future figured out now?? every day feels like you’re chasing a version of yourself that literally doesn’t exist. nothing feels real. everything is either way too late or painfully early. and the pressure is so loud you don’t even notice it anymore. everyone’s posting milestones, soulmates, internships. and you’re just there. scrolling. disassociating. eating cereal at 2am. i haven’t felt this bad since i was 14 and that’s honestly saying a lot. 19 is like trying to grow into someone you don’t even believe in while mourning someone you never became and fuck i’m not ready to turn 20 "
Inevitable_Award548,Guess what guys,0,1,1.0,0,1743738414.0,False,t5_2rjli,
The_Legend_Of_Ganon,Give me YouTube video ideas!,0,1,1.0,0,1743738343.0,False,t5_2rjli,
Ecstatic-Lab3697,My depression gettin so bad idk anymore on how to feel,0,2,1.0,0,1743724765.0,False,t5_2rjli,
Dry-Bar-2954,Shout out to my 64 amazing followers,0,1,1.0,0,1743738167.0,False,t5_2rjli,We are so back
RizzyTiggyTara,Breaking up,0,3,1.0,0,1743716683.0,False,t5_2rjli,So me and my boyfriend of 3 years just broke up we were on a break but then he started ghosting me and leaving me on seen so i broke up with him. He’s like one of my best friends what do I do everyone I meet sucks
Big-Farmer-1397,Would it be weird for an 8th grader to date a 7th grader?,0,2,1.0,0,1743724590.0,False,t5_2rjli,"Now i'm in 8th grade, and recently the girl i liked at school, (7th grader), confessed she liked me also. It's great for me, but the only thing that i had been thinking of a lot is would it be awkward or weird at school? Say for example we're walking with eachother in the halls, and your friends walk past you, is it gonna be weird to say to them I'm dating a 7th grader? Now, i personally wouldn't care much, but i have a stupid thing to care about what people think, so is this gonna attract unnecessary attention to me dating her or is it gonna be another relationship to people?
If it's helpful, i'm the kinda kid everyone knows but not popular amongst anyone really, nor do i care to be.
Along with this, there's a dance in two weeks, and I was planning to ask her to the dance. Now, say i was gonna go with my friends and hang out with them before i had known i'd be going with someone else. Is it gonna be weird explaining who i'm going with? Because my friends are the type to say ""as long as you're happy"" and that's what worries me.
Anyways, is it another thing i'm seriously overthinking or is it something i should watch out about?
Figured i'd ask other teenagers as it might be helpful. Thanks!"
BigPuppyk,Is it just me?,0,1,1.0,0,1743738018.0,False,t5_2rjli,Is it just me or is finding a high school j*b hella hard now?? I’ve applied to 25+ j*bs and haven’t actually been considered for more than 4. Wtf
EpicRoseWolf,why did it get removedd. this is oppression,0,3,1.0,0,1743716540.0,False,t5_2rjli,"https://preview.redd.it/b9c6gceiwose1.png?width=730&format=png&auto=webp&s=55933335779f71996d1a0636c14a86e9f4832c60

"
Bukki13,"THERE'S A POST CREDIT SCENE IN THE NEW MINECRAFT MOVIE (go see it, it's Absolute Cinema)",0,5,1.0,0,1743710732.0,False,t5_2rjli,
Icy_Composer7145,do we go back blonde fellas?,0,3,1.0,0,1743716256.0,False,t5_2rjli,
blU0304o,Pls help!,0,0,0.33,0,1743737661.0,False,t5_2rjli,"[https://forms.gle/2hcDxV5XpKrjXDh99](https://forms.gle/2hcDxV5XpKrjXDh99)

You will be doing a huge favor to by filling this form. It is for my global perspective project"
Anime_Carrotcake,Eye color reveal,0,5,1.0,0,1743710517.0,False,t5_2rjli,(The picture is taken in straight light ing so yes my eyes are diffrent colors) also sorry for the blurryness my camera sucks 
Ok_Form5593,Fill it ASAP,0,0,0.5,0,1743737609.0,False,t5_2rjli,[https://forms.gle/EX7v9VSuHAisJLnu7](https://forms.gle/EX7v9VSuHAisJLnu7) need help with it fill plzzz 
Dry-Dream-7207,my friend is trying to get top surgery and I'm. just. so. happy. for. them.,0,8,0.73,0,1743694431.0,False,t5_2rjli,
Reasonable-Cress1967,Y’ALL I’M GOATEDD,0,2,1.0,0,1743723779.0,False,t5_2rjli,HEHEHE A LIL KID JUST SAID HI TO ME YIPPEEE
Dry-Bar-2954,"Man, screw Finn, all my homies hate Finn",0,1,1.0,0,1743737283.0,False,t5_2rjli,
MonkishRaptor40,Got a new job after moving I already hate it. Tf is a “watch and learn” environment.,0,1,1.0,0,1743737282.0,False,t5_2rjli,"Anyway, don’t wanna say it cuz idk who I work with on here, so far all that’s happened is I’ll do what I’m shown by other employees and get yelled at when I do it wrong (the exact way I was shown). I also get 9 and hour. Not great, but hey I can work a lot right? Wrong. I get 9 hours a week tops. “+ tips” yeah right who’s ever gonna tip me? Hasn’t happened once the last few weeks."
TooMuchPowerAtOnce,Love doesn't make sense!!,0,3,1.0,0,1743715732.0,False,t5_2rjli,"As children we are taught by cartoons and popular media that we can find love at first sight. That if we are attracted to someone even if we don't know them, there's a chance they could be attracted us and from their we can prepare for exploring somone... Like this doesn't make sense when you get older. In high-school right now my parents tell me to be friends with people you have a crush on, I don't have anything against this idea, however it makes it seem like in order to get into a relationship it's a long tedious task to wait until someone feels comfortable with you and then you can ask them but most of the time you'll probably get rejected. But then it's like what if the most attractive person we know will never be available. How is it possible to find your dreams if your gonna be with someone you're probably not as attracted to just because they're a good friend. Is there no hope??"
Acrobatic-Put1998,Does anyone wanna sing aloud when they are alone,0,1,1.0,0,1743737182.0,False,t5_2rjli,"My chest is hurting, my feet can't fall out of bed I don't know where to go, so I'll lay here instead

With my symptoms, symptoms of sorrow and dread

They all said it would fade but again and again

I love, I love

I love, I love, I love

I love, I love, I love"
szafied,how do you think the lockdown (during the pandemic) affected you?,0,2,1.0,0,1743723602.0,False,t5_2rjli,ik it’s been a few years but does anybody still have habits or whatever that they still have since the pandemic? have they affected you in a good or bad way?
GramoMiles,Somebody give me weird stuff they know,0,4,1.0,0,1743710044.0,False,t5_2rjli,I’m bored af 
According_Mobile9931,"Survey on loot boxes, all responses are appreciated! (Me getting my highschool diploma depends on this pls do it)",0,1,1.0,0,1743737092.0,False,t5_2rjli,"Hello! I am an IB (International Baccalaureate) student and I'm doing research for my Extended essay, where I am doing an in-depth study into how the design of video games (specifically with loot boxes) is contributing to gambling behaviours in teens in the UK.

This is aimed to anyone who plays Adopt Me, Genshin Impact, or any other games with loot boxes. 

It should take 5-10 minutes (ik it says 12 pages but you only do like 4 of them). [https://forms.gle/YyJfAS3aY5TpwVD58](https://forms.gle/YyJfAS3aY5TpwVD58)    
"
Serious-Buy934,Interested In talking to people my age-17,0,1,0.99,0,1743737045.0,False,t5_2rjli,"Idk I'm just really energetic, but I don't know where to put energy, but it's not even that. I went out today to the park and played basketball until I was sweating dripping and went home. You thought i was tired, right? But no after that i had nothing to do so I went to do yard work, but doing that was nothing so I went to the park again played basketball until again dripping sweating but I'm still energetic and I still want to play but it's 10pm so i don't want to be loud rn. So I'm just up and want to talk to people. 

Btw sorry about this. I just want to explain a tiny bit of how I am. Also, idk if it matters, but I'm 17 and male"
friednhorny,Take 5 Grams Of Mushrooms And Stare At Yoursekf In The Mirror For Six Hours,0,2,1.0,0,1743723490.0,False,t5_2rjli,
RestaurantFit4892,I cant find my hobby,0,4,1.0,0,1743709905.0,False,t5_2rjli,"I tried everything. Fishing, kanoying, swimming (the closest one to the hobby), chess etc. I CANT FIND A HOBBY AND ITS ANNOYING ME"
Ecstatic-Spinach-487,16m bored asf,0,2,1.0,0,1743723433.0,False,t5_2rjli,
man349_,Junior Permit CA,0,1,1.0,0,1743736909.0,False,t5_2rjli,"Hello, I am 14 1/2 and attend therapy for a couple reasons all for diagnosed conditions. It is nearly impossible to get to therapy since it is mostly only my mom around, my dad is around but because of the nature of his business he is gone for a long time out of the year. Due to this I can almost never get a ride since my siblings have stuff going on not at the same time, but at times where it makes it nearly impossible to get a ride. I was wondering if it would be possible to get a junior permit, I have an ‘00 yamaha yz426f dirtbike that has about 25-30 miles of range which is perfect to get me to therapy and back. Has anyone done or tried to do anything similar, if so would be amazing if you could tell me if you could get it or not. It’s very vague looking up my questions online. If a dirtbike doesn’t work I do have a car that isn’t currently in my name but it is my car so could always use that however it is an unreliable german pos. Thank you, and please let me know if you have experienced something similar or if you know that I would be denied or accepted. "
Satuminus14,Im making pizza🥹,0,18,0.87,0,1743680379.0,False,t5_2rjli,Just wanted to let you know
nxggetfairy,Some of you need a heart transplant.,0,11,1.0,0,1743689943.0,False,t5_2rjli,"Because a few of you don't have any.

I recently saw a post about someone who was celebrating 100 days clean of self harm (you might have seen it). And some of the comments are frankly disgusting. This subreddit is supposed to be a safe space for teens to share their experiences and not fear about judgement. Some of you ruin that for them. Is it because of your beliefs or because you want to be a troll? Either way, you should find a heart.

For the rest of you lovely people who make this subreddit a better place, thanks for listening to my rant. Have a lovely day beauties 🥰"
Spongey389389,guess what my hobbies are/what instruments i play,0,4,0.75,0,1743709510.0,False,t5_2rjli,
Cold_Sips,User flair,0,3,1.0,0,1743715101.0,False,t5_2rjli,The OLD flair should get changed to UNC 😉
Key_Mycologist8961,"has anyone seen ""alien stage""?",0,1,0.67,0,1743736459.0,False,t5_2rjli,"i watched it with one of my friends today at school, and its so good but so sad ;-;"
Rixofly_,Just watched the minecraft movie and I didn't like it!!!!!! (SPOILERS!!),0,1,0.67,0,1743736393.0,False,t5_2rjli,"# Spoilers ahead beware!!!!

I know it's a fictional story but the way it's all portrayed as if it's not *real* im not sure how to describe it but it just felt fake and ruined it for me.

The plot is so bland like all it's about is this guy Steve find this whimsical land and lives there for years, gets jailed by bad guys, normal people come in and get trapped, they defeat the bad guys while going through an adventure escaping in the process. I just know they could've done better if they cared about really producing a great movie but you can just tell they didnt care and it feels bad man.

Also the AI is just out of control. I get you need to render a lottt of stuff for a movie like this but it's like they used AI for almost every scene. It's VERY apparent when they do a slow zoom in on each actors face every 30 seconds lol. AAAND at the end of the movie what was the 'last straw' for me was they had the villager talk English but it looked like they took one of those AI filters to make your dog talk but just used it on a villager.

Something I really liked tho was the animals weirdly. They looked so good like the sheep pigs cows and especially the ghasts they looked so amazing gahhhh also the comedy in this was pretty funny to me like Jack black and Jason mamoa basically 69ing and the llama lol

anyways I'd watch it if you like the game but it's not the best tbh :p"
thelibsterr74,Guys hear me out on all 3 of them please,0,6,0.99,0,1743709271.0,False,t5_2rjli,Bro i would genuinely crush on zdeno chara (3rd) and marchy (1st) when I watched him when they were with the bruins im fr
SKJELETTHODE,Fit check!?!?,0,6,0.88,0,1743701344.0,False,t5_2rjli,
Extension_Diver_3197,Opinions on school,0,1,1.0,0,1743736333.0,False,t5_2rjli,title
Gold_Veterinarian395,Advice for my sister,0,2,1.0,0,1743722778.0,False,t5_2rjli,"Pls seeking help for my 14 year old sister!!
I’m 21 and already live two hours and when I graduate in may I plan on moving across the country. Over the past two years my little sister has been through a lot. Her biological father (our uncle, long story) died suddenly when she was 11 and it really destroyed her. My mom immediately put her in therapy and I would drive up for the family sessions. She didn’t respond to therapy at all, but she wasn’t diagnosed with any sort of mental illness so they deemed she wasn’t eligible for medication (is this true?) her behavior only got worse. My mom would tell me about her sneaking out and getting picked up by seniors. She installed cameras, she didn’t care. Her grades have been slipping, but not so terribly that she has to repeat anything. She was kicked out of nhs though. 

We used to be super close and now she never calls and when I try to talk to her she blames me for “having it easier” which is technically true. I don’t know what to say or do to help her so I’m hoping that you guys will have some advice for ways to talk to her. 

Thank you!!"
DellaBella12235,Wait no did they delete their account,0,2,1.0,0,1743722762.0,False,t5_2rjli,Nonononno
Not_AHuman_Person,"Does anyone else constantly flip between ""everyone hates me"" and ""everyone is secretly in love with me""",0,3,1.0,0,1743714821.0,False,t5_2rjli,I guess it says more about my self esteem than anything else but I want to know if anyone else feels like this
Extension-Orange-500,Boredom kills,0,2,1.0,0,1743722601.0,False,t5_2rjli,No joke 
AWACS-VITA,I just need to rant,0,1,1.0,0,1743736122.0,False,t5_2rjli,"So, first of all, this is not the Swedish guy from my last post here, different guy entirely, so, now, I was in an amazing relationship with this guy, he was amazing and I loved him so
Much, still do infact, but I’m in such a bad place mentally that I had to break up with him incase something happens to me I didn’t want him to have that trauma, but he thinks i did it to hurt him, but I gave him everything I could at the time i tried explaining it to him but he’s locked in on that belief, and I feel so bad about hurting him due to my own pain, and with all the combined pain Ive started to heavily consider killing myself to make sure I don’t accidentally hurt anyone else"
Prize_Ad9159,How do you get a glow up,0,1,1.0,0,1743736110.0,False,t5_2rjli,I’m literally going insane guys I see so many ppl my age that look so much better then me and I’ve been wanting to glow up i just don’t know how 😔😔😔 I have face dysmorphia which makes this 10x worse bc I don’t even know how I look like 😭😭😭
Nio_wants_sleep,Just went to the dentistttt,0,2,1.0,0,1743722502.0,False,t5_2rjli,Why does the toothpaste there taste so good bro
Millicat_2-0,Is this not formal enough for prom,0,3,0.81,0,1743708937.0,False,t5_2rjli,"I've always wanted this as my prom dress but in the great 2025 I've been seeing nothing but glitter and bodycon dresses, need advice quick "
thelibsterr74,im going to throw up and die and my head is going to implode it wont stop hurting,0,0,0.5,0,1743735872.0,False,t5_2rjli,
Select_Flamingo2597,DustyTac0 if u see this ADD ME BACK BRO,0,0,0.5,0,1743735719.0,False,t5_2rjli,So this guy whos username was dustyTac0 on discord joined the discord server and after we became friends thru dms he left the server and we didn’t add each other so ig u see this taco it’s yeet add me back
zmskfns,Is it worse if your crush has no idea who you are or if they dislike you,0,1,1.0,0,1743735679.0,False,t5_2rjli,
thelibsterr74,Please i need my head to stop hurting so i can think,0,0,0.4,0,1743735637.0,False,t5_2rjli,I cant do this anyore bro
kal_user_dark,How to ask out my crush??,0,1,1.0,0,1743735619.0,False,t5_2rjli,We are studying in the same class since when we were small but got to know each other like 2yr ago we don't talk very often and i sometimes ignore her as i m scared if y'all got tips pls save me.
pigeon-in-greggs,Photo unrelated but the spicy tenders from jollibee are bussin 🙏,0,2,1.0,0,1743722025.0,False,t5_2rjli,
Odd_Adhesiveness7578,What’s the real point of living if there is no afterlife,0,1,0.67,0,1743735442.0,False,t5_2rjli,
Corgi_teefs,My time has come,0,1,1.0,0,1743735428.0,False,t5_2rjli,"I just turned 20, my teenage years are now behind me. it was nice knowing y'all.

:("
that_was_amazing,I want to break up with my girlfriend.,0,3,1.0,0,1743713857.0,False,t5_2rjli,"
But i don’t know how. She lives in a different country and has my debit card information and i’m scared she will spend my money as some kind of revenge. She also have my mothers phone number. I’m also scared she will do something far far worse than that, like self harm wise.  "
Senior-Pin947,Im heart broken..,0,2,1.0,0,1743721463.0,False,t5_2rjli,I met this girl let's call her Alice Alice is pretty nice and everything (she's my friend still) and we like we're hugging pretty often and she got mad if I didn't hold her hand... I felt special I felt like someone wants me again fuck no a guy 5 years older than her came and gucking broke everything he kissed her.. I thought I was the special one I thought that she kissed with me (yes we had a French kiss) becouse she liked me but now as it turns out she's a BOP
yandere076,can i borrow some luck guys? i rly need it,0,1,0.67,0,1743734954.0,False,t5_2rjli,ill return it after its overm. tyanks
sunsetsandcoffee88,first hangout ideas with a guy that a somewhat strict mom may be good with?,0,2,1.0,0,1743721373.0,False,t5_2rjli,
Spirited-Sea-9137,Vroom vroom,0,2,1.0,0,1743721268.0,False,t5_2rjli,"I can't describe the vibe I get, when I drive by 6 people and 5 I hit"
Many-Disk3214,I'm a lil sad,0,2,1.0,0,1743721182.0,False,t5_2rjli,"I'm kind of mad at my mom, I just wanna know if I should be, and if im a spoiled and intitled kid.

I can't have privacy, secrets, opinions, feelings, because i'm a kid. She knows the password to my phone, which is... alright. I was okay with it since I know she's trying to protect me and she promised she wasn't going to do anything on it. A couple weeks ago though, she literally entered my password, looked through every app in my phone, and the fuck even texted a message to my friend THROUGH MY PHONE. I felt like my privacy was violated in a way? I had to restrict my messages so that you needed faceid to look at it. My mom was furious and said she was gonna ground me until I changed that feature. I honestly didn't and she hasn't done anything yet. (Kinda paranoid cuz my mom always finds a way, my brother can pass my faceid) I already don't have a lot of freedom on my phone (I only have one game lol) and I have 10 minutes of screen time a day. Literally. She says 30 minutes is the max lmfao

Earlier today I also told her I wanted to quit cello and she literally looked me in the fucking eye and said ""Your just a kid, you can't have an opinion at this age. I should be able to choose everything for you without you complaining, because I know this is for the best. "" (Ngl she actually said I should learn cello so that colleges would accept me?) I never wanted to start in the first place tbh. I was really, really excited to try out the viola. My mom said she wasn't going to let me do an string instrument unless it was cello. My dad was also pressuring me to do violin at the time and I just though ""Hey, viola is basically in the middle! I can do that"". Basically my mom annoyed me into cello, but my dad was cool with it. After like the first few months, I started to tell her I didn't like cello and that I was.. kinda pissed she got me into it. Her response was basically ""it was completely your choice don't fucking blame me.""

My mom also makes sure to tell me I look homeless and that my style in clothes is terrible every day I go to school, so yeahh. I've been trying to tell her to stop, she hugs me, says yes, and then proceeds to insult the way I look a week after. I know she loves me a lot, I really do, but she has a really, really weird way of showing it. She thinks of me as her college roommate and screams at me a lot. She also calls me mentally ill as an insult whenever I forget something. She does that to my dad too so I kinda take it as an empty insult now. I'm coping well though, I draw and read a lot to bring down my stress! It's working great.

Thats really it. I feel like I don't have the best relationship with her, and we really don't get along. She calls me intitled and spoiled a lot, although I try not to ask for anything from her and I work my hardest. My dad is pretty chill though, he just doesn't talk a lot most of the time. 

Am I intitled or spoiled? I just wanna know.. :DD"
Leoisback7,Is it bad to be alone at school during early years of high school,0,1,1.0,0,1743734684.0,False,t5_2rjli,"Currently I’m in high school (freshman) and had no friends since 6th grade (yes I know that’s a long time) and every now and then, I get picked on during lunch by people pretending to be friends with me but are actually just somewhat mean or by people in my old middle school that don’t like me. I just don’t have lots of social skills and sometimes prefer being alone and playing lots of games with music in the background."
SavingsPotential7353,Guess my age,0,4,0.62,0,1743713152.0,False,t5_2rjli,Intrested in what age i look
mamtabanerjeee,MY BOYFRIEND MADE ALL THIS!!,0,397,0.94,0,1743617724.0,False,t5_2rjli,"My cutu putu boyfriend made all this on my 18th birthday and valentine's. Idk how I got so lucky to have him in my life. 🫶🏻💗


Thu thu thu no nazars allowed!! 🧿🧿"
Mysterious_Couple302,I got with my girlfriend because she vaguely looks like my celebrity crush,0,1,1.0,0,1743734592.0,False,t5_2rjli,So basically idk how to say this because I feel like a shitty person when I talk about it but the only reason I got with my current girlfriend is because she has some attributes that make her look like a less hot version of my celebrity crush demitra kalogeras. I just kinda wanted to tell someone without them going to my gf about or making me feel like a shitty person 
VenoWave_Official,It be like this😭,0,34,0.95,0,1743666192.0,False,t5_2rjli,
K1ss3s_,Me waiting for my “happy bday” texts and birthday stories from my friends,0,2,1.0,0,1743720763.0,False,t5_2rjli,
Samathi_Bamati,Help me get some advice on getting a package delivered without my parents knowing.,0,1,1.0,0,1743734305.0,False,t5_2rjli,>How do I get a package of a model Ferrari shipped to my house or anywhere else I can go to get it picked up without my parents knowing. Its from temu/aliexpress.
Fragrant-Witness8985,My girlfriend is pretty mean sometimes,0,1,0.67,0,1743734160.0,False,t5_2rjli,"Sometimes when she gets mad she calls me a “fucking bitch,” says she “fucking hates me,” and once threatened to beat me (she never actually has but she has thrown things at me in the past or slammed things really hard near me and she did hit me believe(honestly I didn’t remember in much detail, I kinda blocked it out so I don’t remember well but my friends were concerned. The things she gets mad over are usually so small and it’s just like have a different opinion than her or she thinks I’m being “stupid.” She also makes fun of me sometimes over stupid things like my clothes or how I like avocado on toast because I’m “basic.” Sometimes my friends make fun of me but she joins in and it hurts because she’s supposed to have my back. Everyone is telling me I’m being verbally abused and they are worried that it will turn more physical, which I doubt but the yelling and belittling makes me feel stupid and worthless sometimes. Anyone have any tips or something nice to say?"
rosenroses1,I’m the tall ugly duck of family,0,4,1.0,0,1743706990.0,False,t5_2rjli,"15F, i’m 5’11 and I HATE IT SO DAMN MUCH, people tell me “go modeling go modeling” what?? I don’t want my whole life on the social media just because of modeling and i don’t want everyone to know about my personal life just because of modeling, I can’t even wear those goddamn heels and i can only ugly sneakers which I HATE SO MUCH!I’m taller than every boy in my class and it’s so embarrassing for me, every jeans, shirts are too short because of my height!!!  My body looks so large compared to other girls and it makes me feel even more ugly!! I’m already at least saving some money for some surgeries because this is so insane i can’t do this anymore ugh!!
It makes me feel so ugly and it ruins my life even more"
Omnipresent_User,Phone addiction is genuinely ruining my life. Can anyone relate?,0,1,0.67,0,1743734066.0,False,t5_2rjli,"Hello everyone. I just need to vent. I've been addicted to using my phone ever since I've gotten it around the age of 12 or 13. I was in middle school around that time and most my old friends from elementary from elementary either moved on from me or went to a different middle school than I did. In addition, friends were hard to make due to both my lack of motivation and half of middle schoolers being FUCKING. PIECES. OF. SHIT.

Because of this, I simply preferred to spend time alone on my phone (that's if wasn't reading a book.) That's how it all started. It got worse by the time I was 15 and lost anything that was even remotely close to a genuine friendship. 

Since then, I got bored of even playing videogames, with me now spending all my free time on my device, mostly on YouTube. It's been like this for years, all the way up to this day. That's not even the worst of it either...

During my 2nd semester of college, I had two online classes and one hybrid one (mix of a physical and virtual class.) During this point of my life, my slacking-off became at its most prominent, with me doing my usual unproductive activities on my phone all semester and neglecting my school work completely. This resulted in me failing three classes at once. It was genuinely the lowest point of my life yet. 

Now I’m trying to do better in my current college classes - and so far I am now that I’m actually doing my work. Even then though, I find myself often procrastinating and being unproductive for hours on end on my phone. In fact, I should be doing my work instead of making this post. Well, that’s my venting over.

So, can anyone relate to having a phone addiction?

Tldr: I have a phone addiction that’s hindering the quality of my own life. Does anyone relate?
"
InvisablePi,My brother just said shit.,0,1,0.67,0,1743733988.0,False,t5_2rjli,HE IS 6! WTF is this generation 😭
Open-Secretary-8868,Staying with my cousin and his wife's family made me realize how shitty my family life is,0,1,0.67,0,1743733981.0,False,t5_2rjli,Like damn I knew it sucked but this is better in every way
OkBook8065,i drew this in school today lol.,0,2,0.75,0,1743720343.0,False,t5_2rjli,
BeautifulLie9713,What do I even do?,0,1,0.67,0,1743733809.0,False,t5_2rjli,"I have this friend and I love her to death, she's helped me through everything and genuinely changed my path in life. The only problem is she might not be here for much longer and I don't know what to do. I'm not letting her effort go to waste but losing her is gonna break me. She's genuinely a beautiful girl and deserves nothing but the best and I can't do much to help and I just don't know what to do."
verticalguitarist28,How to level up your life:,0,3,1.0,0,1743712077.0,True,t5_2rjli,"If u wanna level up your dead ass life and stop being a meat riding peice of shit on the internet? 

just get active lil bro and level up to the next stage one at a time:

to get rid of bad habits and to track to do list and gamify habits and your life get Habitica 

do calisthenics and any combat sport such as boxing, mma, BJJ, wrestling, Muay Thai and judo (also do jump rope and running and sprints as helps with combat sports)

eat clean (stuff like ground beef, cheese, eggs, fat free greek yogurt, milk, some protein powders are really good, fruits, veg, no carbs other than complex carbs) if u still want a treat eat (fruit + lemon juice + frozen + stevia, or ricecakes as they are high volume to calorie ratio)

it’s not hard to fix your life, just take 1-3 hours a day off scrolling or doing busy work (things you do to feel productive but aren’t necessary and aren’t productive as your doing them to be productive) and do something physical or learn a skill or make money



sorry if this comes off as me being a twat just some motivation and im not like this, this is just how I lost alot of weight 

  
also on Saturday I gotta go knock on random peoples houses to sponsor me for a 10KM walk to help my coach pay for a minivan to transport fighters lol"
STFUYE,how yall doingg,0,1,1.0,0,1743733411.0,False,t5_2rjli,
forbiddenskys,I think I'm gonna break up with him tomorrow 🫤,0,1,1.0,0,1743733404.0,False,t5_2rjli,I'm scaredd
Ok_Lettuce_3650,The person I've been crushing on called me pretty?!,0,1,0.67,0,1743733260.0,False,t5_2rjli,"So today, april 3,2025  so yesterday my friend she told me  in her typing class that my crush said I was pretty im in a on a different schedule so I'm not in that class I asked her if she asked him she said no she said he said ""your friend is pretty"" I didn't  belive her she told me to ask him in said no I said that would bring up a werid situation plus he's sitting by his friends and if I do say they will gossip because they can't keep their mouth shut about anything some of my classmates are the type that if they can get some mess they'll tell it. 

What happened today

So today it started at lunch she told me to ask him again I said no she said then I'll ask him i said no my other friend walked up to him i knew i was doomed she was already talking to him before I got a glance at her i already knew what she was saying she asked if he thought I was pretty he said yeah before he or my friend could say something I pushed her not on the ground just pushed her enough to get her off of him because I wanted to stop him from listening to her because I didn't want him coming up there saying some like i think your pretty. And that makes it awkward so I tryed but I was to late sence he knows I avoid eye  contact until carpool, so I was waiting for my friends to show up outside just to see the 2 two of my friends walking with my crush I thought to my self I'm in trouble! So I see my friend caseoh her nickname is telling him again just say it and I hear my friend screaming my name to come here I look forward my way and started walking away from the situation and in stead she starts running towards me with my friend caseoh and crush and my crush said I was 100% mid then my friend pushed him on a break wall that was obviously not our property but he saids i think your pretty and I thought it was awkward but before he said that I was telling him not to say what caseoh wanted him to say don't listen to her but in steady he saids the 4 words that made the situation awkward just before that my car pulled up and I said to my self im saved.


If you made it this far send a flower 🌼 emoji in comments, but also, I have question what should I do tomorrow avoid contact to avoid anything werid happening or what?

 "
3ternalreturn,uhhh uh uh uh are there any other crk players here who ship shadowlily :3,0,2,1.0,0,1743719678.0,False,t5_2rjli,
Capital-Committee-47,give me a number between 1 and 2901 and I'll give you a song from my spotify playlist,0,3,1.0,0,1743711719.0,False,t5_2rjli,"give me a number between 1 and 2901 and I'll give you a song from my spotify playlist

"
EmoEater88,Signing off,0,1,0.67,0,1743733126.0,False,t5_2rjli,Too many pedophiles :(
Additional-Bell-2016,SOMEONE PROFANITY CHECK ME,0,1,1.0,0,1743733073.0,False,t5_2rjli,
ABigOne77,oh my fucking god,0,3,1.0,0,1743711528.0,False,t5_2rjli,
Jaded_Pomegranate791,my house right now,0,2,1.0,0,1743719443.0,False,t5_2rjli,
neklaces,you should listen to double apple by they are gutting a body of water,0,2,1.0,0,1743719387.0,False,t5_2rjli,like right now
Poltergeist7369,Patrolling the Mojave almost makes you wish for a nuclear winter- NCR ranger,0,1,1.0,0,1743732828.0,False,t5_2rjli,
Quiet-Specialist-222,Do people tend to think bad about their appearance ?,0,3,1.0,0,1743711154.0,False,t5_2rjli,My friend said that her face looks bad but from my perspective it looks kidna good. I told her that she has low self esteem but she doesn't agree. Can you please prove my point?
Critical_Dark_5360,Autism is awesome,0,4,0.83,0,1743710864.0,False,t5_2rjli,"Don't forget, guys, it's autism awareness month!  What is autism awareness month, you ask?

Well: it is a time to come together to support individuals living with autism spectrum disorder (ASD). We use this month to celebrate the progress of those facing ASD and recognize how far we have yet to go in providing adequate resources for them. It lasts from Apr 1, 2025 – Wed, Apr 30, 2025, and was established on April 1970

it's an important event as a lot (not all) see people with autism as different and yes it does make them different yet it doesn't distinguish their abilities to perform academically, socially, or in society. These people can still do a lot and accomplish a lot of achievements. Everybody struggles. Whether with autism or not.

It's important to note that people with autism have feelings as well they aren't restricted to anything they can feel love, happiness, sadness, sexual emotions, anger, frustration, agitation, or anything. But they may show it a different way, and that's okay! :) 

There are many types of autism like mild, severe, or anything in general and some people may be placed in separate places (correct me if I'm wrong) for example me personally I have AuDHD which is autism and ADHD mixed together (ADHD is very different from autism it's Attention-deficit/hyperactivity disorder where you can face distraction and hard time focusing) but I only have mild yet I do face a lot of challenges and difficulty with simple things like tying knots, pathfinding sometimes, or trouble understanding when people point at things. But I find harder things simpler like public speaking, demonstration presentations, and academics.

I am friends with a lot of people who are in special education in school and I can tell you they are the smartest, kindest, and interesting people you'll meet. I myself am not in special education I go to regular classes and even do dual enrollment courses (which are college classes) but I am labeled with a disability so I get a bit of benefits such as more time on state exams, school work, teacher aid assistance, testing alone, and more study hall time (quiet places I can work when I need to focus or be alone because of anxiety)

But I do have one friend in special education and he's awesome and very interesting his name is Kevin and his interest is cologne which he calls ""fragrances"" everytime we sit together when we have a chance in school he always shows me his collection and let's me smell them while telling me his dreams like opening a store and working in a cologne department and I can see him doing that as he knows a lot and is very smart. Every time we talk, I get happy, and he makes me feel better as he is very kind and sweet, making me feel better about myself when sad, upset, or stressed with school in general.

You can also wear specific colors to support people like us. Those colors include red symbolizing love and blue calmness. 

Overall, it's okay to not be informed about autism as not all of us can know everything, but I hope this post helped create a better understanding of this! Being informed about these things is good, and always remember, no matter the disability nothing can be restricted but rather implemented. Use your disability as a tool. I feel like autism helps me think better. I appreciate you all reading this post, and remember there is love all around, so share it. Always have awareness. "
SammyTheSnowLeopard,Pretty tree 🌴💅,0,2,1.0,0,1743718757.0,False,t5_2rjli,
InoonIsAFK,my mother wants to get rid of my year old cat,0,3,1.0,0,1743710720.0,False,t5_2rjli,"she threatens to do two options(just to maintain control over me - look for her new owner or throw her out of the balcony which excuse me i live on the third-fucking-floor so its kill her or let her be down there situation
but holy motherfucker shit she survived last time when this idiot in pure curiosity just ✨jumped✨ 

how the fuck do i cope with that?
like okay fuck me if the 'new owners' will be great caring and all positive shit then maybe my cat wouldn't have to deal with this pathological fucking house 
I'm so tired and i want her to have better life than my previous one"
UltraPrincess,"Men be like ""oh you did a double homocide? you should be in jail, you're a psychopath"". Like nah bro stop crying cuz I killed your parents, that's beta mentality",0,4,0.75,0,1743704978.0,False,t5_2rjli,"Real men don't cry, cowboy up pussy

Edit: oops typo you can make fun of me now"
Halo916YT,Gaming Trivia Day 78,0,1,1.0,0,1743732048.0,False,t5_2rjli,"Can’t do much because I’m about to watch a movie, but it’s Minecraft Day (for obvious reasons).

How many types of Wood Logs (not stripped) are currently in Minecraft?"
istoleadog,how do i tell this dude that his gf is probably cheating on him 😭,0,1,1.0,0,1743732024.0,False,t5_2rjli,"this girl i know that tried to fight me like multiple times lmao has a wizz profile, if yall don’t know what that is it’s basically like tinder but for kids, it’s crazy it’s advertised as a “friend” app but it’s literally not anyway lol i have a man so i don’t go on there but my friend found it and showed it to me 😭 LMAOOOO she had a fake name and a wig on and everything BUT guess what she got a man and like ive been cheated on before so ik how that feels like obviously i want to tell him but i dont want to have to fight her lmaoo im not scared of her i just hate confrontation id rather him just find out or something help me what do i do i already have a fake acc lol so i commented on his post “she cheatin on you bro” but he never respondedddd what else should i do yall i hate her shes evil he needs to know 👿👿"
No_Friendship_4158,Please avoid body slamming in school fights as much as possible.,0,2,1.0,0,1743718440.0,False,t5_2rjli,"Before people say that this has nothing to do with  teens it actually very much does and I am just trying to spread the word. Alot of kids fight at schools including me who had 2 fights in high school but never too serious(One slapping only, and Fist fighting). But please if you are going to fight someone don't try to body slam them or something similar just because how easy it is to paralyze them and ruin their life. Happened to a kid 2 days ago in my school so please be careful and squash your beef as much as possible."
JusticeForGotham1,I wanna test a theory: give (one of) your favorite artist/song(s),0,3,1.0,0,1743710490.0,False,t5_2rjli,"I'll recommend you a Linkin Park Song as I believe linkin park can be listened to by many genres and has quite different sounds.

Please let me know what you think of it afterwards, honestly

I know this is kinda random

Edit: I won't immediately react; ill try within 24 hours

Edit 2: let me clarify my 'theory'; it's more; there's a LP song for almost everyone (not necessarily a similair song for every song)"
Slight_Wait5853,I feel so ugly.,0,2,1.0,0,1743718368.0,False,t5_2rjli,"I don't know, man, I don't want to complain. Since childhood when I go outside random people would make fun of me, and this has really affected me now and I don't have much self-confidence.

Now I've worked a lot on myself and learned about myself, but I still have bad feelings. Many people call me a normal guy, many call me ugly, and many even call me handsome, but I still doubt myself and think too much. I need some kind of peace and I really tried for this peace for several months and I only got 70% of it."
mememememe2237,How do I know if a dude likes me?,0,1,1.0,0,1743731764.0,False,t5_2rjli,"Theres this one dude I really like and weve been talking for about a month now, thing is the reason I like him is because hes different. he isnt rushing into a relationship with me which I really appreciate. though hes so effortlessly “nonchalant” and I have no idea if he reciprocates my feelings at all. im like literally obsessed with him, which I dont expect him to be obsessed to my extent but like ??? what are some subtle signs I should maybe be picking up on more? (also we talk like everyday and I think he treats me differently compared to other girls he talks to…? but I dont really know because my girl friends dont know much about him<\3)"
,"Pingo app, app usage tracking",0,1,1.0,0,1743731725.0,False,t5_2rjli,"If I only now noticed tracking of my app usage on my phone was enabled on this Pingo tracking app which my parents use, however when you go to settings and click ""parent phones"" it says my dad was only last online on March 27th does that mean he couldn't have seen my app usage after then?"
LawrieDaBadCop,Getting a Table Tennis Table soon so I made an Expectation vs Reality meme,0,3,1.0,0,1743710126.0,False,t5_2rjli,
AstroCyGuy,My friend got SA’d and I’m not sure how to help her,0,4,0.75,0,1743700038.0,True,t5_2rjli,"Alright so I have a female friend who lives 2 hours away but we talk on discord all the time. Recently she told me she was really scared of this one guy (he is older than her by like a year or two and they go to the same school). She said he’s always going after her when they’re alone and he grabs at her in inappropriate places and hits her and stuff like that. She was too scared to report him because he said if she ever did that he would hurt her very badly. Recently, the kid did get into legal trouble because they found his notebook with a ton of drawings and stories detailing all the stuff he wanted to do to her. Still, my friend is very scared and shaken up, and I’m not sure how to support her. Any advice would help."
Additional-Bell-2016,Hate being alive and hate my family,0,3,1.0,0,1743710018.0,False,t5_2rjli,"I got in trouble for smoking weed at school and everyone hates me basically, my town is a very small place, less than 500 people and everyones talking about me, my family hates me, its just killing me I feel so alone and I can't take it. Me and my mom just faught and she said she wants me arrested. Things got heated and she called the cops cuz I said I wanted to kill myself. I don't think I can do this"
ItchyAccount6980,im bored,0,1,1.0,0,1743731447.0,False,t5_2rjli,thats all thanks for reading have a good day afternoon evening night and peace out
BlwAvrgPolymath,fellas is this a good physique,0,0,0.5,0,1743731395.0,False,t5_2rjli,(I'm in 8th grade)
mxmadekwe,look at this gorgeous specimen,0,2,1.0,0,1743717784.0,False,t5_2rjli,"girlfriend
i lovelalvava her so mcuh
"
ConnectionTricky9713,I think my grandfather is racist.,0,1,1.0,0,1743731176.0,False,t5_2rjli,"a little disappointed but also not at all surprised, dudes a hundred years old, he probably fought for the confederates."
OzzkuBoi,tuning one of my guitars lower >:D,0,5,1.0,0,1743703817.0,False,t5_2rjli,
Mrs_Shirso,Is it just me or does this cloud kinda look like a duck,0,2,1.0,0,1743717288.0,False,t5_2rjli,
SASHA_DA_BACONRASHER,"Nah I forgot I had to go down, I just got em today",0,5,1.0,0,1743699342.0,False,t5_2rjli,
Future-Artichoke2071,Please Fill Out My Form - It's A Dream Of Mine To Have A Form That Thousands Of People Have Filled Out,0,0,0.33,0,1743730764.0,False,t5_2rjli,"[https://docs.google.com/forms/d/1Q6RqfysKCHkRVWwsYz6cLwbO7NSX3Rpzs0RLL\_-iV8Y/edit](https://docs.google.com/forms/d/1Q6RqfysKCHkRVWwsYz6cLwbO7NSX3Rpzs0RLL_-iV8Y/edit)

  
It would mean so much to me for as many people to fill this out. Share this with everyone you know. See you there!!"
Entire-Many3959,WHY DOES ART NEED TO BE THIS HARD 😭,0,0,0.5,0,1743730760.0,False,t5_2rjli,"Three tentacles took me THIRTY MINUTES to draw. The simple ones. I haven't even started the complex ones yet 😭

(Also, get your mind out of the gutter I'm drawing a fake character for my singing monsters)"
TixPomDog,Prom - tie color with navy blue suit matching with girl’s black dress?,0,0,0.5,0,1743730749.0,False,t5_2rjli,"Hi, not the guy but the girl here, my prom dress is a deep black with cool beaded embroidery, and my boyfriend is wearing a navy blue suit. However, despite my ask, he insists that he wants to wear a purple tie. I tried to compromise by saying that he could maybe wear a silver tie or something to match with my accessories, but he insists instead that I don’t know anything about men’s fashion. However, in the photo he sent me, I think it looks great and would match perfectly. His friends agree with me too. Without being controlling, does anyone have any recommendations or examples of a navy blue suit with a black tie that I could maybe show? His worry is that it’s too “ funeraly “. Im nit trying to be controlling of him or anything but i dont want to look at pics 20 years down the like and just think about how we didnt match."
quirky-lilguy,it is with great sadness that i am leaving this sub.,0,2,0.75,0,1743717197.0,False,t5_2rjli,i'm finally turning 18 and i feel as though this subreddit represents a younger and lost version of me. i hope the best for everyone in here and i also hope you achieved the things you wanna do. have a great life y'all.
Nomad_of_Thoughts,I'm chopped,0,1,1.0,0,1743730693.0,False,t5_2rjli,"I'm chopped, cooked, burnt, and black. Not even my fault tho my dad was like 50 when he had me and I ain't come out right. I have a good jaw but that's it.

In the words of a wise young man I saw on YouTube, ""if the girl think you ugly, 90% of the time it's curtains). "
VenoWave_Official,Went to o'tacos yesterday. No meme could explain my meal better than this:,0,27,0.92,0,1743666270.0,False,t5_2rjli,
namedthisonejpeg,keeping myself healthy 💗💗💗,0,4,0.83,0,1743703558.0,False,t5_2rjli,
thelibsterr74,my head hurts so fuciigng bad i wanna throw up.,0,0,0.5,0,1743730617.0,False,t5_2rjli,i havent updated my prescription in years soo thats probably it but what am i supposed to do? if i dont wear my glasses i cant see but i cant go get new glasses rn
-Sl3epyFr3ya-,VERY IMPORTANT QUESTION!! ☝🏻🤓,0,2,1.0,0,1743717018.0,False,t5_2rjli,What your favourite FRUIT 😎👹🫡
holymacarony2526,r/Place just holds a special place in my heart 💔💔💔,0,3,0.8,0,1743709064.0,False,t5_2rjli,
New-Nature7107,How do guys feel about girls?,0,1,1.0,0,1743730379.0,False,t5_2rjli,"I like a guy but I have no idea how he feels abt me, he’s nice to me and we’ll have small convos here and there and we sit near eachother in class and I’ll catch him looking at me sometimes but idk what he feels and I’d like to know what might be happening and what I can do from a male perspective PLEASE tell me what I can do 😭😭"
Lower-Ad-6293,Why do all adults think teens are always wrong and do everything badly,0,2,1.0,0,1743716680.0,False,t5_2rjli," Yeah, you’ve lived longer, but that doesn’t give you the right to boss random strangers around!"
Why_The_Sad_Face_Bro,Daily how ya doin post (day 895),0,2,1.0,0,1743716664.0,False,t5_2rjli,"Hello there. This post is just to ask how you've been feeling recently, how your day has been, or just to get something off of your chest. Nothing more. Nothing less.

Early post because I'm going out to eat"
Wide-Month-3764,Uuhhhhhhhh wtf?,0,2,1.0,0,1743716626.0,False,t5_2rjli,So currently at time of writing this I’m driving on the highway with my dad. While driving he reaches over to the glove box and pulls out a tooth brush and shit you not starts to brush his teeth like wtf?????
_cum-in-me_,Cant see my bf until sunday 😢🐣,0,1,0.67,0,1743730003.0,False,t5_2rjli,So so sad
Capital_Champion_768,For soem reason my city gets to see the Minecraft movie before it’s release date so I guess im watching it today,0,2,1.0,0,1743716438.0,False,t5_2rjli,
Weird_Suggestion7453,IM UNDER 3.10^1 🔥🔥,0,10,0.81,0,1743686981.0,False,t5_2rjli,
dancingsapphic,And I wonder why my back and neck hurt,0,2,1.0,0,1743716198.0,False,t5_2rjli,
clancy-2128,I found out i need braces,0,1,1.0,0,1743729727.0,False,t5_2rjli,"i need braces, is there anything i should know? and do braces make a guy uglier?"
The_owl_house_kid,What age/ gender do I look like?,0,3,0.64,0,1743708122.0,False,t5_2rjli,…I’m bored 
Substantial-Debt-782,"Ladies, ladies, 1 at a time",0,5974,0.98,0,1743562879.0,False,t5_2rjli,(Joke)
Soleil42,Help me find this Tiktoker,0,1,1.0,0,1743729520.0,False,t5_2rjli,"All I know :

* Posted a video titled ""How to be me"" that began with the line: ""Have you ever cursed at the world for making you who you are? I've got the solution for you, be me.""​
* Faced controversy after accusing someone of s@ during cuddling.​
* Possibly had ""cat"" or the letter ""C"" in her username.​
* Has green eyes and very light brown, layered hair with a middle part.​
* Shared transition videos on TikTok.​
* Posted videos on fall outfits and vlogs.

I knew her from her popular yt video ""How to be me"" Never been a fan or anything. All I want is her name cuz A) I had a pic of her hair saved for inspo but lost it. B) I wanted to find a specific song she made a transition video to once I found it in a yt compilation of her. Unfortunately, I wasn't on my own device, so I lost that too. After she got canceled I believe she deleted all her socials. Please help me find her.

P.S: I don't know what flairs is. I rarely use Reddit, They just said I should add one."
Capable_Rich_2834,my mom is being an ass,0,1,1.0,0,1743729496.0,False,t5_2rjli,"so im going through some mental shit, and i have told my mom this, the signs are all there, etc. So i am trying to do things to help myself by just giving myself time to think. one thing i like to do is just climb our tree and sit there. i did this and she threatened to call the cops for me ""breaking curfew laws"" . i just thoroughly researched, as long as i am on my parent or legal gaurdian's property (not the sidewalk or driveway or street) i am not breaking any laws. i sent her an email (she took away my phone) with proof of this. im gonna go back in the tree and listen to her yell at me for trying to help myself in a way that is physically healthy. "
VoDkA__1999,I'm live on twitch playing a competitive roblox game:3 I respond to all chats and I'm interactive please try and join if you can!,0,2,1.0,0,1743715944.0,False,t5_2rjli,My twitch is peachisawsummm 
jasmine-1717,My opinions on pickles and their impact and importance,0,2,1.0,0,1743715834.0,False,t5_2rjli,"I feel like I just have to talk about pickles real quick.

Okay, so pickles are (imo) the perfectly in the middle food.
Want a snack? Pickle.
Add something to a burger? Pickle.
A topping on most dishes? Pickle.

But they aren't everything. Sure, they are tangy and kinda sweet, with a good crunch. But if I'm hungry I'm not instantly reaching for a pickle. I only eat a pickle if I specifically want a pickle.

Pickles are important but we wouldn't crash and burn without them.

Pickles are just there.
In the middle.

Pickle."
Secure_Data8260,Whats your favorite genre of music? (comments since browser doesnt allow polls),0,1,1.0,0,1743729373.0,False,t5_2rjli,
nonyaYT,AIO If I Ask My GF To Stop Talking To This Guy?,0,3,1.0,0,1743707791.0,False,t5_2rjli,"I want to know how I should react to this, or if I'm overreacting. See, my girlfriend is friends with this guy, and they've been friends for a few months now, because they have like, from what I know, only one class together, and that's fine with me. She has friends that are boys, I don't really care, okay? When she first met this kid, she talked about him for a bit, saying how nice he was, and I was like, okay, that's a bit much, but good for him, he's a nice kid, you know? I wasn't really threatened by him, because, you know, he was just slightly taller than me, but he's a skinny little kid who has glasses on, I don't really care. But then, he's waiting for her, outside her class, to escort her to her next one, which to me is just not- it's so strange. And then even after that, we hadn't talked about him for a while, and then I find out they've been talking about booties together, which also, a bit strange, but you know, as long as they're not talking about her booty, I guess it's okay. And then today, after I call him a bit strange, she says hes kinda dirty, and I find out that, I don't even know how long ago, he's shown her literal pornography. That, to me, is just way- because you- you know this girl's in a relationship, and it's a person of the opposite gender, that is hella strange to me, and I don't feel comfortable with her really being friends with him anymore. All right? I just don't. Now she has this friend whos a girl that she claims is a ""bit freaky."" Now that much is alright because I know a lot of girls do that, (I have a lot of friends that are girls) and are mostly joking, so unless this one is bi I dont mind it. But ""being freaky"" with someone of the opposite sex who you know is in a relationship is just a nono."
Inevitable_Award548,Fake debater!!,0,1,1.0,0,1743729255.0,False,t5_2rjli,
Business_Leather4922,My friend got a gf,0,1,0.67,0,1743729145.0,False,t5_2rjli,How do I get one (I'm desperate)
Stock-Extension-3626,One of my friends needs to stop calling me a good boy 💔,0,2,1.0,0,1743715478.0,False,t5_2rjli,"""don't act like you don't like it"" LET ME OUT HELP ME"
NoIntendedHarassment,There should be a LEBRON JAMES flair,0,2,1.0,0,1743715362.0,False,t5_2rjli,body text (optional)
Jaded_Magician_9551,Can someone tell me to go finish my essay,0,1,1.0,0,1743728757.0,False,t5_2rjli,Why is it so hard to stay focused on one task when I really need to :(
LeekLiving9922,Got bored so i found his pages,0,6,0.88,0,1743690437.0,False,t5_2rjli,
iA_SigChad,I did 3rd one with my friend yesterday,0,13,0.81,0,1743679885.0,False,t5_2rjli,
Nio_wants_sleep,glop glop,0,1,1.0,0,1743728168.0,False,t5_2rjli,silly car jejehe
HappinestLoserEver,I can't be the only one right?,0,911,0.97,0,1743594888.0,False,t5_2rjli,
dvvling,Being social,0,2,0.75,0,1743714370.0,False,t5_2rjli,"Hi guys!
I have never been the social type, it feels awkward for me to make friends. I dont know how to express my emotions correctly to people because THEY are the ones to flood me with their traumas and emotional stories, so it makes me uncomfortable. Even hugs as a greeting - I dont like it. I feel very very ashamed and embarassed in social events, situations and I dont know, is this normal? Im even too embarassed to stand in the school corridor, its very tiring for me. I feel like im weird and boring compared to others, compared to their parties, crazy stories. 
Im sometimes even too ashamed to ask the teacher if I can go to the bathroom.

So my question is, what is going on and is this normal?  "
anxiousbutterflys,Apparently this is a flex,0,0,0.47,0,1743727832.0,False,t5_2rjli,
vigil_r6,Update on me and that girl (uk),0,2,0.75,0,1743714285.0,False,t5_2rjli,WE CALLED I WAS SNAPPING HER THINKING ABOUT CALLING HER THEN SHE CALLED ME WE WERE ON CALL FOR ABOUT 2 HOURS AND HER BROTHER CAME IN AND ASKED WHO SHE WAS ON FACETIME TO WHEN SHE SAID MY NAME HE THEN SIAD OH THEY GUY YOU WONT SHUT UP ABOUT AND CALL FIT ALL THE TIME 
NoIntendedHarassment,I caught fis,0,3120,0.97,0,1743571630.0,False,t5_2rjli,Then stabbed it in the head 30 times as it is a pest 
Ecstatic-Lab3697,this me ever sense I started football,0,1,0.6,0,1743727413.0,False,t5_2rjli,
thelibsterr74,I WANT A BPD BUNNY BRO 😡💔💔💔💔,0,2,0.75,0,1743713797.0,False,t5_2rjli,ik plushie dreadfuls r cringe or whatever but this one is so cute 💔😭
Educational_Lie_1114,Seems we have alot of mentally challenged individuals in this sub,0,3,1.0,0,1743705612.0,False,t5_2rjli,WHY WAS BRO TALKING ABOUT FREAKY MARBLES??
Competitive_Duck633,So uhh. I had a freaky dream...,0,0,0.4,0,1743726993.0,True,t5_2rjli,"so Like, I had a freaky dream where me and this girl were sexting each other, and later I started fingering her, and then all of a sudden we were in school and like she hugged and kissed me and thats about it. I think its important to note, I used to have a crush on her and that I was dating someone else irl at the time... can someone explain this to me???"
Harmonica_Dylan,Negative space,0,14,1.0,0,1743675399.0,False,t5_2rjli,
Forg030,DOOM (insert rip and tear),0,3,1.0,0,1743705305.0,False,t5_2rjli,Making the full slayer suit 
q_matek_p,Live slow die old‼️,0,2,1.0,0,1743713105.0,False,t5_2rjli,Fym live fast die young 
SphyroHeat,"I love life, my egg does too.",0,11,0.93,0,1743679689.0,False,t5_2rjli,"We love life, and so should you!"
extra39395,mad about being a pda couple idfk,0,1,1.0,0,1743726539.0,False,t5_2rjli,"I can't see my boyfriend outside of school very often so we end up being pda a lot, I try to keep us away from others even if it's just a kiss on the cheek or sitting next to eachother or hugging. I was upset today over dropping and breaking my personal laptop so today he offered to give me a kiss to make me feel better and he ended up sticking his tongue in my mouth 
this was in a classroom 
full of people.
yeah we've made out before but in front of people? bro??
so now I have everyone in my year practically gossiping and making fun of me for being once again the weird PDA couple
this is the second time something like this has happened because of him and before I expressed how I didn't like him doing public things like this but instead he ignored and avoided me for a week in the name of teaching me a lesson about worrying what people think of me 
in addition he gets upset when we don't have enough physical affection 
I get that he's as paranoid as I am but I feel like I don't need to be touching you every five seconds for you to feel loved especially when I give you things constantly and spend my money on you and talk to you every day.
im so frustrated 
I went from being someone everyone liked and was friends with to someone who people look down on because of him
he's so nice and sweet and does the most for me but there's times where I can't tell if it's the people that are ruining us or if he's the issue or even if it's me I don't know if I should break up with him or not because of this because he really is the best boyfriend I've had if you separate all the big public affection shit"
Erennkrb,should i go taper?,0,2,0.75,0,1743712682.0,False,t5_2rjli,
Mutated_Acid,Just went down the stairs without pain!!,0,2,1.0,0,1743712539.0,False,t5_2rjli,"I’m unnecessarily happy about this, but it feels so good considering that I’ve felt pain going down the stairs since late February, I think. I’m not good at dates."
HF484,I tried to draw one of my OCs in a bunch of different styles,0,3,1.0,0,1743704294.0,False,t5_2rjli,
Feisty_Resolution808,Just got a cat.What should I name this goober,0,163,0.99,0,1743626519.0,False,t5_2rjli,
dopespvn,"Could any1 w cashapp help me with a few bucks lol , i can pay ×2 next week when i start my job.",0,2,0.66,0,1743711891.0,False,t5_2rjli,
Mindless_Bit6920,convince me to move schools,0,1,1.0,0,1743725143.0,False,t5_2rjli,"at school my friends bully me. one example is in class yesterday they were all throwing spit wads at my head. the day before i accidentally fell asleep in class bc i’m depressed and am extremely tired, so they thought it would be funny to stick paper in my hair and get the boys who i hate to stack books on my head. they then woke me up by pouring water on my head and the the whole class was staring at me and laughing. so yeah, they are ya the best of friends. so i really want to move school. BUT the problem is im scared of making new friends (social anxiety) and im lowk kinda weird (autism)… im scared im gonna go to the new school and end up with no friends, having an even worse time. but i need to leave. so please, advice!!"
Brief-Temperature228,how do you learn to accept yourself?,0,1,0.67,0,1743725093.0,False,t5_2rjli,"this is a throwaway and i’m not particularly active on this subreddit so forgive me if this isn’t allowed or if this type of post is unbearably common

i am, as i’m sure many other people are, 16 years old. i’m bisexual, but ive never been in an actual relationship, and that’s my fault entirely but that probably won’t change any time soon
i’m into some things that i think are widely considered weird kid stuff, for example toh and epic the musical, and a variety of other random fandoms, but i tend to not really talk about that much. 
i like to think im relatively smart, ive had almost straight a’s throughout high school and im in mostly ap and honors classes. i have plenty of friends, and on paper, my life seems relatively together.

but, despite having said all that, i continue to struggle with the fact that i really just hate myself. i don’t get bullied or anything, and my friends and family are largely supportive, but i just can’t say i feel good about who i am as a person. i’m exceedingly awkward, and even if ive never been explicitly called weird, i feel like i’m weird.
i constantly feel like i’m doing absolutely nothing with my life while everyone else i know play some type of sport, do extracurriculars, and are actually involved with stuff, meanwhile i’ve only done one extracurricular and other than that, i really don’t do anything. i feel remarkably uninteresting, and i can’t see myself in any other light.
i always have a lingering thought that no matter how i play my cards, i’m going to end up messing something up and ruining my entire life. i haven’t applied myself anywhere near enough, and i’m already almost a senior. i have a general idea of what field i want to go into, and a few colleges/universities in mind, and yet i still feel like my life lacks any direction. plus, the state of the world in general freaks me out, and all in all, my entire future just feels so bleak and unsure.
being in a relationship as a teenager is absolutely not necessary, and i am fully aware of that, yet i still feel unlovable as most of my friends are, and i never have been. obviously, i’m probably not in the right headspace to be in one, since i’m so wrapped up in my own issues. a friend of mine has always told me that before you love anyone else, you need to love yourself, and i hate to admit how applicable that is to my life.

and, in all honesty, i’m tired of feeling like this. everyone around me seems happy, but i feel almost miserable. the problem is that i don’t even know where to start. i’ve never liked myself, and the thought of starting to try is daunting.
so, if anyone at all has any advice for me, it would be more than welcome. 
also, thanks for reading my whole rant.

"
Radiant-North-8519,I'm not actually gay...,0,3,1.0,0,1743703550.0,False,t5_2rjli,I'm straight(er then you) (for legal reasons this is a joke)
geraltrivia29,Current Mood,0,49,0.96,0,1743649175.0,False,t5_2rjli,
-micc,My best friends left me,0,3,1.0,0,1743703350.0,False,t5_2rjli,"How do yall cope with losing your best friends at school? 
Im about to graduate but i still feel like a loser going to school. "
studyingtofail,Night night everyone hope you have a nice day/night,0,1,1.0,0,1743724643.0,False,t5_2rjli,Sleep time 
SeparatePosition3063,I came out to my parents,0,1,0.67,0,1743724505.0,False,t5_2rjli,"# It was rly bad I told them was trans and they said ""get out"" so I'm now crying in my sisters house"
LILCJ2009,Why does it feel so weird to people that u only like and want your partner and not look at others,0,1,1.0,0,1743724470.0,False,t5_2rjli,
Gustavodemierda,What were some acronyms you thought meant something else,0,1,1.0,0,1743724393.0,False,t5_2rjli,"I thought ""smh"" meant ""somehow""

I thought ""imo"" was just a different spelling of ""lmao"""
clancy-2128,I need some advice on how to not be such an awkward dork lol,0,1,1.0,0,1743724338.0,False,t5_2rjli,"i have liked this girl at church for about a year but have barely talked to her, she seems really sweet, is always volunteering and is adorable but i'm embarrassed, we make eye contact enough to where my family has pointed it out, when i was playing Joseph in the church live nativity she brought me hot chocolate and talked to me for a second, i play the drums in the church worship band and her parents have told me that they think i'm really good and stuff,  i'm just really nervous lol, recently I've been playing the box drum at church too instead of just the drum set and she sits right in front of me and i can't look up at her so i just hold my hands together and look at the ground, also i'm worried i'm fat which makes me more nervous, i'm 6 foot 3 and 170 pounds, advice would be greatly appreciated"
klttyghost,how do i become good at comforting my boyfriend?,0,2,0.75,0,1743710745.0,False,t5_2rjli,"i don’t ever post on reddit and i hope this is the right flair for this subreddit but i need urgent help as soon as possible. 

i (M17) have had a boyfriend (M18) for almost two years now, our anniversary is coming up on saturday. we just got into another argument where the subject was that “i don’t comfort him the way he comforts me.” i just need help or advice on how to comfort him when he vents to me.

i grew up in a household where i had to bottle my feelings up or i’d get no comfort, so i don’t really know how to do it. i’ve tried mirroring what he does when he comforts me but that doesn’t seem to be enough for what he deserves or needs. i just want to be the best boyfriend and give him the comfort that he needs and to reciprocate the love that he gives me because i don’t want to lose him. it’s been eating at me for days and i feel so useless to him.

please just give me your best advice on how to be a good comforter and someone that he can confide in when he needs it. 

edit: i forgot to mention we’re long distance so physical comfort is kind of out of the question."
Separate-Map1011,I took “snake” literally,0,1,0.99,0,1743724285.0,True,t5_2rjli,My pendar molts on the third of each month. Is this normal or is it a health problem?
xXAlways_T1r3dXx,Anyone else? *I literally dont know wut to call this*,0,1,1.0,0,1743724173.0,False,t5_2rjli,"Anyone else not ask people if they wanna play a certain game w/ u bc u know ur bad at the game and bc u dont know wut to say bc ur badly shy but still want someone to play with someone?

no?

ok ദ്ദി

(╥﹏╥)"
NearsSuccessor,Help me decipher this please,0,2,1.0,0,1743710610.0,False,t5_2rjli,"I found this in my school bathroom. It has my name on it, and something written below it that I cannot figure out what it says. Please help me decipher this, I think someone is trying to indirectly bully me again. "
AcrobaticRadish8472,is this kind of a crazy message to send,0,2,0.75,0,1743710587.0,False,t5_2rjli,"for context: my friend (who is an artist) recently has been generating a fuckton of AI images and posting them to her tiktok to try and get 'anti-ai's to hate comment on her posts. she's very much rich and sheltered but i really think she's better than this and i thought she grew out of it since the last time something like this happened was when we were like 13. i want to intervene but I don't know if this is a good idea is this giving crazypants

the message (tw: yap city)

okay dude i'm just saying this because i've been your friend for so long and i KNOW you... i think at times you're way too quick to grab a pitchfork and you're being kind of a prick right now. there's a reason why your favourite VAs are going on strike against use of AI, there's a reason why your favourite artists are using protection tools on their art to reduce the chances of it being fed to AI algorithms, there's a reason why people you know are actively speaking out about these issues. i don't know if there's a reason why you want to ragebait or why you're quick to assume that one side is clearly too woke/are being sensitive snowflakes but as an artist yourself i REALLY think it's worth actually learning and knowing how much harm it really causes:, both from an ethical standpoint and how generating ghibli AI actually physically harms the environment 😭

all of this has concrete and real proof of the harm caused, it's everywhere, if you just research a little bit you'll know it's not some nonsense bullshit made up by people who just want something to be offended by. i highly recommend just looking into it even a little bit, I don't care if you just watch a youtube video about the dangers of generative AI, just know enough about it to know the real-world consequences of typing a little prompt. it may not have an effect directly on us immediately, but the more people keep using it, the more fucked the planet is. 

not trying to pull a greta thunberg on you and i'm not telling you to stop your relatives and parents from using the shitty image generators because even trying to begin to explain this to the older generation is gonna seem like a fucking dystopian scifi horror environmental disaster plot and they just wanna have fun before they kick the bucket i don't blame them. as (barely) adults we should really take note and know about these actual issues because they're products of our own era. and if you find out everything about what ai does and still choose to make those fuckass images, at least don't be an asshole about it on purpose 😔

again, i'm not mad at you, i respect you and you're one of my closest friends. this is an intervention and i really don't believe you'd be part of this ethical clusterfuck unless you've been sorely misled about a current world issue that's been proven to be harmful by so many credible people and mountains of evidence. it would be great if the way ai is engineered has been advancing so much because it was meant for things that could bring practicality and comfort to humans like better cleaning robots or AI aids to make the lives of disabled people easier, but to go for the very things that make us inherently human? painting, singing, art in general. 

recent world events have been so so tough and it's so easy to feel lost in everything that's been happening especially since we literally just finished high school, but i believe (or at least want to) that you're better than all this. you are such a sweetheart and i appreciate so much how you are always there in the group, just chatting and sharing things about your day even if the rest of us aren't actively participating in the convo at that moment. your daily stories brighten up my day regardless of how mundane, it brings a sense of normalcy to my life. i think it's time we put our big boy pants on and start taking things seriously as well as getting involved in this kind of conversation, not just for yourself in growing up, but also for the sake of the people we're going to meet and choose to associate ourselves with in the future."
The_Bread_Guy123,"God, if you exist, I ask of you one thing...",0,3,0.67,0,1743697022.0,False,t5_2rjli,Flood it again.
SpitsOnFloor123,I'm too alpha for school but too dark smart for the streets what should I do?,0,2,0.67,0,1743702621.0,False,t5_2rjli,"I have been studying Dark Psychology for 3 years now and have become somewhat of a master and at the same time with my other at home studies I have also became a true alpha male, and I tell my parents I can't go to school anymore. It would be completely useless. The people there just don't get it I mean I constantly show them how I can swallow rocks and get girls and build muscle x3 times as fast as a normal male but they just see all of it as some neat party trick. Now I would run away but here's the next problem.

My studying of Dark Psychology has just made me too smart for the streets. I know if I would go around the locals casinos and alleyways speaking to my fellow chums showing them how I can make dark matter come out of my finger tips, making decks of cards come out of my sleeve, solving math problems in less then a second, and guessing winning lottery numbers they just wouldn't be able to relate to me. What a true crisis this is! Is anyone else in a similar situation? "
namedthisonejpeg,BIRTH CONTROL IS THE BEST INVENTION EVER,0,2,1.0,0,1743710294.0,False,t5_2rjli,"been on it for about 7 months and i actually want to kiss whoever made it. i have had 0 symptoms at all apart from bigger boobs. no weight gain, no acne, no depression, nothing i didnt want. AND i dont get my period anymore. bigger boobs and no period pill. fucking fantastic highly recommend to anyone struggling with their period

(also, i'm not pregnant, which i probably would be if i wasn't on it so like. bonus !)"
Cheap_Drawing3852,"Just turned 17, how are y'all!",0,0,0.43,0,1743723782.0,False,t5_2rjli,
friednhorny,Put Raw Onion In Milk And Stir Until Sour. Put It Under Your Asshole Sisters Bed When The Mold Is Bold Your Job Is Finished,0,1,1.0,0,1743723716.0,False,t5_2rjli,
Alarming_Mountain374,Tralalelo vs Lirili Larila,0,0,0.5,0,1743723627.0,False,t5_2rjli,"Ok real talk - I’ve been thinking about this a lot lately. How would a hypothetical matchup between tralalelo tralala and lirili larila go? Tralala definitely has a speed advantage with its swift attacks but lirili definitely has a higher power output and a stronger frame, but its thin legs could be open for quick jabs from tralalelo. On the contrary, if tralelelo is too stationary with no footwork with its shoes dragging it down, larila can easily crush him in a few seconds. Who do you think wins this one?"
friednhorny,Set Your House On Fire And Blame It On That Goose That Always Hisses At You When You Try To Get Nice To It,0,1,1.0,0,1743723558.0,False,t5_2rjli,
skely-,what if it's real 😰🥀😭,0,800,0.98,0,1743592972.0,False,t5_2rjli,
Looogaaan,"Since someone asked, this is how u jack off.",0,29,0.96,0,1743657573.0,False,t5_2rjli,"They are available at the Home Depot. The 3-ton ones can usually jack both the small ones and big ones. Unless u got a school bus.

Oh btw, she likes u holding her up. For safety."
AngelinaAdoncia,I like this guy but I don’t think he likes me back,0,1,1.0,0,1743723375.0,False,t5_2rjli,"I’ve been liking this guy for the past three months, I only see him in Thursdays because school in England past 17 is only three days long lemme just put you in context first. this guy lets calling him Simon since the beginning of January, his friends we are going to call them Alvin and Theodore, they are all friends. one day I didn’t notice till later that we were in the same train, he was there with a girl. That’s an important fact keep that in mind, so today Friday I go school be was bored even tho I didn’t have any school, so my friend let’s call her Lilian goes with Alvin and I’m left alone, I thought she would come back but I kept walking around with let’s call him Lucas a friend, we go to the first floor, simon and Theodore where sitting in a table so I approached them and told Theodore I fixed his drawing and showed him the picture, simon was making me nervous and I was lightly shaking, lost Lucas and I took a lap around the floor, they were standing up with lilian and Alvin, she was still talking to him so I said “oh my god” all annoyed so Theodore told me that I was third wheeling so I went with them to walk around, so Theodore is asking me what I do in my spear time l said I listen to music, he asked what kind do I listen to and I said Chase Atlantic the band, and simon nods, so Simon asks me what do I watch I was like nothing in particular just ‘everybody hates Chris’ so he asks if I watch cartoons and I say “oh turtles ninja” because I translated it from Spanish to English and Theodore  starts laughing and I said bro English is not my first language and simon is like “at least you are trying your best”, fast forward Theodore asks me where do I live I say “oh (my place)” and then Simon is like yeah I remember the other day you where in the train, by the way that girl next to me is just a church friend, I DIDN AKS OMGGG, so we carry on talking and we talk about food and theodore asks me if I cook and I said yeah of course I know how to cook and then Simon is like oh yeah I love either mac and cheese or lasagna and I was like I love lasagna, we get to the stairs and Lilian is there with Alvin, she hugs him and I said Ewwh and walked to a corner where Simon fully turns to me and then takes my hand like a gentle man and say bye so they can leave. I think he noticed that I liked him because I couldn’t hold eye contact with and only held it with Theodore, couple of weeks later Lilian finds out that Alvin had a girl already but that a story for another day so Lilian ask me to go up to Alvin and ask him if he could go and talk to her to resolve all this mess after YEARS of convincing he goes alone. Theodore was trying to go with him and I was getting pissed that he was trying to rush, Simon turned to me and said “come let’s follow them from behind” I just walk with him, Theodore was again speeding up until I raise my voice and say “Theodore stay back!” Simon was like “oh she’s demanding” anyway fast forwards he asks me how do I know their names (the three of them never told us their names we found out from a teacher) I dodge the question a twice while he was smiling. Then later he asks me what’s going on and I tell him “you know what’s going on don’t act like you don’t” and he answers with “I want to hear it from you” so explain him the whole thing. Later I say something and he didn’t hear it so he leans into me and says “pardon” I just melted let’s be honest. 
My problem is that I know he doesn’t like me, and I’m just trying to pull away but I can’t. I don’t want to say anything because I’m scared of rejection and I just don’t want to make it weird. I’ve been through this but I just don’t want to make him weird. Idk if I’m explaining myself sorry guys. I just need advice thanks guys because I feel I’m wasting my energy on something that I know I won’t get even if I fight for it."
HAROUN_BARA,We just took her to the veterinary,0,4,0.75,0,1743696126.0,True,t5_2rjli,
3ternalreturn,I think I’m a demigirl but I’m scared. Also question:,0,1,1.0,0,1743723185.0,False,t5_2rjli,"Would you be embarrassed of your kid (if you had one) or friend or whatever if they identified as anything else that’s not their “real gender” like how I’m born a girl but I don’t rly want to identify as a full one?



If anyone doesn’t know what a demigirl is it’s like where u are partially but not fully a girl"
Separate_Cupcake_205,How the fuck do I tell someone I like them when having them added on zero social media,0,2,1.0,0,1743709595.0,False,t5_2rjli,"I need advice, I realllllly need advice. I would appreciate any advice from anyone "
Chemical_Parking4457,"Im hearing a lot that when boys befriend girls , they normally find them attractive / wouldn’t mind dating them . Is this true?",0,2,1.0,0,1743709505.0,False,t5_2rjli,"Just looking for comfimation , but is it true in any shape or form ? "
DellaBella12235,NO SHE DID DIDN'T SHE,0,1,1.0,0,1743722999.0,False,t5_2rjli,
PutridEmployment3516,I hate y'all none of you are replying to my comments it makes me want to cry.,0,4,0.83,0,1743695756.0,False,t5_2rjli,
thelibsterr74,Reddit users and their complete inability to read sarcasm in text need to be scientifically studied,0,0,0.5,0,1743722828.0,False,t5_2rjli,Like yes sometimes it is hard to tell sarcasm in text but sometimes it's just so obvious...
Historical-Thing5288,Driving License,0,1,1.0,0,1743722629.0,False,t5_2rjli,"Hi there, I live in canada and i go to get my g2 in 2 weeks. Im extremely nervous. How was your experience if you have done it? 

Should I be nervous?"
KingTechnical48,Do you have a drivers license?,0,1,1.0,0,1743722586.0,False,t5_2rjli,
Jongbelegenkaasblok,everyone in my class laughed at me,0,3,1.0,0,1743701077.0,False,t5_2rjli,"today, last period i got asked a weird question me being social awkward (and autistic) didnt fully get what was happening. so i looked and was really confused. then this 1 girl pointed at me and said ""HAHAHAHAHHA LOOK AT HOW STUPID HE LOOKS!!"". everyone laughed at me. after i came home i started crying. i genuinely hate people and this will not make it better."
-AdventurousBee,Thom yorke packs his bags and finds his way to ponderland,0,2,1.0,0,1743708968.0,False,t5_2rjli,
VeryOldGiraffe1010,My bangs are getting too long and they keep poking my eyes 💔,0,7,1.0,0,1743684430.0,False,t5_2rjli,
stonedsaxophone,Haven’t been on Reddit since my birthday and forgot I’m old now,0,1,1.0,0,1743722343.0,False,t5_2rjli,Hope my 20s serve me well 
Ben73892,Give me a number from 1-60 and i will give you a song from my playlist,0,2,1.0,0,1743708738.0,False,t5_2rjli,"Let me know your thoughts on them.

:D"
GhostsOfCinema,take a break from politics and listen to this,0,2,1.0,0,1743708642.0,False,t5_2rjli,
Money-Preference6413,backed out of a public speaking contest—feeling defeated,0,1,1.0,0,1743722128.0,False,t5_2rjli,"(15m) i was supposed to participate in a public speaking contest at school, but i backed out. i really wanted to do it—not because i enjoy public speaking (i don’t), but because i know things like this help with my CV. i genuinely want to succeed academically. i refuse to be average.

i’m socially anxious and grew up stuck in my comfort zone, but lately i’ve been forcing myself into uncomfortable situations. it’s hard. i’ve actually managed to push through once before—I gave a speech in front of about 30 people, including my school’s admin team and teachers. it was terrifying, but i did it. so i thought maybe i could do it again.

but this time, the stakes felt higher. i would’ve had to speak in front of around 80ish people (a journalist sponsoring the contest, the same admin team, including my girlfriend—possibly her friends too.) i tried. i wrote a full speech and tried to memorize it, but my brain just shut down. (i have adhd if that matters)

i really wanted to participate. i was willing to go through the discomfort and even risk embarrassing myself, because i know i need to actively shape the life i want.

now i just feel frustrated and disappointed in myself. it doesn’t feel like trying was enough. how do you cope with that feeling? im telling myself its fine and i was going against how my brain works anyway, but i feel like thats just a lame excuse im making for myself and that i was just lazy."
OwlsPrankster,opinions on ginger people?,0,2,1.0,0,1743708496.0,False,t5_2rjli,trying to see something rq
BoringBass4773,Whats the worst time you needed to pee?,0,1,1.0,0,1743721667.0,False,t5_2rjli,
East-Conference-5091,About to go see Minecraft movie,0,1,1.0,0,1743721645.0,False,t5_2rjli,I'll update yall on how it was
imnotsurewhat_toput,Is it weird to collect dinosaurs toys?,0,1,1.0,0,1743721585.0,False,t5_2rjli,"So I’m a huge Jurassic park and I have been recently collecting them,I get so excited when I see them in the store and I have to buy but sometimes I think I’m a little childish for collecting them "
cheesyegg69420,Why do I feel this way for a girl I’ve never met?,0,1,1.0,0,1743721553.0,False,t5_2rjli,We’ve been talking for a while now non stop and she lives so far away I’m gonna cry.
gumdropblanket,Why are Americans such cucks?,0,1,0.67,0,1743721460.0,False,t5_2rjli,?
thelibsterr74,non mentally ill people stop telling mentally ill people they have no empathy for not putting themselves in an enviornment that is associated with medical trauma challenge,0,2,0.67,0,1743707667.0,False,t5_2rjli,
GloriaPatriEtFilio,Baby Dinosaur,0,4,0.84,0,1743689632.0,False,t5_2rjli,
Guilty_Letter4203,When you have more family who isn't releated to you than actual family:p,0,2,1.0,0,1743707507.0,False,t5_2rjli,Gotta love family friends who are like family
OkSalt2841,How many of you are in actual relationships?,0,1,1.0,0,1743721014.0,False,t5_2rjli,"I’m homeschooled rn but I’m going to college in September (I’m in the uk, college is 16-18 here) and I want to know how many 15/16/17 yr olds are actually in serious relationships (like a few months or longer). TBH this might sound stupid but I want the teenage experience of going on dates and to parties and stuff but I don’t want to get my hopes up. "
Open-Secretary-8868,Anyone else under tornado warning rn?,0,1,1.0,0,1743720991.0,False,t5_2rjli,Or just me💀
Novaholo,Anonymous Questionnaire on Consumer Behaviour and Purchasing Decisions in the Streetwear Market,0,2,1.0,0,1743707422.0,False,t5_2rjli,"Hi everyone,

As part of my undergraduate degree at University, I'm doing a dissertation on Social Media’s Impact on Consumer behaviour and Purchasing Decisions with regards to the Streetwear market. My research involves conducting a questionnaire about exactly what factors impact consumers decision making when they make purchases in the Streetwear market. It would be greatly appreciated if you would be able to complete this anonymous questionnaire. Many thanks and the link is below:

[https://brookes.fra1.qualtrics.com/jfe/form/SV\_aWAIs021h9qXe7A](https://brookes.fra1.qualtrics.com/jfe/form/SV_aWAIs021h9qXe7A)"
thelibsterr74,My mom is in the hospital but I can't bring myself to go in there.,0,2,0.75,0,1743707420.0,False,t5_2rjli,"every time im in there im forcefully injected with sedatives restrained to the bed, screamed at and I just can't handle being back in that enviornment again. I fucking care about her but every time I go in there it's like I'm back there again being treated like a wild fucking animal"
Raviamus,"Hey yall, forgot me?",0,3,1.0,0,1743699445.0,False,t5_2rjli,
Nika_018,They don't call it Finger Food unless you have Toe Food,0,1,1.0,0,1743720858.0,False,t5_2rjli,>!God I hate myself for this!<
skee_yee_xd,once upon a time…,0,4,1.0,0,1743693733.0,False,t5_2rjli,continue the story👇👇👇
UpbeatLab2668,Promposal for my girlfriend,0,1,1.0,0,1743720816.0,False,t5_2rjli,"I need some ideas for how to make my promposal feel special. My girlfriend and I have already decided to go to prom, but I want to do something a little extra. I don’t have a car to pick her up since I’m a sophomore. We may be going on a date this weekend so I could try something then. Give me your suggestions please 🙏"
No_Volume_4303,"Ladies, Ladies… One At A Time…",0,990,0.99,0,1743586004.0,False,t5_2rjli,
SpinachUnfair2715,HUUUUGE FIGHT BRO,0,2,1.0,0,1743707012.0,False,t5_2rjli,"dude i just got home from school and when i tell you i saw a big fight, it genuinely was there were like at least more than 20 cops at the school and some just arriving it looked like a massacre but honestly what do i expect i live in OHIO for gods sake. There were mothers fighting girls that were in the same class as me fighting and even guys bro. The whole school had to wait like half an hour to go home because they had us in soft lock down. my mom says when she was waiting for me that it started because one girl tried to stab another with a key in the back of the head when i got to my car i was scared tho cuz i go to a pretty ghetto school and i thought someone was just gonna start shooting guns and stuff (BTW i go to Mifllin High school) but yeah y'all think i should switch to another school. I want yalls opinion."
Capital_Champion_768,Day 17 of the wheel,0,1,1.0,0,1743720552.0,False,t5_2rjli,
StarbellySweetheart,Should I dye my hair a fun color and also what color should I dye it?,0,4,1.0,0,1743693353.0,False,t5_2rjli,
Greentea_Teapot,The biggest misfortune that happened to me this year 💔,0,5,1.0,0,1743693251.0,False,t5_2rjli,I am utterly heartbroken 💔 
CatKat10,Puberty sucks so much…,0,5,0.86,0,1743688854.0,False,t5_2rjli,"No matter what I do I always sweat or smell like BO, no matter how much deodorant, body wash or soap I use, I always smell. My room smells like BO, my blankets and almost everything in my room. Can somebody please tell me how to stop sweating or atleast make me smell better."
Irish_Capybara23,Need advice about living situation,0,1,1.0,0,1743720304.0,False,t5_2rjli,"I 14 need some advice i live in this tiny house with my mom brother and sister i need my own room i currently share one with my brother who is 8 years old ipad kid who is the most disgusting child ive ever met he leaves food around the place doesnt clean up after himself yada yada anyway we sleep in bunk beds together which i dont fit in so i asked my mom for a new bed and she said then we have to put it in next to his one keep in mind this room is about 6x6 ft long which would leave me utterly no room to move so i asked if i could move into my sisters room which is tiny but it would fit me and she move in with him because there about the same age and she says no flat out no and when i ask why she just shouts at me keep in mind IM 14 WITH NO PRIVACY IN A BED THAT DOES NOT FIT ME


Now this brings me to my next point my dad and my mom are divorced so he has his own house and he has a blank canvis room like white walls no floor a blank canvas and i think i should move there because lets be honest my mom is never gonna budge so i seriously dont know what to do should i stay in this room with no privacy and a small bed or move in with my dad but i know if i did move away to my dad it would crush my moms heart i really need advice i dont know what to do..."
Jaded_Pomegranate791,Wich hairstyle suits me the best?,0,0,0.33,0,1743720264.0,False,t5_2rjli,
Opposite_Presence_82,Bruh I'm fr horrible in math without any reason 😭😭,0,2,1.0,0,1743706661.0,False,t5_2rjli,"Like I'm fr horrible at it and I don't even have a learning disability like I don't even need extra support and I'm still horrible at it, and when I mean horrible I MEAN it like I am not passing beyond 3rd grade  math If I need to take a formal test and I'm in 9th grade😭💔💔
"
Ben73892,Give me your favorite song and i will rate them 1-10,0,2,1.0,0,1743706540.0,False,t5_2rjli,"Im bored pls send some good songs :D

I also like rock incase you dont know what to comment lol"
Jaded_Pomegranate791,I am bored,0,1,1.0,0,1743720046.0,False,t5_2rjli,
thelibsterr74,"is mental health treatment supposed to work at some point? ive been doing this for 7 years, whens it supposed to kick in",0,1,0.66,0,1743719930.0,False,t5_2rjli,
holymacarony2526,Why are songs treated as lesser art than poems even though they have more or same effort? Double standards 😔,0,1,1.0,0,1743719863.0,False,t5_2rjli,
gryhoovy0,I came out to My parents,0,0,0.4,0,1743719829.0,False,t5_2rjli,"My dad flipped of and threw me out of the house just because Im bisexual, I dont know what to do please help me"
holymacarony2526,Murder on My Mind is literal art the meaning behind it is so deep,0,1,1.0,0,1743719821.0,False,t5_2rjli,
Bead_lizard,Weird comment from guy friend?,0,4,1.0,0,1743692566.0,False,t5_2rjli,"My guy friend told me, over a snap convo, that if I kept having the style I do, he’ll become obsessed. Huh? What does I do?

(Context: I have a grungy/hippie style) "
Erennkrb,"i got a high taper, opinions?",0,1,0.6,0,1743719553.0,False,t5_2rjli,"u/DragonFruitLollipop

"
Away_Intern7609,I hate how popular my names getting :/,0,0,0.5,0,1743719541.0,False,t5_2rjli,"not that bigga deal but it’s sad how I’m going to a kinda rare name to a common one :( My names Naira , it was kinda rare by the time I was born , I hate that it’s slowly getting more popular now ☹️ Does anyone else feel like this? 😭 Like in any given situation, u went from special to nothing, ykwim? "
PutridEmployment3516,Whenever someone raises Thier hand at me with an angry expression I flinch thinking they would hit me.,0,1,1.0,0,1743719384.0,False,t5_2rjli,
MMplayzYT,it's my birthdayyyyy,0,2,1.0,0,1743705814.0,False,t5_2rjli,My birthdayyy
depressedfairy1842,Todays song recommendation. Stereo Love by Edward Maya and Avila Jigulina,0,1,1.0,0,1743719277.0,False,t5_2rjli,I will try to do more underrated/unknown songs next week
Life_Campaign_1088,Do guys get icked by girls talking about their weight + why is it such a problem to them?,0,1,0.67,0,1743719179.0,False,t5_2rjli,"I'm probably gonna get chopped for this, but its honestly a real question. I have body image problems so I always think people are looking at how I weigh, and I wanted to see if what I'm thinking is true.

I see a alot of guys in comments on social media judging girl's on their weight, and I just get really pissed off because of it. Nobody's telling you to date the girl, so keep your opinions to yourself. (what I say truly does not matter though.) 

Overall, my question is what bothers you so much about it AND do you get grossed out when girl's talk about their weight? 

I also see stuff with people saying ""if you're gonna complain so much hit the gym idfk"" like damn okay. 😭

I HOPE THIS MAKES SENSE??? "
jnyn2ce,Sometimes teachers are not the problem,0,1,1.0,0,1743719167.0,False,t5_2rjli,"Friends at school often say that they hate some teachers but I'm actually really fine with them, but that's because these last 2 trimesters I've been having really good grades (third place on first trimester and second place on second trimester of this year), and they're not even rude or anything, plus, it's not that much about being smart, just doing your homework and all stuff even if it has errors or they're not completed, when something is missing in my homework I say I didn't understand it and the teachers just explain but still count it, cause when they see you put effort into their subject they help you. Idk if it's the same with y'all's teachers but my teachers are usually really nice if you put effort, so I don't have problems in any subject usually "
PutridEmployment3516,Sometimes parents can be annoying,0,1,1.0,0,1743719160.0,False,t5_2rjli,
Nika_018,Yeah I have an addiction,0,7,0.9,0,1743680928.0,False,t5_2rjli,
imnotsurewhat_toput,Hi everyone,0,1,1.0,0,1743718735.0,False,t5_2rjli,"I’m new to Reddit and saw this community and I decided to join so hiiii,I will be posting some gaming stuff on here if that’s fine with y’all "
aprilbun_1,I need to pee so bad :(,0,1,1.0,0,1743718643.0,False,t5_2rjli,I'm about to sleep but cant bring myself up to go pee💔
psychoteapot158,I have chosen violence,0,1,1.0,0,1743718606.0,False,t5_2rjli,Ain't noone safe 🥀
friednhorny,I just gaslit a Saks Fifth employee😜✌️,0,1,1.0,0,1743718590.0,False,t5_2rjli,I just made CVS triple check their inventory😓💊
FleshMech777,TikTok acc i need to find,0,1,1.0,0,1743718565.0,False,t5_2rjli,"There was this weird account on TikTok it featured these weird dolls and occasionally toys or other thought provoking things 
The account itself is Russian and the only reason I can’t find it is because I was only following it on my old account which has since been deleted and I can’t remember the name either but the account suggests the the user is going through some sort of trauma or something of the sorts if someone could help me find it it would be much appreciated "
im_actuallyc00l,Weird art,0,2,1.0,0,1743704981.0,False,t5_2rjli,"I don’t like digital art. I prefer traditional drawing and sketching. Anyways I might draw this on my old skateboard, what we thinkin?  (Also this was hella Rushed)"
Branchscoffee,Am i wrong for being afraid to tell my mom about my guy friend?,0,1,1.0,0,1743718422.0,False,t5_2rjli,"so, a few weeks ago i told my mom the truth about when me and my online friend actually started hanging out. (We would meet up at a theme park we both go to) she was kinda upset that i lied to her..but, can I get you guy’s honest opinion?

i was only afraid to tell her the truth because she’s somewhat strict. And she tends to overreact sometimes. Like, one time in 2021 i gave a girl i met at said theme park my ig and she was sooo quick to give me a lecture. When I was in elementary, i was being bullied. And the reason why the bullying went untold for so long was because I didn’t want her to overreact and cuss out the school and risk getting in trouble….was I wrong for being hesitant about telling her when me and my friend actually met up?"
SASHA_DA_BACONRASHER,"My forehead is the reason I have loads of hair, I can fit an estate on there",0,3,1.0,0,1743696938.0,False,t5_2rjli,
No-Distribution-2805,I'm so fcking disappointed at my friends bro 🙏🏻😭😭,0,2,0.75,0,1743704817.0,False,t5_2rjli,"One of my friends put ts on his strories 
How tf can you even write me with an ""i"" bro🙏🏻😭
I need new friends bruh 🙏🏻😭"
L1zzy-Grant,What do you guys think of extreme cinema?,0,1,1.0,0,1743718166.0,False,t5_2rjli,I’m personally a big fan and could talk about it for days!
friednhorny,I could handle one more pill I suppose 😏💊💓,0,1,1.0,0,1743718088.0,False,t5_2rjli,Italian silk around my head like a cloak 🇮🇹🤕👽
TrashCan5834,okay so turns out waking up at 3 am to lock in on an assignment makes you tired af 12 hours later,0,1,1.0,0,1743718071.0,False,t5_2rjli,"i expected ts but damn

worth it tho i think"
Dazzling-Job-4653,How do you deal with heartbreak?,0,2,1.0,0,1743704510.0,False,t5_2rjli,"I (16f) am experiencing real heartbreak for the first time. I am very emotionaly numb (it's hard for me to feel things, or know what I'm feeling) and I shed tears of real sadness for the first time in a few years recently over it (cried myself to sleep too). How do I deal with these feelings that have nowhere to go?

Ps : I'm pan, heavily oriented towards non-men, and the person in question is nb afab if that's any help."
neuro_divinity,came back from skewl and my mom got me a cat (what should I call her),0,222,1.0,0,1743612294.0,False,t5_2rjli,
RK10B,Pants with zippers…,0,1,1.0,0,1743717886.0,False,t5_2rjli,Make me look hard. This is mildly infuriating.
swallow-it8,Beyond bored rn,0,2,1.0,0,1743704024.0,False,t5_2rjli,Wanna talk?
thelibsterr74,which i read next,0,1,0.66,0,1743717356.0,False,t5_2rjli,"I alr read Pet Sematary, salems lot, and misery"
RestaurantFit4892,Should i remove my scar?,0,1,0.67,0,1743717338.0,False,t5_2rjli,
Cosmic_Rybear,Me when I shower in transmission fluid😁🤪,0,2,0.75,0,1743703790.0,False,t5_2rjli,
Terrible_Habit9883,hiiii how's everyone doing??,0,1,1.0,0,1743717072.0,False,t5_2rjli,i hope im going to be happy soon ❣️
thelibsterr74,love how the juvenile mental hospital put me in a room with a schizophrenic girl who fucking screamed all night and talked to herself and moved around like she was having a seizure or something and refused to switch my room the whole 11 days I was there,0,1,0.6,0,1743717040.0,False,t5_2rjli,
Open-Secretary-8868,I got like 8 hours of sleep last night and I'm more exhausted than I normally am,0,0,0.5,0,1743717028.0,False,t5_2rjli,It doesn't make sense brooooo
Justmoney50000,Request to Join your Community.,0,1,0.99,0,1743717008.0,False,t5_2rjli,"Hi, my name is Emmanuel. Am new to your community. Pls, Is there any age limit to joining your community, Cuz am 21 and it feels like am in the wrong place. Am I welcomed here as a 21yrs old pls?"
WhyShouldIStudio,i forgot to drain the beef in the hamburger helper :(,0,1,0.67,0,1743716932.0,True,t5_2rjli,ohno :(
AugustDaKid,I don't know what to put here🎰🎰🎰,0,2,1.0,0,1743703252.0,False,t5_2rjli,"My brother squirted water at me so i ran into his room with a bottle of seasalt spray and screamed ""DOMAIN EXPANSION, MALEVOLENT SHRINE!!! AAAAAHHHH!!!!!""
And sprayed it all over him🤑"
PutridEmployment3516,Wise words,0,2,0.75,0,1743703234.0,False,t5_2rjli,
Acceptable-Prize9396,If we teenagers need to be together then why do older teenagers sometimes bully the younger teenagers for their age?,0,9,0.91,0,1743673689.0,False,t5_2rjli,"I have seen this behaviour in this and other teenagers subreddit too. Few (not all) older teenagers target younger teenager's comments by saying ""Bruh, you're 13/14. Go back to learning colours"", while I am not supporting 13 year olds to be on reddit, they are creating hatred and division by saying things like that. They can't dictact what they(13/14) should do.


Sorry if it looked like i was targeting, i could have definitely used better phrasing. I am just making this post to point out their behaviour. No offense to anyone."
NOSWT-AvaTarr,HEY GUESS WHO GOT A GF!,0,3,1.0,0,1743695104.0,False,t5_2rjli,"Not me, still trying."
AnimatedBasketcase,I saw this in the trash can at school LMAO (its the packaging from a cake bar/weed vape),0,1,1.0,0,1743716539.0,False,t5_2rjli,
Bulky_Damage_1375,gang how do i glow up for sixth form (or junior year if you're from MURCA),0,1,1.0,0,1743716510.0,False,t5_2rjli,I already got my nose done (my hoy hates it though 😭) but I NEED to pull next year so please please PLEASE give tips 🩷
Anxious_Escape_2496,(17f) anyone wanna be friends?,0,3,1.0,0,1743694998.0,False,t5_2rjli,I don't have any reddit friends so let's see if we vibe ( told my age in title cause i don't want to be friends with 13-14 yr old ..it lowkey feels illegal 😭) 
No_Audience7798,What hair colour do you think would suit me,0,2,1.0,0,1743702807.0,False,t5_2rjli,
Chemical-Egg-9100,Advice on how to break up with GF,0,1,1.0,0,1743716304.0,False,t5_2rjli,"So long story short, i met this girl back in December, we instantly clicked, she was originally trying to put me on with her friend, but I didnt like her friend, i liked her. This girl has a bit of a bop rep, theres a small list of things ik about her and things she did that i dont really like but no one is perfect yk, but one big thing that hurt me bad was that she asked me for permission to text a boy she had history with and i told her no, and there was another guy she asked permission with i was fine cuz it was something important, but when i told her no to that kid, she did it anyways, and her excuse was horrible, and tbh it wasnt the same after that, i really did love her for a while, i had a crush and it turned to love and i still loved her even after that incident, but now i dont know why but i dont feel like i wanna be in a relationship anymore, and i dont want her anymore not because of what she did, but just because I dont feel like it anymore. if u have any questions about this just lemme know, but how do i end things with her and am i an asshole"
Soggy-Ad-3639,Girls what’s ur preferred body type for a guy,0,2,1.0,0,1743702641.0,False,t5_2rjli,I’m pretty surprised by how many people here are into builds like this https://imgur.com/a/ddGu1vr rather than more muscley builds like this one https://imgur.com/a/uYdVr2N like what do you find so attractive about thin builds
Shada70,This generation is cooked 🥀,0,5,1.0,0,1743684692.0,False,t5_2rjli,
m3ttaton-3x,hi whos your favourite music artist and why,0,1,1.0,0,1743715814.0,False,t5_2rjli,Mine is lady gaga but i also love charli xcx and lorde pls yap with me if u like them x
Poltergeist7369,What’s yours song of the day?,0,1,1.0,0,1743715750.0,False,t5_2rjli,This mines 
Careful-Ad6349,Which looks better?,0,26,0.77,0,1743653579.0,False,t5_2rjli,"First pics it lash clusters and the second is lash strips, and im just wondering which looks better?( p.s these are some of the only pics i don’t look like an adult homeless man who hangs-out around gas stations )"
thelibsterr74,NOO I SEARCHED CHARACTERS WITH BPD AND IT SAID ANNIE WILKES 💔,0,0,0.4,0,1743715681.0,False,t5_2rjli,I read the book that woman does not JUST have bpd she got something else far worse she is TEN TIMES CRAZIER than me 💔🥀🥀
Ok-Atmosphere6376,When your mom asks you what your listening to out loud but it’s inappropriate and vulgar,0,0,0.5,0,1743715603.0,False,t5_2rjli,This actually happened to me today when my mom asked me to play the song I was listening to which was four big guys by digbar💀💀💀
joffreythegentIe,I think i understand Τrump now,0,0,0.5,0,1743715560.0,False,t5_2rjli,"
bro is trying to devalue peoples retirement so they will be working for longer

he’s such a smart man how is he not recognised for this

smaaaaart

"
SimplyKenadi,Interested in Law? Join Our Free Virtual Event with a First-Gen Lawyer!,0,1,1.0,0,1743715559.0,False,t5_2rjli,"Hey everyone! If you’re interested in law, pre-law, or just curious about what it takes to become a lawyer, we’ve got an exciting free virtual event coming up!

📢 First-Gen Lawyer Spotlight – A live conversation with Nickie Perdomo, a first-generation lawyer, sharing her journey, challenges, and advice for aspiring legal professionals.

📅 Date: April 6, 2025 (Tentative)
⏰ Time: 6:00 PM EST
📍 Where: Zoom / Instagram Live
🎤 What to Expect:
	•	Insights on law school and career growth
	•	Overcoming barriers as a first-gen student
	•	Live Q&A – ask your own questions!

If you’re considering a future in law or just want to hear from someone who’s made it, this is a great opportunity! Drop a comment if you’re interested, and I’ll send you the event details. Hope to see you there! 

#law #prelaw #career #highschool #college #futurelawyer"
RatGod4,check it,0,36,0.97,0,1743645517.0,False,t5_2rjli,🪸
Jaded-Solid-8729,do i not like my friend anymore?,0,1,1.0,0,1743715318.0,False,t5_2rjli,"honestly i’m just confused. i’ve had a close online friend for 3 years now. we used to call a lot and play games together when we met later into the pandemic. recently, the depression i’ve had tor five years now has been getting worse and i’ve been wanting to call less. every time i say something in a groupchat with this friend? they immediately ask to call and honestly it irritates me a little bit. i feel guilty for not wanting to call them, though, because i end up not talking to them at all for days just so they dont ask if they can call me. i don’t have the energy to force myself on a call for over an hour. i’m scared to try talking to them about this because i know how much they like being on call with me. how should i talk to them about this the right way?"
number8ballalt,"Collecting road reflectors is cool, but do you collect iron/metal/steel objects? 😼",0,2,1.0,0,1743701681.0,False,t5_2rjli,HAH. TAKE THAT. JS LIKE I TAKE TS SHIT OFF THE  STREETS 
FlanAlarming1549,If you ever wonder why (dr who references as well),0,1,1.0,0,1743715100.0,False,t5_2rjli,"""Winning? Is that what you think it's about? I'm not trying to win. I'm not doing this because I want to beat someone, or because I hate someone, or because, because I want to blame someone. It's not because it's fun and God knows it's not because it's easy. It's not even because it works, because it hardly ever does. I do what I do, because it's right! Because it's decent! And above all, it's kind. It's just that. Just kind."" - the doctor 

In a world where people hate and harm, never be cruel never be cowardly, and never ever eat pears!

"
Colossus_of_Halcyon,What are you’re best most functional coping mechanisms,0,1,1.0,0,1743714989.0,False,t5_2rjli,"Yea I know… this is my first time here, sorry for the depressing post but I really am going through some (probably and unfortunately not so rare) fucked up stuff with my parents. I picked the advice tag because I needed it not because I’m giving it. Anyway my mom and dad hate their lives and each other for hating their lives, and for some godforsaken reason refuse to get a divorce. It’s been five years… I feel like I’ve tried everything I."
lucipherz,they forgot my fuckciggb fries. Ts pmo icl mf g me fu,0,1,0.66,0,1743714643.0,False,t5_2rjli,
ZacatekXW,Is it bad to be politically moderate??,0,7,0.82,0,1743676598.0,False,t5_2rjli,"I personally agree with opinions from both sides but every time People ask me what I am and I say moderate, I get shut down and rejected by both sides. I get called names and even told to kill myself a couple times by both sides."
NoRiver-,Is it wrong to want to date my friend’s sister,0,0,0.5,0,1743714591.0,False,t5_2rjli,"I, 16M, have known this guy for nearly 5 years and his sister, 15F, for 4 and I didn’t have a crush on her up until October last year. Though I haven’t acted upon it until a month ago, mainly because I felt it was just a slight attraction that would go away and didn’t mean anything. But I can’t stop thinking about her, she’s a nice person and we get along pretty well so I started actually talking to her more often and on Snapchat. I feel like she may have a crush on my too as well. My friend (her brother) has occasionally joked about her having a crush on me before and she never denied it which I always found strange (one time he said in and argument with her while we were walking “oh you just want to be his boyfriend” and she said “I’m not a boy”, instead of saying she didn’t want to date me). Do I try and ask her out at some point or not?"
Kendra2010l,I have drawin something for an art competition..... I think it's really bad,0,1,0.67,0,1743714558.0,False,t5_2rjli,Like this was the first time I have ever shaded and made a nose so it's really bad. 
namedthisonejpeg,i <3 my cute little photo wall,0,2,1.0,0,1743701006.0,False,t5_2rjli,
arkjc_mwa,"Got called gangsta, rapper and JAY-Z for this look",0,0,0.33,0,1743714479.0,False,t5_2rjli,
Excaliburious_Guy,16 looking for friends!!,0,1,0.67,0,1743714266.0,False,t5_2rjli,Pretty bored.. 
thelibsterr74,having mental breakdowns on r/teenagers at the big age of 18 💔,0,0,0.5,0,1743714262.0,False,t5_2rjli,Using this subreddit for my mental breakdowns when I have no one to text has been a habit since I was like 15 im sorry 💀
Sephraaah,when i feel attractive i still don’t feel like people are attractived to me like how i feel with other attractive people,0,2,1.0,0,1743700704.0,False,t5_2rjli,"
brains are weird "
whenitallfaIIsdown,I sleep good at night knowing I'll never get dms from pedos ever (I haven't even logged on Reddit in like 3 days 🥀),0,1,0.67,0,1743714220.0,False,t5_2rjli,
PutridEmployment3516,Am I the only one who wonders the people who act sex scenes in movies how.??? 😭 Infront of the directors and producers,0,1,1.0,0,1743714010.0,False,t5_2rjli,
Subben_Nils,Do what’s the point of ragebait,0,2,1.0,0,1743700421.0,False,t5_2rjli,It’s not as if you get karma of it cuz you only get downvoted
Sephraaah,i wanna be active again but there’s nothing to post about 😔,0,2,1.0,0,1743700400.0,False,t5_2rjli,
