author_username,title,downs,ups,upvote_ratio,total_awards_recieved,created_utc,over_18,subreddit_id,selftext
TheOddityCollector,This cluster of fossilised creatures look like they came from another planet,0,32134,0.96,0,1743765525.0,False,t5_2qlia,
1of1images,Sand grains piled into a jumping spider molted head cap,0,1714,0.98,0,1743768273.0,False,t5_2qlia,"Under 3mm field of view
"
sexynedfl-anders,This guy is weird.,0,407,0.92,0,1743780894.0,False,t5_2qlia,
Real_Requirement_105,This bird has been flying into my window for 3 and a half hours straight,0,312,0.98,0,1743785457.0,False,t5_2qlia,What does it what from me?
Kryczka88,"Hazard, Harry”",0,366,0.99,0,1743778287.0,False,t5_2qlia,
Silver-Offer8472,Weird statue of Masha and the Bear,0,125,0.95,0,1743774748.0,False,t5_2qlia,
Accomplished_Fig9606,Meet our cats (RIP) + an extra human skull,0,33,0.78,0,1743788922.0,False,t5_2qlia,"Vegas on the left, died age 18. Vixen on the right, died age 19. "
Extension-Sun-9651,Teeth purse,0,25,0.94,0,1743792894.0,False,t5_2qlia,
BakeOk8433,"I bought a used chemistry book and found these symbols, what language is it and what do they mean?",0,24,0.8,0,1743774361.0,False,t5_2qlia,
bozofire123,Vintage Halloween Mask Bathroom featured in this Gothic Living Book,0,26,0.99,0,1743773673.0,False,t5_2qlia,
DMTrance87,Random ad that popped up while scrolling through my YouTube video feed.,0,0,0.49,0,1743786158.0,False,t5_2qlia,
SansSibylVane,Trying to get their car stolen? Or just dumb?,0,0,0.38,0,1743794064.0,False,t5_2qlia,My first thought is that they must really need that insurance money lol
Ill_End_269,Found on fence at my local dog park,0,1420,0.93,0,1743607904.0,False,t5_2qlia,
iKnowTheTruth5,Found these strange marks on my carpet,0,1082,0.93,0,1743612040.0,False,t5_2qlia,"My house was locked for about 4 months, I was in a different city. I had covered the sofas with a sheet and i had also rolled up the carpet and made it stand in a corner. After returning and setting up the stuff again i saw these marks (initially i thought these are part of the design) i later realized that these are actually marks. These are pretty deep and not going off by vaccuming (gonna have to give this carpet for dry cleaning or something). Any idea what are these? Would like to point out that they arent there in the central region and only in the corners."
Background-Mud-777,"weird statue pt. 2, in the sunshine ☀️",0,1164,0.99,0,1743605539.0,False,t5_2qlia,"Went back for a closeup, but it didn’t get any better 😂 swipe for the og creepy statue image taken at night while driving that inspired me to go back and check this thing out in daylight."
abbiebe89,"Got this in the mail today. Starts off with ‘What’s Happening to America?’ and ends with ‘Bible prophecy, 9/11, and the Vatican will control the world.’",0,114,0.95,0,1743628884.0,False,t5_2qlia,
the_orange_alligator,The arcade I went to has this one extremely ominous machine,0,446,0.99,0,1743598136.0,False,t5_2qlia,
Wy_bro_21,Mystery hair clump in my apartment. What to do?,0,7203,0.92,0,1743533839.0,False,t5_2qlia,My girlfriend and I found this mystery clump of hair on the kitchen floor of our apartment after being out of town for a night. We have cats but none of them have hair this long and it was all found clumped together. Kinda spooked us both lol. Any ideas? 
KejnaPT,Hypertrichosis World Record.,0,5028,0.96,0,1743515209.0,False,t5_2qlia,
Larix_laricina_,Found this demonic creature in the middle of the woods,0,884,0.97,0,1743547084.0,False,t5_2qlia,Not by any trails or anything. Freaky AF! I work for a park system and when I found this with a coworker I had to send the new species to my boss lol
b3nnyg0,This flyer with a QR code that takes you to a planet fitness page,0,979,0.93,0,1743544751.0,False,t5_2qlia,
Ibanezasx32,Strange Culty Pamphlet Book,0,420,0.98,0,1743558279.0,True,t5_2qlia,Got this in a lot of stuff from a guy who used to own a record store in the 90s
Kryczka88,Shadow says,0,625,0.99,0,1743545118.0,False,t5_2qlia,
weed_fairy,Husband found this on a job site today,0,11997,0.98,0,1743472958.0,False,t5_2qlia,
Money_Prize346,What happened to my mayo?,0,683,0.93,0,1743466365.0,False,t5_2qlia,Why does it look like grease? I’ve tried this brand before and never had an issue. Is this some type of separation? I don’t feel safe eating this now
BeginningStill7590,I found a six leaf clover today,0,691,0.99,0,1743466124.0,False,t5_2qlia,
forgottenbyeveryone,Am I going to die?,0,1746,0.91,0,1743445193.0,False,t5_2qlia,"I live in South Florida, and when I went outside today I found the walls of my room plastered with flies. Ngl, it did give me pause. Is this my first death omen? Jk... sorta

It stops right where the room is divided from the house. Does anyone know why they're attracted and/or trying to get into my room? Just want to make sure I don't wake up to thrice the amount tomorrow lol. I've seen those stories of a Queen bee trapped in a car, resulting in bees coating the entire vehicle trying to reach her. 

Hoping it's nothing like that, but mainly curious about what's going on. Thanks for any info!"
This-Scratch8016,someone drew on three $1 all the same,0,141,0.79,0,1743463106.0,False,t5_2qlia,i got rid of them because the machine won’t take it but one of them did have finger prints on it & it felt textured which i thought was really cool & weird 💀💵
Kryczka88,Woke Up And Discovered My Mom Moved Our Coat Stand Yesterday,0,24870,0.98,0,1743335678.0,False,t5_2qlia,
wislonly,"yes, very tasty..",0,1192,0.98,0,1743378586.0,False,t5_2qlia,
Background-Mud-777,At first I thought someone was peeping in the window. Who puts a statue there?,0,1806,1.0,0,1743361723.0,False,t5_2qlia,"I honked my horn thinking this peeping Tom would be like, “oh no, I’m caught!” Then it didn’t move at all. Then I realized what it was and took this photo. Weird statue placement."
corbett32,Received a tiny package addressed to me with a few ‘Ono’ cards,0,2265,0.98,0,1743355186.0,False,t5_2qlia,"What the title says. Yesterday a tiny package was delivered to my apartment, addressed to me. Inside were a few flimsy offbrand uno cards from a game called ‘ono’. It’s the full yellow hand and a few from red. I have never heard of this version of the game and we can’t figure out how or why this would’ve been sent to us. The return address is to Hailify in Brooklyn, but that just looks like it’s a shipping brand."
winerandwhiner,Found this in my mailbox,0,263,0.85,0,1743383333.0,False,t5_2qlia,"Got this in my mailbox the other day. This level of religious isn’t really that common in my area so it really threw me off. My husband thinks it’s from some young kids on our street that we know are orthodox. Personally, it just reminded me of the weird things my uber religious paranoid schizophrenic dad would do. "
I-am-shrek,Somebody meticulously strung these clam shells up with twine in the woods where I was hiking,0,993,0.99,0,1743336431.0,False,t5_2qlia,
pickle_teeth4444,Found these outside my door.,0,1219,0.97,0,1743305563.0,False,t5_2qlia,"The other morning at around 3:00 AM, I heard someone yelling. Not unusual in my neighborhood, but what sounded like a typical drunk walking up the sidewalk seemed closer to my yard. I looked out but didn't see anyone.

The next morning I found these items just outside our apartment door: A couple of paper shopping bags with a filthy Winnie the Pooh bear, a McDonald's cup, a full, unopend box of pancake mix, an unopened pack of surgical gloves and a small, pink change purse that contained what looked like teardrop shaped metal loops and bits of fishing line. 

I noticed my lawn chair was turned sideways outside our window and whoever it was even left a full container of yogurt on our bedroom window ledge. I haven't a clue what to make of it. I put the items next to the dumpster in case whomever it was sobered up the next day and came looking for them. Didn't see anyone pick them up so I assumed someone just tossed them into the dumpster.

Two nights later, my wife and I heard a very loud, KNOCK KNOCK KNOCK KNOCK on our front door around 9:00 pm. It set our dog off and I got up to answer the door. It took me around 5 second to get to the door and when I opened it, there was not a soul around. I scanned the parking lot and saw no one. I looked around the building and saw no one going up or down the street, nobody walking nor a  car driving. I looked out all of our windows and there was nothing.

Needless to say, I didn't sleep a wink that night. Some bizarre shit to say the least. "
ouchmytummick,These Cows Staring Me Down,0,659,0.99,0,1743295488.0,False,t5_2qlia,
DannyPhantump,What am I looking at?,0,199,0.92,0,1743290314.0,False,t5_2qlia,"I was going through my photo library to find a picture of my cat (she’s so cute) and I came across this picture? I NEVER took this picture, or saved it to my camera. I don’t even recall coming across it anywhere before. I have no idea what it is or how it ended up in my photo library. Help before I take this as a sign and enter spiritual psychosis lol!!"
ReadditMan,What does it mean?,0,1583,0.96,0,1743218768.0,False,t5_2qlia,
GhostlyGirl128,Found this at my boyfriends house,0,1400,0.95,0,1743214397.0,False,t5_2qlia,
OnionsHaveWhat,96 D-Cell batteries under my name came in the mail today. I did not order them.,0,860,0.97,0,1743212504.0,False,t5_2qlia,"excuse the mess on the left side I’m moving. other than that, it said it was paid via debit card for $84.84 but nothing was charged to my card."
Additional_Baby_3683,Weird egg,0,4373,0.96,0,1743176527.0,False,t5_2qlia,Wtf are these on my egg??? It’s only on the one. 
Ebonystealth,"""The Isolator"" was a helmet created in 1925 by Hugo Gernsback to eliminate distractions and maximize concentration.",0,728,0.99,0,1743176196.0,False,t5_2qlia,
eloiseturnbuckle,(UPDATE) Weird statue found on forested property - not a dog statue - White Tiger,0,345,0.97,0,1743188095.0,False,t5_2qlia,
eloiseturnbuckle,Found this on my forested property,0,5958,0.98,0,1743127405.0,False,t5_2qlia,"Ok for context, was walking the dog on our acreage. We have a road with easement. As we are returning I notice a white shape in the forest, about 7 feet from the road in forest. We picked through the underbrush to a small opening with this statue. Our property is 20 years old, on a hill, forested with clearings. This is near our property line. Didn’t get close enough to touch it or see what was inside. May drag my husband out tomorrow and take a closer look. "
zenithdust,Cthulhu lemon I found at work,0,212,0.99,0,1743183286.0,False,t5_2qlia,
Chovener,Untouched whole cake in the middle of the woods.,0,651,0.95,0,1743150940.0,False,t5_2qlia,Perhaps as an offering or in memory of a deceased person?
NeedsMoreTuba,My toddler smooshed a vintage doll's head into homemade play-doh,0,3677,0.98,0,1743115615.0,False,t5_2qlia,"This happened during the height of the pandemic, hence the homemade play-doh, but I never shared it here. It kinda gives off Eraserhead vibes. "
jspsfx,Images of the high rise buildings shaking water from their rooftops are reminding me of a drawing I just finished recently. I keep seeing the connection everywhere and it feels weird to me.,0,194,0.86,0,1743171638.0,False,t5_2qlia,I am sorry for anyone who’s suffered from the earthquakes. I dont mean to take away from their tragedy but scrolling social has felt very odd today 
Nomadaha,Silly rituals near abandoned railway tunnel,0,62,0.94,0,1743184813.0,False,t5_2qlia,"No idea what they mean

The tunnels are now a bat reservoir and inaccessible (thankfully)"
Csenone,Someone made this creepy decoration in my town,0,9340,0.98,0,1743080773.0,False,t5_2qlia,
picklesandcucumbers,Middle of the forest,0,260,0.98,0,1743135147.0,False,t5_2qlia,About 2.5 miles in to a hike we came across this car. Can’t imagine how it ever got there. Doesn’t even seem possible.
Looseybussy,banana split,0,426,0.99,0,1743119779.0,False,t5_2qlia,"One of the bananas in the bunch we got from the store was almost twice the size of the others. Turns out it had two seperate bananas growing inside, one normal and one pushed around the other. Bite taken to show the separation."
throwaway083638,Someone last night came into our back garden and cut our tree,0,47,0.88,0,1743157964.0,False,t5_2qlia,"Long time lurker finally I get to post woo

I was making breakfast this morning and my dad came through and noticed that our tree had a lot of branches fallen off, he went to investigate to see if it had rotted and we found the branches had all been cut at an angle, all very clean cuts, we also know someone was in our garden because the gate into the back garden was left opened (we never use this gate, so it definitely wasn't us not closing it right, and the lock is very stiff so it wasn't the wind) 

I had been hearing tapping sounds after 1am last night that I thought might've been birds but I know now was the gate hitting off the fence with the wind, which means someone did it *late* last night

We've absolutely no clue who has done this, we will be asking our neighbours if they saw anything later today"
Little-Calendar-3125,Found this in forest,0,49,0.85,0,1743143613.0,False,t5_2qlia,
BadHairDay-1,"Weird mural outside of a vape shop somewhere in Akron, OH.",0,289,0.86,0,1743101105.0,False,t5_2qlia,
WestDuty9038,Nordic-looking charm I found on the ground near my school’s rowing shack,0,398,0.92,0,1743091695.0,False,t5_2qlia,
ReverseElectron,Lost bread in bus ... What's the story behind?,0,255,0.89,0,1743060706.0,False,t5_2qlia,"When I see things like this, my mind tries to go through all sorts of parallel universes to find possible stories ending up in what I have observed. So, what's the story behind here? It looks so nicely placed, not just thrown away. Intriguing ..."
Heliocentrist,living hand to mouth,0,856,0.96,0,1743028989.0,False,t5_2qlia,
Ecstatic-Guarantee48,Peanut butter and jelly sandwich on a gas pump,0,153,0.93,0,1743038665.0,False,t5_2qlia,So many questions....
Beamerboi03,Found this envelope in my back yard not sure what to do with it very sketchy,0,3120,0.98,0,1742953530.0,True,t5_2qlia,Just came home and found this envelope opened it and had this weird letter inside what should I do with it??
GodsElbow,Old sun faded advertisement in the window of a dentist office,0,562,0.99,0,1742958930.0,False,t5_2qlia,This dentist is still open and operating. 
Complete_Yogurt5295,Bacon that looks like teeth,0,2620,0.99,0,1742927302.0,False,t5_2qlia,
Juicy_Q_,What is a creepy moment you’ve experienced that you still can’t explain today?,0,1653,0.97,0,1742928017.0,False,t5_2qlia,
unknowner1,A dozen buzzards on my neighbor’s roof this afternoon,0,322,0.94,0,1742958556.0,False,t5_2qlia,
death210902,"Random guy pre wrote a paper in my hand and asked for 3 wishes, they were all written",0,505,0.94,0,1742944698.0,False,t5_2qlia,"I was in my car in a parking lot when this guy comes up and starts saying some stuff about my future then hands me this paper and tells me to hold it in my hand. He first asked me what my favorite flower was, I don’t have any so i just said sun flower. Then he asked me for a lucky number which i said 17. Then he asked for three wishes, I said to graduate, get married and go back to my country jordan. He had all this written down on the paper before i even said a word. Complete stranger, he said he runs an orphanage in india. Then he asked for some cereal so i bought him that "
SpooksmaGoops,This thing found in a book at my high school's guidance/counseling office,0,277,0.95,0,1742948295.0,False,t5_2qlia,It's actually kind of scaring me. I hate it. I hate it so much.
Rainy_Daz3d,"The Capuchin Crypt, Rome",0,343,0.99,0,1742944279.0,False,t5_2qlia,
rthepenguin,"Is this weird? This is weird, right?",0,122,0.85,0,1742949710.0,False,t5_2qlia,
No_Contribution_2423,Found this in my roof insulation when renovating roof.,0,35200,0.95,0,1742844691.0,False,t5_2qlia,
NoodleBotPro,Hard water dog,0,314,0.91,0,1742916674.0,False,t5_2qlia,I was showering this morning and realized I needed to change my shower head and look into a water softener. I noticed a collection of hard water that looked like a White Labrador. 
Dies_Iraeee,Weird object in the sky?,0,9922,0.97,0,1742846870.0,False,t5_2qlia,
TheOddityCollector,"The body of a two-headed dolphin washed ashore in Izmir, Turkey.",0,11592,0.98,0,1742843594.0,False,t5_2qlia,
No_Contribution_2423,Another one has been found + Better photo of the original.,0,374,0.94,0,1742895853.0,False,t5_2qlia,"1st photo is of a second one that has been found.

2nd photo is the original one from the other post, but positioned differently and measured for clarity."
grimepixie,Got sent this in the mail today… I didn’t order this.,0,181,0.92,0,1742890019.0,False,t5_2qlia,"I have a name that everyone - even my colleagues and my company - call me. But this was addressed to my birth name that I haven’t used in years…

Sent from:
Suzhou Minlienjun Infor Tech Co. 
P.O. Box 6014
Chullora, NSW, 1405

Is someone calling me a bitch in a super roundabout way? lol"
That1Person862,Weird thing in the sky! Has anyone seen it before?,0,1119,0.95,0,1742850305.0,False,t5_2qlia,"I live in the south of The Netherlands and I saw this weird thing in the sky at 21:01 (took these pictures at that exact time). I first thought it was the moon behind the clouds, but after a few minutes, i noticed it was slowly moving across the sky. It seemed wayyyy to high up in the sky to be an airplane. And i’ve never seen these weird formations around an airplane before. Has anyone seen this before? "
harrysterone,The statue in the park,0,96,0.91,0,1742847333.0,False,t5_2qlia,"this isn't my picture i found it [here](https://www.reddit.com/r/mildlyinfuriating/comments/1jiz4fk/my_nephew_refuses_to_go_to_our_local_park_because/?utm_source=share&utm_medium=web3x&utm_name=web3xcss&utm_term=1&utm_content=share_button), i couldn't cross post so i did this, i hope its okay "
Tinfoil_Knight_,Can anyone help identify this?,0,50,0.74,0,1742847239.0,False,t5_2qlia,I was walking home and I saw a star with light swirled around it. It only lasted about 30 seconds and then it faded out. I managed to get 1 good photo with night mode and the rest were taken in normal mode. What phenomenon was this?? Super cool to see in real life!
SkipperDipps,Beloved pet grave?,0,724,0.98,0,1742784200.0,False,t5_2qlia,"Walking my dog and he was interested in something at the base of a tree. After a while of him sniffing and like slightly backing away (as if what he was sniffing was moving) I see this. I assume it may be a pet laid to rest as to why my dog was interested, otherwise I’m at a loss. It’s in a random empty lot that becomes a parking lot in the summer."
Sojourner-of-Light,Somebody placed this doll in my office while I was away at lunch. Came back to find her sitting there.,0,737,0.95,0,1742756818.0,False,t5_2qlia,
Foxen19,My Apple Maps randomly selected 5 luggage carousels from around the US,0,286,0.97,0,1742774023.0,False,t5_2qlia,Why is this happening ??? 
ThePrimeReason,I sun bleached a soda can for a year,0,3856,0.97,0,1742669895.0,False,t5_2qlia,Unfortunately it cracked but whatever 
Hedgethefudge,I found this in the middle of nowhere,0,12009,0.98,0,1742631779.0,True,t5_2qlia,"Walking around a forest without using paths I first found one photo album, the album itself looked old, it had pictures that were labeled (e.g. C11, B1,..), the photos all had similar topic:
A guy, wearing red underwear, full of bees…

 Not far from the first find i noticed trash bags, besides a torn bag there were three albums, all had the photos from the same setting. 

I checked one of the bags and found that basically someone was trying to protect the content from moisture, as the items inside were wrapped in probably 30 additional bags and newspapers. The one that was already torn contained a beekeeper diploma for a person who broke the world record of being dressed in bees in 1994, Franci Marolt.

I didn’t check other bags as I felt that someone saved these items and that I am intruding. But there was a lot of bags, someone had to carry all of these as there are no roads there. And one of them was extra heavy, I presume there was a suitcase inside - it had a hard square shape, I couldn’t move the bag much. Had an eerie feeling of being watched so I just left. "
iam__lethal,Saw this “Birdhouse” for sale on Facebook marketplace,0,1222,0.96,0,1742654793.0,False,t5_2qlia,
Used-Bedroom293,Two train stations around where i live seems to be missing railway connection both built in somebody’s lawn,0,253,0.96,0,1742672579.0,False,t5_2qlia,
Aerodu60,A carrot that I bought at the grocery market,0,822,0.98,0,1742648772.0,False,t5_2qlia,
Thatgaycoincollector,Found a brand new rug in the woods,0,4777,0.95,0,1742609142.0,False,t5_2qlia,"It was tossed like 30 feet from the road, super strange. At this time, I’m just going to trash it due to it being wet and mildewy. "
Upstairs_Drive_5602,A Missouri man was charged for a second time 'trying to have sex with a train seat',0,518,0.98,0,1742641406.0,False,t5_2qlia,
Lil-Nuisance,My partner found this on their way to work this morning,0,562,0.98,0,1742592656.0,False,t5_2qlia,
Key_Seaworthiness827,How often did my daughter summon the devil to break just these keys?,0,753,0.97,0,1742582759.0,False,t5_2qlia,Btw it's a joke for any god fearing folk...
Stephen_Is_handsome,This tree almost looks like a beutiful lady to me.,0,3825,0.97,0,1742545579.0,False,t5_2qlia,
sppereira97,This TV my dad found in the middle of the jungle in Guyana,0,1095,0.99,0,1742556975.0,False,t5_2qlia,
Joshooouhhh,Is this weird,0,461,0.97,0,1742571540.0,False,t5_2qlia,At my kids dentist and these were in the waiting area
scoter82,Just couldn’t wait to get home!,0,5251,0.96,0,1742522905.0,True,t5_2qlia,
Darooo6,"I found this picture(?) in the apartment I moved into, is there any sense in this?",0,10529,0.98,0,1742498318.0,False,t5_2qlia,
orthonfromvenus,Mysterious ice chunk crashes through roof of Florida home. Did it come from a plane?,0,1018,0.98,0,1742504329.0,False,t5_2qlia,"Large chunks of mysterious ice falling from the sky are often blamed on over-flying aircraft. However, ice falls have occurred throughout history, and long before the inventions of aircraft. "
Kryczka88,creepy,0,1195,0.97,0,1742454061.0,False,t5_2qlia,
Henrywenn,This red image appeared on my blue screen of death,0,4212,0.99,0,1742400828.0,False,t5_2qlia,Does anybody recognize this image? It looks kinda like a video game character
quatch72,I call it Doorhenge,0,418,0.99,0,1742426839.0,False,t5_2qlia,"It just showed up about a mile from my house.   Not sure if they meant it as a curiosity, an art installation, or a ceremonial site. Tried a few of the handles but they didn't open to other dimensions or realities. About a month later it was gone. 

More photos on my Facebook. 
https://www.facebook.com/media/set/?vanity=quatch72&set=a.10158654433954141"
dreadispeaxhy,Spotted at my local Mcdonald’s,0,1030,0.98,0,1742404850.0,False,t5_2qlia,"very odd.. never seen this car before. it’s some sort of promotion for a bible study at mcdonald’s, there’s mc d’s branding in multiple spots-

saw the guy walking to the car and leave and he gave me jigsaw vibes, very slow and awkward movements. i dunno. i’d like to hear your input"
Suddenapollo01,At my local transfer station.. WAT,0,408,0.98,0,1742415499.0,False,t5_2qlia,Don't throw tin in the aluminum bin or there's guna be an army of Shreks on you. 
EmmaCalzone,I have two uvulas,0,4109,0.96,0,1742345965.0,False,t5_2qlia,"Been meaning to share this with you all! 

- I can touch them, it doesn’t make me gag or vomit “worse”
- I used this as a “fun fact about myself” in an interview once and I still got the job 🤣 "
Time_Safe4178,The characters in my son’s book look suspicious.,0,7813,0.96,0,1742324485.0,False,t5_2qlia,
punchkilledjudy,Eddie Machetehands,0,69,0.97,0,1742413926.0,False,t5_2qlia,I found this guy at a thrift shop and was concerned about his lack of hands. Does anyone know what his purpose could be? 
MadameWeb,weird letter in the mail?,0,543,0.98,0,1742342261.0,False,t5_2qlia,"Hi my friend received this weird letter in the mail that I think will keep me up for a while? He works for Target & crossed out the address to keep some type of anonymity. Can anyone make sense of this? If not, enjoy the weirdness. It is postmarked Atlanta & we are nowhere NEAR that area. He said both pictures have two vertical black lines parallel to each other drawn on the back as well. "
Serion512,Someone keeps leaving full bottles of garlic sauce under my dorm room,0,9294,0.99,0,1742246054.0,False,t5_2qlia,
CinderellaSwims,Some nutty map a guy stuck in my door,0,329,0.95,0,1742302520.0,False,t5_2qlia,"Grew up in a super religious family and exposed to many different faiths, but this is a lot. Seems like some serious wacko stuff. "
Automatic_Neck487,Duck I made of gum when I was ten.,0,2851,0.93,0,1742212596.0,False,t5_2qlia,
Dragonlily6277,My friends brother wrote this,0,552,0.93,0,1742240147.0,False,t5_2qlia,"Can anybody help me decode it? For context, my friend’s brother cut off the family 2-3 years ago and my friend asked me to post this. "
spawn-kill,I found throwing knives in my front yard that were definitely not there last week,0,1618,0.97,0,1742218074.0,False,t5_2qlia,
Ok-Collection-6462,my boyfriend left his house to come to mine at 2AM only to find two dirty toilets blocking his door,0,369,0.97,0,1742220714.0,False,t5_2qlia,
Molech996,There’s a horrifying shark statue at the bottom of Lake Neuchâtel in Switzerland.,0,17298,0.98,0,1742136813.0,False,t5_2qlia,
I_eat_vaccums,Mannequin head and a bottle of lotion found by the river,0,236,0.96,0,1742171452.0,False,t5_2qlia,
Zestyclose_Image4242,To follow up on my last post about the bones in the suitcase,0,929,0.96,0,1742131819.0,True,t5_2qlia,"For everyone saying report to police or freaking out saying I found human remains, we confirmed they’re definitely deer bones, deers are very common in the area, like so common u see a herd every time u go on a walk. Ur not allowed to hunt at all in this area so definitely sketchy, but I really don’t think it’s worth reporting to police. Sorry to disappoint but I think there really is no explanation for this shi."
Onano_Moose,Found a Bra and odd cutout in my basement,0,4981,0.99,0,1742093288.0,True,t5_2qlia,"Breaking down an old storage closet in my basement and found a small, hidden compartment with a bra, comic cut outs and a pervy drawn over lingerie picture of a woman. Old stuff."
Zestyclose_Image4242,wtf did I find,0,12020,0.96,0,1742078419.0,True,t5_2qlia,"Walking in the woods near my house and I found deer bones in a suitcase with these items, anyone have any idea what this could be or connections with the items. Lowkey thinking a ritual of some kind. Why would someone put a deer carcass in a suitcase. "
NoNameStudios,Deformed trees,0,187,0.98,0,1742129024.0,False,t5_2qlia,
Cowboypunkstarcactus,I ordered CD player online and they shipped it in an inside out box and used adult diapers as padding?,0,1714,0.98,0,1742084329.0,False,t5_2qlia,
OneTimeEach,Came home to this empty package of cookies filled with leaves on my doorstep,0,986,0.97,0,1742080124.0,False,t5_2qlia,"Was out and about for 5ish hours today, when I came home I found this in front of my front door. An empty package of cookies filled with broken leaves, twigs, seeds and even a thin piece of shale (to the left). I live on a densely populated street in a small town in a suburban neighborhood. Just really weird, can't explain why someone would do this. Has anyone ever heard of anything like this happening?"
Kryczka88,Skulls,0,1726,0.99,0,1742053601.0,False,t5_2qlia,
RattusNorvegicus9,Horned helmet belonging to Henry VIII,0,2017,0.99,0,1741985568.0,False,t5_2qlia,Idk either
Pikacha723,I got a male carrot and it needed a trim,0,2680,0.97,0,1741956023.0,True,t5_2qlia,
Legitimate_Dish_9060,“47th President of the US” Chocolate bars,0,19351,0.87,0,1741916398.0,False,t5_2qlia,
tomis23,Someone threw a plastic bag with a dead chicken inside in my yard,0,712,0.98,0,1741963415.0,True,t5_2qlia,
TheOddityCollector,This is what a dried stingray looks like,0,6133,0.98,0,1741900785.0,False,t5_2qlia,
sandycats007,"Stumbled across a ""cult-ish"" looking tree",0,221,0.98,0,1741957656.0,False,t5_2qlia,Went for a walk with my brother and came across this. (Do lmk if it's something religious) I don't want to offend anyone ;-;
KevinAnniPadda,Random tooth found on the floor of my kids playroom.,0,330,0.84,0,1741949166.0,False,t5_2qlia,"They are 5 and 7 and currently losing teeth for the tooth fairy, but neither of them have lost this tough or a tooth that looks like this, I think a molar. We've also texted their friends parents and haven't found anyone that lost a tooth and kept it quiet. "
cleverkid,Nope Nope Nope,0,5228,0.99,0,1741834783.0,False,t5_2qlia,
ClassroomBitter8627,My contribute to the weird hand post,0,72706,0.9,0,1741802753.0,False,t5_2qlia,Was born like this. That’s about all I got 😅
Gizmodoom,"Friend’s Cat has ""thumbs"". (polydactyl)",0,927,0.98,0,1741848977.0,False,t5_2qlia,
TheOddityCollector,"To fight the Nazis, British spies invented the exploding rat.",0,6691,0.99,0,1741792033.0,False,t5_2qlia,
Front-Connection5980,Dont know if this should be here but I found some car keys in the woods.,0,1280,0.9,0,1741822022.0,False,t5_2qlia,
porqueuno,"This Romanian salt mine, Salina Turda, has an entire amusement park built underground.",0,952,0.99,0,1741815566.0,False,t5_2qlia,
Silo-Joe,Toilet Seat from the 1970s,0,659,0.98,0,1741783034.0,False,t5_2qlia,
pajibapoo,"I found this at a park in Kent, Washington. Years ago 2019 actually.",0,7795,0.96,0,1741724860.0,False,t5_2qlia,Was never able to find the user. Probably some troll but worth posting even though it’s been so long. I do still have the key and note.
420Eski-Grim,A grave “stone” made from a tree trunk sculpture 🤷🏼‍♀️🪦,0,164,0.97,0,1741779415.0,False,t5_2qlia,
DirectionLoud19,Found in an abandoned theatre in Australia.,0,295,0.96,0,1741757153.0,False,t5_2qlia,
McMattie,Found this while looking for early spring mushrooms in the woods.,0,887,0.97,0,1741720865.0,False,t5_2qlia,"I hope I’m not cursed now, or that an evil spirit didn’t follow me home. I was reported for a half second to take a piece of glass that fell out of the lampshade, but then I would’ve been cursed for sure. This was at least a quarter mile from the nearest intersection and probably three quarters of a mile from the nearest parking lot. "
NoWayGetOut,Went for a meal with my kid some old guy dropped this on my table while leaving. Not an emo look like a Mum,0,5487,0.96,0,1741646267.0,False,t5_2qlia,
jeerp,This chair and a bag of apple products appeared on our front porch…,0,712,0.97,0,1741657618.0,False,t5_2qlia,
cwm3846,Who busted their nut on the hiking trail?,0,325,0.94,0,1741662164.0,False,t5_2qlia,How does this even happen? I understand that rodents will collect large amount of acorns but shouldn’t they be hidden somewhere? This was next to an oak tree but there weren’t any branches overhead. 
spider_speller,My window broke spontaneously,0,100,0.96,0,1741672363.0,False,t5_2qlia,"I was on FaceTime with a friend and it sounded like gunshots before shards of glass started falling off the window. It was open, on the first warm day we’ve had this year. Now it’s really open."
Itchy-Blackberry-104,what the hell is this?,0,145,0.93,0,1741623133.0,False,t5_2qlia,
mermaidemily_h2o,Found a lunchbox on the side of the road near my house. There was human feces in it.,0,1371,0.96,0,1741572291.0,False,t5_2qlia,
bbbouncin,My contacts turned green overnight,0,6627,0.96,0,1741543541.0,False,t5_2qlia,"I traveled out of town this weekend and completely forgot to bring my contacts case and solution witj me. Realized this at midnight and with no other options, I put them in water overnight. (I know it’s not reccomended but I had no choice and planned to get contact solution early this morning and put them into that). But now they are green. 

They are usually a slight blue color. "
JennyAndAlex,Ice chest abandoned on the street.  Am I weird for wanting to look inside?,0,1145,0.93,0,1741569707.0,False,t5_2qlia,
Silver_Weakness_8084,Saw a baby's bottle with milk in it (i think) on top of a tree branch...,0,1243,0.99,0,1741566846.0,False,t5_2qlia,Can anyone explain this
Phantt0m,I can bend my thumb backwards,0,1378,0.95,0,1741559220.0,False,t5_2qlia,
Stegosaurus69,Someone told me yall appreciate weird hams,0,536,0.98,0,1741557891.0,False,t5_2qlia,
spliceandwolf,I was at a McDonald’s doing tarot readings for my friends and this was the order number I got.,0,364,0.76,0,1741559036.0,False,t5_2qlia,
dangerdavedsp,Well if everyone is showing their weird hand I guess I'll join in.,0,8375,0.96,0,1741476502.0,False,t5_2qlia,
metalbag,Am I late to the weird hand party? I grabbed a hot iron (for clothes) when I was 1 year old. I'm in my 40s now,0,18834,0.97,0,1741454955.0,False,t5_2qlia,
Life_Obligation4085,Just found someone’s secret hayloft stash,0,930,0.98,0,1741496798.0,False,t5_2qlia,"Just found hundreds and hundreds of empty liqueur bottles hidden inside the wall of our barn. All the same brand (watermelon, orange, & grape flavors). We recently bought this property and I started cleaning parts of the barn interior for the first time when I noticed one or two bottles on the ground wedged between the wall. After scooping up a few, dozens and then hundreds more trickled down (like plinko) and I eventually figured out the entire wall was full of them. I climbed up into the hayloft and could see looking down into the opening along the wall that the entire cavity was filled with these. Photo only show the amount I could remove today but there’s still a long way to go. "
_Haro,"My triphalangeal thumbs, joining the weird hands crew",0,3210,0.98,0,1741471471.0,False,t5_2qlia,
cha0s_boi,Odd sign I see every time I drive to see my grandma or go to the beach,0,299,0.97,0,1741509620.0,False,t5_2qlia,
Impossible_Data_8545,Stargazer fish with the eyes on top of the head,0,141,1.0,0,1741517610.0,False,t5_2qlia,
cbars100,My city is weird,0,502,0.98,0,1741492619.0,False,t5_2qlia,
GlitteringLocality,Attended a very unorthodox funeral..,0,2164,0.99,0,1741463409.0,True,t5_2qlia,"Well, it’s one way to go. The dead guy in his favorite Corvette was a very wealthy man in my state. My father knew him somewhat and he was invited so of course I came with. 

The funeral director said he froze him in a sitting position. So his body was in a freezer, sitting for a month or so before his funeral took place. "
pulbasaur,Carrots shavings in a cemetery?,0,66,0.89,0,1741507329.0,False,t5_2qlia,"No woods or forest nearby, in complete suburbia. Just a huge pile of carrot shavings."
Cauliflower29,This one banana never ripened.,0,515,0.97,0,1741465644.0,False,t5_2qlia,Bought the whole bunch comet
Radamantism,No idea what this billboard is supposed to be,0,64,0.98,0,1741489450.0,False,t5_2qlia,
JennyAndAlex,Found a working Instant Pot on the street. Am I weird for considering it?,0,187,0.9,0,1741467496.0,False,t5_2qlia,
ActualUniversity5043,We found a full unopened bottle of vodka on our garbage can this morning…,0,21323,0.93,0,1741386172.0,False,t5_2qlia,
LollipopThrowAway-,This toilet on a stump in someone’s yard that i always drive by on my way to work,0,336,0.98,0,1741441257.0,False,t5_2qlia,I couldn’t get a better picture
_Moist_Owlette_,"A note, written in blood, taped to a signpost, offering cab rides",0,1083,0.97,0,1741416109.0,False,t5_2qlia,
Boguscookie071,If we’re doing weird hands I might as well chip in with my own,0,734,0.96,0,1741419919.0,False,t5_2qlia,
Ohiko_Nishiyama,I found a furby sitting on a box outside,0,195,0.98,0,1741423891.0,False,t5_2qlia,
brolbo,Batman!,0,1445,0.98,0,1741371066.0,False,t5_2qlia,
100percentfinelinen,Made in Japan?,0,274,0.95,0,1741396243.0,False,t5_2qlia,
tomis23,"This statue in Sibiu, Romania",0,2372,1.0,0,1741338778.0,False,t5_2qlia,
Old_Instrument_Guy,Weird suggestion from Ebay this morning. Vladimir Putin Pencil sharpener with a rat's tail.,0,1093,0.95,0,1741347700.0,True,t5_2qlia,
Ebonystealth,"Pokémon-shaped Cheeto, 'Cheetozard,' sells at auction for $87,840",0,209,0.93,0,1741374737.0,False,t5_2qlia,
Stephen_Is_handsome,"Museum in londond (England) cryptid has scientific denied 🙅 animals and beasts - probaly not real ones ok, but weird and intresting yes for sure. Stephen.",0,143,0.8,0,1741380649.0,False,t5_2qlia,
smexysaltine,Seemingly real man despite scam message. This photo is weird and terrifying. Should I be scared lol,0,2226,0.96,0,1741305758.0,False,t5_2qlia,
Natural_Insurance460,This chair in the park looks weird,0,315,0.97,0,1741336608.0,False,t5_2qlia,
SideEast2368,Someone attempted to break into only MY mail box…,0,1501,0.98,0,1741302743.0,False,t5_2qlia,The key no longer works. No one else has any markings. names and apartment number are listed on the tags I blacked out. 
vaingirls,Wonder what happened to the eyes of this doll I saw in a second hand shop - probably demonic posession is what happened,0,166,0.89,0,1741342914.0,False,t5_2qlia,
RaineFilms,"Burn - Wefail, 2025",0,38686,0.89,0,1741246811.0,False,t5_2qlia,
quickquestions250,All of my unopened Trader Joe’s date bags inflated and look like they’re gonna explode,0,1499,0.97,0,1741270759.0,False,t5_2qlia,
October_people,Weird Grape,0,1051,0.99,0,1741263935.0,False,t5_2qlia,So I bought a punnet of grapes for lunch & this beast was in it. Really want to try it but I'm not.
BeginningWorth9046,There are teeth appearing in my laundry.,0,8206,0.97,0,1741222956.0,False,t5_2qlia,"(crossposting from r/what because i was told this deserves a post in here. i hope someone gets a good laugh out of my misery.) 

around two weeks ago i was doing my laundry as usual and i found this thing in the washing machine. it looks like a tooth/crown, there is some black glue at the bottom. i asked my flatmate if she lost a tooth because i know i didn't and even my cousin who was staying over at the time, but no, it's neither of theirs. we live in a rental flat, but this is a brand new washing machine we got in 2023, no previous owners, so it can't be from the previous tenants or owners. our washing machine is in the kitchen in our flat and not in a communal washing kitchen so i'm honestly just puzzled and slightly spooked. either someone’s fucking with me or i’m the chosen one and i get to keep some serial killers trophy teeth!"
Violette,This strawberry,0,663,0.99,0,1741248042.0,False,t5_2qlia,My last box of strawberries were large. This one's full of mutated ones.
Old_Instrument_Guy,The way snails have their sex organs on their faces and do the nasty. We call this in the world of Nature Photography Snornography! I had this published in a French Scientific Journal. The French are weird too!,0,3630,0.98,0,1741212419.0,True,t5_2qlia,
hudlaadaa,Regular customer in tram,0,1607,0.99,0,1741218168.0,False,t5_2qlia,I bet he didn’t pay for the ticket 
DiamondCrazy5930,Nature is so weird sometimes,0,255,0.98,0,1741252460.0,False,t5_2qlia,
hdstegink,Saw something weird,0,1666,0.96,0,1741205003.0,False,t5_2qlia,I saw these rays in the sky over the Netherlands and just a couple minutes later during my walk they we’re gone. Anybody got any idea? 
msseedless,On the wall of a manor of N.E. Zelina - V.A. Bezsonovoi,0,144,0.97,0,1741239852.0,False,t5_2qlia,
walnutboxer,"Boyfriend bought a ""not for sale"" stuffed lion at a flea market",0,578,0.91,0,1741208894.0,False,t5_2qlia,"This Product is NOT For Consumer Use! As title says, my boyfriend bought me some stuffed animals around valentine's day from an indoor flea market, this was the tag on one of them. "
srobbinsart,Found on a walk the other day,0,4247,0.99,0,1741157070.0,False,t5_2qlia,It’s too specific to just be regular litter…
Daverose68,Pubic hair wig (movie prop),0,204,0.84,0,1741215314.0,True,t5_2qlia,"Tulip fever movie prop (pubic hair wig)
I got this a few years ago in London, UK."
Phonymontana79,Odd looking cloud formations pi,0,321,0.95,0,1741186892.0,False,t5_2qlia,Weird looking gaps in clouds over horizon. 
joshuamarius,Weird growth on my Avocado Seed,0,42591,0.88,0,1741106909.0,False,t5_2qlia,
Inner-Opposite-3492,What are these little ribbon/streamers with bells?,0,237,0.91,0,1741180178.0,False,t5_2qlia,"I discovered these on my security rounds in our office building complex, and assumed by there timing of a new tenant that is a company based in India that it was some religious blessing type of thing (so I left it alone…it wasn’t hurting anyone). That was last weekend, and now it’s gone, possibly by our landscapers touch. Then tonight I noticed them in two other spots on the adjacent vacant property. Any idea what I’m looking at?
I originally posted this on r/whatisthisthing, but got automodded immediately saying I answered my own question…but I really don’t know if this is the case? Or witchcraft? 😂 It’s WEIRD! (To me, anyway) 
"
stefans03,My long thumb,0,10387,0.94,0,1741109962.0,False,t5_2qlia,
BabyNonsense,"Found foreign money in my sheets while I was unpacking, no CLUE how it got there or where it came from",0,1904,0.98,0,1741134858.0,False,t5_2qlia,
Glum-Kale-416,My friend and I found it in the middle of a kilometer-long bridge.,0,112,0.79,0,1741178286.0,False,t5_2qlia,
sophaaG,what to heck is this?,0,2294,0.95,0,1741117012.0,False,t5_2qlia,family moved into an old house and found this hairball??? thing in the attic. it appears to be multiple hair colors and might be wrapped around something more solid on the inside but we are afraid of messing with it anymore than we already have. is this witchcraft or something? 
Gholdengod,Bought my first home a couple weeks ago. Never checked out the attic until the other night. This was the only thing in it.,0,1277,0.98,0,1741127874.0,False,t5_2qlia,
SchemeDifferent9082,Honda Tesla Civic,0,1092,0.93,0,1741130843.0,False,t5_2qlia,
Ebonystealth,Boa Constrictor as Depicted in Edward Topsell's The History of Four-Footed Beasts and Serpents (1658),0,120,0.98,0,1741167910.0,False,t5_2qlia,
hipst3rsanta,Found this giant Mao Zedong bust at my local antique store,0,509,0.97,0,1741138507.0,False,t5_2qlia,
bu5gerg85x,There is a carrot in my salsa. The ingredients don't say anything about carrots.,0,698,0.95,0,1741129687.0,False,t5_2qlia,
Bahob,Five Finger Hand Strawberry,0,140,0.96,0,1741155302.0,False,t5_2qlia,
DotTraditional3096,This weird discolouration has been on the tip of my thumb for a month now,0,3323,0.95,0,1741092610.0,False,t5_2qlia,
Kidd__Video,Photo of some men in Australia with a bunch of mice they killed during the 1917 mouse invasion,0,662,0.99,0,1741105923.0,True,t5_2qlia,"The town of Lascelles killed three tons of mice in one single night-and even this was just a small part of the total population of that plague. By the plague's end, Lascelles had had to kill over a megaton of mice, a population that numbered an estimated 100 million. Lascelles had a human population at the time of just 94. That's a million mice per person."
Lasttogofirst,Giant Banana Car,0,370,0.99,0,1741106538.0,False,t5_2qlia,"This was parked beside me when I came out of Walmart last week. 
"
ContestProof1843,Water in a bowl.  What made the icicle?,0,4408,0.98,0,1741051578.0,False,t5_2qlia,There was a bowl of water setting on our grill side table the other night when temperatures got below 20 degrees.  This bowl of water is not under any cover.  So the icicle was not made from drips off the roof .  Be interested to get everyone’s thought on how this icicle was made.
Repulsive_Sky5150,Found another one in the rug,0,86,0.82,0,1741117137.0,False,t5_2qlia,
SlowManagement6071,"Posted for Sale on Facebook: ""Sexy"" Taxidermy Rat Underwear",0,4141,0.96,0,1741033945.0,True,t5_2qlia,"I really hope this is a weird joke, but weird nonetheless. "
Cold_Valkyrie,We just moved in and there's a mirror behind some electrical cables in the garage,0,2523,0.94,0,1741029917.0,False,t5_2qlia,
t0yotaMama,"sitting at the end of my road, I live in a small mountain town kind of in the middle of nowhere…",0,130,0.88,0,1741067340.0,False,t5_2qlia,
personne1300,A strange message,0,588,0.94,0,1741037923.0,False,t5_2qlia,"I found an old piece of paper in a trunk that he gave me, it was in a sort of open hollow cylinder made of carved wood (next to it in the image) and a chain hung on it which held a ball which was used to put in the center of the message to roll into the cylinder. I don't know what he means, deny the language in which it is written and when I try to translate it I have the impression that it forms names and ages... (it gives: ""Kashi Mrunpra Jayenmakh Pe
Rahi 44 Susvapra Vardhana Nitya Sarva Rakana Nasana Sarvayapa Vinirikta Shiva Loka Mahiyene 45 Rajavarsha Rajivanti Patrayautra Pratistina Unnamo Namavipra Va Pretrama Prasana ॥ It's Sripada Mer"" in short nothing understandable to me) if anyone knows what that means/if it's indeed names and ages as I suggested could you tell me what it is? Maybe it's a curse in certain cultures... thank you have a good evening 😄"
Admirable_Rest8513,What my 9 year old nephew drew on my phone,0,2830,0.97,0,1740991703.0,False,t5_2qlia,"Does anyone know what this means, I kinda freaked out when I saw it at first, but honestly impressed. "
Moondoobious,"I grabbed this water bottle from the cooler. Drove for about an hour, reached for it… And I see an entire continent?",0,128,0.77,0,1741045460.0,False,t5_2qlia,Pangea?
,glowing water,0,2938,0.98,0,1740960115.0,False,t5_2qlia,water reactive to black light 
d0gtyrant,Just found an old stained underwear in my bathroom air vent after not opening for 16+ yrs…,0,7391,0.98,0,1740936873.0,True,t5_2qlia,"When we first moved into this house in 2008 we had some guys paint the interior, and they painted over the vents so this hasn’t been opened since then. I decided I wanted to clean it today so I opened it and this is the first thing I saw🤮. It’s stiff and stained and I’m afraid to look at what’s inside…disturbing to think that it’s been in there since I was a kid💀"
Joe_brogie,Seems legit,0,2476,0.98,0,1740939962.0,False,t5_2qlia,
Visual-Platform-5853,The Tv from 2019 is Back,0,1230,0.99,0,1740940910.0,False,t5_2qlia,If you remember a few years ago that man who would drop old tvs on people’s porches. He just posted on /b/ about how he’s gonna strike again. He time stamped photos with a sticky note lower in the thread. He said the fbi almost caught him so he had to law low. 
RedLantern420,Two random postcards sent to me from 2 different people that I don't know in different states. Received 1 week apart nothing written on them,0,641,0.96,0,1740951621.0,False,t5_2qlia,
Biohacker27,"Here is a picture I took of a hole punch cloud next to a lenticular cloud on Long Island, NY.",0,270,0.97,0,1740954275.0,False,t5_2qlia,These types of clouds usually form in areas where mountains are. Long Island is completely flat so I thought it was pretty interesting for something like this to form here. March of 2020.
Primary-Editor-2874,Strange Candle holder,0,1192,0.99,0,1740922607.0,False,t5_2qlia,"received this as a gift a bit ago and figured it fit in with the subreddit

his name is Frank, he is over 100 years old. Every time we light the candles something bad happens to someone we dont like, im not entirely unconvinced he’s some sort of fairy 😭 lol "
alfonsomendezz_,UPDATE: Weird guy approaching people,0,2282,0.95,0,1740906543.0,False,t5_2qlia,"Ok so, I saw him again tonight. I went to the same area to see if he would be there and I saw him with this strange lady(?) I wanted to get clearer photos but this is the best I could do. The quality is kinda bad sorry I was freaked out. "
ItstheAsianOccasion,Found on my daily walk. Blue lobster,0,184,0.95,0,1740948561.0,False,t5_2qlia,
Vegetaman916,"Pillow I found, with blanket inside.",0,259,0.95,0,1740939351.0,False,t5_2qlia,
Phonymontana79,Old supposedly haunted house in Woods,0,152,0.85,0,1740945907.0,False,t5_2qlia,Old burned down house near Hamilton Mausoleum seemingly the Groundskeeper full family died in house fire 
MaybeLikeWater,"The clouds were weird yesterday. Every type just showed up, along with this👇🏾",0,240,0.91,0,1740919114.0,False,t5_2qlia,What is this? LIE FAMOUSLY OR SPEAK WORD TO POWER AND UNWEIRD IT. 
negat1ve-Space,found my journal from when i was in an episode,0,1867,0.97,0,1740871520.0,False,t5_2qlia,"(english isn’t my first language so the grammar is horrid but i alway think and write in english as it makes me think better?) 

Today i was looking for one of my empty sketchbook and found this instead. I do remember writing some of it but a lot of it feels like it shouldn’t be there? Like i remember thinking or feeling it but i don’t remember actually writing it down. I haven’t read through it since I started doing better but today i did and i just found it weird and kind of fascinating? Especially the reality explanation parts seems very interesting to me (i am aware it is kind of fucked up but hey gotta make the best out of it i guess). 

Not really sure why im sharing this? I just felt like i wanted to show it to someone but cant really do that in real life. Thought that others-especially this sub-might share my fascination. I might throw it out or something I don’t have much use for it now….

The last time i had one of these episodes was in august, since then i have been doing pretty ok. Decent grades, sent my uni applications early, take my pills daily and all that. Just a bit depressed and tired but nothing much more (not a danger to myself or something). 

The start of the journal dates back to about 4years ago. The beginning is a classic teenage stuff (i was about 16 then), complaining about daily annoyances mostly. Then about 2 years back it took a turn and there are (episodically) kind of weird stuff. Like “the voice” and stuff like that. But only for a few pages. After that it skips to few months later and continues. It was like that until last year (when i was 18) which I am pretty sure was the worst time of my life. I dont remember how long did the episode last just that it was a while and i was tired and terrified as hell all the time.. 


"
volitaiee1233,Lone statue in Winchester Cathedral crypt,0,2723,1.0,0,1740841414.0,False,t5_2qlia,
mtwwtm,Hell,0,131,0.93,0,1740868892.0,False,t5_2qlia,
Daverose68,A collection of grotesque faces,0,311,0.99,0,1740850596.0,False,t5_2qlia,
Pristine-Parking-990,The Ass-terpiece,0,335,0.95,0,1740842493.0,False,t5_2qlia,"Getting a tattoo, look up and I spotted this "
Anaphylactic_Cock,You will be cured if you just eat them. Cured from what? Yes.,0,2141,0.98,0,1740804489.0,False,t5_2qlia,
Getsomeoohrahsemper,Anyone recognize these?,0,124,0.92,0,1740834945.0,False,t5_2qlia,This folded paper was on my bedroom floor not sure if it feel out of my clothes 
SheerIgnorance,Luigi Has A Porn Curator,0,586,0.92,0,1740804336.0,False,t5_2qlia,Is it weird that Luigi has a taxpayer-funded porn curator? Or is it AWESOME?
Daverose68,A collection of smalls I’ve found over the years of working at a rubbish dump in the UK.,0,7710,0.98,0,1740754761.0,False,t5_2qlia,
The_Mightiest_Duck,A piece of cardboard left on my friend’s Vespa.,0,1620,0.95,0,1740782068.0,False,t5_2qlia,
CompetitiveClient506,Weird vibe,0,1754,0.99,0,1740778411.0,False,t5_2qlia,
Able_Exchange7141,Found in a field near a church in Italy,0,12710,0.99,0,1740736171.0,False,t5_2qlia,No idea about the meaning
Silver-spoon-9,Odd carrot,0,254,0.98,0,1740802360.0,False,t5_2qlia,Bought this carrot today. Not sure what happened to it though 
Extension-Sun-9651,Weird charity find,0,55,0.86,0,1740823636.0,False,t5_2qlia,"Candle making kit 
Red Cross North Shore Auckland NZ
$50 
Comes with one fine candle ready to go ! 
🤣"
okiwali,What are these?,0,710,0.96,0,1740768864.0,False,t5_2qlia,"So I was in London UK. Year ago and I took. Walk around my hotel, I noticed these. I was curious what these were, no liquid are inside. I was thinking it might be capturing air particles?   Any ideas? "
LilyGaming,Found this sticker in my car seat.  I don’t know where it came from,0,296,0.79,0,1740781760.0,False,t5_2qlia,I did go to a ren fair a few weeks ago so it probably is from there but I don’t know how it ended up there.
GirlOfSolitude,When I lived in Africa this is what their baby dolls looked like.😭💀,0,5918,0.96,0,1740711908.0,False,t5_2qlia,
Indy-Skis,"My best friend gave me these after I helped him move out of the country last year. It’s the coolest thing anyone has ever given me. No he wasn’t fleeing the law just fleeing the politics, lucky SOB.",0,2280,0.93,0,1740707548.0,False,t5_2qlia,
kogemai,"A Japanese company created a metallic banana to use as a hammer, inspired by the fact that bananas can become hard like a hammer at minus 40 degrees Celsius.",0,620,0.96,0,1740731398.0,False,t5_2qlia,
coralloohoo,This vial of mystery liquid,0,4819,0.96,0,1740677049.0,False,t5_2qlia,Found on a fence while on my walk. Anyone know what it is? 
Old_Instrument_Guy,Topless buff George Washington making an edict while sitting on a Greek throne and holding a sword,0,514,0.96,0,1740679617.0,False,t5_2qlia,
barsoap___,this cursed statue that my mom has had my whole life,0,1866,0.99,0,1740623696.0,False,t5_2qlia,she said her uncle who was an artist made it. don’t know why there are spikes inside. we keep it outside our barn. sometimes i forget it’s there and it spooks me. 
ohforfooksake,This house in Singapore.,0,364,0.98,0,1740651701.0,False,t5_2qlia,
SmellOfParanoia,These mannequins,0,254,0.97,0,1740652206.0,False,t5_2qlia,
Hlaver,A drawing i found under a slide while walking my dog in the park today...,0,3751,0.98,0,1740588346.0,False,t5_2qlia,
StockChart6231,"Saturn Devouring its Child, Francisco Goya, 1823",0,2040,0.95,0,1740579083.0,False,t5_2qlia,
iam__lethal,A gas station has socks of Donald Trump that includes a comb for his hair,0,650,0.92,0,1740600331.0,False,t5_2qlia,
Bookaholic-394,Message in my pasta box,0,2699,0.98,0,1740568877.0,False,t5_2qlia,This was In my pasta box this morning…. At first I was annoyed because I normally don’t even look inside before dumping it and thought it was some kind of company disclaimer nonsense or something but then I started looking at it….. what is this!?
CompetitiveClient506,😳,0,696,0.99,0,1740589706.0,False,t5_2qlia,
LeadershipComplex961,Can someone explain this? It’s 10:15 pm in Michigan and the sky looks like this towards the southeast. Weird af!!,0,7298,0.96,0,1740540056.0,False,t5_2qlia,
Bars98,"Sign that says: ""Entry to the construction side prohibided"" stands in the middle of the forest.",0,200,0.95,0,1740584790.0,False,t5_2qlia,
TheOddityCollector,"When Roman Emperor Nero’s wife died, he found a boy who resembled her, had his testicles removed, and presented him in public as his wife.",0,17924,0.96,0,1740487432.0,False,t5_2qlia,
blizzliz,Thought they were furry feathers,0,373,0.97,0,1740538426.0,False,t5_2qlia,But a search showed they were all that was left of a family of flying squirrels post-owl. 
Difficult-Sample7484,I stumbled across two mildly weird things today…,0,2392,0.99,0,1740502248.0,False,t5_2qlia,"I was on a walk today and stumbled upon what seems like a broken roof tile arranged into a frame shape. With twigs underneath and a “crown” of broken sticks above. 

The two other images were take about a half mile away from the first… A bent tree pointing to a circle of scattered pinecones  on the ground. Maybe the doing of an animal like a squirrel..? Maybe some kids? It’s not really a well-traversed area this time of year and we had to make our own path in the snow. 

I don’t put too much significance into this, though I thought they were kinda weird. Let me know what you guys think! Do you think there a meaning behind it? "
lookingforagamergirl,"woke up this morning to a dead mouse floating in the toilet. toilet lid was closed, bathroom door was closed, wife has no clue how it got there either",0,535,0.94,0,1740494458.0,True,t5_2qlia,
Lord_AK-47,Someone left a black cross on my seat,0,95,0.86,0,1740522634.0,False,t5_2qlia,"I was at a cafe and left my seat for the bathroom, when I came back there was a black cross on the center of my seat. I’m worried it might be witch craft or voodoo or something bad in general."
ryan101,My roommate’s snowman decoration makes me uneasy,0,3027,0.99,0,1740452295.0,False,t5_2qlia,
FumblinginIgnorance,Reflection of light that shows up on my wall,0,23338,0.97,0,1740403316.0,False,t5_2qlia,"My post in r/mildlyinteresting got removed so behold, included the close up image "
Epyphyte,The 8 foot dude eating my acorns.,0,2132,0.98,0,1740404796.0,False,t5_2qlia,
veganichirakuramen,somebody got stuck trying to ride thru the wall,0,515,0.98,0,1740427894.0,False,t5_2qlia,
comradeshin,Found old North Korean stamps in a vintage crowd psychology book,0,404,0.99,0,1740428265.0,False,t5_2qlia,"I bought this book at a Mennonite vintage store near London, Ontario (Canada). Inside, I found a sheet of North Korean postal stamps from 1996 in mint condition. The book was printed in 1962 and has a signature/date on the front cover (I can’t quite make it out) and a sticker from Vroman’s in Pasadena. 

I am aware that tourism developed after the 80s, but I can’t imagine it was very popular in reality.  The subject matter of the book also seems very fitting. Who could have owned it, and how did North Korean stamps end up inside? Can anyone make out the signature?"
swip3rnosw1ping,Doll I found outside,0,80,0.9,0,1740457742.0,False,t5_2qlia,Walked out to take the trash out this evening and found this doll just beyond my house. Don’t know if this is the proper place to post this but it was unsettling to say the least to see it staring back at me as I walked outside.
volvo928,Saw this strange portion of a skull while walking my dog.,0,426,0.97,0,1740414593.0,True,t5_2qlia,
Boring-Perspective61,Was walking in woods behind park when I noticed a man was standing behind a tree watching me,0,7849,0.96,0,1740360912.0,False,t5_2qlia,I was taking a walk behind the woods near a park where I live one day. It’s a common spot for young children to play. Actually I was visiting for nostalgia because me and my friends used to go behind these woods all the time and set up chairs and talk for hours. Anyways as I was walking back from the woods I thought I heard an animal and out of the corner of my eye saw a figure ducking behind a tree with his hand near his crotch area. At first I laughed and said “holy shit you scared me” thinking it was my girlfriend or her friend that was trying to play a trick on me. They were previously at the swing set. Unfortunately to my dismay I saw a grown man peep from behind the tree and stare at me like I can’t see him. It looked like he was doing something weird with his pants area. When I ran he started chasing me. I took a pic of him with his camera pointed at me when I was leaving the park. Apparently after calling the local police I found out this man had done this before. They weren’t able to catch him. Almost seems like he is a predator of some sort. He seemed to be runny towards me at first then when he saw I was with others went on the defensive and pulled out his phone to record. I feel that things would’ve ended much differently had my friends not been there with me. 
Maleficent_Poetry736,reflection of light that shows on my wall - but cute,0,264,0.95,0,1740409533.0,False,t5_2qlia,
cixil,who is he?,0,167,0.98,0,1740417641.0,False,t5_2qlia,
,Hot tub peeper video update,0,8083,0.97,0,1740340301.0,False,t5_2qlia,https://imgur.com/a/jnd30nF
,Just about to get into the hot tub. Caught a weird peeping Tom! UK,0,25596,0.96,0,1740300532.0,False,t5_2qlia,
Hot_Strike_2533,Someone put a sex doll on this cars tow hitch.,0,1531,0.98,0,1740329818.0,True,t5_2qlia,
guhguhcuh,"The Moche were a mysterious civilization who ruled the northern coast of Peru beginning 2,000 years ago. They lacked written language, but were incredibly skilled in pottery and ceramics which they used to communicate ideas and express their lives.",0,4039,0.99,0,1740301813.0,True,t5_2qlia,
alfonsomendezz_,Wtf? Saw this guy in downtown approaching people,0,2161,0.96,0,1740295990.0,False,t5_2qlia,i thought it was a mask but i cant tell. sorry for the bad pic i wanted to be discrete
SuperSonicSuperSnake,There is a case full of old cereal from long before I was born framed on the wall of my mom’s boyfriend’s house.,0,1437,0.99,0,1740296912.0,False,t5_2qlia,He said he found it next to a trash can while going on a walk.
ReverseElectron,"Hebrew cigarette pack placed weirdly in Swiss Woods ... I'm not a smoker and I've never seen this Marlboro Touch, let alone in Hebrew.",0,399,0.87,0,1740317609.0,False,t5_2qlia,
StillWatt,Ripped underwear in a random tree at the park,0,102,0.94,0,1740340568.0,False,t5_2qlia,
the_username_please,"He doesn’t bark, he bikes",0,627,0.99,0,1740293643.0,False,t5_2qlia,
Trash-Doll,I need to find out how true this is,0,1951,0.98,0,1740271642.0,False,t5_2qlia,
Beautiful-Ask-7910,My Nextdoor neighbour,0,97172,0.95,0,1740220331.0,False,t5_2qlia,My neighbour does this on a daily basis….
AwkwardDorkyNerd,Somebody left their sex doll in my driveway,0,1246,0.98,0,1740274300.0,True,t5_2qlia,"And this isn’t even the first time that this type of thing has happened within the few years that I’ve lived at this place. One other time, somebody left their used condom in my driveway. "
amyloulie,Some of my husband's most bizarre sleep quotes/antics,0,1071,0.96,0,1740274144.0,False,t5_2qlia,
sharkowictz,This dog food label looks like a bad 90s website,0,2534,0.99,0,1740253498.0,False,t5_2qlia,
Soulstyss,"Tracks entering my yard, going to my window, then going to my neighbor's.",0,6034,0.99,0,1740235693.0,False,t5_2qlia,"They did it at night, with 18"" + snow drifts in a few places. 
"
Hayisforh0rses,Where’s an update on the ear window dude,0,989,0.95,0,1740266379.0,False,t5_2qlia,Hope you’re good homie but you can’t leave us hangin like that 
RaineFilms,A bird dropped a severed human hand into a schoolyard in Ireland yesterday.,0,226,0.99,0,1740292966.0,False,t5_2qlia,
Repulsive_Sky5150,So you see the weird looking faces in this rug?,0,181,0.92,0,1740293386.0,False,t5_2qlia,
Akewlmum,The most mutated strawberries I have ever found,0,751,0.99,0,1740264049.0,False,t5_2qlia,
No-Problem1114,"Area 52 (the happier one), undisclosed location in central Europe.",0,170,0.96,0,1740272930.0,False,t5_2qlia,
Chawny621_,9/11 Trigger Warning ‼️,0,3984,0.94,0,1740206200.0,True,t5_2qlia,"These 2 cards are from the 1997 SLIDERS TV SERIES trading card set.

Now look close. Doesn’t that blonde haired wide man in the center shaking hands look familiar?🤔 And the next picture is even more suspicious since these cards were printed 4 years before the 9/11 tragedy 🤯

Weird."
FunnyBunnyWonderland,This is the first page of a real book,0,399,0.93,0,1740249205.0,False,t5_2qlia,
ShirazGypsy,The wide variety of bacon related food product at the Florida state fair,0,110,0.89,0,1740264521.0,False,t5_2qlia,
Polysubhuman,Sand forest at the beach,0,95,0.91,0,1740259547.0,False,t5_2qlia,"Screenshot of a video I took at the beach today. Wish there was a way to post the video but anyways I live on the east coast and have never seen anything like this before!
"
No_Diver_7171,"Fun, friendly bathroom trip!",0,314,0.99,0,1740233460.0,False,t5_2qlia,Seen in the ladies room of a bar in rural western PA! 
iWisco,Found Pinned to a Tree on a W alking Trail,0,5958,0.96,0,1740176482.0,False,t5_2qlia,What is this??!
Zoggo315,I found this under my bed,0,209,0.92,0,1740239371.0,False,t5_2qlia,"I was just looking under my bed for my old ds games and I found gifts for my sister from who knows when so she opend it and this was in it. I have never been to Asia and no one I know has, any ideas on what this is?"
HeadCryptographer152,Someone selling just baby doll heads,0,56,0.92,0,1740264253.0,False,t5_2qlia,
Ki-ke,Saw this yassify cat poster here in Chile,0,74,0.94,0,1740257439.0,False,t5_2qlia,
PhoenixCryStudio,Frozen sap?,0,189,0.98,0,1740231515.0,False,t5_2qlia,
ProfessionalTie5462,Woke up with this bite mark on my arm. Weird? I don’t sleep with anyone,0,2617,0.92,0,1740179974.0,False,t5_2qlia,
hdjdjdjd13,Found just outside my workplace...,0,80,0.84,0,1740223869.0,False,t5_2qlia,Guess one of my team mates is some kind of artist
thejappleseed,Found some wings tied to a pinecone on a trail in Appalachia,0,502,0.96,0,1740188614.0,False,t5_2qlia,I think the wings are from a pileated woodpecker. They're tied together with fishing line and tied to a pine cone. The pinecone seems to be shoved into the tree. Any ideas on why?
livid_slingshot,Strange substance on my coat,0,1530,0.92,0,1740147354.0,False,t5_2qlia,"Went to a board game night at a brewery with my brother last night. It was in the basement of a building, and we noticed there were a couple leaks coming down from the ceiling across the table from me. When I got up to leave, I realized it was leaking behind me too, and this weird white substance was all over my coat. 

What could this be?? Looks like bird shit, but nay, there was nary a bird in there. "
Tetecd77,My office is shooting (weak) death lasers at the neighbors roof,0,747,0.98,0,1740144668.0,False,t5_2qlia,Saw some lines on the neighbors roof and realized they were reflections of the sun. Must be just warm enough out for this to happen! 
doctorcorncob3000,why would someone leave a breadstick on my tire?,0,3998,0.95,0,1740110035.0,False,t5_2qlia,
SnooSongs3795,Plasma popcorn kernel,0,2145,0.98,0,1740107275.0,False,t5_2qlia,"My partner was making some microwave popcorn when she started to smell smoke. She opened the door to see the glass bowl flaming and proceeded to scream for help. I put out the fire, disposed of the charred pocorn and saw that one of the kernels had melted through the glass bowl and into the glass microwave turntable, fusing the two together. After carefully sparating them, a hole was left in the turntable.

Never knew this was a risk."
glocktuahhh,someone left a chicken wing on the hood of my car,0,5046,0.97,0,1740087880.0,False,t5_2qlia,was filing my taxes and came out to this wtfff
Gornsen,Just came across this weird constellation at a bus stop,0,200,0.95,0,1740131451.0,False,t5_2qlia,
Reaperboy24,"Someone put roses next to my bike, I hanged them up.",0,110,0.95,0,1740139852.0,False,t5_2qlia,
Penctiss,What if they call?,0,3611,0.99,0,1740071455.0,False,t5_2qlia,
wickedpurpose,Someone put a cheese on our car while we were in Homegoods (didn’t notice until the windshield wipers partially smeared it),0,373,0.95,0,1740115169.0,False,t5_2qlia,
SixF333T,Strange pattern on building at my school,0,298,0.88,0,1740115821.0,False,t5_2qlia,"Recently got a decent amount of snow with some decent winds, but I have no idea what could create such a stable pattern. "
daviddifrancojr,What’s the purpose of this? Found outside the post office,0,15818,0.95,0,1740034285.0,False,t5_2qlia,
wizardrous,This statue is just clothes with no one wearing them.,0,629,0.97,0,1740081036.0,False,t5_2qlia,
Arstotzkanmoose,"This photograph of failed assassin Giuseppe Zangara. Being only 5 feet tall, he had to stand on a bench but failed to kill F.D.R and only killed the mayor of Chicago.",0,797,0.97,0,1740068709.0,False,t5_2qlia,
Flaxen-Witch,Someone placed these memos all over the park,0,400,0.94,0,1740078659.0,False,t5_2qlia,"We’re just livestock y’all, wake up"
doncaine,I’ve heard of “live cultures” and all but….,0,194,0.92,0,1740067555.0,False,t5_2qlia,I heard small screams upon the first scoop and I don’t think I’ll ever look at yogurt the same.
GingaNinja01,Some guy put their blinds on the outside of their balcony,0,1995,0.97,0,1739991084.0,False,t5_2qlia,
More_Sheath,Any idea what made these?,0,25346,0.97,0,1739950338.0,False,t5_2qlia,"Bushwhacked for miles behind a farm house i’m renting… found these circles in the snow above a frozen pond, deep into Green Mountain National Forest. Oddly immaculate. "
dooms-maroons,My car is predicting calls in the future,0,912,0.98,0,1740001801.0,False,t5_2qlia,"I’m going to get some spam calls day after tomorrow, apparently….
"
Cody_Pomeray1926,Things I have found at a cemetery,0,896,0.98,0,1739999259.0,False,t5_2qlia,"First photo is April 2024 and found at the entrance to the cemetery. Second photo is February 2024 and is in the very back row, the eggs are hard boiled I think. "
SpaciousTables,My stepmom has been collecting old family docs and found this odd gem,0,643,0.99,0,1740002176.0,False,t5_2qlia,
Boring_Customer4982,Friend found identical people at McDonald’s,0,7212,0.99,0,1739945831.0,False,t5_2qlia,
dylan_hyatow,Found this picture on both sides of a billboard in Rome…,0,610,0.99,0,1739991182.0,False,t5_2qlia,"… located in Via Tuscolana (Numidio Quadrato, Metro Linea A). Tried google image and found nothing. The “BLUEBACK” sticker with phone number lead to nothing."
BabyEnvironmental398,Boot tracks that led to nowhere by our front door,0,189,0.87,0,1740002160.0,False,t5_2qlia,"None of us had gone outside yet since the real feel was in the negatives. The snow was unbroken except for these two tracks. Have a history of weird occurrences near our home (we live in the countryside on the Cherokee reservation). I’ll be going to bed early tonight, lol "
diede12345,This mural at a government building,0,345,0.96,0,1739982316.0,False,t5_2qlia,
itch-the-anus,Hello everyone this is the window ear guy. Earlier I was playing with my 4 year old son and noticed this.,0,61233,0.92,0,1739895853.0,False,t5_2qlia,About a
Shopaholic24,What kind of lights can bend like that?,0,364,0.87,0,1739960211.0,False,t5_2qlia,
Ebonystealth,"Doctor Langfeldt's Dictionary of Animal Language, Boston Globe 1910.",0,246,0.98,0,1739961171.0,False,t5_2qlia,
Docindn,Who knows the recipe.,0,3951,0.98,0,1739897873.0,False,t5_2qlia,
Old_Instrument_Guy,An Albino alligator: St. Augustine Alligator Farm Zoological Park,0,341,0.97,0,1739926781.0,False,t5_2qlia,
Eggboss666,This fungus I found in the woods or could be a brain or even some gum but no it’s definitely fungus,0,351,0.97,0,1739914569.0,False,t5_2qlia,
semispectral,"When I was little, I’d tell my parents about my twin brother. I  found my kindergarten notebook today. I was an only child.",0,4161,0.99,0,1739860976.0,False,t5_2qlia,"I learned much later that my mother had miscarried one of her twins. I guess now I know why she’d get upset. 
"
whiskey__throwaway,Came across some caterpillars on a group mission in Alicante,0,90349,0.97,0,1739827065.0,False,t5_2qlia,
EdgeOfTheOwl,Stroke patients get a “Photo Booth” at my local hospital,0,969,0.98,0,1739868687.0,False,t5_2qlia,The fact they’ve painted it to say “Stroke Photo Booth” is what is throwing me off. I had to do a double take walking past it. I’m not sure if it’s a common thing but I did think it was weird 
cosmic_rabbit13,This was at the gas station. Waiting.,0,316,0.92,0,1739883713.0,False,t5_2qlia,
yoo420blazeit,User burns 600 ETH to send sci-fi message warning of Chinese use of brain control devices,0,223,0.95,0,1739882451.0,False,t5_2qlia,
shaggy_haggard,Makeshift fish tank I found in a hospital parking garage,0,252,0.97,0,1739854006.0,False,t5_2qlia,"Was with my girlfriend at the hospital. 

I was getting antsy and bored so I thought I’d walk around briefly (only did this a few times, and they were very brief).

On one of the walks, I decided to venture through the parking garage and smoke my vape.

I randomly stumble across this makeshift fish tank. No fish could be seen inside. There is no pet-store super close so I’m not sure why this was here. 

Homeless shenanigans? What do you think? "
kazuraki,Went for a walk and saw a lone pot of pasta in the snow.,0,7321,0.99,0,1739780564.0,False,t5_2qlia,
Cowboypunkstarcactus,Hotel has fully equipped kitchen? Secret door.,0,969,0.95,0,1739811570.0,False,t5_2qlia,
thesearlydays,Abandoned Vehicle In Our Driveway this Morning,0,2886,0.98,0,1739789888.0,False,t5_2qlia,"For context, I wake up at 4:45 each morning and we live out in the country. The vehicle is half in our driveway and half in our yard. One set of smallish footprints appears to have gotten out of the drivers side door, walked down the end of our driveway, and walked into the street. (The larger footprint in the bottom left of the third picture is mine.)"
Matttagram89,What is happening to my metal knobs?  It’s smooth to touch,0,725,0.9,0,1739815437.0,False,t5_2qlia,
,[ Removed by Reddit ],0,7,0.73,0,1739908472.0,False,t5_2qlia,[ Removed by Reddit on account of violating the [content policy](/help/contentpolicy). ]
CArailroader,Creepy eyes on a diesel pusher,0,203,0.93,0,1739828173.0,False,t5_2qlia,"The wife was driving while we were on our way to lunch and pointed out this rv with these creepy eyes on the back. As we passed it we noticed it’s on the driver’s side as well. The front was normal. This was in Ventura County, on US 101 N"
Old_Instrument_Guy,The way this pine tree grew back after the trunk snapped.,0,579,1.0,0,1739795740.0,False,t5_2qlia,
GoldenEagle607,Weird and Terrible Design,0,462,0.98,0,1739798711.0,False,t5_2qlia,
Ebonystealth,"Beard Shaving and the Common Use of the Razor an Unnatural, Irrational, Unmanly, Ungodly and Fatal Fashion Among Christians [By W.H. Henslowe].",0,93,0.95,0,1739825467.0,False,t5_2qlia,
andre636,Walked out and saw this imprint in my yard with a leave sticking out in the middle.,0,22148,0.89,0,1739724659.0,False,t5_2qlia,No tracks prior to mine. I was walking to my car and noticed it and went back but this imprint has a leaf in the dead middle sticking out. It sits in a part of the yard that would be impossible to access without leaving foot prints and the area is covered by 3 cameras and nothing was detected. Genuinely perplexed. 
Phonymontana79,The Witches Circle an area in Woods.,0,376,0.99,0,1739743493.0,False,t5_2qlia,Group of trees named  The Witches Circle  found in Woods.
InternationalAct6655,Did it grow there or was it placed? And...why?,0,280,0.94,0,1739735781.0,False,t5_2qlia,This is the strangest thing I had seen on my trip to Spokane Washington
Meister0laf,My mom saw this while on a walk today,0,6699,0.99,0,1739673024.0,False,t5_2qlia,"My mom sent my this photo of something she saw while on a walk today. She thinks it’s creepy, but I think it’s kind of impressive."
CreamPuzzleheaded300,These trees unsettle me. They look like naked and have wrinkles like skin.,0,2591,0.98,0,1739688818.0,False,t5_2qlia,
BeaglesRule08,"""Charlie Manson"" is written on the back of the old motorcycle license plate I just bought",0,2589,0.97,0,1739655060.0,False,t5_2qlia,
Unscripted9211,Some statue in the woods,0,216,0.97,0,1739697052.0,False,t5_2qlia,
KlutzyDistribution75,Decorations in a brewery bathroom.,0,911,0.91,0,1739665801.0,False,t5_2qlia,
_marimays,Creepy tree in Barcelona,0,4995,0.99,0,1739630990.0,False,t5_2qlia,
Caldeum_,Ordered a guitar chart poster and this is what showed up in the mail 😐,0,918,0.99,0,1739652794.0,False,t5_2qlia,
samcoffeeman,Somehow a bird crapped inside my dashboard?,0,562,0.99,0,1739641270.0,False,t5_2qlia,There's no crap anywhere else in my car.  How?!?
Remote_Finish_9429,Carved ivory Chinese sculpture of a woman breastfeeding her mother in law,0,4137,0.96,0,1739582991.0,True,t5_2qlia,
prettygiraffee,Peanut butter ritz in a plain ritz pack,0,4558,0.96,0,1739493547.0,False,t5_2qlia,My dad bought a pack of plain ritz crackers at the store and when he opened them when he got home he noticed there was peanut butter on some of the crackers. 
Top-Barber-8762,1927 women’s basketball,0,917,0.91,0,1739453445.0,False,t5_2qlia,
Klutch_conduct,This cloud was wild’n today,0,855,1.0,0,1739429026.0,False,t5_2qlia,
DxmnBlue,"Passenger side of car has a puddle of water, that’s the only part that’s wet",0,6087,0.96,0,1739383334.0,False,t5_2qlia,"I got into my car today and I noticed this big puddle of water only on the passenger side. It was raining all last night but my windows were up all the way, dashboard is dry, window seal is dry, inside of the door is dry. What could’ve possibly happened?"
PinkPussycatPower,This wax museum in Brazil,0,32074,0.97,0,1739355136.0,False,t5_2qlia,"This wax museum in a Brazilian small town (Rolândia) inside of a church carries these PERFECT reproductions of famous personalities. This amateur sculptor made they look… Well, you choose the adjective.



PICTURES’ DESCRIPTIONS IN ORDER:


1. Princess Diana

2. Marylin Monroe

3. John Kennedy

4. Nelson Mandela

5. Charles Chaplin

6. Pope Francis

7. Albert Einstein

8. Mother Teresa

9. Elvis Presley

10. The creator himself 




PS: this is NOT fake, and it made some formally-not-supposed-to-be-meme TV news."
Odd_Variation_1514,Our lemon tree is possessed!,0,5448,0.99,0,1739377841.0,False,t5_2qlia,I'm too scared to cut into it 😅
Agile-Caterpillar219,These signs postings I’ve seen around the downtown Seattle area.,0,805,0.98,0,1739406613.0,False,t5_2qlia,
AngryAshMan,"A sticky, green substance began emerging from my iPhone charger.",0,1365,0.95,0,1739351493.0,False,t5_2qlia,
,This was on our papa johns box. It looks like a weird backpack but I can’t tell.,0,3092,0.96,0,1739327009.0,False,t5_2qlia,
ZERO_PORTRAIT,Vintage photo of a homemade ostrich costume featuring human legs at the bottom.,0,822,1.0,0,1739340907.0,False,t5_2qlia,
Cowboypunkstarcactus,Opened the drawer in the hotel and found this instead of the typical bible.,0,6294,0.97,0,1739290502.0,False,t5_2qlia,
Jellys-Share,The glass pane under my TV just shattered for no reason.,0,1008,0.97,0,1739311320.0,False,t5_2qlia,I was sitting on my couch while on my phone and I heard a pop. I looked up and this was shattered.
Old_Instrument_Guy,Here are some random chairs I found in the woods.  No signs of a campfire or any other objects nearby.  Just some cafeteria chairs chillin' in the woods.,0,349,0.97,0,1739329063.0,False,t5_2qlia,
weirdlui,Was eating a bag of pretzel sticks and pulled out this monstrosity all stuck together,0,913,0.99,0,1739304444.0,False,t5_2qlia,
JaceUpMySleeve,Witnessed the strangest Sunset last night,0,12285,1.0,0,1739237377.0,False,t5_2qlia,
Distinct_Resolve5545,What are these circular marks on my window,0,432,0.91,0,1739286257.0,False,t5_2qlia,Was about to wipe my windows off when I saw these weird marks. These are on my bedroom window but there was also one on the shower glass. What could it be? 
McRocket24,This is where they goes,0,324,0.98,0,1739286731.0,False,t5_2qlia,
my_vision_vivid,The Grave With A Window,0,17223,0.98,0,1739214711.0,False,t5_2qlia,"There is a curious grave at Evergreen Cemetery in the West River neighborhood of New Haven, Vermont, the United States. It’s a small grassy mound with a large slab of concrete placed at the top. This concrete block has a small fourteen inch square glass window facing towards the sky. The glass window is hazy and has beads of water hanging on the underside from condensation, and you can’t see much inside. But back in 1893, you could have peered inside and straight into the decomposing face of Timothy Clark Smith."
ithinkonlyinmemes,"My thumbs' nails have, seemingly overnight, developed strange divots",0,3429,0.98,0,1739230659.0,False,t5_2qlia,
opheliainthedeep,Someone in my town decorated their backyard with these,0,602,0.99,0,1739238893.0,False,t5_2qlia,
epyon611,"Oh, the stuff you get in the mail.",0,185,0.96,0,1739239291.0,False,t5_2qlia,
No_Purchase_3995,Weird cloud with a light at the end,0,115,0.9,0,1739240347.0,False,t5_2qlia,Located in SoCal
NSS_Captain_3,"Weird snowman thing, but it's huge and the snow around it isn't disturbed?",0,4763,0.93,0,1739164076.0,False,t5_2qlia,It HAS snowed a lot but I wouldn't think it was nearly enough to keep this thing up. I'm confused as to what it is and how it got there in the first place 
Stephen_Is_handsome,Pope Franceis in side a Claw grabber theme park ride - (prize),0,465,0.98,0,1739193363.0,False,t5_2qlia,
jininberry,Someone put chicken in my engine. What does it mean?,0,50616,0.94,0,1739116312.0,False,t5_2qlia,I was working on my car and the doors were unlocked but hood was closed. I went back in my office to get oil and when I popped the hood this was under. I feel like it's either targeted (probably not) or a crack head doing weird stuff. I live in the city so you never know. 
Apprehensive-Unit268,3 pair of shoes on the side of the road.  One has a morning-after pill on it. Boots has a used condom inside.,0,3947,0.99,0,1739143327.0,False,t5_2qlia,
PreciousPelvis,Some one put a hot dog skewered with a paint stirrer on my car??,0,790,0.97,0,1739171467.0,False,t5_2qlia,Came outside and found this bad boy cooking on my hood. Why a paint stirrer?!?
Apprehensive-Unit268,"A baby doll without clothes, a hole on its head, some liquid brushed on with backwards feet, on a motorcyle.",0,221,0.96,0,1739146480.0,False,t5_2qlia,
TheOddityCollector,Bloody Hell… What happend here in Croatia?!,0,1674,0.97,0,1739106412.0,True,t5_2qlia,"45°08'03.3""N 14°10'27.4""E"
Nifflerdaniff,"Found this weird arch in the forest, early in the morning (Yes those are spines hanging from it)",0,799,0.98,0,1739099086.0,False,t5_2qlia,
highly_uncertain,Last night my husband was walking through a trail and found a candle burning on a tree,0,5642,0.98,0,1739049762.0,False,t5_2qlia,
fedors_sweater,Found in front yard this morning,0,8596,0.95,0,1739034458.0,False,t5_2qlia,Not 
wormhole828,Found inside my new lunch BOX,0,2357,0.96,0,1739052396.0,False,t5_2qlia,"My darling mother got me a brand new lunch box for me birthday. It was wrapped with b-day paper, but still in the Amazon box with amazon tape. While checking out my new lunch time digs. I found this inside the front porch. I'm assuming she got a product that was returned and resold or purchased  like new? Still weird and funny. I'm afraid the Visine is LSD. Not really  afraid, more hopeful. 

(I should also let you know. She informed this lunch box has 5 stars on Amazon  atleast  200 times, so i think she'd appreciate it, if I told y'all as well) 
Thanks Mom!! The lunch box is awesome! "
selchie0mer,This tomato trick,0,1531,0.98,0,1739055190.0,False,t5_2qlia,"An older lady I knew would put tomatoes on her window sill. Her kitchen was really warm even in winter. She said the trick with this is, when you see the bumps on the tomato, knick it with the tip of a knife so the sprout can push out. It was the creepiest, interesting garden trick ever "
Typical-Decision-387,"Found my shirt with burn marks in my closet, no explanation",0,411,0.92,0,1739078238.0,False,t5_2qlia,
Poke-Noir,Found on the road on my way home. This wasn’t here when I left home an hour ago,0,541,0.92,0,1739064124.0,False,t5_2qlia,
InevitableFortune556,Seen this in a fancy restaurant bathroom.,0,389,0.97,0,1739069714.0,False,t5_2qlia,
TheOddityCollector,"Weighing over 400 pounds, this is the heart of a blue whale.",0,2086,0.98,0,1739034230.0,False,t5_2qlia,
brevit,This sunset just cuts off in the middle,0,134,0.96,0,1739073614.0,False,t5_2qlia,
gojiroger,One path diverged in a wood?!?!?,0,281,0.88,0,1739058921.0,False,t5_2qlia,
shrinkfastviolet,This frog lives in my toilet 😳,0,452,0.97,0,1739028895.0,False,t5_2qlia,"I live on a ranch right now and found this little bub after I peed. Scared me so badly, it survived the pee and the flush. I didn’t realize it was a frog until it jumped from one side of the bowl to the other. It then swam back down the drain… I’m assuming it must live in our septic tank (?)"
onionman2008,This drawing on my pipes,0,155,0.96,0,1739034714.0,False,t5_2qlia,
geofftyson,The birds know something and they’re not telling,0,8209,0.98,0,1738946925.0,False,t5_2qlia,
Aruhito_0,"What? Why? Soles are in mint condition, but every shoe is sliced open in the front.",0,15325,0.95,0,1738930136.0,False,t5_2qlia,
bLUEbeRRy478,Woke up with two weird dots on my arm,0,1971,0.92,0,1738946393.0,False,t5_2qlia,
LivingTheTruths,18th century torture method in Germany,0,1500,0.93,0,1738950294.0,False,t5_2qlia,"What on earth would you have to do to get such punishment?

The ""Soyjack"" - an 18th-century bronze torture mask from Germany.

This mask was used for physical punishment or torture, inflicting intentional harm to the eyes, rendering the victim blind. It was prohibited in the late 18th century, approximately 50 years after its production began."
angeltay,"You may enjoy garbage trucks, but do you love them this much?",0,504,0.99,0,1738954348.0,False,t5_2qlia,Found at the thrift store. Who would need this? Was it for an event? Or did someone just wanted to wear their love of garbage trucks all over their body?
alittlewoowoo,Someone left a moldy orange on my doormat,0,531,0.98,0,1738952198.0,False,t5_2qlia,"Working from home today and just had someone randomly pound on my door. I wasn’t expecting anyone and I’m not a psychopath, so I didn’t answer it, hoping they’d go away. After a few minutes I thought I’d check for any notices or packages left. I open my door to find a fully moldy orange placed right in the middle of my doormat. Either someone in the building had a problem with me, or an unknown enemy got into the building. I keep to myself and I’m not loud or rude as a neighbor, so I’m really unsettled by this."
itsmejaypee,Hair cuttings,0,192,0.97,0,1738967016.0,False,t5_2qlia,We found this in an old desk left in the basement of a rental we own. They seem to all be from the same person but why…?!
BajanFred,Came across a 1912 quarter. It has no ridges. Is this real?,0,1991,0.99,0,1738884836.0,False,t5_2qlia,I took a bunch of coins i found in this apartment someone skipped out of (i do maintenance) and took them to a coinstar machine and it wouldnt take it so im wondering if its not real
taterchipman1,Odd notes found in woods,0,3094,0.97,0,1738875656.0,False,t5_2qlia,Don’t have muc
lawn-mumps,I don’t know why they’re in pairs (most of them) or why their mouths are open. I have no additional information other than this picture and that it’s in a very crowded thrift store in the Netherlands.,0,1419,0.98,0,1738861852.0,False,t5_2qlia,
samsnom,Soap melting this tap,0,184,0.96,0,1738892073.0,False,t5_2qlia,"I was in a cafe and while I was washing my hands I noticed this. The soap dispenser is directly above and drips onto this spot, it seems to be eating away at the metal.
"
OlentangySurfClub,Shoe Tree in Desert,0,357,0.98,0,1738866193.0,False,t5_2qlia,"I just came upon this photo I took in the early 2000s, somewhere in the Mohave desert. California? Maybe Arizona or Nevada. I was doing some exploring between Palms Springs and Vegas, or maybe Havasu and came upon this full on tree in the desert, draped in hundreds of tennis shoes. It may have been burned as well. 


What is it? Who did it? Why?"
oenomausprime,"Found cut up dollar bills on the street. It's real money, why cut the center out?",0,29092,0.95,0,1738762966.0,False,t5_2qlia,"Like in the title, dropper my kid off and found all this cut up money on the street. It'd real money, why is the center cut out? My buddy said to make fake money, use the center and put ""100"" on the outside, either way weird af lol"
Dismal-Feed-2466,Accidentally made Chemical X at work today,0,2322,0.99,0,1738795420.0,False,t5_2qlia,It just Pine-Glo and Dodge soap but that shit was NEON
Garasunotanken,Found a bunch of discarded tablet cases,0,262,0.92,0,1738828971.0,False,t5_2qlia,
TheOddityCollector,"This CIA-designed ""fake scrotum"" was meant to help downed male pilots conceal a small escape radio, assuming security guards would avoid thorough searches of the genital area. However, it was never used in the field.",0,3444,0.98,0,1738756138.0,True,t5_2qlia,
trashbear69,Found this antique lamp shade in an abandoned house basement with what looks to be porcupine quills?,0,819,0.97,0,1738734727.0,False,t5_2qlia,
__sicmundus__,Tiny headless baby on the footpath.,0,277,0.96,0,1738740824.0,False,t5_2qlia,What an absolute creature.
NoRoad406,Encrypted message,0,341,0.92,0,1738708672.0,False,t5_2qlia,Found this message while on a hike on a paper clip hanging from a branch on a section of the Appalachian trail in Pennsylvania. Any idea what it could mean? 
Lower-Version-3579,Appeared outside flat door between 1-7am.  No cameras.,0,795,0.87,0,1738687742.0,False,t5_2qlia,
YowfisCool,Why does Batman look so traumatized?,0,1779,0.98,0,1738668932.0,False,t5_2qlia,
Ok_Witness6780,Found in a history museum in Louisiana. Seems appropriate?,0,820,0.97,0,1738682170.0,False,t5_2qlia,
420_lazeit,lucky spaghetti? fresh out the pack.,0,271,0.96,0,1738672452.0,False,t5_2qlia,
Chumbawamba_kaju,"This is definitely ""Haunted""",0,1492,0.98,0,1738615647.0,False,t5_2qlia,
klockowyfan,I found cheese on a fence a few days ago.,0,981,0.98,0,1738613903.0,False,t5_2qlia,
ARF_mariegoldy,Found this stick that looks like a human on a cross..Jesus?,0,304,0.96,0,1738629747.0,False,t5_2qlia,
P0ster_Nutbag,Woke Up To This At 4AM,0,2192,0.98,0,1738569484.0,False,t5_2qlia,Parents cat was making some noise. Looked over and was really confused as to why she was just staring out the window. My mind started freaking out when what registered as a reflection started moving independently.
Anybuddyelse,Mystery socks keep appearing in our laundry…,0,6118,0.96,0,1738544079.0,False,t5_2qlia,"I know what you’re thinking, the laundromat! That’s what we thought a few weeks ago too when we found the first one. Just 1. Not a pair. I told my boyfriend, “Oh yeah, that used to happen to me all the time some random’s sock would get left in the dryer and come home with me.” He throws it away. We didn’t think anything more of it. 

A week later, my boyfriend is folding the laundry again and what does he find? A PAIR of the same kind of sock he just threw out… He texts me this photo and asks, “Are you sure you don’t know whose socks these are? Maybe someone you know who came over?” At this point, I get the feeling he’s basically asking if I’m cheating on him because they are clearly a man’s or someone who has large feet and now theres a pair. I tell him no I swear nobody with feet that big or a man has come over here and left 1.5 pairs of socks. We live alone together. The building is uber secure. We haven’t had any guests. 

Did we just so happen to use the same exact dryer at the perfect time as the same exact sock abandoning laundromat customer, two times, over several weeks? "
Dark_Wolf04,Someone hung up a frame of a taxidermied bat on a tree in my neighborhood,0,726,0.99,0,1738579849.0,False,t5_2qlia,
Docindn,Today I learned that every Texas Ranger's badge is carved from Mexican silver,0,6886,0.95,0,1738534460.0,False,t5_2qlia,
SE_1991,"A random couple came up to us today and showed us a picture of our son, but it wasn’t our son. It was her nephew from 20 years ago.",0,4346,0.99,0,1738540656.0,False,t5_2qlia,"So we had a weird encounter today.  

We were at a kids play place and a couple in their 50’s came up to my spouse and I. They said that their nephew looked identical to our young child when they were the same age.   She insisted on showing us a picture of their nephew when they were 3.  The woman went on to say again about how shocked she was because of the similarities. 

As she showed us the older picture of her nephew when he was around 3, time seemed to stop. My spouse and I looked at each other. It was the strangest thing I or we have ever seen.  I’ll never forget that moment.  It was like I could have been looking at our child’s twin.  Same eyes, same eye color, same hair and hair texture, same smile, same little body, even same little demeanor in the way they was holding on to their mom in the picture. Her nephew who is now 22, is the most handsome young man.  As she showed us a current picture of him it was like looking at our son in the future. The entire encounter has left us almost speechless."
Aggressive_Smile_944,"Excuse me, why do you have a house on ur head???",0,967,0.91,0,1738549402.0,False,t5_2qlia,
mister_muhabean,"Old School Weird, man eats plane. Michel Lotito",0,81,0.93,0,1738592939.0,False,t5_2qlia,
microbial_guy,Found this old photo at a local antique shop,0,304,0.99,0,1738558105.0,False,t5_2qlia,
barsoap___,lone silly band on top of fresh snow on my porch,0,349,0.95,0,1738553569.0,False,t5_2qlia,"there were no footprints or marks leading up to it, and it was on TOP of the snow not under it. the footprint on the second photo is mine when I found it. maybe I’m stupid and missing something obvious but how did this get here 😭 "
tanto-x,Missing Limb,0,391,0.97,0,1738537251.0,False,t5_2qlia,During a morning walk I stumbled upon this sight at a local park. Appears someone left their leg behind. 
Muay_Thai_Cat,The Award for Passive Aggression Goes to my Neighbour,0,783,0.96,0,1738521988.0,False,t5_2qlia,
GodAllMighty888,100 masturbation commandments written by Turbo Masturbo (pen name of Masanobu Sato who holds the world record in masturbation of 9 hours and 58 minutes),0,770,0.95,0,1738515246.0,True,t5_2qlia,
Complete_Mine5530,I’ve made indents on my feet by standing on things and rubbed them after my whole life to get rid of a “deep itch” in center of my soles,0,2196,0.94,0,1738494201.0,False,t5_2qlia,Now my therapist thinks it’s just tactile stimming 
dillllyyy,Explain these footprints in the snow?,0,33492,0.88,0,1738445952.0,False,t5_2qlia,Why so pointy and how are the footprints both backward and forward at the same time?
ash0000,Jones soda message,0,1116,0.99,0,1738451259.0,False,t5_2qlia,No thanks.
TheOddityCollector,Why does a topless woman appear in the background of a scene from the 1977 Disney movie ‘The Rescuers’?,0,8336,0.96,0,1738413000.0,True,t5_2qlia,
TristanWasHere15,A Santa banana I saw in a store in 2016.,0,246,0.98,0,1738453634.0,False,t5_2qlia,
Demon_Catgirl,Yellow stop sign I saw while out of town at a Walmart,0,252,0.88,0,1738449210.0,False,t5_2qlia,
Cowboypunkstarcactus,It’s February and this store still has this creepy levitating Santa.,0,419,0.99,0,1738429710.0,False,t5_2qlia,
No_Animator6543,These footprints my husband and I saw at the beach,0,6465,0.91,0,1738363509.0,False,t5_2qlia,
Senseibeats410,This was in my yard pointed at my neighbors house for weeks before I picked it up,0,1350,0.97,0,1738386138.0,False,t5_2qlia,Not exactly sure what it is. Looks like a motion sensor camera or something like that. Weird thing is I never noticed it until after said neighbors house burned down. Thought it was some trash left behind by the fire fighters. The local Trash men have also been known to get lazy and leave small bits of trash around as well so I assumed this was just a styrofoam cup until I finally was able to cut the grass on a day off. 
kerobyx,My girlfriend left me this note on her way to work this morning. I've never seen this flash drive before,0,39681,0.95,0,1738331286.0,False,t5_2qlia,
foundcashdoubt,Found a Hard disk drive chugged away in the attic while helping a friend of mine move in to a new house,0,3842,0.96,0,1738355508.0,False,t5_2qlia,He doesn't want to check it out so I just chugged it away again and shut the door. It's probably nothing... Probably. The old owner used to collect retro videogames so my bet is on a bunch of ROMs. The curiosity is killing me tho. 
HolgeirN,Have you ever been so mad at someone that you just wanted to pull a boot over that persons head?,0,486,0.94,0,1738377877.0,False,t5_2qlia,
SupDeep,Weird waxy stuff around brick pillar in my house,0,1538,0.97,0,1738349488.0,False,t5_2qlia,
SaoriTakebe,This painting was put on my doorstep by someone,0,112,0.98,0,1738390187.0,False,t5_2qlia,
ygolordned,Just got in my Victorian era hair wreath!,0,174,0.98,0,1738376832.0,False,t5_2qlia,
WillezWallO,Static Electricity Sifting Powdered Sugar,0,303,0.98,0,1738357995.0,False,t5_2qlia,"The dry heat in our house not only makes my hair and clothes staticky but now my baking is being affected. Kept getting a shock while using a hand sifter. Made a pretty weird pyramid of sugar.

"
IMade2Cents2Day,2 Fish heads sewn together in a bathroom,0,5230,0.98,0,1738302475.0,True,t5_2qlia,
caroline2_,"Found this at a thrift store, I have no words.",0,178,0.93,0,1738360240.0,False,t5_2qlia,
Interesting-Trip-233,Strange symbol as well as weird object found in forest,0,121,0.94,0,1738364205.0,False,t5_2qlia,
devinh313,Saw this masterpiece in a tattoo shop the other day,0,1538,0.98,0,1738290233.0,False,t5_2qlia,
Liam_tharza,Secret code found in pasta?,0,1265,0.94,0,1738280059.0,False,t5_2qlia,Friend found this in a box of pasta just sitting. I don’t understand why or what this is and would like some insight on this weird situation. Should they contact the company? Any help is much appreciated.
kermperm,Is this a new type of spam?,0,245,0.94,0,1738308496.0,False,t5_2qlia,"This is my spam/non personal email that I use for things like quora and YouTube. I have never given this to anybody in person. I rarely check it but I had a link sent here and thought it may have accidentally ended up in the spam. I found this instead. Is this a spammer, scammer, or prankster? I only discovered it today, but they go back to the end of December with the most recent one being from two days ago (you can see the date in the second photo). 

The only relevant reason why someone may have beef with my email would be a few (two) unfavorable google reviews that I used it to post, but I posted those a few months ago and I don’t know what reputable business would do this. They also have worse reviews than what I left, so I don’t think it’s that.

They keep insisting that I am harassing them in person, but I don’t know who they are (nor do I remember going out of my way to harass people). I also don’t know why they keep referring to me as “money dog” (I’m poor).

I do have a job, and I’m pretty successful at it, but it’s a customer service job in an east coast chain so it’s not competitive or anything (and I’ve said that they don’t have this email).

Am I being gullible? Has anyone else gotten emails like this? This isn’t attached to my IRL name, but should I be worried if it was?"
Lamp_Stock_Image,Someone took their tooth out on the bus and left it there,0,3627,0.98,0,1738247699.0,True,t5_2qlia,"I got on the bus with my friend and noticed this near the window. On the window there were fingerpints, saliva and even blood. Could it have been a crack addict? Truly disgusted."
MidCenturyMarzipan,My second grader’s drawing about a time he was disappointed,0,674,0.98,0,1738276942.0,False,t5_2qlia,"Caption translation: “It turned 8:00 am 1.6.2025, if you ask, no reason I just was disappointed.”"
i_did_a_wrong,Random text from my grandma. So confused right now 😅,0,632,0.98,0,1738266468.0,False,t5_2qlia,
PhilipJ30,Got ready to leave for work when I noticed hand prints on my door?,0,257,0.86,0,1738267881.0,False,t5_2qlia,
Non_Existent07,"Fell asleep and woke up to eat dinner, family kept asking me if someone hit me and when I looked in the mirror my eyebrow was swollen, no one hit me and I was fine about an hour ago and I didn't hit my head..?",0,2343,0.94,0,1738197890.0,False,t5_2qlia,
sammiboydd,Weird human trafficking message in bottle,0,1290,0.97,0,1738202574.0,False,t5_2qlia,
Leche-Caliente,Found the cookie under the chair.,0,434,0.99,0,1738205459.0,False,t5_2qlia,
Vegetable_Course5061,Weird linear cuts on stomach,0,2102,0.92,0,1738160251.0,False,t5_2qlia,"When I was changing earlier, I noticed that I had five linear dots on my stomach that were bleeding and I have no clue how it happened. I have cats but 1. The cuts are not in the shape of their claws and 2. None of them were on me today. Quite confused"
Phonymontana79,Found these while Cycling on an Estate in Scotland,0,1701,0.99,0,1738157064.0,False,t5_2qlia,Found on Dalziell Estate in Scotland.  
Sabranise,A decapitated head of Jesus without the crown of thorns,0,750,0.93,0,1738172379.0,True,t5_2qlia,
inkermakerzera,Forgot my printer turned on the whole night and woke up to this,0,12252,0.99,0,1738092809.0,False,t5_2qlia,
ItsDatBossBoi,odd message in the sky above Phoenix,0,1036,0.98,0,1738096426.0,False,t5_2qlia,
,A small angelic statue inside a pine tree.,0,536,0.99,0,1738087053.0,False,t5_2qlia,"I was looking for caterpillars in the pines until this small statue surprised me. It's cute, I don’t think it’s bad energy or anything. It was outside my house, in one of the pines. She looks like she’s staring at the horizon where the sun sets. What do you think she’s doing there?"
justis_league_,Five holes showed up on sister’s lawn overnight.,0,451,0.9,0,1738087520.0,False,t5_2qlia,She has no idea where they came from. They don’t park their cars there. Anybody have a clue?
Slow-moving-sloth,"Matching Boots, NYC",0,7568,0.98,0,1737989115.0,False,t5_2qlia,
TristanAtHis,Spotted at a bus station,0,3174,0.99,0,1737994549.0,False,t5_2qlia,
Luvlifemaniac,Just stumbled across this on my hike,0,552,0.97,0,1738019103.0,False,t5_2qlia,And creepy 
evner,"this SOS in Los Angeles, CA",0,15900,0.95,0,1737924550.0,False,t5_2qlia,
sammmythegr8,Tree I saw on a walk,0,1662,0.99,0,1737954089.0,False,t5_2qlia,
Summoners_Rift,Texted this by a random number,0,3055,0.97,0,1737930144.0,False,t5_2qlia,
something_zelda,Almost wrecked my bike today…,0,1701,0.92,0,1737938114.0,False,t5_2qlia,
Possibility-Distinct,Parents heard a loud thunk followed by a rumble on their roof Saturday morning.,0,952,0.97,0,1737946286.0,False,t5_2qlia,"When they investigated they found a giant chunk of ice broken in half, my dad estimates it to be about 30"" long. Could it have fallen off an airplane? We do live close to a major airport, and are sometimes under the landing / take off path for one of the runways. There are no trees nearby their house, so it didn’t fall from a tree overhead. "
Non_Existent07,My grandma put mayonnaise in a water bottle,0,413,0.96,0,1737943231.0,False,t5_2qlia,
RachSan119,Hidden CD drives in the ceiling,0,1307,0.97,0,1737920232.0,False,t5_2qlia,My husband and I moved into our house 3 years ago. We ripped down some ceiling sheetrock in the basement and found all of these hidden up there. We know the previous owner was some kind of broadcast engineer for a prominent news station (won't name it).  We can't understand why someone would hide these in the ceiling. 
NikonD3X1985,Deformed sex doll dumped at the side of a country road in the UK,0,926,0.98,0,1737901569.0,False,t5_2qlia,
Human420,This unknown persons car,0,83,0.93,0,1737942414.0,False,t5_2qlia,I kinda feel kinda bad for taking a pic because if they saw me it would definitely feed into their paranoia. However I did it anyway. 
avg_mustard_enjoyer,Coins in my carrots?,0,126,0.93,0,1737934039.0,False,t5_2qlia,"Was snacking on a brand new, unopened bag of baby carrots. Wasn't really looking at the bag as I ate. I got to the end and found a nickel? The bag was sealed when i picked it up and had no holes in it. Do I call the company? "
Songs4Soulsma,Huge area of animal pee in the woods behind my house.,0,114,0.92,0,1737929566.0,False,t5_2qlia,"There are some smaller spots dotted throughout my yard and the woods. But this area is about 12 feet by 5 feet. We have coyotes, feral cats, rabbits, squirrels, raccoons, groundhogs, deer, and more that run through our woods and backyard often. But why are so many peeing in the same area? "
sheet_metall,Found in between two pudding containers I bought at the supermarket… what does this mean??,0,74,0.8,0,1737935192.0,False,t5_2qlia,
ZombiePatton,Weird letter hanging from a tree at the Oakland FL nature preserve.,0,80,0.82,0,1737931866.0,False,t5_2qlia,The paper was hanging on a tree off the main trail maybe 40 yards away. The paper is some sort of water proof parchment type paper. I have no idea what it says. 
Yuumie1,Went for a walk today and saw some weird statues and even weirder plaques to go along with them,0,259,0.98,0,1737895107.0,False,t5_2qlia,Am I just overthinking this? They’re creepier in person 😂
Present-Room-5413,The four most bizarre book covers published from 1969 to 2025,0,3017,0.99,0,1737846811.0,False,t5_2qlia,
Worldly-Ad-6769,Window screen on side of my house marked with an X?,0,2096,0.98,0,1737847062.0,False,t5_2qlia,"Was walking the dog around my house after getting back from a walk and noticed one of my windows had an X marked on the screen. Never noticed it before.. I did some googling, could this be a burglars marking my house? The window is only slightly visible from the public sidewalk for about 10ft. There were no other footprints near the house and there’s been snow for a few weeks now, should I be worried or report it to the police? Are we being paranoid?

For extra context, my wife’s car got ransacked this past summer and had valuables taken out of her thought to be locked car. So maybe someone has marked the house to come back?  Not to mention, the town I live in has a bad homelessness problem this last year and we live close to the downtown area where they mostly congregate. "
ValEerie88,Strange tiny hole in my egg?,0,8573,0.96,0,1737818555.0,False,t5_2qlia,I noticed this tiny hole in one of my eggs. It's not all the way through...as far as I can tell the membrane seems to be intact still. I've never seen this before and it looks too perfect to be accidental. What could have caused this??
yalikejazz69690,Weird posters found around neighborhood,0,1685,0.94,0,1737842473.0,False,t5_2qlia,Me and some friends were walking around town and saw these ominous posters taped to poles.
Altruistic-Candle781,I would love to know the context of this,0,41,0.74,0,1737908664.0,False,t5_2qlia,"Found this while fishing, at least 1.5 mile away from society. A dump of rotten mushrooms and bunch of huge white pills, all dumped into the river. What could it be? Why it is dumped there? What is the context?"
Same_Consequence_962,Creepy but in good condition doll abandoned in park- Mexico,0,35,0.86,0,1737908866.0,False,t5_2qlia,
tedpolos,I found a squid in the street yesterday (suburbs of Chicago),0,280,0.99,0,1737858747.0,False,t5_2qlia,
haddock420,Why though?,0,285,0.98,0,1737855286.0,False,t5_2qlia,
Jennyniria,"For a brief period in the 1930s, mothers in London kept their babies in cages suspended outside their windows to give them fresh air.",0,171,0.96,0,1737857202.0,False,t5_2qlia,
Muskrat_God69,This Apple,0,84,0.88,0,1737870622.0,False,t5_2qlia,This Apple has an exterior “slice” of discoloration in its skin that’s isolated. 
The_Yogurtcloset,Earring came off in sleep with back still on it,0,1080,0.96,0,1737820830.0,False,t5_2qlia,
Thrifted_Soup,"Went to one of those “as seen on tv” shops recently and found some wild things, the little taglines were what really threw me off",0,333,0.95,0,1737827851.0,False,t5_2qlia,
huskylotus,Megastrawb 🍓,0,192,0.97,0,1737835322.0,False,t5_2qlia,I feel really sad cutting this up :/ once in a lifetime strawberry find
N4TETHAGR8,An E.T. puppet from 1982,0,124,0.96,0,1737838381.0,False,t5_2qlia,
astarionsstar,Bought a used BL book only to find this horrifying note inside,0,2700,0.97,0,1737768862.0,False,t5_2qlia," Bought the book from Half Priced Books this morning (around 10am) and just opened it now (6pm) since I have a habit of just buying books and not looking at them. It was until just now when I opened it that I found this folded up note inside. Not sure who Steven is, but I hope he's okay."
GBobbeh,Fear-mongering Fruit,0,72,0.89,0,1737831695.0,False,t5_2qlia,"Found this by the cardboard compactor at work. Someone had to have done this for shits and giggles, but it's still onminous."
matsubarx,"Saw 10 yellow dots in the sky Yuma, AZ",0,613,0.95,0,1737780547.0,False,t5_2qlia,The 2nd picture i attached was shortly after i had taken the 1st picture. The rest of the dots slowly disappeared in place
midsommarminx,"The middle of my tongue has lots all taste buds…it’s completely smooth, it hurts to eat some things.",0,1399,0.9,0,1737755141.0,False,t5_2qlia,"My dentist has no idea what this is. My doctor said it’s benign. I didn’t have any trauma to it. It’s been like this for 3 years. Just today my dentist gently told me he’s confident the taste buds will not grow back. It isn’t geographic tongue, if anyone was going to suggest that. Sigh. "
autistic_heaven,Everyday I wake up with bruises on my legs,0,3209,0.96,0,1737738702.0,False,t5_2qlia,Not sure if this is the right sub for this but I usually wake up with bruises on my legs every morning. This is the worst it’s ever been. I guess I’m a wild sleeper??? I’m basically used to this now but I still find it odd. 
,Weird,0,781,0.99,0,1737751619.0,False,t5_2qlia,
M178music,I feel like this house is watching me,0,1202,0.99,0,1737726546.0,False,t5_2qlia,
StillSimple6,Apparently you can dream too much!,0,1213,0.96,0,1737708502.0,False,t5_2qlia,
TheOddityCollector,A Chucky doll discovered at the bottom of a lake by a police diving team.,0,9373,0.98,0,1737662262.0,False,t5_2qlia,
Kunguinho,36 written on grape,0,185,0.93,0,1737697318.0,False,t5_2qlia,"I ate a couple, went for seconds, realized this… still ate the rest but separated that one "
Heritageunitman,what did he even need to do in there,0,212,0.97,0,1737679727.0,False,t5_2qlia,
NotUrAverageTM,"It was pretty darn cold, but I’ve never seen this happen ever.",0,1004,0.99,0,1737610398.0,False,t5_2qlia,
lizzrman,Woke up with this yellowish stain on my hand,0,9392,0.95,0,1737561209.0,False,t5_2qlia,I got home late last night from traveling and went right to bed then woke up to this on my hand. I didn’t touch any paint or iodine. 
Top_Adhesiveness_436,Skull created by snow during winter storm,0,344,0.93,0,1737577259.0,False,t5_2qlia,I
S3lls,Anybody else thinks it’s messed up,0,1479,0.81,0,1737518673.0,False,t5_2qlia,Random amazon add that led to an actual product
ReallyWeirdPlant,"Since people liked the Arnold mushroom vending machine from my last post in this community, here's some fun/weird ガシャポン 🙇🏻‍♀️",0,365,0.99,0,1737510551.0,False,t5_2qlia,
_Celestially_,Found this under my bedsheets. What in God’s name is this?? ,0,5205,0.93,0,1737459362.0,False,t5_2qlia,
buddahdaawg,Found this in the bathroom of a bar in SF,0,3185,0.99,0,1737427744.0,False,t5_2qlia,
lackinglard,a Youtube account with no videos who has been rating the taste of scented candles using poor English on his community tab with absurd amounts of tech in the background. also makes anti-brainwashing devices and stuff. ,0,12425,0.99,0,1737386690.0,False,t5_2qlia,
Alpha_wolf_lover,Put my popcorn in 2 minutes took it out and a second later this?,0,2068,0.97,0,1737397560.0,False,t5_2qlia,
Ted_Bundtcake,"Appreciation post for Bat Boy, the profile of the subreddit",0,1926,0.99,0,1737392508.0,False,t5_2qlia,
Active_Jellyfish_710,Just got this (and only this) in the mail,0,1055,0.97,0,1737400059.0,False,t5_2qlia,"Had my name on in, address and phone. And yes, I do have enemies with all my Info."
nayheyxus,Resume that my friend received.,0,365,0.98,0,1737414854.0,False,t5_2qlia,Friends girlfriend got this as someone's resume for a grocery store.
ReallyWeirdPlant,Japan's weird side of vending machines,0,1339,0.98,0,1737379572.0,True,t5_2qlia,
underwaterwhiskers,Stumbled upon a turtle graveyard,0,2905,0.99,0,1737345067.0,True,t5_2qlia,"At the end of my hike, I stumbled across numerous turtle shells in one isolated area. It was rather unsettling, but hoping it was nothing nefarious. Definitely creeped me out though!"
OutcastPony,What the squirrels do when your not looking,0,387,0.96,0,1737383655.0,False,t5_2qlia,
DocWattsMitch,Border Patrol pocket knife found in my shipped box (I did not pack it),0,1822,0.98,0,1737315018.0,False,t5_2qlia,
BreadRollingAround,Blood spatter in my apartment,0,682,0.95,0,1737323703.0,False,t5_2qlia,"Looked out the window and noticed some random new smear on the window, looks like some spray of blood less than knee height and what looks like drips on the sill… I have a cat and a husband but couldn’t find anything that could have caused this (husband and cat both healthy). Also, it’s fairly noticeable so I’m confident this was very recent as I look out of this window daily, spatter is about 5 inches across "
WezzySock,Shadow created by our porch lights ,0,258,0.93,0,1737336069.0,False,t5_2qlia,
cocomilkz,Layered boiled egg.,0,1175,0.96,0,1737298198.0,False,t5_2qlia,"Uh ? i warmed up my dads food and i cut the egg in half and asked him what happend, he just ate it while i was laughing 😭😂"
AnyCatch4796,Yearbook photo of Jared from Subway visiting my elementary school in 2002. He sat right next to me to my delight. I’m the girl in the white rubbing arms with him… yikes.,0,6252,0.99,0,1737241585.0,False,t5_2qlia,
iplacethepixels,Someone left a weird angel statue in front of my house. It has red stuff on it. I'm scared,0,664,0.91,0,1737251408.0,False,t5_2qlia,"I came home and there was this weird angel statue in front of the house. It's not a religious household. There's red stuff I'm hoping isn't blood on its face and dress. I'm very scared, I was told to put salt around it so I did but this seems like the start of a horror movie. "
Marles216,Saw this next to the garage of a house I delivered groceries to today,0,274,0.97,0,1737253984.0,False,t5_2qlia,"I wish I had gotten a better picture. Probably shouldn’t have taken a picture in the first place, but I did, so here we are. Even if these are fake, wtf? Why?"
tickle-my-brain,Just a casual marketplace listing ,0,375,0.97,0,1737244898.0,True,t5_2qlia,
brolbo,Up in Smoke  💨 ,0,1349,0.96,0,1737215020.0,False,t5_2qlia,
CommercialLog2885,"Mummified Monk & Child in the Catacombs of Palermo, alongside ca. 8000 others. [Video Below]",0,135,0.98,0,1737229197.0,True,t5_2qlia,[Video ☠️ Thank you for watching] (https://youtu.be/lJd7pCfMGmA)
seizuresaladd,I ate several courses at an insect cuisine restaurant in Tokyo. The food was weird! ,0,8601,0.93,0,1737148045.0,False,t5_2qlia,"Full video of my experience is at https://youtu.be/qbZ8ogfdrEk?si=civbqsKg0x2u-qSy

This was a super neat evening at a restaurant called Rice & Circus full of crazy foods I've never tried, or perhaps even knew where things people ate. Pictured here is a Japanese sea bug, a Scorpion, and a platter of insects. I also had badger (my favorite thing), snake penis, cockroach sake and whale sashimi...which I'd wanted to try whale at least once in my life even though I feel indifferent about people eating them. In short, this was a once in a lifetime opportunity and I simply said yes to everything offered to me - and almost everything was pretty tasty!

The restaurant owners were very nice and were mother and son. They believed strongly that people must start finding new food sources as the population increases, and   thus their motivation. This restaurant was very small and off the beaten path, but I'd made sure they'd never had any issues of food poisoning etc. 

Anyway, just sharing with some fellow weirdos...cheers!"
itch-the-anus,Woke up to find an ear print on my back door. I will be buying home security cameras immediately,0,126827,0.96,0,1737119697.0,False,t5_2qlia,
bigash114,I found this in my chocolate bar wrapper??,0,1961,0.97,0,1737171726.0,False,t5_2qlia,
PhallicBatman,What I just opened my Google search history to. Only the bottom 3 searches were from me. Was my account hacked or something?,0,2656,0.98,0,1737130401.0,False,t5_2qlia,"i’m too scared to go to any of those sites, they all seem dodgy and i have no idea how they ended up on my history"
ExtensionLive2502,someone’s been leaving sardines around my neighborhood,0,1922,0.99,0,1737127011.0,False,t5_2qlia,
Otherwise_Play_1624,I walked out my front door today and saw this…,0,2585,0.99,0,1737094723.0,False,t5_2qlia,"Seriously, the most random thing ever. There is even an empty beer next to her. "
CeRyder1993,This is what was on my bathroom mirror when getting out of the shower. ,0,269,0.83,0,1737137871.0,False,t5_2qlia,So this odd thing happened! I asked my son if he was pulling some type of joke and swears it wasn't him. My mother-in-law was in the kitchen so there's no way she did it either. 
Esh-Tek,Found this in an alleyway near my old house.,0,389,0.97,0,1737121921.0,False,t5_2qlia,"This thing was just abandoned on its own with nothing else nearby, no other junk or anything. Just left in the midde of this dank alley on its own.. I cant explain why but it gave me the heebie jeebies and was emanating a really creepy and unwholesome vibe. I stood and stared at it for a few minutes but even after i’d walked away and rounded the corner, i could still feel it looking at me.. "
Objective-Skill9918,after 3 years of wearing my docs,0,25697,0.93,0,1737028539.0,False,t5_2qlia,i think i walk funny 
AnimeNightwingfucku,Found in the weight room at school. What could this be referring too? There are no registers or ladders near by.,0,234,0.83,0,1737078248.0,False,t5_2qlia,
brolbo,Nothing better than relaxing on the beach!,0,2214,0.99,0,1737031854.0,False,t5_2qlia,
Travis041506,Money Found today at work,0,1559,0.98,0,1736983925.0,False,t5_2qlia,Looks like the rantings of an unwell individual. 
war_crimes_cat_002,Creepy kid’s drawing I found in an old book,0,356,0.98,0,1736990270.0,False,t5_2qlia,"My dad got me the New York Times Guide to Essential Knowledge for Christmas, and when I opened the book, I saw this curious index card inside. I’m keeping it in my house as a decoration cause it’s sorta charming, in a crude and creepy sorta way."
ceeman77,"I've heard of dogwood, but...",0,702,0.98,0,1736963869.0,False,t5_2qlia,
Ilovehamcroissants,Weird ass looking sloth I spotted at the thrift store. Looks like he's staring into your soul.,0,175,0.97,0,1736985615.0,False,t5_2qlia,
dilberry,"Guy drives down our culdesac every night at 2am, drives up a driveway, and leaves for 2+ years - more in description ",0,6461,0.92,0,1735962366.0,False,t5_2qlia,"This is from a temporary camera - backstory:

We moved to our house 2 years ago. I put up a doorbell camera, and noticed at 2 am +/- 20 mins this SUV would speed down our street and pull up the driveway of our elderly neighbours (all the way up to their garage), immediately reverse out of the driveway, and speed away. I didn’t think much of it, assuming that it might have been one of their adult children dropping something off (but leaving with barely stopping?). The SUV did this, from what I cared to review on the events on my camera, every single night at about 2 AM. 

The older folks moved away about 6 months ago and I forgot about this going on. Recently I was reviewing the events on my doorbell camera, and noticed that the guy is still at it speeding down our street at 2 AM but pulling on to the next neighbour’s driveway (now an elderly couple, with the former house now occupied by a young family with multiple cars). 

I checked back, and the car is doing this every single night at 2 AM. I can’t think of any reason at all… the culdesac is easy to drive around to leave. If they felt like they had to pull on a driveway to turn around, why pull all the way to the house? Why every night at 2 am?

What could they be doing, for at least 2 years every single night? Maybe scoping the neighborhood for cars to steal? But if so, why not just drive around like normal?

Anyone have any ideas?? I have video clips but it won’t let me post them"
Spud788,Me & My partner woke up to both of our loft hatches open...,0,48147,0.95,0,1734977733.0,False,t5_2qlia,"So we live in an old terrace house with two loft hatches due to the false ceiling on the stairwell, I'm a very light sleeper and we have a dog who sleeps in our bedroom which is 1 door away from the loft hatch.

We woke up this morning to both hatches being left open with no disturbances through the night, I checked the loft and it is empty but I did notice our loft is joined through 3 houses down but all our neighbours in those houses are normal families and young new parents who we know personally.

I thought maybe it was the wind creating back pressure but there's no way it would have opened both hatches with zero disturbance, The hatches are both made out of 18mm MDF which is very heavy!"
JessBeeBlue,My husband talks in his sleep and this is some of what I’ve caught.,0,89672,0.93,0,1734815699.0,False,t5_2qlia,
